Using pre-set license
Built from '2021.3/staging' branch; Version is '2021.3.15f1 (e8e88683f834) revision 15263878'; Using compiler version '192829333'; Build Type 'Release'
OS: 'Windows 11  (10.0.26120) 64bit Professional' Language: 'en' Physical Memory: 16322 MB
BatchMode: 1, IsHumanControllingUs: 0, StartBugReporterOnCrash: 0, Is64bit: 1, IsPro: 1

COMMAND LINE ARGUMENTS:
D:\Unity\2021.3.15f1\Editor\Unity.exe
-adb2
-batchMode
-noUpm
-name
AssetImportWorker5
-projectPath
C:/Users/jerem/OneDrive/Documentos/WeasUnity/KTA
-logFile
Logs/AssetImportWorker5.log
-srvPort
57041
Successfully changed project path to: C:/Users/jerem/OneDrive/Documentos/WeasUnity/KTA
C:/Users/jerem/OneDrive/Documentos/WeasUnity/KTA
[UnityMemory] Configuration Parameters - Can be set up in boot.config
    "memorysetup-bucket-allocator-granularity=16"
    "memorysetup-bucket-allocator-bucket-count=8"
    "memorysetup-bucket-allocator-block-size=33554432"
    "memorysetup-bucket-allocator-block-count=8"
    "memorysetup-main-allocator-block-size=16777216"
    "memorysetup-thread-allocator-block-size=16777216"
    "memorysetup-gfx-main-allocator-block-size=16777216"
    "memorysetup-gfx-thread-allocator-block-size=16777216"
    "memorysetup-cache-allocator-block-size=4194304"
    "memorysetup-typetree-allocator-block-size=2097152"
    "memorysetup-profiler-bucket-allocator-granularity=16"
    "memorysetup-profiler-bucket-allocator-bucket-count=8"
    "memorysetup-profiler-bucket-allocator-block-size=33554432"
    "memorysetup-profiler-bucket-allocator-block-count=8"
    "memorysetup-profiler-allocator-block-size=16777216"
    "memorysetup-profiler-editor-allocator-block-size=1048576"
    "memorysetup-temp-allocator-size-main=16777216"
    "memorysetup-job-temp-allocator-block-size=2097152"
    "memorysetup-job-temp-allocator-block-size-background=1048576"
    "memorysetup-job-temp-allocator-reduction-small-platforms=262144"
    "memorysetup-temp-allocator-size-background-worker=32768"
    "memorysetup-temp-allocator-size-job-worker=262144"
    "memorysetup-temp-allocator-size-preload-manager=33554432"
    "memorysetup-temp-allocator-size-nav-mesh-worker=65536"
    "memorysetup-temp-allocator-size-audio-worker=65536"
    "memorysetup-temp-allocator-size-cloud-worker=32768"
    "memorysetup-temp-allocator-size-gi-baking-worker=262144"
    "memorysetup-temp-allocator-size-gfx=262144"
Player connection [33624] Host "[IP] 172.19.176.1 [Port] 0 [Flags] 2 [Guid] 3918946235 [EditorId] 3918946235 [Version] 1048832 [Id] WindowsEditor(7,Desktop-BBP14QM) [Debug] 1 [PackageName] WindowsEditor [ProjectName] Editor" joined multi-casting on [225.0.0.222:54997]...

Player connection [33624] Host "[IP] 172.19.176.1 [Port] 0 [Flags] 2 [Guid] 3918946235 [EditorId] 3918946235 [Version] 1048832 [Id] WindowsEditor(7,Desktop-BBP14QM) [Debug] 1 [PackageName] WindowsEditor [ProjectName] Editor" joined alternative multi-casting on [225.0.0.222:34997]...

Refreshing native plugins compatible for Editor in 205.34 ms, found 2 plugins.
Preloading 0 native plugins for Editor in 0.00 ms.
Initialize engine version: 2021.3.15f1 (e8e88683f834)
[Subsystems] Discovering subsystems at path D:/Unity/2021.3.15f1/Editor/Data/Resources/UnitySubsystems
[Subsystems] Discovering subsystems at path C:/Users/jerem/OneDrive/Documentos/WeasUnity/KTA/Assets
GfxDevice: creating device client; threaded=0; jobified=0
Direct3D:
    Version:  Direct3D 11.0 [level 11.1]
    Renderer: NVIDIA GeForce RTX 4060 (ID=0x2882)
    Vendor:   NVIDIA
    VRAM:     7957 MB
    Driver:   32.0.15.8115
Initialize mono
Mono path[0] = 'D:/Unity/2021.3.15f1/Editor/Data/Managed'
Mono path[1] = 'D:/Unity/2021.3.15f1/Editor/Data/MonoBleedingEdge/lib/mono/unityjit-win32'
Mono config path = 'D:/Unity/2021.3.15f1/Editor/Data/MonoBleedingEdge/etc'
Using monoOptions --debugger-agent=transport=dt_socket,embedding=1,server=y,suspend=n,address=127.0.0.1:56776
Begin MonoManager ReloadAssembly
Registering precompiled unity dll's ...
Register platform support module: D:/Unity/2021.3.15f1/Editor/Data/PlaybackEngines/WebGLSupport/UnityEditor.WebGL.Extensions.dll
Register platform support module: D:/Unity/2021.3.15f1/Editor/Data/PlaybackEngines/MacStandaloneSupport/UnityEditor.OSXStandalone.Extensions.dll
Register platform support module: D:/Unity/2021.3.15f1/Editor/Data/PlaybackEngines/AndroidPlayer/UnityEditor.Android.Extensions.dll
Register platform support module: D:/Unity/2021.3.15f1/Editor/Data/PlaybackEngines/WindowsStandaloneSupport/UnityEditor.WindowsStandalone.Extensions.dll
Register platform support module: D:/Unity/2021.3.15f1/Editor/Data/PlaybackEngines/LinuxStandaloneSupport/UnityEditor.LinuxStandalone.Extensions.dll
Register platform support module: D:/Unity/2021.3.15f1/Editor/Data/PlaybackEngines/MetroSupport/UnityEditor.UWP.Extensions.dll
Registered in 0.003759 seconds.
Native extension for UWP target not found
Native extension for LinuxStandalone target not found
Native extension for WindowsStandalone target not found
Native extension for Android target not found
Native extension for OSXStandalone target not found
Native extension for WebGL target not found
Refreshing native plugins compatible for Editor in 80.74 ms, found 2 plugins.
Preloading 0 native plugins for Editor in 0.00 ms.
Mono: successfully reloaded assembly
- Completed reload, in  0.738 seconds
Domain Reload Profiling:
	ReloadAssembly (739ms)
		BeginReloadAssembly (119ms)
			ExecutionOrderSort (0ms)
			DisableScriptedObjects (0ms)
			BackupInstance (0ms)
			ReleaseScriptingObjects (0ms)
			CreateAndSetChildDomain (1ms)
		EndReloadAssembly (515ms)
			LoadAssemblies (121ms)
			RebuildTransferFunctionScriptingTraits (0ms)
			SetupTypeCache (126ms)
			ReleaseScriptCaches (0ms)
			RebuildScriptCaches (27ms)
			SetupLoadedEditorAssemblies (310ms)
				LogAssemblyErrors (0ms)
				InitializePlatformSupportModulesInManaged (73ms)
				SetLoadedEditorAssemblies (0ms)
				RefreshPlugins (81ms)
				BeforeProcessingInitializeOnLoad (2ms)
				ProcessInitializeOnLoadAttributes (109ms)
				ProcessInitializeOnLoadMethodAttributes (46ms)
				AfterProcessingInitializeOnLoad (0ms)
				EditorAssembliesLoaded (0ms)
			ExecutionOrderSort2 (0ms)
			AwakeInstancesAfterBackupRestoration (0ms)
Platform modules already initialized, skipping
Registering precompiled user dll's ...
Registered in 0.023933 seconds.
Begin MonoManager ReloadAssembly
Symbol file LoadedFromMemory is not a mono symbol file
Native extension for UWP target not found
Native extension for LinuxStandalone target not found
Native extension for WindowsStandalone target not found
Native extension for Android target not found
Native extension for OSXStandalone target not found
Native extension for WebGL target not found
Refreshing native plugins compatible for Editor in 74.45 ms, found 2 plugins.
Preloading 0 native plugins for Editor in 0.00 ms.
Unable to write to 'ProjectSettings\GvhProjectSettings.xml' (System.IO.IOException: Sharing violation on path C:\Users\jerem\OneDrive\Documentos\WeasUnity\KTA\ProjectSettings\GvhProjectSettings.xml
  at System.IO.FileStream..ctor (System.String path, System.IO.FileMode mode, System.IO.FileAccess access, System.IO.FileShare share, System.Int32 bufferSize, System.Boolean anonymous, System.IO.FileOptions options) [0x0019e] in <d6232873609549b8a045fa15811a5bd3>:0 
  at System.IO.FileStream..ctor (System.String path, System.IO.FileMode mode, System.IO.FileAccess access, System.IO.FileShare share, System.Int32 bufferSize, System.IO.FileOptions options) [0x00000] in <d6232873609549b8a045fa15811a5bd3>:0 
  at System.IO.FileStream..ctor (System.String path, System.IO.FileMode mode, System.IO.FileAccess access, System.IO.FileShare share, System.Int32 bufferSize, System.Boolean useAsync) [0x00000] in <d6232873609549b8a045fa15811a5bd3>:0 
  at (wrapper remoting-invoke-with-check) System.IO.FileStream..ctor(string,System.IO.FileMode,System.IO.FileAccess,System.IO.FileShare,int,bool)
  at System.Xml.XmlWriterSettings.CreateWriter (System.String outputFileName) [0x00051] in <0313f29eb857419498961dc39155d5eb>:0 
  at System.Xml.XmlWriter.Create (System.String outputFileName, System.Xml.XmlWriterSettings settings) [0x0000a] in <0313f29eb857419498961dc39155d5eb>:0 
  at Google.ProjectSettings.Save () [0x0006d] in /Users/chkuang/Workspace/git/unity-jar-resolver/source/VersionHandlerImpl/src/ProjectSettings.cs:821 , Project settings were not saved!
UnityEngine.StackTraceUtility:ExtractStackTrace ()
UnityEngine.DebugLogHandler:LogFormat (UnityEngine.LogType,UnityEngine.Object,string,object[])
UnityEngine.Logger:Log (UnityEngine.LogType,object)
UnityEngine.Debug:LogError (object)
Google.Logger:Log (string,Google.LogLevel) (at /Users/chkuang/Workspace/git/unity-jar-resolver/source/VersionHandlerImpl/src/Logger.cs:136)
Google.ProjectSettings:Save () (at /Users/chkuang/Workspace/git/unity-jar-resolver/source/VersionHandlerImpl/src/ProjectSettings.cs:844)
Google.ProjectSettings:SetBool (string,bool,Google.SettingsLocation) (at /Users/chkuang/Workspace/git/unity-jar-resolver/source/VersionHandlerImpl/src/ProjectSettings.cs:485)
Google.ProjectSettings:SetBool (string,bool) (at /Users/chkuang/Workspace/git/unity-jar-resolver/source/VersionHandlerImpl/src/ProjectSettings.cs:497)
Google.IOSResolver:set_VerboseLoggingEnabled (bool) (at /Users/chkuang/Workspace/git/unity-jar-resolver/source/IOSResolver/src/IOSResolver.cs:998)
Google.IOSResolver:.cctor () (at /Users/chkuang/Workspace/git/unity-jar-resolver/source/IOSResolver/src/IOSResolver.cs:692)
System.Runtime.CompilerServices.RuntimeHelpers:RunClassConstructor (System.RuntimeTypeHandle)
UnityEditor.EditorAssemblies:ProcessInitializeOnLoadAttributes (System.Type[])

(Filename: /Users/chkuang/Workspace/git/unity-jar-resolver/source/VersionHandlerImpl/src/ProjectSettings.cs Line: 844)

GPGSUpgrader start
UnityEngine.StackTraceUtility:ExtractStackTrace ()
UnityEngine.DebugLogHandler:LogFormat (UnityEngine.LogType,UnityEngine.Object,string,object[])
UnityEngine.Logger:Log (UnityEngine.LogType,object)
UnityEngine.Debug:Log (object)
GooglePlayGames.Editor.GPGSUpgrader:.cctor () (at Assets/GooglePlayGames/com.google.play.games/Editor/GPGSUpgrader.cs:38)
System.Runtime.CompilerServices.RuntimeHelpers:RunClassConstructor (System.RuntimeTypeHandle)
UnityEditor.EditorAssemblies:ProcessInitializeOnLoadAttributes (System.Type[])

(Filename: Assets/GooglePlayGames/com.google.play.games/Editor/GPGSUpgrader.cs Line: 38)

GPGSUpgrader done
UnityEngine.StackTraceUtility:ExtractStackTrace ()
UnityEngine.DebugLogHandler:LogFormat (UnityEngine.LogType,UnityEngine.Object,string,object[])
UnityEngine.Logger:Log (UnityEngine.LogType,object)
UnityEngine.Debug:Log (object)
GooglePlayGames.Editor.GPGSUpgrader:.cctor () (at Assets/GooglePlayGames/com.google.play.games/Editor/GPGSUpgrader.cs:57)
System.Runtime.CompilerServices.RuntimeHelpers:RunClassConstructor (System.RuntimeTypeHandle)
UnityEditor.EditorAssemblies:ProcessInitializeOnLoadAttributes (System.Type[])

(Filename: Assets/GooglePlayGames/com.google.play.games/Editor/GPGSUpgrader.cs Line: 57)

Running On Project Startup validation hook...
UnityEngine.StackTraceUtility:ExtractStackTrace ()
UnityEngine.DebugLogHandler:LogFormat (UnityEngine.LogType,UnityEngine.Object,string,object[])
UnityEngine.Logger:Log (UnityEngine.LogType,object)
UnityEngine.Debug:Log (object)
Sirenix.OdinValidator.Editor.AutomationConfig:RunValidationScan (string,Sirenix.OdinValidator.Editor.AutomationConfig/ValidationSetup,bool,System.Action,bool,bool,bool,bool,bool,bool,bool,bool) (at C:/Sirenix/Sirenix Solution/Sirenix.OdinValidator.Editor/Config/AutomationConfig.cs:282)
Sirenix.OdinValidator.Editor.AutomationConfig:ActuallyInitHooks () (at C:/Sirenix/Sirenix Solution/Sirenix.OdinValidator.Editor/Config/AutomationConfig.cs:186)
Sirenix.OdinValidator.Editor.AutomationConfig:InitHooks () (at C:/Sirenix/Sirenix Solution/Sirenix.OdinValidator.Editor/Config/AutomationConfig.cs:170)
System.Reflection.RuntimeMethodInfo:Invoke (object,System.Reflection.BindingFlags,System.Reflection.Binder,object[],System.Globalization.CultureInfo)
System.Reflection.MethodBase:Invoke (object,object[])
UnityEditor.EditorAssemblies:ProcessInitializeOnLoadMethodAttributes ()

(Filename: C:/Sirenix/Sirenix Solution/Sirenix.OdinValidator.Editor/Config/AutomationConfig.cs Line: 282)

InvalidOperationException: Calling OpenScene Raisefrom assembly reloading callbacks are not supported.
  at (wrapper managed-to-native) UnityEditor.SceneManagement.EditorSceneManager.OpenScene_Injected(string,UnityEditor.SceneManagement.OpenSceneMode,UnityEngine.SceneManagement.Scene&)
  at UnityEditor.SceneManagement.EditorSceneManager.OpenScene (System.String scenePath, UnityEditor.SceneManagement.OpenSceneMode mode) [0x00000] in <63965ae56af7489797f355b7c1211ab2>:0 
  at Sirenix.OdinInspector.Editor.Validation.SceneReference.TryOpenScene (UnityEditor.SceneManagement.OpenSceneMode mode, UnityEngine.SceneManagement.Scene& scene) [0x00017] in C:\Sirenix\Sirenix Solution\Sirenix.OdinInspector.Editor\Validation\Validators\SceneReference.cs:114 
UnityEngine.DebugLogHandler:Internal_LogException(Exception, Object)
UnityEngine.DebugLogHandler:LogException(Exception, Object)
UnityEngine.Logger:LogException(Exception, Object)
UnityEngine.Debug:LogException(Exception)
Sirenix.OdinInspector.Editor.Validation.SceneReference:TryOpenScene(OpenSceneMode, Scene&) (at C:\Sirenix\Sirenix Solution\Sirenix.OdinInspector.Editor\Validation\Validators\SceneReference.cs:119)
Sirenix.OdinValidator.Editor.<ValidateCurrentWorkQueueEnumerator>d__59:MoveNext() (at C:\Sirenix\Sirenix Solution\Sirenix.OdinValidator.Editor\Core\ValidationSession.cs:557)
Sirenix.OdinValidator.Editor.<ValidateEverythingEnumeratorBatched>d__54:MoveNext() (at C:\Sirenix\Sirenix Solution\Sirenix.OdinValidator.Editor\Core\ValidationSession.cs:376)
Sirenix.OdinValidator.Editor.AutomationConfig:RunValidationScan(String, ValidationSetup, Boolean, Action, Boolean, Boolean, Boolean, Boolean, Boolean, Boolean, Boolean, Boolean) (at C:\Sirenix\Sirenix Solution\Sirenix.OdinValidator.Editor\Config\AutomationConfig.cs:305)
Sirenix.OdinValidator.Editor.AutomationConfig:ActuallyInitHooks() (at C:\Sirenix\Sirenix Solution\Sirenix.OdinValidator.Editor\Config\AutomationConfig.cs:186)
Sirenix.OdinValidator.Editor.AutomationConfig:InitHooks() (at C:\Sirenix\Sirenix Solution\Sirenix.OdinValidator.Editor\Config\AutomationConfig.cs:170)
System.Reflection.RuntimeMethodInfo:InternalInvoke(RuntimeMethodInfo, Object, Object[], Exception&)
System.Reflection.RuntimeMethodInfo:Invoke(Object, BindingFlags, Binder, Object[], CultureInfo)
System.Reflection.MethodBase:Invoke(Object, Object[])
UnityEditor.EditorAssemblies:ProcessInitializeOnLoadMethodAttributes()

(Filename: C:/Sirenix/Sirenix Solution/Sirenix.OdinInspector.Editor/Validation/Validators/SceneReference.cs Line: 119)

InvalidOperationException: Calling OpenScene Raisefrom assembly reloading callbacks are not supported.
  at (wrapper managed-to-native) UnityEditor.SceneManagement.EditorSceneManager.OpenScene_Injected(string,UnityEditor.SceneManagement.OpenSceneMode,UnityEngine.SceneManagement.Scene&)
  at UnityEditor.SceneManagement.EditorSceneManager.OpenScene (System.String scenePath, UnityEditor.SceneManagement.OpenSceneMode mode) [0x00000] in <63965ae56af7489797f355b7c1211ab2>:0 
  at Sirenix.OdinInspector.Editor.Validation.SceneReference.TryOpenScene (UnityEditor.SceneManagement.OpenSceneMode mode, UnityEngine.SceneManagement.Scene& scene) [0x00017] in C:\Sirenix\Sirenix Solution\Sirenix.OdinInspector.Editor\Validation\Validators\SceneReference.cs:114 
UnityEngine.DebugLogHandler:Internal_LogException(Exception, Object)
UnityEngine.DebugLogHandler:LogException(Exception, Object)
UnityEngine.Logger:LogException(Exception, Object)
UnityEngine.Debug:LogException(Exception)
Sirenix.OdinInspector.Editor.Validation.SceneReference:TryOpenScene(OpenSceneMode, Scene&) (at C:\Sirenix\Sirenix Solution\Sirenix.OdinInspector.Editor\Validation\Validators\SceneReference.cs:119)
Sirenix.OdinValidator.Editor.<ValidateCurrentWorkQueueEnumerator>d__59:MoveNext() (at C:\Sirenix\Sirenix Solution\Sirenix.OdinValidator.Editor\Core\ValidationSession.cs:557)
Sirenix.OdinValidator.Editor.<ValidateEverythingEnumeratorBatched>d__54:MoveNext() (at C:\Sirenix\Sirenix Solution\Sirenix.OdinValidator.Editor\Core\ValidationSession.cs:376)
Sirenix.OdinValidator.Editor.AutomationConfig:RunValidationScan(String, ValidationSetup, Boolean, Action, Boolean, Boolean, Boolean, Boolean, Boolean, Boolean, Boolean, Boolean) (at C:\Sirenix\Sirenix Solution\Sirenix.OdinValidator.Editor\Config\AutomationConfig.cs:305)
Sirenix.OdinValidator.Editor.AutomationConfig:ActuallyInitHooks() (at C:\Sirenix\Sirenix Solution\Sirenix.OdinValidator.Editor\Config\AutomationConfig.cs:186)
Sirenix.OdinValidator.Editor.AutomationConfig:InitHooks() (at C:\Sirenix\Sirenix Solution\Sirenix.OdinValidator.Editor\Config\AutomationConfig.cs:170)
System.Reflection.RuntimeMethodInfo:InternalInvoke(RuntimeMethodInfo, Object, Object[], Exception&)
System.Reflection.RuntimeMethodInfo:Invoke(Object, BindingFlags, Binder, Object[], CultureInfo)
System.Reflection.MethodBase:Invoke(Object, Object[])
UnityEditor.EditorAssemblies:ProcessInitializeOnLoadMethodAttributes()

(Filename: C:/Sirenix/Sirenix Solution/Sirenix.OdinInspector.Editor/Validation/Validators/SceneReference.cs Line: 119)

InvalidOperationException: Calling OpenScene Raisefrom assembly reloading callbacks are not supported.
  at (wrapper managed-to-native) UnityEditor.SceneManagement.EditorSceneManager.OpenScene_Injected(string,UnityEditor.SceneManagement.OpenSceneMode,UnityEngine.SceneManagement.Scene&)
  at UnityEditor.SceneManagement.EditorSceneManager.OpenScene (System.String scenePath, UnityEditor.SceneManagement.OpenSceneMode mode) [0x00000] in <63965ae56af7489797f355b7c1211ab2>:0 
  at Sirenix.OdinInspector.Editor.Validation.SceneReference.TryOpenScene (UnityEditor.SceneManagement.OpenSceneMode mode, UnityEngine.SceneManagement.Scene& scene) [0x00017] in C:\Sirenix\Sirenix Solution\Sirenix.OdinInspector.Editor\Validation\Validators\SceneReference.cs:114 
UnityEngine.DebugLogHandler:Internal_LogException(Exception, Object)
UnityEngine.DebugLogHandler:LogException(Exception, Object)
UnityEngine.Logger:LogException(Exception, Object)
UnityEngine.Debug:LogException(Exception)
Sirenix.OdinInspector.Editor.Validation.SceneReference:TryOpenScene(OpenSceneMode, Scene&) (at C:\Sirenix\Sirenix Solution\Sirenix.OdinInspector.Editor\Validation\Validators\SceneReference.cs:119)
Sirenix.OdinValidator.Editor.<ValidateCurrentWorkQueueEnumerator>d__59:MoveNext() (at C:\Sirenix\Sirenix Solution\Sirenix.OdinValidator.Editor\Core\ValidationSession.cs:557)
Sirenix.OdinValidator.Editor.<ValidateEverythingEnumeratorBatched>d__54:MoveNext() (at C:\Sirenix\Sirenix Solution\Sirenix.OdinValidator.Editor\Core\ValidationSession.cs:376)
Sirenix.OdinValidator.Editor.AutomationConfig:RunValidationScan(String, ValidationSetup, Boolean, Action, Boolean, Boolean, Boolean, Boolean, Boolean, Boolean, Boolean, Boolean) (at C:\Sirenix\Sirenix Solution\Sirenix.OdinValidator.Editor\Config\AutomationConfig.cs:305)
Sirenix.OdinValidator.Editor.AutomationConfig:ActuallyInitHooks() (at C:\Sirenix\Sirenix Solution\Sirenix.OdinValidator.Editor\Config\AutomationConfig.cs:186)
Sirenix.OdinValidator.Editor.AutomationConfig:InitHooks() (at C:\Sirenix\Sirenix Solution\Sirenix.OdinValidator.Editor\Config\AutomationConfig.cs:170)
System.Reflection.RuntimeMethodInfo:InternalInvoke(RuntimeMethodInfo, Object, Object[], Exception&)
System.Reflection.RuntimeMethodInfo:Invoke(Object, BindingFlags, Binder, Object[], CultureInfo)
System.Reflection.MethodBase:Invoke(Object, Object[])
UnityEditor.EditorAssemblies:ProcessInitializeOnLoadMethodAttributes()

(Filename: C:/Sirenix/Sirenix Solution/Sirenix.OdinInspector.Editor/Validation/Validators/SceneReference.cs Line: 119)

InvalidOperationException: Calling OpenScene Raisefrom assembly reloading callbacks are not supported.
  at (wrapper managed-to-native) UnityEditor.SceneManagement.EditorSceneManager.OpenScene_Injected(string,UnityEditor.SceneManagement.OpenSceneMode,UnityEngine.SceneManagement.Scene&)
  at UnityEditor.SceneManagement.EditorSceneManager.OpenScene (System.String scenePath, UnityEditor.SceneManagement.OpenSceneMode mode) [0x00000] in <63965ae56af7489797f355b7c1211ab2>:0 
  at Sirenix.OdinInspector.Editor.Validation.SceneReference.TryOpenScene (UnityEditor.SceneManagement.OpenSceneMode mode, UnityEngine.SceneManagement.Scene& scene) [0x00017] in C:\Sirenix\Sirenix Solution\Sirenix.OdinInspector.Editor\Validation\Validators\SceneReference.cs:114 
UnityEngine.DebugLogHandler:Internal_LogException(Exception, Object)
UnityEngine.DebugLogHandler:LogException(Exception, Object)
UnityEngine.Logger:LogException(Exception, Object)
UnityEngine.Debug:LogException(Exception)
Sirenix.OdinInspector.Editor.Validation.SceneReference:TryOpenScene(OpenSceneMode, Scene&) (at C:\Sirenix\Sirenix Solution\Sirenix.OdinInspector.Editor\Validation\Validators\SceneReference.cs:119)
Sirenix.OdinValidator.Editor.<ValidateCurrentWorkQueueEnumerator>d__59:MoveNext() (at C:\Sirenix\Sirenix Solution\Sirenix.OdinValidator.Editor\Core\ValidationSession.cs:557)
Sirenix.OdinValidator.Editor.<ValidateEverythingEnumeratorBatched>d__54:MoveNext() (at C:\Sirenix\Sirenix Solution\Sirenix.OdinValidator.Editor\Core\ValidationSession.cs:376)
Sirenix.OdinValidator.Editor.AutomationConfig:RunValidationScan(String, ValidationSetup, Boolean, Action, Boolean, Boolean, Boolean, Boolean, Boolean, Boolean, Boolean, Boolean) (at C:\Sirenix\Sirenix Solution\Sirenix.OdinValidator.Editor\Config\AutomationConfig.cs:305)
Sirenix.OdinValidator.Editor.AutomationConfig:ActuallyInitHooks() (at C:\Sirenix\Sirenix Solution\Sirenix.OdinValidator.Editor\Config\AutomationConfig.cs:186)
Sirenix.OdinValidator.Editor.AutomationConfig:InitHooks() (at C:\Sirenix\Sirenix Solution\Sirenix.OdinValidator.Editor\Config\AutomationConfig.cs:170)
System.Reflection.RuntimeMethodInfo:InternalInvoke(RuntimeMethodInfo, Object, Object[], Exception&)
System.Reflection.RuntimeMethodInfo:Invoke(Object, BindingFlags, Binder, Object[], CultureInfo)
System.Reflection.MethodBase:Invoke(Object, Object[])
UnityEditor.EditorAssemblies:ProcessInitializeOnLoadMethodAttributes()

(Filename: C:/Sirenix/Sirenix Solution/Sirenix.OdinInspector.Editor/Validation/Validators/SceneReference.cs Line: 119)

InvalidOperationException: Calling OpenScene Raisefrom assembly reloading callbacks are not supported.
  at (wrapper managed-to-native) UnityEditor.SceneManagement.EditorSceneManager.OpenScene_Injected(string,UnityEditor.SceneManagement.OpenSceneMode,UnityEngine.SceneManagement.Scene&)
  at UnityEditor.SceneManagement.EditorSceneManager.OpenScene (System.String scenePath, UnityEditor.SceneManagement.OpenSceneMode mode) [0x00000] in <63965ae56af7489797f355b7c1211ab2>:0 
  at Sirenix.OdinInspector.Editor.Validation.SceneReference.TryOpenScene (UnityEditor.SceneManagement.OpenSceneMode mode, UnityEngine.SceneManagement.Scene& scene) [0x00017] in C:\Sirenix\Sirenix Solution\Sirenix.OdinInspector.Editor\Validation\Validators\SceneReference.cs:114 
UnityEngine.DebugLogHandler:Internal_LogException(Exception, Object)
UnityEngine.DebugLogHandler:LogException(Exception, Object)
UnityEngine.Logger:LogException(Exception, Object)
UnityEngine.Debug:LogException(Exception)
Sirenix.OdinInspector.Editor.Validation.SceneReference:TryOpenScene(OpenSceneMode, Scene&) (at C:\Sirenix\Sirenix Solution\Sirenix.OdinInspector.Editor\Validation\Validators\SceneReference.cs:119)
Sirenix.OdinValidator.Editor.<ValidateCurrentWorkQueueEnumerator>d__59:MoveNext() (at C:\Sirenix\Sirenix Solution\Sirenix.OdinValidator.Editor\Core\ValidationSession.cs:557)
Sirenix.OdinValidator.Editor.<ValidateEverythingEnumeratorBatched>d__54:MoveNext() (at C:\Sirenix\Sirenix Solution\Sirenix.OdinValidator.Editor\Core\ValidationSession.cs:376)
Sirenix.OdinValidator.Editor.AutomationConfig:RunValidationScan(String, ValidationSetup, Boolean, Action, Boolean, Boolean, Boolean, Boolean, Boolean, Boolean, Boolean, Boolean) (at C:\Sirenix\Sirenix Solution\Sirenix.OdinValidator.Editor\Config\AutomationConfig.cs:305)
Sirenix.OdinValidator.Editor.AutomationConfig:ActuallyInitHooks() (at C:\Sirenix\Sirenix Solution\Sirenix.OdinValidator.Editor\Config\AutomationConfig.cs:186)
Sirenix.OdinValidator.Editor.AutomationConfig:InitHooks() (at C:\Sirenix\Sirenix Solution\Sirenix.OdinValidator.Editor\Config\AutomationConfig.cs:170)
System.Reflection.RuntimeMethodInfo:InternalInvoke(RuntimeMethodInfo, Object, Object[], Exception&)
System.Reflection.RuntimeMethodInfo:Invoke(Object, BindingFlags, Binder, Object[], CultureInfo)
System.Reflection.MethodBase:Invoke(Object, Object[])
UnityEditor.EditorAssemblies:ProcessInitializeOnLoadMethodAttributes()

(Filename: C:/Sirenix/Sirenix Solution/Sirenix.OdinInspector.Editor/Validation/Validators/SceneReference.cs Line: 119)

InvalidOperationException: Calling OpenScene Raisefrom assembly reloading callbacks are not supported.
  at (wrapper managed-to-native) UnityEditor.SceneManagement.EditorSceneManager.OpenScene_Injected(string,UnityEditor.SceneManagement.OpenSceneMode,UnityEngine.SceneManagement.Scene&)
  at UnityEditor.SceneManagement.EditorSceneManager.OpenScene (System.String scenePath, UnityEditor.SceneManagement.OpenSceneMode mode) [0x00000] in <63965ae56af7489797f355b7c1211ab2>:0 
  at Sirenix.OdinInspector.Editor.Validation.SceneReference.TryOpenScene (UnityEditor.SceneManagement.OpenSceneMode mode, UnityEngine.SceneManagement.Scene& scene) [0x00017] in C:\Sirenix\Sirenix Solution\Sirenix.OdinInspector.Editor\Validation\Validators\SceneReference.cs:114 
UnityEngine.DebugLogHandler:Internal_LogException(Exception, Object)
UnityEngine.DebugLogHandler:LogException(Exception, Object)
UnityEngine.Logger:LogException(Exception, Object)
UnityEngine.Debug:LogException(Exception)
Sirenix.OdinInspector.Editor.Validation.SceneReference:TryOpenScene(OpenSceneMode, Scene&) (at C:\Sirenix\Sirenix Solution\Sirenix.OdinInspector.Editor\Validation\Validators\SceneReference.cs:119)
Sirenix.OdinValidator.Editor.<ValidateCurrentWorkQueueEnumerator>d__59:MoveNext() (at C:\Sirenix\Sirenix Solution\Sirenix.OdinValidator.Editor\Core\ValidationSession.cs:557)
Sirenix.OdinValidator.Editor.<ValidateEverythingEnumeratorBatched>d__54:MoveNext() (at C:\Sirenix\Sirenix Solution\Sirenix.OdinValidator.Editor\Core\ValidationSession.cs:376)
Sirenix.OdinValidator.Editor.AutomationConfig:RunValidationScan(String, ValidationSetup, Boolean, Action, Boolean, Boolean, Boolean, Boolean, Boolean, Boolean, Boolean, Boolean) (at C:\Sirenix\Sirenix Solution\Sirenix.OdinValidator.Editor\Config\AutomationConfig.cs:305)
Sirenix.OdinValidator.Editor.AutomationConfig:ActuallyInitHooks() (at C:\Sirenix\Sirenix Solution\Sirenix.OdinValidator.Editor\Config\AutomationConfig.cs:186)
Sirenix.OdinValidator.Editor.AutomationConfig:InitHooks() (at C:\Sirenix\Sirenix Solution\Sirenix.OdinValidator.Editor\Config\AutomationConfig.cs:170)
System.Reflection.RuntimeMethodInfo:InternalInvoke(RuntimeMethodInfo, Object, Object[], Exception&)
System.Reflection.RuntimeMethodInfo:Invoke(Object, BindingFlags, Binder, Object[], CultureInfo)
System.Reflection.MethodBase:Invoke(Object, Object[])
UnityEditor.EditorAssemblies:ProcessInitializeOnLoadMethodAttributes()

(Filename: C:/Sirenix/Sirenix Solution/Sirenix.OdinInspector.Editor/Validation/Validators/SceneReference.cs Line: 119)

InvalidOperationException: Calling OpenScene Raisefrom assembly reloading callbacks are not supported.
  at (wrapper managed-to-native) UnityEditor.SceneManagement.EditorSceneManager.OpenScene_Injected(string,UnityEditor.SceneManagement.OpenSceneMode,UnityEngine.SceneManagement.Scene&)
  at UnityEditor.SceneManagement.EditorSceneManager.OpenScene (System.String scenePath, UnityEditor.SceneManagement.OpenSceneMode mode) [0x00000] in <63965ae56af7489797f355b7c1211ab2>:0 
  at Sirenix.OdinInspector.Editor.Validation.SceneReference.TryOpenScene (UnityEditor.SceneManagement.OpenSceneMode mode, UnityEngine.SceneManagement.Scene& scene) [0x00017] in C:\Sirenix\Sirenix Solution\Sirenix.OdinInspector.Editor\Validation\Validators\SceneReference.cs:114 
UnityEngine.DebugLogHandler:Internal_LogException(Exception, Object)
UnityEngine.DebugLogHandler:LogException(Exception, Object)
UnityEngine.Logger:LogException(Exception, Object)
UnityEngine.Debug:LogException(Exception)
Sirenix.OdinInspector.Editor.Validation.SceneReference:TryOpenScene(OpenSceneMode, Scene&) (at C:\Sirenix\Sirenix Solution\Sirenix.OdinInspector.Editor\Validation\Validators\SceneReference.cs:119)
Sirenix.OdinValidator.Editor.<ValidateCurrentWorkQueueEnumerator>d__59:MoveNext() (at C:\Sirenix\Sirenix Solution\Sirenix.OdinValidator.Editor\Core\ValidationSession.cs:557)
Sirenix.OdinValidator.Editor.<ValidateEverythingEnumeratorBatched>d__54:MoveNext() (at C:\Sirenix\Sirenix Solution\Sirenix.OdinValidator.Editor\Core\ValidationSession.cs:376)
Sirenix.OdinValidator.Editor.AutomationConfig:RunValidationScan(String, ValidationSetup, Boolean, Action, Boolean, Boolean, Boolean, Boolean, Boolean, Boolean, Boolean, Boolean) (at C:\Sirenix\Sirenix Solution\Sirenix.OdinValidator.Editor\Config\AutomationConfig.cs:305)
Sirenix.OdinValidator.Editor.AutomationConfig:ActuallyInitHooks() (at C:\Sirenix\Sirenix Solution\Sirenix.OdinValidator.Editor\Config\AutomationConfig.cs:186)
Sirenix.OdinValidator.Editor.AutomationConfig:InitHooks() (at C:\Sirenix\Sirenix Solution\Sirenix.OdinValidator.Editor\Config\AutomationConfig.cs:170)
System.Reflection.RuntimeMethodInfo:InternalInvoke(RuntimeMethodInfo, Object, Object[], Exception&)
System.Reflection.RuntimeMethodInfo:Invoke(Object, BindingFlags, Binder, Object[], CultureInfo)
System.Reflection.MethodBase:Invoke(Object, Object[])
UnityEditor.EditorAssemblies:ProcessInitializeOnLoadMethodAttributes()

(Filename: C:/Sirenix/Sirenix Solution/Sirenix.OdinInspector.Editor/Validation/Validators/SceneReference.cs Line: 119)

InvalidOperationException: Calling OpenScene Raisefrom assembly reloading callbacks are not supported.
  at (wrapper managed-to-native) UnityEditor.SceneManagement.EditorSceneManager.OpenScene_Injected(string,UnityEditor.SceneManagement.OpenSceneMode,UnityEngine.SceneManagement.Scene&)
  at UnityEditor.SceneManagement.EditorSceneManager.OpenScene (System.String scenePath, UnityEditor.SceneManagement.OpenSceneMode mode) [0x00000] in <63965ae56af7489797f355b7c1211ab2>:0 
  at Sirenix.OdinInspector.Editor.Validation.SceneReference.TryOpenScene (UnityEditor.SceneManagement.OpenSceneMode mode, UnityEngine.SceneManagement.Scene& scene) [0x00017] in C:\Sirenix\Sirenix Solution\Sirenix.OdinInspector.Editor\Validation\Validators\SceneReference.cs:114 
UnityEngine.DebugLogHandler:Internal_LogException(Exception, Object)
UnityEngine.DebugLogHandler:LogException(Exception, Object)
UnityEngine.Logger:LogException(Exception, Object)
UnityEngine.Debug:LogException(Exception)
Sirenix.OdinInspector.Editor.Validation.SceneReference:TryOpenScene(OpenSceneMode, Scene&) (at C:\Sirenix\Sirenix Solution\Sirenix.OdinInspector.Editor\Validation\Validators\SceneReference.cs:119)
Sirenix.OdinValidator.Editor.<ValidateCurrentWorkQueueEnumerator>d__59:MoveNext() (at C:\Sirenix\Sirenix Solution\Sirenix.OdinValidator.Editor\Core\ValidationSession.cs:557)
Sirenix.OdinValidator.Editor.<ValidateEverythingEnumeratorBatched>d__54:MoveNext() (at C:\Sirenix\Sirenix Solution\Sirenix.OdinValidator.Editor\Core\ValidationSession.cs:376)
Sirenix.OdinValidator.Editor.AutomationConfig:RunValidationScan(String, ValidationSetup, Boolean, Action, Boolean, Boolean, Boolean, Boolean, Boolean, Boolean, Boolean, Boolean) (at C:\Sirenix\Sirenix Solution\Sirenix.OdinValidator.Editor\Config\AutomationConfig.cs:305)
Sirenix.OdinValidator.Editor.AutomationConfig:ActuallyInitHooks() (at C:\Sirenix\Sirenix Solution\Sirenix.OdinValidator.Editor\Config\AutomationConfig.cs:186)
Sirenix.OdinValidator.Editor.AutomationConfig:InitHooks() (at C:\Sirenix\Sirenix Solution\Sirenix.OdinValidator.Editor\Config\AutomationConfig.cs:170)
System.Reflection.RuntimeMethodInfo:InternalInvoke(RuntimeMethodInfo, Object, Object[], Exception&)
System.Reflection.RuntimeMethodInfo:Invoke(Object, BindingFlags, Binder, Object[], CultureInfo)
System.Reflection.MethodBase:Invoke(Object, Object[])
UnityEditor.EditorAssemblies:ProcessInitializeOnLoadMethodAttributes()

(Filename: C:/Sirenix/Sirenix Solution/Sirenix.OdinInspector.Editor/Validation/Validators/SceneReference.cs Line: 119)

InvalidOperationException: Calling OpenScene Raisefrom assembly reloading callbacks are not supported.
  at (wrapper managed-to-native) UnityEditor.SceneManagement.EditorSceneManager.OpenScene_Injected(string,UnityEditor.SceneManagement.OpenSceneMode,UnityEngine.SceneManagement.Scene&)
  at UnityEditor.SceneManagement.EditorSceneManager.OpenScene (System.String scenePath, UnityEditor.SceneManagement.OpenSceneMode mode) [0x00000] in <63965ae56af7489797f355b7c1211ab2>:0 
  at Sirenix.OdinInspector.Editor.Validation.SceneReference.TryOpenScene (UnityEditor.SceneManagement.OpenSceneMode mode, UnityEngine.SceneManagement.Scene& scene) [0x00017] in C:\Sirenix\Sirenix Solution\Sirenix.OdinInspector.Editor\Validation\Validators\SceneReference.cs:114 
UnityEngine.DebugLogHandler:Internal_LogException(Exception, Object)
UnityEngine.DebugLogHandler:LogException(Exception, Object)
UnityEngine.Logger:LogException(Exception, Object)
UnityEngine.Debug:LogException(Exception)
Sirenix.OdinInspector.Editor.Validation.SceneReference:TryOpenScene(OpenSceneMode, Scene&) (at C:\Sirenix\Sirenix Solution\Sirenix.OdinInspector.Editor\Validation\Validators\SceneReference.cs:119)
Sirenix.OdinValidator.Editor.<ValidateCurrentWorkQueueEnumerator>d__59:MoveNext() (at C:\Sirenix\Sirenix Solution\Sirenix.OdinValidator.Editor\Core\ValidationSession.cs:557)
Sirenix.OdinValidator.Editor.<ValidateEverythingEnumeratorBatched>d__54:MoveNext() (at C:\Sirenix\Sirenix Solution\Sirenix.OdinValidator.Editor\Core\ValidationSession.cs:376)
Sirenix.OdinValidator.Editor.AutomationConfig:RunValidationScan(String, ValidationSetup, Boolean, Action, Boolean, Boolean, Boolean, Boolean, Boolean, Boolean, Boolean, Boolean) (at C:\Sirenix\Sirenix Solution\Sirenix.OdinValidator.Editor\Config\AutomationConfig.cs:305)
Sirenix.OdinValidator.Editor.AutomationConfig:ActuallyInitHooks() (at C:\Sirenix\Sirenix Solution\Sirenix.OdinValidator.Editor\Config\AutomationConfig.cs:186)
Sirenix.OdinValidator.Editor.AutomationConfig:InitHooks() (at C:\Sirenix\Sirenix Solution\Sirenix.OdinValidator.Editor\Config\AutomationConfig.cs:170)
System.Reflection.RuntimeMethodInfo:InternalInvoke(RuntimeMethodInfo, Object, Object[], Exception&)
System.Reflection.RuntimeMethodInfo:Invoke(Object, BindingFlags, Binder, Object[], CultureInfo)
System.Reflection.MethodBase:Invoke(Object, Object[])
UnityEditor.EditorAssemblies:ProcessInitializeOnLoadMethodAttributes()

(Filename: C:/Sirenix/Sirenix Solution/Sirenix.OdinInspector.Editor/Validation/Validators/SceneReference.cs Line: 119)

InvalidOperationException: Calling OpenScene Raisefrom assembly reloading callbacks are not supported.
  at (wrapper managed-to-native) UnityEditor.SceneManagement.EditorSceneManager.OpenScene_Injected(string,UnityEditor.SceneManagement.OpenSceneMode,UnityEngine.SceneManagement.Scene&)
  at UnityEditor.SceneManagement.EditorSceneManager.OpenScene (System.String scenePath, UnityEditor.SceneManagement.OpenSceneMode mode) [0x00000] in <63965ae56af7489797f355b7c1211ab2>:0 
  at Sirenix.OdinInspector.Editor.Validation.SceneReference.TryOpenScene (UnityEditor.SceneManagement.OpenSceneMode mode, UnityEngine.SceneManagement.Scene& scene) [0x00017] in C:\Sirenix\Sirenix Solution\Sirenix.OdinInspector.Editor\Validation\Validators\SceneReference.cs:114 
UnityEngine.DebugLogHandler:Internal_LogException(Exception, Object)
UnityEngine.DebugLogHandler:LogException(Exception, Object)
UnityEngine.Logger:LogException(Exception, Object)
UnityEngine.Debug:LogException(Exception)
Sirenix.OdinInspector.Editor.Validation.SceneReference:TryOpenScene(OpenSceneMode, Scene&) (at C:\Sirenix\Sirenix Solution\Sirenix.OdinInspector.Editor\Validation\Validators\SceneReference.cs:119)
Sirenix.OdinValidator.Editor.<ValidateCurrentWorkQueueEnumerator>d__59:MoveNext() (at C:\Sirenix\Sirenix Solution\Sirenix.OdinValidator.Editor\Core\ValidationSession.cs:557)
Sirenix.OdinValidator.Editor.<ValidateEverythingEnumeratorBatched>d__54:MoveNext() (at C:\Sirenix\Sirenix Solution\Sirenix.OdinValidator.Editor\Core\ValidationSession.cs:376)
Sirenix.OdinValidator.Editor.AutomationConfig:RunValidationScan(String, ValidationSetup, Boolean, Action, Boolean, Boolean, Boolean, Boolean, Boolean, Boolean, Boolean, Boolean) (at C:\Sirenix\Sirenix Solution\Sirenix.OdinValidator.Editor\Config\AutomationConfig.cs:305)
Sirenix.OdinValidator.Editor.AutomationConfig:ActuallyInitHooks() (at C:\Sirenix\Sirenix Solution\Sirenix.OdinValidator.Editor\Config\AutomationConfig.cs:186)
Sirenix.OdinValidator.Editor.AutomationConfig:InitHooks() (at C:\Sirenix\Sirenix Solution\Sirenix.OdinValidator.Editor\Config\AutomationConfig.cs:170)
System.Reflection.RuntimeMethodInfo:InternalInvoke(RuntimeMethodInfo, Object, Object[], Exception&)
System.Reflection.RuntimeMethodInfo:Invoke(Object, BindingFlags, Binder, Object[], CultureInfo)
System.Reflection.MethodBase:Invoke(Object, Object[])
UnityEditor.EditorAssemblies:ProcessInitializeOnLoadMethodAttributes()

(Filename: C:/Sirenix/Sirenix Solution/Sirenix.OdinInspector.Editor/Validation/Validators/SceneReference.cs Line: 119)

InvalidOperationException: Calling OpenScene Raisefrom assembly reloading callbacks are not supported.
  at (wrapper managed-to-native) UnityEditor.SceneManagement.EditorSceneManager.OpenScene_Injected(string,UnityEditor.SceneManagement.OpenSceneMode,UnityEngine.SceneManagement.Scene&)
  at UnityEditor.SceneManagement.EditorSceneManager.OpenScene (System.String scenePath, UnityEditor.SceneManagement.OpenSceneMode mode) [0x00000] in <63965ae56af7489797f355b7c1211ab2>:0 
  at Sirenix.OdinInspector.Editor.Validation.SceneReference.TryOpenScene (UnityEditor.SceneManagement.OpenSceneMode mode, UnityEngine.SceneManagement.Scene& scene) [0x00017] in C:\Sirenix\Sirenix Solution\Sirenix.OdinInspector.Editor\Validation\Validators\SceneReference.cs:114 
UnityEngine.DebugLogHandler:Internal_LogException(Exception, Object)
UnityEngine.DebugLogHandler:LogException(Exception, Object)
UnityEngine.Logger:LogException(Exception, Object)
UnityEngine.Debug:LogException(Exception)
Sirenix.OdinInspector.Editor.Validation.SceneReference:TryOpenScene(OpenSceneMode, Scene&) (at C:\Sirenix\Sirenix Solution\Sirenix.OdinInspector.Editor\Validation\Validators\SceneReference.cs:119)
Sirenix.OdinValidator.Editor.<ValidateCurrentWorkQueueEnumerator>d__59:MoveNext() (at C:\Sirenix\Sirenix Solution\Sirenix.OdinValidator.Editor\Core\ValidationSession.cs:557)
Sirenix.OdinValidator.Editor.<ValidateEverythingEnumeratorBatched>d__54:MoveNext() (at C:\Sirenix\Sirenix Solution\Sirenix.OdinValidator.Editor\Core\ValidationSession.cs:376)
Sirenix.OdinValidator.Editor.AutomationConfig:RunValidationScan(String, ValidationSetup, Boolean, Action, Boolean, Boolean, Boolean, Boolean, Boolean, Boolean, Boolean, Boolean) (at C:\Sirenix\Sirenix Solution\Sirenix.OdinValidator.Editor\Config\AutomationConfig.cs:305)
Sirenix.OdinValidator.Editor.AutomationConfig:ActuallyInitHooks() (at C:\Sirenix\Sirenix Solution\Sirenix.OdinValidator.Editor\Config\AutomationConfig.cs:186)
Sirenix.OdinValidator.Editor.AutomationConfig:InitHooks() (at C:\Sirenix\Sirenix Solution\Sirenix.OdinValidator.Editor\Config\AutomationConfig.cs:170)
System.Reflection.RuntimeMethodInfo:InternalInvoke(RuntimeMethodInfo, Object, Object[], Exception&)
System.Reflection.RuntimeMethodInfo:Invoke(Object, BindingFlags, Binder, Object[], CultureInfo)
System.Reflection.MethodBase:Invoke(Object, Object[])
UnityEditor.EditorAssemblies:ProcessInitializeOnLoadMethodAttributes()

(Filename: C:/Sirenix/Sirenix Solution/Sirenix.OdinInspector.Editor/Validation/Validators/SceneReference.cs Line: 119)

InvalidOperationException: Calling OpenScene Raisefrom assembly reloading callbacks are not supported.
  at (wrapper managed-to-native) UnityEditor.SceneManagement.EditorSceneManager.OpenScene_Injected(string,UnityEditor.SceneManagement.OpenSceneMode,UnityEngine.SceneManagement.Scene&)
  at UnityEditor.SceneManagement.EditorSceneManager.OpenScene (System.String scenePath, UnityEditor.SceneManagement.OpenSceneMode mode) [0x00000] in <63965ae56af7489797f355b7c1211ab2>:0 
  at Sirenix.OdinInspector.Editor.Validation.SceneReference.TryOpenScene (UnityEditor.SceneManagement.OpenSceneMode mode, UnityEngine.SceneManagement.Scene& scene) [0x00017] in C:\Sirenix\Sirenix Solution\Sirenix.OdinInspector.Editor\Validation\Validators\SceneReference.cs:114 
UnityEngine.DebugLogHandler:Internal_LogException(Exception, Object)
UnityEngine.DebugLogHandler:LogException(Exception, Object)
UnityEngine.Logger:LogException(Exception, Object)
UnityEngine.Debug:LogException(Exception)
Sirenix.OdinInspector.Editor.Validation.SceneReference:TryOpenScene(OpenSceneMode, Scene&) (at C:\Sirenix\Sirenix Solution\Sirenix.OdinInspector.Editor\Validation\Validators\SceneReference.cs:119)
Sirenix.OdinValidator.Editor.<ValidateCurrentWorkQueueEnumerator>d__59:MoveNext() (at C:\Sirenix\Sirenix Solution\Sirenix.OdinValidator.Editor\Core\ValidationSession.cs:557)
Sirenix.OdinValidator.Editor.<ValidateEverythingEnumeratorBatched>d__54:MoveNext() (at C:\Sirenix\Sirenix Solution\Sirenix.OdinValidator.Editor\Core\ValidationSession.cs:376)
Sirenix.OdinValidator.Editor.AutomationConfig:RunValidationScan(String, ValidationSetup, Boolean, Action, Boolean, Boolean, Boolean, Boolean, Boolean, Boolean, Boolean, Boolean) (at C:\Sirenix\Sirenix Solution\Sirenix.OdinValidator.Editor\Config\AutomationConfig.cs:305)
Sirenix.OdinValidator.Editor.AutomationConfig:ActuallyInitHooks() (at C:\Sirenix\Sirenix Solution\Sirenix.OdinValidator.Editor\Config\AutomationConfig.cs:186)
Sirenix.OdinValidator.Editor.AutomationConfig:InitHooks() (at C:\Sirenix\Sirenix Solution\Sirenix.OdinValidator.Editor\Config\AutomationConfig.cs:170)
System.Reflection.RuntimeMethodInfo:InternalInvoke(RuntimeMethodInfo, Object, Object[], Exception&)
System.Reflection.RuntimeMethodInfo:Invoke(Object, BindingFlags, Binder, Object[], CultureInfo)
System.Reflection.MethodBase:Invoke(Object, Object[])
UnityEditor.EditorAssemblies:ProcessInitializeOnLoadMethodAttributes()

(Filename: C:/Sirenix/Sirenix Solution/Sirenix.OdinInspector.Editor/Validation/Validators/SceneReference.cs Line: 119)

InvalidOperationException: Calling OpenScene Raisefrom assembly reloading callbacks are not supported.
  at (wrapper managed-to-native) UnityEditor.SceneManagement.EditorSceneManager.OpenScene_Injected(string,UnityEditor.SceneManagement.OpenSceneMode,UnityEngine.SceneManagement.Scene&)
  at UnityEditor.SceneManagement.EditorSceneManager.OpenScene (System.String scenePath, UnityEditor.SceneManagement.OpenSceneMode mode) [0x00000] in <63965ae56af7489797f355b7c1211ab2>:0 
  at Sirenix.OdinInspector.Editor.Validation.SceneReference.TryOpenScene (UnityEditor.SceneManagement.OpenSceneMode mode, UnityEngine.SceneManagement.Scene& scene) [0x00017] in C:\Sirenix\Sirenix Solution\Sirenix.OdinInspector.Editor\Validation\Validators\SceneReference.cs:114 
UnityEngine.DebugLogHandler:Internal_LogException(Exception, Object)
UnityEngine.DebugLogHandler:LogException(Exception, Object)
UnityEngine.Logger:LogException(Exception, Object)
UnityEngine.Debug:LogException(Exception)
Sirenix.OdinInspector.Editor.Validation.SceneReference:TryOpenScene(OpenSceneMode, Scene&) (at C:\Sirenix\Sirenix Solution\Sirenix.OdinInspector.Editor\Validation\Validators\SceneReference.cs:119)
Sirenix.OdinValidator.Editor.<ValidateCurrentWorkQueueEnumerator>d__59:MoveNext() (at C:\Sirenix\Sirenix Solution\Sirenix.OdinValidator.Editor\Core\ValidationSession.cs:557)
Sirenix.OdinValidator.Editor.<ValidateEverythingEnumeratorBatched>d__54:MoveNext() (at C:\Sirenix\Sirenix Solution\Sirenix.OdinValidator.Editor\Core\ValidationSession.cs:376)
Sirenix.OdinValidator.Editor.AutomationConfig:RunValidationScan(String, ValidationSetup, Boolean, Action, Boolean, Boolean, Boolean, Boolean, Boolean, Boolean, Boolean, Boolean) (at C:\Sirenix\Sirenix Solution\Sirenix.OdinValidator.Editor\Config\AutomationConfig.cs:305)
Sirenix.OdinValidator.Editor.AutomationConfig:ActuallyInitHooks() (at C:\Sirenix\Sirenix Solution\Sirenix.OdinValidator.Editor\Config\AutomationConfig.cs:186)
Sirenix.OdinValidator.Editor.AutomationConfig:InitHooks() (at C:\Sirenix\Sirenix Solution\Sirenix.OdinValidator.Editor\Config\AutomationConfig.cs:170)
System.Reflection.RuntimeMethodInfo:InternalInvoke(RuntimeMethodInfo, Object, Object[], Exception&)
System.Reflection.RuntimeMethodInfo:Invoke(Object, BindingFlags, Binder, Object[], CultureInfo)
System.Reflection.MethodBase:Invoke(Object, Object[])
UnityEditor.EditorAssemblies:ProcessInitializeOnLoadMethodAttributes()

(Filename: C:/Sirenix/Sirenix Solution/Sirenix.OdinInspector.Editor/Validation/Validators/SceneReference.cs Line: 119)

InvalidOperationException: Calling OpenScene Raisefrom assembly reloading callbacks are not supported.
  at (wrapper managed-to-native) UnityEditor.SceneManagement.EditorSceneManager.OpenScene_Injected(string,UnityEditor.SceneManagement.OpenSceneMode,UnityEngine.SceneManagement.Scene&)
  at UnityEditor.SceneManagement.EditorSceneManager.OpenScene (System.String scenePath, UnityEditor.SceneManagement.OpenSceneMode mode) [0x00000] in <63965ae56af7489797f355b7c1211ab2>:0 
  at Sirenix.OdinInspector.Editor.Validation.SceneReference.TryOpenScene (UnityEditor.SceneManagement.OpenSceneMode mode, UnityEngine.SceneManagement.Scene& scene) [0x00017] in C:\Sirenix\Sirenix Solution\Sirenix.OdinInspector.Editor\Validation\Validators\SceneReference.cs:114 
UnityEngine.DebugLogHandler:Internal_LogException(Exception, Object)
UnityEngine.DebugLogHandler:LogException(Exception, Object)
UnityEngine.Logger:LogException(Exception, Object)
UnityEngine.Debug:LogException(Exception)
Sirenix.OdinInspector.Editor.Validation.SceneReference:TryOpenScene(OpenSceneMode, Scene&) (at C:\Sirenix\Sirenix Solution\Sirenix.OdinInspector.Editor\Validation\Validators\SceneReference.cs:119)
Sirenix.OdinValidator.Editor.<ValidateCurrentWorkQueueEnumerator>d__59:MoveNext() (at C:\Sirenix\Sirenix Solution\Sirenix.OdinValidator.Editor\Core\ValidationSession.cs:557)
Sirenix.OdinValidator.Editor.<ValidateEverythingEnumeratorBatched>d__54:MoveNext() (at C:\Sirenix\Sirenix Solution\Sirenix.OdinValidator.Editor\Core\ValidationSession.cs:376)
Sirenix.OdinValidator.Editor.AutomationConfig:RunValidationScan(String, ValidationSetup, Boolean, Action, Boolean, Boolean, Boolean, Boolean, Boolean, Boolean, Boolean, Boolean) (at C:\Sirenix\Sirenix Solution\Sirenix.OdinValidator.Editor\Config\AutomationConfig.cs:305)
Sirenix.OdinValidator.Editor.AutomationConfig:ActuallyInitHooks() (at C:\Sirenix\Sirenix Solution\Sirenix.OdinValidator.Editor\Config\AutomationConfig.cs:186)
Sirenix.OdinValidator.Editor.AutomationConfig:InitHooks() (at C:\Sirenix\Sirenix Solution\Sirenix.OdinValidator.Editor\Config\AutomationConfig.cs:170)
System.Reflection.RuntimeMethodInfo:InternalInvoke(RuntimeMethodInfo, Object, Object[], Exception&)
System.Reflection.RuntimeMethodInfo:Invoke(Object, BindingFlags, Binder, Object[], CultureInfo)
System.Reflection.MethodBase:Invoke(Object, Object[])
UnityEditor.EditorAssemblies:ProcessInitializeOnLoadMethodAttributes()

(Filename: C:/Sirenix/Sirenix Solution/Sirenix.OdinInspector.Editor/Validation/Validators/SceneReference.cs Line: 119)

InvalidOperationException: Calling OpenScene Raisefrom assembly reloading callbacks are not supported.
  at (wrapper managed-to-native) UnityEditor.SceneManagement.EditorSceneManager.OpenScene_Injected(string,UnityEditor.SceneManagement.OpenSceneMode,UnityEngine.SceneManagement.Scene&)
  at UnityEditor.SceneManagement.EditorSceneManager.OpenScene (System.String scenePath, UnityEditor.SceneManagement.OpenSceneMode mode) [0x00000] in <63965ae56af7489797f355b7c1211ab2>:0 
  at Sirenix.OdinInspector.Editor.Validation.SceneReference.TryOpenScene (UnityEditor.SceneManagement.OpenSceneMode mode, UnityEngine.SceneManagement.Scene& scene) [0x00017] in C:\Sirenix\Sirenix Solution\Sirenix.OdinInspector.Editor\Validation\Validators\SceneReference.cs:114 
UnityEngine.DebugLogHandler:Internal_LogException(Exception, Object)
UnityEngine.DebugLogHandler:LogException(Exception, Object)
UnityEngine.Logger:LogException(Exception, Object)
UnityEngine.Debug:LogException(Exception)
Sirenix.OdinInspector.Editor.Validation.SceneReference:TryOpenScene(OpenSceneMode, Scene&) (at C:\Sirenix\Sirenix Solution\Sirenix.OdinInspector.Editor\Validation\Validators\SceneReference.cs:119)
Sirenix.OdinValidator.Editor.<ValidateCurrentWorkQueueEnumerator>d__59:MoveNext() (at C:\Sirenix\Sirenix Solution\Sirenix.OdinValidator.Editor\Core\ValidationSession.cs:557)
Sirenix.OdinValidator.Editor.<ValidateEverythingEnumeratorBatched>d__54:MoveNext() (at C:\Sirenix\Sirenix Solution\Sirenix.OdinValidator.Editor\Core\ValidationSession.cs:376)
Sirenix.OdinValidator.Editor.AutomationConfig:RunValidationScan(String, ValidationSetup, Boolean, Action, Boolean, Boolean, Boolean, Boolean, Boolean, Boolean, Boolean, Boolean) (at C:\Sirenix\Sirenix Solution\Sirenix.OdinValidator.Editor\Config\AutomationConfig.cs:305)
Sirenix.OdinValidator.Editor.AutomationConfig:ActuallyInitHooks() (at C:\Sirenix\Sirenix Solution\Sirenix.OdinValidator.Editor\Config\AutomationConfig.cs:186)
Sirenix.OdinValidator.Editor.AutomationConfig:InitHooks() (at C:\Sirenix\Sirenix Solution\Sirenix.OdinValidator.Editor\Config\AutomationConfig.cs:170)
System.Reflection.RuntimeMethodInfo:InternalInvoke(RuntimeMethodInfo, Object, Object[], Exception&)
System.Reflection.RuntimeMethodInfo:Invoke(Object, BindingFlags, Binder, Object[], CultureInfo)
System.Reflection.MethodBase:Invoke(Object, Object[])
UnityEditor.EditorAssemblies:ProcessInitializeOnLoadMethodAttributes()

(Filename: C:/Sirenix/Sirenix Solution/Sirenix.OdinInspector.Editor/Validation/Validators/SceneReference.cs Line: 119)

InvalidOperationException: Calling OpenScene Raisefrom assembly reloading callbacks are not supported.
  at (wrapper managed-to-native) UnityEditor.SceneManagement.EditorSceneManager.OpenScene_Injected(string,UnityEditor.SceneManagement.OpenSceneMode,UnityEngine.SceneManagement.Scene&)
  at UnityEditor.SceneManagement.EditorSceneManager.OpenScene (System.String scenePath, UnityEditor.SceneManagement.OpenSceneMode mode) [0x00000] in <63965ae56af7489797f355b7c1211ab2>:0 
  at Sirenix.OdinInspector.Editor.Validation.SceneReference.TryOpenScene (UnityEditor.SceneManagement.OpenSceneMode mode, UnityEngine.SceneManagement.Scene& scene) [0x00017] in C:\Sirenix\Sirenix Solution\Sirenix.OdinInspector.Editor\Validation\Validators\SceneReference.cs:114 
UnityEngine.DebugLogHandler:Internal_LogException(Exception, Object)
UnityEngine.DebugLogHandler:LogException(Exception, Object)
UnityEngine.Logger:LogException(Exception, Object)
UnityEngine.Debug:LogException(Exception)
Sirenix.OdinInspector.Editor.Validation.SceneReference:TryOpenScene(OpenSceneMode, Scene&) (at C:\Sirenix\Sirenix Solution\Sirenix.OdinInspector.Editor\Validation\Validators\SceneReference.cs:119)
Sirenix.OdinValidator.Editor.<ValidateCurrentWorkQueueEnumerator>d__59:MoveNext() (at C:\Sirenix\Sirenix Solution\Sirenix.OdinValidator.Editor\Core\ValidationSession.cs:557)
Sirenix.OdinValidator.Editor.<ValidateEverythingEnumeratorBatched>d__54:MoveNext() (at C:\Sirenix\Sirenix Solution\Sirenix.OdinValidator.Editor\Core\ValidationSession.cs:376)
Sirenix.OdinValidator.Editor.AutomationConfig:RunValidationScan(String, ValidationSetup, Boolean, Action, Boolean, Boolean, Boolean, Boolean, Boolean, Boolean, Boolean, Boolean) (at C:\Sirenix\Sirenix Solution\Sirenix.OdinValidator.Editor\Config\AutomationConfig.cs:305)
Sirenix.OdinValidator.Editor.AutomationConfig:ActuallyInitHooks() (at C:\Sirenix\Sirenix Solution\Sirenix.OdinValidator.Editor\Config\AutomationConfig.cs:186)
Sirenix.OdinValidator.Editor.AutomationConfig:InitHooks() (at C:\Sirenix\Sirenix Solution\Sirenix.OdinValidator.Editor\Config\AutomationConfig.cs:170)
System.Reflection.RuntimeMethodInfo:InternalInvoke(RuntimeMethodInfo, Object, Object[], Exception&)
System.Reflection.RuntimeMethodInfo:Invoke(Object, BindingFlags, Binder, Object[], CultureInfo)
System.Reflection.MethodBase:Invoke(Object, Object[])
UnityEditor.EditorAssemblies:ProcessInitializeOnLoadMethodAttributes()

(Filename: C:/Sirenix/Sirenix Solution/Sirenix.OdinInspector.Editor/Validation/Validators/SceneReference.cs Line: 119)

InvalidOperationException: Calling OpenScene Raisefrom assembly reloading callbacks are not supported.
  at (wrapper managed-to-native) UnityEditor.SceneManagement.EditorSceneManager.OpenScene_Injected(string,UnityEditor.SceneManagement.OpenSceneMode,UnityEngine.SceneManagement.Scene&)
  at UnityEditor.SceneManagement.EditorSceneManager.OpenScene (System.String scenePath, UnityEditor.SceneManagement.OpenSceneMode mode) [0x00000] in <63965ae56af7489797f355b7c1211ab2>:0 
  at Sirenix.OdinInspector.Editor.Validation.SceneReference.TryOpenScene (UnityEditor.SceneManagement.OpenSceneMode mode, UnityEngine.SceneManagement.Scene& scene) [0x00017] in C:\Sirenix\Sirenix Solution\Sirenix.OdinInspector.Editor\Validation\Validators\SceneReference.cs:114 
UnityEngine.DebugLogHandler:Internal_LogException(Exception, Object)
UnityEngine.DebugLogHandler:LogException(Exception, Object)
UnityEngine.Logger:LogException(Exception, Object)
UnityEngine.Debug:LogException(Exception)
Sirenix.OdinInspector.Editor.Validation.SceneReference:TryOpenScene(OpenSceneMode, Scene&) (at C:\Sirenix\Sirenix Solution\Sirenix.OdinInspector.Editor\Validation\Validators\SceneReference.cs:119)
Sirenix.OdinValidator.Editor.<ValidateCurrentWorkQueueEnumerator>d__59:MoveNext() (at C:\Sirenix\Sirenix Solution\Sirenix.OdinValidator.Editor\Core\ValidationSession.cs:557)
Sirenix.OdinValidator.Editor.<ValidateEverythingEnumeratorBatched>d__54:MoveNext() (at C:\Sirenix\Sirenix Solution\Sirenix.OdinValidator.Editor\Core\ValidationSession.cs:376)
Sirenix.OdinValidator.Editor.AutomationConfig:RunValidationScan(String, ValidationSetup, Boolean, Action, Boolean, Boolean, Boolean, Boolean, Boolean, Boolean, Boolean, Boolean) (at C:\Sirenix\Sirenix Solution\Sirenix.OdinValidator.Editor\Config\AutomationConfig.cs:305)
Sirenix.OdinValidator.Editor.AutomationConfig:ActuallyInitHooks() (at C:\Sirenix\Sirenix Solution\Sirenix.OdinValidator.Editor\Config\AutomationConfig.cs:186)
Sirenix.OdinValidator.Editor.AutomationConfig:InitHooks() (at C:\Sirenix\Sirenix Solution\Sirenix.OdinValidator.Editor\Config\AutomationConfig.cs:170)
System.Reflection.RuntimeMethodInfo:InternalInvoke(RuntimeMethodInfo, Object, Object[], Exception&)
System.Reflection.RuntimeMethodInfo:Invoke(Object, BindingFlags, Binder, Object[], CultureInfo)
System.Reflection.MethodBase:Invoke(Object, Object[])
UnityEditor.EditorAssemblies:ProcessInitializeOnLoadMethodAttributes()

(Filename: C:/Sirenix/Sirenix Solution/Sirenix.OdinInspector.Editor/Validation/Validators/SceneReference.cs Line: 119)

InvalidOperationException: Calling OpenScene Raisefrom assembly reloading callbacks are not supported.
  at (wrapper managed-to-native) UnityEditor.SceneManagement.EditorSceneManager.OpenScene_Injected(string,UnityEditor.SceneManagement.OpenSceneMode,UnityEngine.SceneManagement.Scene&)
  at UnityEditor.SceneManagement.EditorSceneManager.OpenScene (System.String scenePath, UnityEditor.SceneManagement.OpenSceneMode mode) [0x00000] in <63965ae56af7489797f355b7c1211ab2>:0 
  at Sirenix.OdinInspector.Editor.Validation.SceneReference.TryOpenScene (UnityEditor.SceneManagement.OpenSceneMode mode, UnityEngine.SceneManagement.Scene& scene) [0x00017] in C:\Sirenix\Sirenix Solution\Sirenix.OdinInspector.Editor\Validation\Validators\SceneReference.cs:114 
UnityEngine.DebugLogHandler:Internal_LogException(Exception, Object)
UnityEngine.DebugLogHandler:LogException(Exception, Object)
UnityEngine.Logger:LogException(Exception, Object)
UnityEngine.Debug:LogException(Exception)
Sirenix.OdinInspector.Editor.Validation.SceneReference:TryOpenScene(OpenSceneMode, Scene&) (at C:\Sirenix\Sirenix Solution\Sirenix.OdinInspector.Editor\Validation\Validators\SceneReference.cs:119)
Sirenix.OdinValidator.Editor.<ValidateCurrentWorkQueueEnumerator>d__59:MoveNext() (at C:\Sirenix\Sirenix Solution\Sirenix.OdinValidator.Editor\Core\ValidationSession.cs:557)
Sirenix.OdinValidator.Editor.<ValidateEverythingEnumeratorBatched>d__54:MoveNext() (at C:\Sirenix\Sirenix Solution\Sirenix.OdinValidator.Editor\Core\ValidationSession.cs:376)
Sirenix.OdinValidator.Editor.AutomationConfig:RunValidationScan(String, ValidationSetup, Boolean, Action, Boolean, Boolean, Boolean, Boolean, Boolean, Boolean, Boolean, Boolean) (at C:\Sirenix\Sirenix Solution\Sirenix.OdinValidator.Editor\Config\AutomationConfig.cs:305)
Sirenix.OdinValidator.Editor.AutomationConfig:ActuallyInitHooks() (at C:\Sirenix\Sirenix Solution\Sirenix.OdinValidator.Editor\Config\AutomationConfig.cs:186)
Sirenix.OdinValidator.Editor.AutomationConfig:InitHooks() (at C:\Sirenix\Sirenix Solution\Sirenix.OdinValidator.Editor\Config\AutomationConfig.cs:170)
System.Reflection.RuntimeMethodInfo:InternalInvoke(RuntimeMethodInfo, Object, Object[], Exception&)
System.Reflection.RuntimeMethodInfo:Invoke(Object, BindingFlags, Binder, Object[], CultureInfo)
System.Reflection.MethodBase:Invoke(Object, Object[])
UnityEditor.EditorAssemblies:ProcessInitializeOnLoadMethodAttributes()

(Filename: C:/Sirenix/Sirenix Solution/Sirenix.OdinInspector.Editor/Validation/Validators/SceneReference.cs Line: 119)

InvalidOperationException: Calling OpenScene Raisefrom assembly reloading callbacks are not supported.
  at (wrapper managed-to-native) UnityEditor.SceneManagement.EditorSceneManager.OpenScene_Injected(string,UnityEditor.SceneManagement.OpenSceneMode,UnityEngine.SceneManagement.Scene&)
  at UnityEditor.SceneManagement.EditorSceneManager.OpenScene (System.String scenePath, UnityEditor.SceneManagement.OpenSceneMode mode) [0x00000] in <63965ae56af7489797f355b7c1211ab2>:0 
  at Sirenix.OdinInspector.Editor.Validation.SceneReference.TryOpenScene (UnityEditor.SceneManagement.OpenSceneMode mode, UnityEngine.SceneManagement.Scene& scene) [0x00017] in C:\Sirenix\Sirenix Solution\Sirenix.OdinInspector.Editor\Validation\Validators\SceneReference.cs:114 
UnityEngine.DebugLogHandler:Internal_LogException(Exception, Object)
UnityEngine.DebugLogHandler:LogException(Exception, Object)
UnityEngine.Logger:LogException(Exception, Object)
UnityEngine.Debug:LogException(Exception)
Sirenix.OdinInspector.Editor.Validation.SceneReference:TryOpenScene(OpenSceneMode, Scene&) (at C:\Sirenix\Sirenix Solution\Sirenix.OdinInspector.Editor\Validation\Validators\SceneReference.cs:119)
Sirenix.OdinValidator.Editor.<ValidateCurrentWorkQueueEnumerator>d__59:MoveNext() (at C:\Sirenix\Sirenix Solution\Sirenix.OdinValidator.Editor\Core\ValidationSession.cs:557)
Sirenix.OdinValidator.Editor.<ValidateEverythingEnumeratorBatched>d__54:MoveNext() (at C:\Sirenix\Sirenix Solution\Sirenix.OdinValidator.Editor\Core\ValidationSession.cs:376)
Sirenix.OdinValidator.Editor.AutomationConfig:RunValidationScan(String, ValidationSetup, Boolean, Action, Boolean, Boolean, Boolean, Boolean, Boolean, Boolean, Boolean, Boolean) (at C:\Sirenix\Sirenix Solution\Sirenix.OdinValidator.Editor\Config\AutomationConfig.cs:305)
Sirenix.OdinValidator.Editor.AutomationConfig:ActuallyInitHooks() (at C:\Sirenix\Sirenix Solution\Sirenix.OdinValidator.Editor\Config\AutomationConfig.cs:186)
Sirenix.OdinValidator.Editor.AutomationConfig:InitHooks() (at C:\Sirenix\Sirenix Solution\Sirenix.OdinValidator.Editor\Config\AutomationConfig.cs:170)
System.Reflection.RuntimeMethodInfo:InternalInvoke(RuntimeMethodInfo, Object, Object[], Exception&)
System.Reflection.RuntimeMethodInfo:Invoke(Object, BindingFlags, Binder, Object[], CultureInfo)
System.Reflection.MethodBase:Invoke(Object, Object[])
UnityEditor.EditorAssemblies:ProcessInitializeOnLoadMethodAttributes()

(Filename: C:/Sirenix/Sirenix Solution/Sirenix.OdinInspector.Editor/Validation/Validators/SceneReference.cs Line: 119)

InvalidOperationException: Calling OpenScene Raisefrom assembly reloading callbacks are not supported.
  at (wrapper managed-to-native) UnityEditor.SceneManagement.EditorSceneManager.OpenScene_Injected(string,UnityEditor.SceneManagement.OpenSceneMode,UnityEngine.SceneManagement.Scene&)
  at UnityEditor.SceneManagement.EditorSceneManager.OpenScene (System.String scenePath, UnityEditor.SceneManagement.OpenSceneMode mode) [0x00000] in <63965ae56af7489797f355b7c1211ab2>:0 
  at Sirenix.OdinInspector.Editor.Validation.SceneReference.TryOpenScene (UnityEditor.SceneManagement.OpenSceneMode mode, UnityEngine.SceneManagement.Scene& scene) [0x00017] in C:\Sirenix\Sirenix Solution\Sirenix.OdinInspector.Editor\Validation\Validators\SceneReference.cs:114 
UnityEngine.DebugLogHandler:Internal_LogException(Exception, Object)
UnityEngine.DebugLogHandler:LogException(Exception, Object)
UnityEngine.Logger:LogException(Exception, Object)
UnityEngine.Debug:LogException(Exception)
Sirenix.OdinInspector.Editor.Validation.SceneReference:TryOpenScene(OpenSceneMode, Scene&) (at C:\Sirenix\Sirenix Solution\Sirenix.OdinInspector.Editor\Validation\Validators\SceneReference.cs:119)
Sirenix.OdinValidator.Editor.<ValidateCurrentWorkQueueEnumerator>d__59:MoveNext() (at C:\Sirenix\Sirenix Solution\Sirenix.OdinValidator.Editor\Core\ValidationSession.cs:557)
Sirenix.OdinValidator.Editor.<ValidateEverythingEnumeratorBatched>d__54:MoveNext() (at C:\Sirenix\Sirenix Solution\Sirenix.OdinValidator.Editor\Core\ValidationSession.cs:376)
Sirenix.OdinValidator.Editor.AutomationConfig:RunValidationScan(String, ValidationSetup, Boolean, Action, Boolean, Boolean, Boolean, Boolean, Boolean, Boolean, Boolean, Boolean) (at C:\Sirenix\Sirenix Solution\Sirenix.OdinValidator.Editor\Config\AutomationConfig.cs:305)
Sirenix.OdinValidator.Editor.AutomationConfig:ActuallyInitHooks() (at C:\Sirenix\Sirenix Solution\Sirenix.OdinValidator.Editor\Config\AutomationConfig.cs:186)
Sirenix.OdinValidator.Editor.AutomationConfig:InitHooks() (at C:\Sirenix\Sirenix Solution\Sirenix.OdinValidator.Editor\Config\AutomationConfig.cs:170)
System.Reflection.RuntimeMethodInfo:InternalInvoke(RuntimeMethodInfo, Object, Object[], Exception&)
System.Reflection.RuntimeMethodInfo:Invoke(Object, BindingFlags, Binder, Object[], CultureInfo)
System.Reflection.MethodBase:Invoke(Object, Object[])
UnityEditor.EditorAssemblies:ProcessInitializeOnLoadMethodAttributes()

(Filename: C:/Sirenix/Sirenix Solution/Sirenix.OdinInspector.Editor/Validation/Validators/SceneReference.cs Line: 119)

InvalidOperationException: Calling OpenScene Raisefrom assembly reloading callbacks are not supported.
  at (wrapper managed-to-native) UnityEditor.SceneManagement.EditorSceneManager.OpenScene_Injected(string,UnityEditor.SceneManagement.OpenSceneMode,UnityEngine.SceneManagement.Scene&)
  at UnityEditor.SceneManagement.EditorSceneManager.OpenScene (System.String scenePath, UnityEditor.SceneManagement.OpenSceneMode mode) [0x00000] in <63965ae56af7489797f355b7c1211ab2>:0 
  at Sirenix.OdinInspector.Editor.Validation.SceneReference.TryOpenScene (UnityEditor.SceneManagement.OpenSceneMode mode, UnityEngine.SceneManagement.Scene& scene) [0x00017] in C:\Sirenix\Sirenix Solution\Sirenix.OdinInspector.Editor\Validation\Validators\SceneReference.cs:114 
UnityEngine.DebugLogHandler:Internal_LogException(Exception, Object)
UnityEngine.DebugLogHandler:LogException(Exception, Object)
UnityEngine.Logger:LogException(Exception, Object)
UnityEngine.Debug:LogException(Exception)
Sirenix.OdinInspector.Editor.Validation.SceneReference:TryOpenScene(OpenSceneMode, Scene&) (at C:\Sirenix\Sirenix Solution\Sirenix.OdinInspector.Editor\Validation\Validators\SceneReference.cs:119)
Sirenix.OdinValidator.Editor.<ValidateCurrentWorkQueueEnumerator>d__59:MoveNext() (at C:\Sirenix\Sirenix Solution\Sirenix.OdinValidator.Editor\Core\ValidationSession.cs:557)
Sirenix.OdinValidator.Editor.<ValidateEverythingEnumeratorBatched>d__54:MoveNext() (at C:\Sirenix\Sirenix Solution\Sirenix.OdinValidator.Editor\Core\ValidationSession.cs:376)
Sirenix.OdinValidator.Editor.AutomationConfig:RunValidationScan(String, ValidationSetup, Boolean, Action, Boolean, Boolean, Boolean, Boolean, Boolean, Boolean, Boolean, Boolean) (at C:\Sirenix\Sirenix Solution\Sirenix.OdinValidator.Editor\Config\AutomationConfig.cs:305)
Sirenix.OdinValidator.Editor.AutomationConfig:ActuallyInitHooks() (at C:\Sirenix\Sirenix Solution\Sirenix.OdinValidator.Editor\Config\AutomationConfig.cs:186)
Sirenix.OdinValidator.Editor.AutomationConfig:InitHooks() (at C:\Sirenix\Sirenix Solution\Sirenix.OdinValidator.Editor\Config\AutomationConfig.cs:170)
System.Reflection.RuntimeMethodInfo:InternalInvoke(RuntimeMethodInfo, Object, Object[], Exception&)
System.Reflection.RuntimeMethodInfo:Invoke(Object, BindingFlags, Binder, Object[], CultureInfo)
System.Reflection.MethodBase:Invoke(Object, Object[])
UnityEditor.EditorAssemblies:ProcessInitializeOnLoadMethodAttributes()

(Filename: C:/Sirenix/Sirenix Solution/Sirenix.OdinInspector.Editor/Validation/Validators/SceneReference.cs Line: 119)

InvalidOperationException: Calling OpenScene Raisefrom assembly reloading callbacks are not supported.
  at (wrapper managed-to-native) UnityEditor.SceneManagement.EditorSceneManager.OpenScene_Injected(string,UnityEditor.SceneManagement.OpenSceneMode,UnityEngine.SceneManagement.Scene&)
  at UnityEditor.SceneManagement.EditorSceneManager.OpenScene (System.String scenePath, UnityEditor.SceneManagement.OpenSceneMode mode) [0x00000] in <63965ae56af7489797f355b7c1211ab2>:0 
  at Sirenix.OdinInspector.Editor.Validation.SceneReference.TryOpenScene (UnityEditor.SceneManagement.OpenSceneMode mode, UnityEngine.SceneManagement.Scene& scene) [0x00017] in C:\Sirenix\Sirenix Solution\Sirenix.OdinInspector.Editor\Validation\Validators\SceneReference.cs:114 
UnityEngine.DebugLogHandler:Internal_LogException(Exception, Object)
UnityEngine.DebugLogHandler:LogException(Exception, Object)
UnityEngine.Logger:LogException(Exception, Object)
UnityEngine.Debug:LogException(Exception)
Sirenix.OdinInspector.Editor.Validation.SceneReference:TryOpenScene(OpenSceneMode, Scene&) (at C:\Sirenix\Sirenix Solution\Sirenix.OdinInspector.Editor\Validation\Validators\SceneReference.cs:119)
Sirenix.OdinValidator.Editor.<ValidateCurrentWorkQueueEnumerator>d__59:MoveNext() (at C:\Sirenix\Sirenix Solution\Sirenix.OdinValidator.Editor\Core\ValidationSession.cs:557)
Sirenix.OdinValidator.Editor.<ValidateEverythingEnumeratorBatched>d__54:MoveNext() (at C:\Sirenix\Sirenix Solution\Sirenix.OdinValidator.Editor\Core\ValidationSession.cs:376)
Sirenix.OdinValidator.Editor.AutomationConfig:RunValidationScan(String, ValidationSetup, Boolean, Action, Boolean, Boolean, Boolean, Boolean, Boolean, Boolean, Boolean, Boolean) (at C:\Sirenix\Sirenix Solution\Sirenix.OdinValidator.Editor\Config\AutomationConfig.cs:305)
Sirenix.OdinValidator.Editor.AutomationConfig:ActuallyInitHooks() (at C:\Sirenix\Sirenix Solution\Sirenix.OdinValidator.Editor\Config\AutomationConfig.cs:186)
Sirenix.OdinValidator.Editor.AutomationConfig:InitHooks() (at C:\Sirenix\Sirenix Solution\Sirenix.OdinValidator.Editor\Config\AutomationConfig.cs:170)
System.Reflection.RuntimeMethodInfo:InternalInvoke(RuntimeMethodInfo, Object, Object[], Exception&)
System.Reflection.RuntimeMethodInfo:Invoke(Object, BindingFlags, Binder, Object[], CultureInfo)
System.Reflection.MethodBase:Invoke(Object, Object[])
UnityEditor.EditorAssemblies:ProcessInitializeOnLoadMethodAttributes()

(Filename: C:/Sirenix/Sirenix Solution/Sirenix.OdinInspector.Editor/Validation/Validators/SceneReference.cs Line: 119)

InvalidOperationException: Calling OpenScene Raisefrom assembly reloading callbacks are not supported.
  at (wrapper managed-to-native) UnityEditor.SceneManagement.EditorSceneManager.OpenScene_Injected(string,UnityEditor.SceneManagement.OpenSceneMode,UnityEngine.SceneManagement.Scene&)
  at UnityEditor.SceneManagement.EditorSceneManager.OpenScene (System.String scenePath, UnityEditor.SceneManagement.OpenSceneMode mode) [0x00000] in <63965ae56af7489797f355b7c1211ab2>:0 
  at Sirenix.OdinInspector.Editor.Validation.SceneReference.TryOpenScene (UnityEditor.SceneManagement.OpenSceneMode mode, UnityEngine.SceneManagement.Scene& scene) [0x00017] in C:\Sirenix\Sirenix Solution\Sirenix.OdinInspector.Editor\Validation\Validators\SceneReference.cs:114 
UnityEngine.DebugLogHandler:Internal_LogException(Exception, Object)
UnityEngine.DebugLogHandler:LogException(Exception, Object)
UnityEngine.Logger:LogException(Exception, Object)
UnityEngine.Debug:LogException(Exception)
Sirenix.OdinInspector.Editor.Validation.SceneReference:TryOpenScene(OpenSceneMode, Scene&) (at C:\Sirenix\Sirenix Solution\Sirenix.OdinInspector.Editor\Validation\Validators\SceneReference.cs:119)
Sirenix.OdinValidator.Editor.<ValidateCurrentWorkQueueEnumerator>d__59:MoveNext() (at C:\Sirenix\Sirenix Solution\Sirenix.OdinValidator.Editor\Core\ValidationSession.cs:557)
Sirenix.OdinValidator.Editor.<ValidateEverythingEnumeratorBatched>d__54:MoveNext() (at C:\Sirenix\Sirenix Solution\Sirenix.OdinValidator.Editor\Core\ValidationSession.cs:376)
Sirenix.OdinValidator.Editor.AutomationConfig:RunValidationScan(String, ValidationSetup, Boolean, Action, Boolean, Boolean, Boolean, Boolean, Boolean, Boolean, Boolean, Boolean) (at C:\Sirenix\Sirenix Solution\Sirenix.OdinValidator.Editor\Config\AutomationConfig.cs:305)
Sirenix.OdinValidator.Editor.AutomationConfig:ActuallyInitHooks() (at C:\Sirenix\Sirenix Solution\Sirenix.OdinValidator.Editor\Config\AutomationConfig.cs:186)
Sirenix.OdinValidator.Editor.AutomationConfig:InitHooks() (at C:\Sirenix\Sirenix Solution\Sirenix.OdinValidator.Editor\Config\AutomationConfig.cs:170)
System.Reflection.RuntimeMethodInfo:InternalInvoke(RuntimeMethodInfo, Object, Object[], Exception&)
System.Reflection.RuntimeMethodInfo:Invoke(Object, BindingFlags, Binder, Object[], CultureInfo)
System.Reflection.MethodBase:Invoke(Object, Object[])
UnityEditor.EditorAssemblies:ProcessInitializeOnLoadMethodAttributes()

(Filename: C:/Sirenix/Sirenix Solution/Sirenix.OdinInspector.Editor/Validation/Validators/SceneReference.cs Line: 119)

InvalidOperationException: Calling OpenScene Raisefrom assembly reloading callbacks are not supported.
  at (wrapper managed-to-native) UnityEditor.SceneManagement.EditorSceneManager.OpenScene_Injected(string,UnityEditor.SceneManagement.OpenSceneMode,UnityEngine.SceneManagement.Scene&)
  at UnityEditor.SceneManagement.EditorSceneManager.OpenScene (System.String scenePath, UnityEditor.SceneManagement.OpenSceneMode mode) [0x00000] in <63965ae56af7489797f355b7c1211ab2>:0 
  at Sirenix.OdinInspector.Editor.Validation.SceneReference.TryOpenScene (UnityEditor.SceneManagement.OpenSceneMode mode, UnityEngine.SceneManagement.Scene& scene) [0x00017] in C:\Sirenix\Sirenix Solution\Sirenix.OdinInspector.Editor\Validation\Validators\SceneReference.cs:114 
UnityEngine.DebugLogHandler:Internal_LogException(Exception, Object)
UnityEngine.DebugLogHandler:LogException(Exception, Object)
UnityEngine.Logger:LogException(Exception, Object)
UnityEngine.Debug:LogException(Exception)
Sirenix.OdinInspector.Editor.Validation.SceneReference:TryOpenScene(OpenSceneMode, Scene&) (at C:\Sirenix\Sirenix Solution\Sirenix.OdinInspector.Editor\Validation\Validators\SceneReference.cs:119)
Sirenix.OdinValidator.Editor.<ValidateCurrentWorkQueueEnumerator>d__59:MoveNext() (at C:\Sirenix\Sirenix Solution\Sirenix.OdinValidator.Editor\Core\ValidationSession.cs:557)
Sirenix.OdinValidator.Editor.<ValidateEverythingEnumeratorBatched>d__54:MoveNext() (at C:\Sirenix\Sirenix Solution\Sirenix.OdinValidator.Editor\Core\ValidationSession.cs:376)
Sirenix.OdinValidator.Editor.AutomationConfig:RunValidationScan(String, ValidationSetup, Boolean, Action, Boolean, Boolean, Boolean, Boolean, Boolean, Boolean, Boolean, Boolean) (at C:\Sirenix\Sirenix Solution\Sirenix.OdinValidator.Editor\Config\AutomationConfig.cs:305)
Sirenix.OdinValidator.Editor.AutomationConfig:ActuallyInitHooks() (at C:\Sirenix\Sirenix Solution\Sirenix.OdinValidator.Editor\Config\AutomationConfig.cs:186)
Sirenix.OdinValidator.Editor.AutomationConfig:InitHooks() (at C:\Sirenix\Sirenix Solution\Sirenix.OdinValidator.Editor\Config\AutomationConfig.cs:170)
System.Reflection.RuntimeMethodInfo:InternalInvoke(RuntimeMethodInfo, Object, Object[], Exception&)
System.Reflection.RuntimeMethodInfo:Invoke(Object, BindingFlags, Binder, Object[], CultureInfo)
System.Reflection.MethodBase:Invoke(Object, Object[])
UnityEditor.EditorAssemblies:ProcessInitializeOnLoadMethodAttributes()

(Filename: C:/Sirenix/Sirenix Solution/Sirenix.OdinInspector.Editor/Validation/Validators/SceneReference.cs Line: 119)

InvalidOperationException: Calling OpenScene Raisefrom assembly reloading callbacks are not supported.
  at (wrapper managed-to-native) UnityEditor.SceneManagement.EditorSceneManager.OpenScene_Injected(string,UnityEditor.SceneManagement.OpenSceneMode,UnityEngine.SceneManagement.Scene&)
  at UnityEditor.SceneManagement.EditorSceneManager.OpenScene (System.String scenePath, UnityEditor.SceneManagement.OpenSceneMode mode) [0x00000] in <63965ae56af7489797f355b7c1211ab2>:0 
  at Sirenix.OdinInspector.Editor.Validation.SceneReference.TryOpenScene (UnityEditor.SceneManagement.OpenSceneMode mode, UnityEngine.SceneManagement.Scene& scene) [0x00017] in C:\Sirenix\Sirenix Solution\Sirenix.OdinInspector.Editor\Validation\Validators\SceneReference.cs:114 
UnityEngine.DebugLogHandler:Internal_LogException(Exception, Object)
UnityEngine.DebugLogHandler:LogException(Exception, Object)
UnityEngine.Logger:LogException(Exception, Object)
UnityEngine.Debug:LogException(Exception)
Sirenix.OdinInspector.Editor.Validation.SceneReference:TryOpenScene(OpenSceneMode, Scene&) (at C:\Sirenix\Sirenix Solution\Sirenix.OdinInspector.Editor\Validation\Validators\SceneReference.cs:119)
Sirenix.OdinValidator.Editor.<ValidateCurrentWorkQueueEnumerator>d__59:MoveNext() (at C:\Sirenix\Sirenix Solution\Sirenix.OdinValidator.Editor\Core\ValidationSession.cs:557)
Sirenix.OdinValidator.Editor.<ValidateEverythingEnumeratorBatched>d__54:MoveNext() (at C:\Sirenix\Sirenix Solution\Sirenix.OdinValidator.Editor\Core\ValidationSession.cs:376)
Sirenix.OdinValidator.Editor.AutomationConfig:RunValidationScan(String, ValidationSetup, Boolean, Action, Boolean, Boolean, Boolean, Boolean, Boolean, Boolean, Boolean, Boolean) (at C:\Sirenix\Sirenix Solution\Sirenix.OdinValidator.Editor\Config\AutomationConfig.cs:305)
Sirenix.OdinValidator.Editor.AutomationConfig:ActuallyInitHooks() (at C:\Sirenix\Sirenix Solution\Sirenix.OdinValidator.Editor\Config\AutomationConfig.cs:186)
Sirenix.OdinValidator.Editor.AutomationConfig:InitHooks() (at C:\Sirenix\Sirenix Solution\Sirenix.OdinValidator.Editor\Config\AutomationConfig.cs:170)
System.Reflection.RuntimeMethodInfo:InternalInvoke(RuntimeMethodInfo, Object, Object[], Exception&)
System.Reflection.RuntimeMethodInfo:Invoke(Object, BindingFlags, Binder, Object[], CultureInfo)
System.Reflection.MethodBase:Invoke(Object, Object[])
UnityEditor.EditorAssemblies:ProcessInitializeOnLoadMethodAttributes()

(Filename: C:/Sirenix/Sirenix Solution/Sirenix.OdinInspector.Editor/Validation/Validators/SceneReference.cs Line: 119)

InvalidOperationException: Calling OpenScene Raisefrom assembly reloading callbacks are not supported.
  at (wrapper managed-to-native) UnityEditor.SceneManagement.EditorSceneManager.OpenScene_Injected(string,UnityEditor.SceneManagement.OpenSceneMode,UnityEngine.SceneManagement.Scene&)
  at UnityEditor.SceneManagement.EditorSceneManager.OpenScene (System.String scenePath, UnityEditor.SceneManagement.OpenSceneMode mode) [0x00000] in <63965ae56af7489797f355b7c1211ab2>:0 
  at Sirenix.OdinInspector.Editor.Validation.SceneReference.TryOpenScene (UnityEditor.SceneManagement.OpenSceneMode mode, UnityEngine.SceneManagement.Scene& scene) [0x00017] in C:\Sirenix\Sirenix Solution\Sirenix.OdinInspector.Editor\Validation\Validators\SceneReference.cs:114 
UnityEngine.DebugLogHandler:Internal_LogException(Exception, Object)
UnityEngine.DebugLogHandler:LogException(Exception, Object)
UnityEngine.Logger:LogException(Exception, Object)
UnityEngine.Debug:LogException(Exception)
Sirenix.OdinInspector.Editor.Validation.SceneReference:TryOpenScene(OpenSceneMode, Scene&) (at C:\Sirenix\Sirenix Solution\Sirenix.OdinInspector.Editor\Validation\Validators\SceneReference.cs:119)
Sirenix.OdinValidator.Editor.<ValidateCurrentWorkQueueEnumerator>d__59:MoveNext() (at C:\Sirenix\Sirenix Solution\Sirenix.OdinValidator.Editor\Core\ValidationSession.cs:557)
Sirenix.OdinValidator.Editor.<ValidateEverythingEnumeratorBatched>d__54:MoveNext() (at C:\Sirenix\Sirenix Solution\Sirenix.OdinValidator.Editor\Core\ValidationSession.cs:376)
Sirenix.OdinValidator.Editor.AutomationConfig:RunValidationScan(String, ValidationSetup, Boolean, Action, Boolean, Boolean, Boolean, Boolean, Boolean, Boolean, Boolean, Boolean) (at C:\Sirenix\Sirenix Solution\Sirenix.OdinValidator.Editor\Config\AutomationConfig.cs:305)
Sirenix.OdinValidator.Editor.AutomationConfig:ActuallyInitHooks() (at C:\Sirenix\Sirenix Solution\Sirenix.OdinValidator.Editor\Config\AutomationConfig.cs:186)
Sirenix.OdinValidator.Editor.AutomationConfig:InitHooks() (at C:\Sirenix\Sirenix Solution\Sirenix.OdinValidator.Editor\Config\AutomationConfig.cs:170)
System.Reflection.RuntimeMethodInfo:InternalInvoke(RuntimeMethodInfo, Object, Object[], Exception&)
System.Reflection.RuntimeMethodInfo:Invoke(Object, BindingFlags, Binder, Object[], CultureInfo)
System.Reflection.MethodBase:Invoke(Object, Object[])
UnityEditor.EditorAssemblies:ProcessInitializeOnLoadMethodAttributes()

(Filename: C:/Sirenix/Sirenix Solution/Sirenix.OdinInspector.Editor/Validation/Validators/SceneReference.cs Line: 119)

InvalidOperationException: Calling OpenScene Raisefrom assembly reloading callbacks are not supported.
  at (wrapper managed-to-native) UnityEditor.SceneManagement.EditorSceneManager.OpenScene_Injected(string,UnityEditor.SceneManagement.OpenSceneMode,UnityEngine.SceneManagement.Scene&)
  at UnityEditor.SceneManagement.EditorSceneManager.OpenScene (System.String scenePath, UnityEditor.SceneManagement.OpenSceneMode mode) [0x00000] in <63965ae56af7489797f355b7c1211ab2>:0 
  at Sirenix.OdinInspector.Editor.Validation.SceneReference.TryOpenScene (UnityEditor.SceneManagement.OpenSceneMode mode, UnityEngine.SceneManagement.Scene& scene) [0x00017] in C:\Sirenix\Sirenix Solution\Sirenix.OdinInspector.Editor\Validation\Validators\SceneReference.cs:114 
UnityEngine.DebugLogHandler:Internal_LogException(Exception, Object)
UnityEngine.DebugLogHandler:LogException(Exception, Object)
UnityEngine.Logger:LogException(Exception, Object)
UnityEngine.Debug:LogException(Exception)
Sirenix.OdinInspector.Editor.Validation.SceneReference:TryOpenScene(OpenSceneMode, Scene&) (at C:\Sirenix\Sirenix Solution\Sirenix.OdinInspector.Editor\Validation\Validators\SceneReference.cs:119)
Sirenix.OdinValidator.Editor.<ValidateCurrentWorkQueueEnumerator>d__59:MoveNext() (at C:\Sirenix\Sirenix Solution\Sirenix.OdinValidator.Editor\Core\ValidationSession.cs:557)
Sirenix.OdinValidator.Editor.<ValidateEverythingEnumeratorBatched>d__54:MoveNext() (at C:\Sirenix\Sirenix Solution\Sirenix.OdinValidator.Editor\Core\ValidationSession.cs:376)
Sirenix.OdinValidator.Editor.AutomationConfig:RunValidationScan(String, ValidationSetup, Boolean, Action, Boolean, Boolean, Boolean, Boolean, Boolean, Boolean, Boolean, Boolean) (at C:\Sirenix\Sirenix Solution\Sirenix.OdinValidator.Editor\Config\AutomationConfig.cs:305)
Sirenix.OdinValidator.Editor.AutomationConfig:ActuallyInitHooks() (at C:\Sirenix\Sirenix Solution\Sirenix.OdinValidator.Editor\Config\AutomationConfig.cs:186)
Sirenix.OdinValidator.Editor.AutomationConfig:InitHooks() (at C:\Sirenix\Sirenix Solution\Sirenix.OdinValidator.Editor\Config\AutomationConfig.cs:170)
System.Reflection.RuntimeMethodInfo:InternalInvoke(RuntimeMethodInfo, Object, Object[], Exception&)
System.Reflection.RuntimeMethodInfo:Invoke(Object, BindingFlags, Binder, Object[], CultureInfo)
System.Reflection.MethodBase:Invoke(Object, Object[])
UnityEditor.EditorAssemblies:ProcessInitializeOnLoadMethodAttributes()

(Filename: C:/Sirenix/Sirenix Solution/Sirenix.OdinInspector.Editor/Validation/Validators/SceneReference.cs Line: 119)

InvalidOperationException: Calling OpenScene Raisefrom assembly reloading callbacks are not supported.
  at (wrapper managed-to-native) UnityEditor.SceneManagement.EditorSceneManager.OpenScene_Injected(string,UnityEditor.SceneManagement.OpenSceneMode,UnityEngine.SceneManagement.Scene&)
  at UnityEditor.SceneManagement.EditorSceneManager.OpenScene (System.String scenePath, UnityEditor.SceneManagement.OpenSceneMode mode) [0x00000] in <63965ae56af7489797f355b7c1211ab2>:0 
  at Sirenix.OdinInspector.Editor.Validation.SceneReference.TryOpenScene (UnityEditor.SceneManagement.OpenSceneMode mode, UnityEngine.SceneManagement.Scene& scene) [0x00017] in C:\Sirenix\Sirenix Solution\Sirenix.OdinInspector.Editor\Validation\Validators\SceneReference.cs:114 
UnityEngine.DebugLogHandler:Internal_LogException(Exception, Object)
UnityEngine.DebugLogHandler:LogException(Exception, Object)
UnityEngine.Logger:LogException(Exception, Object)
UnityEngine.Debug:LogException(Exception)
Sirenix.OdinInspector.Editor.Validation.SceneReference:TryOpenScene(OpenSceneMode, Scene&) (at C:\Sirenix\Sirenix Solution\Sirenix.OdinInspector.Editor\Validation\Validators\SceneReference.cs:119)
Sirenix.OdinValidator.Editor.<ValidateCurrentWorkQueueEnumerator>d__59:MoveNext() (at C:\Sirenix\Sirenix Solution\Sirenix.OdinValidator.Editor\Core\ValidationSession.cs:557)
Sirenix.OdinValidator.Editor.<ValidateEverythingEnumeratorBatched>d__54:MoveNext() (at C:\Sirenix\Sirenix Solution\Sirenix.OdinValidator.Editor\Core\ValidationSession.cs:376)
Sirenix.OdinValidator.Editor.AutomationConfig:RunValidationScan(String, ValidationSetup, Boolean, Action, Boolean, Boolean, Boolean, Boolean, Boolean, Boolean, Boolean, Boolean) (at C:\Sirenix\Sirenix Solution\Sirenix.OdinValidator.Editor\Config\AutomationConfig.cs:305)
Sirenix.OdinValidator.Editor.AutomationConfig:ActuallyInitHooks() (at C:\Sirenix\Sirenix Solution\Sirenix.OdinValidator.Editor\Config\AutomationConfig.cs:186)
Sirenix.OdinValidator.Editor.AutomationConfig:InitHooks() (at C:\Sirenix\Sirenix Solution\Sirenix.OdinValidator.Editor\Config\AutomationConfig.cs:170)
System.Reflection.RuntimeMethodInfo:InternalInvoke(RuntimeMethodInfo, Object, Object[], Exception&)
System.Reflection.RuntimeMethodInfo:Invoke(Object, BindingFlags, Binder, Object[], CultureInfo)
System.Reflection.MethodBase:Invoke(Object, Object[])
UnityEditor.EditorAssemblies:ProcessInitializeOnLoadMethodAttributes()

(Filename: C:/Sirenix/Sirenix Solution/Sirenix.OdinInspector.Editor/Validation/Validators/SceneReference.cs Line: 119)

InvalidOperationException: Calling OpenScene Raisefrom assembly reloading callbacks are not supported.
  at (wrapper managed-to-native) UnityEditor.SceneManagement.EditorSceneManager.OpenScene_Injected(string,UnityEditor.SceneManagement.OpenSceneMode,UnityEngine.SceneManagement.Scene&)
  at UnityEditor.SceneManagement.EditorSceneManager.OpenScene (System.String scenePath, UnityEditor.SceneManagement.OpenSceneMode mode) [0x00000] in <63965ae56af7489797f355b7c1211ab2>:0 
  at Sirenix.OdinInspector.Editor.Validation.SceneReference.TryOpenScene (UnityEditor.SceneManagement.OpenSceneMode mode, UnityEngine.SceneManagement.Scene& scene) [0x00017] in C:\Sirenix\Sirenix Solution\Sirenix.OdinInspector.Editor\Validation\Validators\SceneReference.cs:114 
UnityEngine.DebugLogHandler:Internal_LogException(Exception, Object)
UnityEngine.DebugLogHandler:LogException(Exception, Object)
UnityEngine.Logger:LogException(Exception, Object)
UnityEngine.Debug:LogException(Exception)
Sirenix.OdinInspector.Editor.Validation.SceneReference:TryOpenScene(OpenSceneMode, Scene&) (at C:\Sirenix\Sirenix Solution\Sirenix.OdinInspector.Editor\Validation\Validators\SceneReference.cs:119)
Sirenix.OdinValidator.Editor.<ValidateCurrentWorkQueueEnumerator>d__59:MoveNext() (at C:\Sirenix\Sirenix Solution\Sirenix.OdinValidator.Editor\Core\ValidationSession.cs:557)
Sirenix.OdinValidator.Editor.<ValidateEverythingEnumeratorBatched>d__54:MoveNext() (at C:\Sirenix\Sirenix Solution\Sirenix.OdinValidator.Editor\Core\ValidationSession.cs:376)
Sirenix.OdinValidator.Editor.AutomationConfig:RunValidationScan(String, ValidationSetup, Boolean, Action, Boolean, Boolean, Boolean, Boolean, Boolean, Boolean, Boolean, Boolean) (at C:\Sirenix\Sirenix Solution\Sirenix.OdinValidator.Editor\Config\AutomationConfig.cs:305)
Sirenix.OdinValidator.Editor.AutomationConfig:ActuallyInitHooks() (at C:\Sirenix\Sirenix Solution\Sirenix.OdinValidator.Editor\Config\AutomationConfig.cs:186)
Sirenix.OdinValidator.Editor.AutomationConfig:InitHooks() (at C:\Sirenix\Sirenix Solution\Sirenix.OdinValidator.Editor\Config\AutomationConfig.cs:170)
System.Reflection.RuntimeMethodInfo:InternalInvoke(RuntimeMethodInfo, Object, Object[], Exception&)
System.Reflection.RuntimeMethodInfo:Invoke(Object, BindingFlags, Binder, Object[], CultureInfo)
System.Reflection.MethodBase:Invoke(Object, Object[])
UnityEditor.EditorAssemblies:ProcessInitializeOnLoadMethodAttributes()

(Filename: C:/Sirenix/Sirenix Solution/Sirenix.OdinInspector.Editor/Validation/Validators/SceneReference.cs Line: 119)

InvalidOperationException: Calling OpenScene Raisefrom assembly reloading callbacks are not supported.
  at (wrapper managed-to-native) UnityEditor.SceneManagement.EditorSceneManager.OpenScene_Injected(string,UnityEditor.SceneManagement.OpenSceneMode,UnityEngine.SceneManagement.Scene&)
  at UnityEditor.SceneManagement.EditorSceneManager.OpenScene (System.String scenePath, UnityEditor.SceneManagement.OpenSceneMode mode) [0x00000] in <63965ae56af7489797f355b7c1211ab2>:0 
  at Sirenix.OdinInspector.Editor.Validation.SceneReference.TryOpenScene (UnityEditor.SceneManagement.OpenSceneMode mode, UnityEngine.SceneManagement.Scene& scene) [0x00017] in C:\Sirenix\Sirenix Solution\Sirenix.OdinInspector.Editor\Validation\Validators\SceneReference.cs:114 
UnityEngine.DebugLogHandler:Internal_LogException(Exception, Object)
UnityEngine.DebugLogHandler:LogException(Exception, Object)
UnityEngine.Logger:LogException(Exception, Object)
UnityEngine.Debug:LogException(Exception)
Sirenix.OdinInspector.Editor.Validation.SceneReference:TryOpenScene(OpenSceneMode, Scene&) (at C:\Sirenix\Sirenix Solution\Sirenix.OdinInspector.Editor\Validation\Validators\SceneReference.cs:119)
Sirenix.OdinValidator.Editor.<ValidateCurrentWorkQueueEnumerator>d__59:MoveNext() (at C:\Sirenix\Sirenix Solution\Sirenix.OdinValidator.Editor\Core\ValidationSession.cs:557)
Sirenix.OdinValidator.Editor.<ValidateEverythingEnumeratorBatched>d__54:MoveNext() (at C:\Sirenix\Sirenix Solution\Sirenix.OdinValidator.Editor\Core\ValidationSession.cs:376)
Sirenix.OdinValidator.Editor.AutomationConfig:RunValidationScan(String, ValidationSetup, Boolean, Action, Boolean, Boolean, Boolean, Boolean, Boolean, Boolean, Boolean, Boolean) (at C:\Sirenix\Sirenix Solution\Sirenix.OdinValidator.Editor\Config\AutomationConfig.cs:305)
Sirenix.OdinValidator.Editor.AutomationConfig:ActuallyInitHooks() (at C:\Sirenix\Sirenix Solution\Sirenix.OdinValidator.Editor\Config\AutomationConfig.cs:186)
Sirenix.OdinValidator.Editor.AutomationConfig:InitHooks() (at C:\Sirenix\Sirenix Solution\Sirenix.OdinValidator.Editor\Config\AutomationConfig.cs:170)
System.Reflection.RuntimeMethodInfo:InternalInvoke(RuntimeMethodInfo, Object, Object[], Exception&)
System.Reflection.RuntimeMethodInfo:Invoke(Object, BindingFlags, Binder, Object[], CultureInfo)
System.Reflection.MethodBase:Invoke(Object, Object[])
UnityEditor.EditorAssemblies:ProcessInitializeOnLoadMethodAttributes()

(Filename: C:/Sirenix/Sirenix Solution/Sirenix.OdinInspector.Editor/Validation/Validators/SceneReference.cs Line: 119)

InvalidOperationException: Calling OpenScene Raisefrom assembly reloading callbacks are not supported.
  at (wrapper managed-to-native) UnityEditor.SceneManagement.EditorSceneManager.OpenScene_Injected(string,UnityEditor.SceneManagement.OpenSceneMode,UnityEngine.SceneManagement.Scene&)
  at UnityEditor.SceneManagement.EditorSceneManager.OpenScene (System.String scenePath, UnityEditor.SceneManagement.OpenSceneMode mode) [0x00000] in <63965ae56af7489797f355b7c1211ab2>:0 
  at Sirenix.OdinInspector.Editor.Validation.SceneReference.TryOpenScene (UnityEditor.SceneManagement.OpenSceneMode mode, UnityEngine.SceneManagement.Scene& scene) [0x00017] in C:\Sirenix\Sirenix Solution\Sirenix.OdinInspector.Editor\Validation\Validators\SceneReference.cs:114 
UnityEngine.DebugLogHandler:Internal_LogException(Exception, Object)
UnityEngine.DebugLogHandler:LogException(Exception, Object)
UnityEngine.Logger:LogException(Exception, Object)
UnityEngine.Debug:LogException(Exception)
Sirenix.OdinInspector.Editor.Validation.SceneReference:TryOpenScene(OpenSceneMode, Scene&) (at C:\Sirenix\Sirenix Solution\Sirenix.OdinInspector.Editor\Validation\Validators\SceneReference.cs:119)
Sirenix.OdinValidator.Editor.<ValidateCurrentWorkQueueEnumerator>d__59:MoveNext() (at C:\Sirenix\Sirenix Solution\Sirenix.OdinValidator.Editor\Core\ValidationSession.cs:557)
Sirenix.OdinValidator.Editor.<ValidateEverythingEnumeratorBatched>d__54:MoveNext() (at C:\Sirenix\Sirenix Solution\Sirenix.OdinValidator.Editor\Core\ValidationSession.cs:376)
Sirenix.OdinValidator.Editor.AutomationConfig:RunValidationScan(String, ValidationSetup, Boolean, Action, Boolean, Boolean, Boolean, Boolean, Boolean, Boolean, Boolean, Boolean) (at C:\Sirenix\Sirenix Solution\Sirenix.OdinValidator.Editor\Config\AutomationConfig.cs:305)
Sirenix.OdinValidator.Editor.AutomationConfig:ActuallyInitHooks() (at C:\Sirenix\Sirenix Solution\Sirenix.OdinValidator.Editor\Config\AutomationConfig.cs:186)
Sirenix.OdinValidator.Editor.AutomationConfig:InitHooks() (at C:\Sirenix\Sirenix Solution\Sirenix.OdinValidator.Editor\Config\AutomationConfig.cs:170)
System.Reflection.RuntimeMethodInfo:InternalInvoke(RuntimeMethodInfo, Object, Object[], Exception&)
System.Reflection.RuntimeMethodInfo:Invoke(Object, BindingFlags, Binder, Object[], CultureInfo)
System.Reflection.MethodBase:Invoke(Object, Object[])
UnityEditor.EditorAssemblies:ProcessInitializeOnLoadMethodAttributes()

(Filename: C:/Sirenix/Sirenix Solution/Sirenix.OdinInspector.Editor/Validation/Validators/SceneReference.cs Line: 119)

InvalidOperationException: Calling OpenScene Raisefrom assembly reloading callbacks are not supported.
  at (wrapper managed-to-native) UnityEditor.SceneManagement.EditorSceneManager.OpenScene_Injected(string,UnityEditor.SceneManagement.OpenSceneMode,UnityEngine.SceneManagement.Scene&)
  at UnityEditor.SceneManagement.EditorSceneManager.OpenScene (System.String scenePath, UnityEditor.SceneManagement.OpenSceneMode mode) [0x00000] in <63965ae56af7489797f355b7c1211ab2>:0 
  at Sirenix.OdinInspector.Editor.Validation.SceneReference.TryOpenScene (UnityEditor.SceneManagement.OpenSceneMode mode, UnityEngine.SceneManagement.Scene& scene) [0x00017] in C:\Sirenix\Sirenix Solution\Sirenix.OdinInspector.Editor\Validation\Validators\SceneReference.cs:114 
UnityEngine.DebugLogHandler:Internal_LogException(Exception, Object)
UnityEngine.DebugLogHandler:LogException(Exception, Object)
UnityEngine.Logger:LogException(Exception, Object)
UnityEngine.Debug:LogException(Exception)
Sirenix.OdinInspector.Editor.Validation.SceneReference:TryOpenScene(OpenSceneMode, Scene&) (at C:\Sirenix\Sirenix Solution\Sirenix.OdinInspector.Editor\Validation\Validators\SceneReference.cs:119)
Sirenix.OdinValidator.Editor.<ValidateCurrentWorkQueueEnumerator>d__59:MoveNext() (at C:\Sirenix\Sirenix Solution\Sirenix.OdinValidator.Editor\Core\ValidationSession.cs:557)
Sirenix.OdinValidator.Editor.<ValidateEverythingEnumeratorBatched>d__54:MoveNext() (at C:\Sirenix\Sirenix Solution\Sirenix.OdinValidator.Editor\Core\ValidationSession.cs:376)
Sirenix.OdinValidator.Editor.AutomationConfig:RunValidationScan(String, ValidationSetup, Boolean, Action, Boolean, Boolean, Boolean, Boolean, Boolean, Boolean, Boolean, Boolean) (at C:\Sirenix\Sirenix Solution\Sirenix.OdinValidator.Editor\Config\AutomationConfig.cs:305)
Sirenix.OdinValidator.Editor.AutomationConfig:ActuallyInitHooks() (at C:\Sirenix\Sirenix Solution\Sirenix.OdinValidator.Editor\Config\AutomationConfig.cs:186)
Sirenix.OdinValidator.Editor.AutomationConfig:InitHooks() (at C:\Sirenix\Sirenix Solution\Sirenix.OdinValidator.Editor\Config\AutomationConfig.cs:170)
System.Reflection.RuntimeMethodInfo:InternalInvoke(RuntimeMethodInfo, Object, Object[], Exception&)
System.Reflection.RuntimeMethodInfo:Invoke(Object, BindingFlags, Binder, Object[], CultureInfo)
System.Reflection.MethodBase:Invoke(Object, Object[])
UnityEditor.EditorAssemblies:ProcessInitializeOnLoadMethodAttributes()

(Filename: C:/Sirenix/Sirenix Solution/Sirenix.OdinInspector.Editor/Validation/Validators/SceneReference.cs Line: 119)

InvalidOperationException: Calling OpenScene Raisefrom assembly reloading callbacks are not supported.
  at (wrapper managed-to-native) UnityEditor.SceneManagement.EditorSceneManager.OpenScene_Injected(string,UnityEditor.SceneManagement.OpenSceneMode,UnityEngine.SceneManagement.Scene&)
  at UnityEditor.SceneManagement.EditorSceneManager.OpenScene (System.String scenePath, UnityEditor.SceneManagement.OpenSceneMode mode) [0x00000] in <63965ae56af7489797f355b7c1211ab2>:0 
  at Sirenix.OdinInspector.Editor.Validation.SceneReference.TryOpenScene (UnityEditor.SceneManagement.OpenSceneMode mode, UnityEngine.SceneManagement.Scene& scene) [0x00017] in C:\Sirenix\Sirenix Solution\Sirenix.OdinInspector.Editor\Validation\Validators\SceneReference.cs:114 
UnityEngine.DebugLogHandler:Internal_LogException(Exception, Object)
UnityEngine.DebugLogHandler:LogException(Exception, Object)
UnityEngine.Logger:LogException(Exception, Object)
UnityEngine.Debug:LogException(Exception)
Sirenix.OdinInspector.Editor.Validation.SceneReference:TryOpenScene(OpenSceneMode, Scene&) (at C:\Sirenix\Sirenix Solution\Sirenix.OdinInspector.Editor\Validation\Validators\SceneReference.cs:119)
Sirenix.OdinValidator.Editor.<ValidateCurrentWorkQueueEnumerator>d__59:MoveNext() (at C:\Sirenix\Sirenix Solution\Sirenix.OdinValidator.Editor\Core\ValidationSession.cs:557)
Sirenix.OdinValidator.Editor.<ValidateEverythingEnumeratorBatched>d__54:MoveNext() (at C:\Sirenix\Sirenix Solution\Sirenix.OdinValidator.Editor\Core\ValidationSession.cs:376)
Sirenix.OdinValidator.Editor.AutomationConfig:RunValidationScan(String, ValidationSetup, Boolean, Action, Boolean, Boolean, Boolean, Boolean, Boolean, Boolean, Boolean, Boolean) (at C:\Sirenix\Sirenix Solution\Sirenix.OdinValidator.Editor\Config\AutomationConfig.cs:305)
Sirenix.OdinValidator.Editor.AutomationConfig:ActuallyInitHooks() (at C:\Sirenix\Sirenix Solution\Sirenix.OdinValidator.Editor\Config\AutomationConfig.cs:186)
Sirenix.OdinValidator.Editor.AutomationConfig:InitHooks() (at C:\Sirenix\Sirenix Solution\Sirenix.OdinValidator.Editor\Config\AutomationConfig.cs:170)
System.Reflection.RuntimeMethodInfo:InternalInvoke(RuntimeMethodInfo, Object, Object[], Exception&)
System.Reflection.RuntimeMethodInfo:Invoke(Object, BindingFlags, Binder, Object[], CultureInfo)
System.Reflection.MethodBase:Invoke(Object, Object[])
UnityEditor.EditorAssemblies:ProcessInitializeOnLoadMethodAttributes()

(Filename: C:/Sirenix/Sirenix Solution/Sirenix.OdinInspector.Editor/Validation/Validators/SceneReference.cs Line: 119)

InvalidOperationException: Calling OpenScene Raisefrom assembly reloading callbacks are not supported.
  at (wrapper managed-to-native) UnityEditor.SceneManagement.EditorSceneManager.OpenScene_Injected(string,UnityEditor.SceneManagement.OpenSceneMode,UnityEngine.SceneManagement.Scene&)
  at UnityEditor.SceneManagement.EditorSceneManager.OpenScene (System.String scenePath, UnityEditor.SceneManagement.OpenSceneMode mode) [0x00000] in <63965ae56af7489797f355b7c1211ab2>:0 
  at Sirenix.OdinInspector.Editor.Validation.SceneReference.TryOpenScene (UnityEditor.SceneManagement.OpenSceneMode mode, UnityEngine.SceneManagement.Scene& scene) [0x00017] in C:\Sirenix\Sirenix Solution\Sirenix.OdinInspector.Editor\Validation\Validators\SceneReference.cs:114 
UnityEngine.DebugLogHandler:Internal_LogException(Exception, Object)
UnityEngine.DebugLogHandler:LogException(Exception, Object)
UnityEngine.Logger:LogException(Exception, Object)
UnityEngine.Debug:LogException(Exception)
Sirenix.OdinInspector.Editor.Validation.SceneReference:TryOpenScene(OpenSceneMode, Scene&) (at C:\Sirenix\Sirenix Solution\Sirenix.OdinInspector.Editor\Validation\Validators\SceneReference.cs:119)
Sirenix.OdinValidator.Editor.<ValidateCurrentWorkQueueEnumerator>d__59:MoveNext() (at C:\Sirenix\Sirenix Solution\Sirenix.OdinValidator.Editor\Core\ValidationSession.cs:557)
Sirenix.OdinValidator.Editor.<ValidateEverythingEnumeratorBatched>d__54:MoveNext() (at C:\Sirenix\Sirenix Solution\Sirenix.OdinValidator.Editor\Core\ValidationSession.cs:376)
Sirenix.OdinValidator.Editor.AutomationConfig:RunValidationScan(String, ValidationSetup, Boolean, Action, Boolean, Boolean, Boolean, Boolean, Boolean, Boolean, Boolean, Boolean) (at C:\Sirenix\Sirenix Solution\Sirenix.OdinValidator.Editor\Config\AutomationConfig.cs:305)
Sirenix.OdinValidator.Editor.AutomationConfig:ActuallyInitHooks() (at C:\Sirenix\Sirenix Solution\Sirenix.OdinValidator.Editor\Config\AutomationConfig.cs:186)
Sirenix.OdinValidator.Editor.AutomationConfig:InitHooks() (at C:\Sirenix\Sirenix Solution\Sirenix.OdinValidator.Editor\Config\AutomationConfig.cs:170)
System.Reflection.RuntimeMethodInfo:InternalInvoke(RuntimeMethodInfo, Object, Object[], Exception&)
System.Reflection.RuntimeMethodInfo:Invoke(Object, BindingFlags, Binder, Object[], CultureInfo)
System.Reflection.MethodBase:Invoke(Object, Object[])
UnityEditor.EditorAssemblies:ProcessInitializeOnLoadMethodAttributes()

(Filename: C:/Sirenix/Sirenix Solution/Sirenix.OdinInspector.Editor/Validation/Validators/SceneReference.cs Line: 119)

InvalidOperationException: Calling OpenScene Raisefrom assembly reloading callbacks are not supported.
  at (wrapper managed-to-native) UnityEditor.SceneManagement.EditorSceneManager.OpenScene_Injected(string,UnityEditor.SceneManagement.OpenSceneMode,UnityEngine.SceneManagement.Scene&)
  at UnityEditor.SceneManagement.EditorSceneManager.OpenScene (System.String scenePath, UnityEditor.SceneManagement.OpenSceneMode mode) [0x00000] in <63965ae56af7489797f355b7c1211ab2>:0 
  at Sirenix.OdinInspector.Editor.Validation.SceneReference.TryOpenScene (UnityEditor.SceneManagement.OpenSceneMode mode, UnityEngine.SceneManagement.Scene& scene) [0x00017] in C:\Sirenix\Sirenix Solution\Sirenix.OdinInspector.Editor\Validation\Validators\SceneReference.cs:114 
UnityEngine.DebugLogHandler:Internal_LogException(Exception, Object)
UnityEngine.DebugLogHandler:LogException(Exception, Object)
UnityEngine.Logger:LogException(Exception, Object)
UnityEngine.Debug:LogException(Exception)
Sirenix.OdinInspector.Editor.Validation.SceneReference:TryOpenScene(OpenSceneMode, Scene&) (at C:\Sirenix\Sirenix Solution\Sirenix.OdinInspector.Editor\Validation\Validators\SceneReference.cs:119)
Sirenix.OdinValidator.Editor.<ValidateCurrentWorkQueueEnumerator>d__59:MoveNext() (at C:\Sirenix\Sirenix Solution\Sirenix.OdinValidator.Editor\Core\ValidationSession.cs:557)
Sirenix.OdinValidator.Editor.<ValidateEverythingEnumeratorBatched>d__54:MoveNext() (at C:\Sirenix\Sirenix Solution\Sirenix.OdinValidator.Editor\Core\ValidationSession.cs:376)
Sirenix.OdinValidator.Editor.AutomationConfig:RunValidationScan(String, ValidationSetup, Boolean, Action, Boolean, Boolean, Boolean, Boolean, Boolean, Boolean, Boolean, Boolean) (at C:\Sirenix\Sirenix Solution\Sirenix.OdinValidator.Editor\Config\AutomationConfig.cs:305)
Sirenix.OdinValidator.Editor.AutomationConfig:ActuallyInitHooks() (at C:\Sirenix\Sirenix Solution\Sirenix.OdinValidator.Editor\Config\AutomationConfig.cs:186)
Sirenix.OdinValidator.Editor.AutomationConfig:InitHooks() (at C:\Sirenix\Sirenix Solution\Sirenix.OdinValidator.Editor\Config\AutomationConfig.cs:170)
System.Reflection.RuntimeMethodInfo:InternalInvoke(RuntimeMethodInfo, Object, Object[], Exception&)
System.Reflection.RuntimeMethodInfo:Invoke(Object, BindingFlags, Binder, Object[], CultureInfo)
System.Reflection.MethodBase:Invoke(Object, Object[])
UnityEditor.EditorAssemblies:ProcessInitializeOnLoadMethodAttributes()

(Filename: C:/Sirenix/Sirenix Solution/Sirenix.OdinInspector.Editor/Validation/Validators/SceneReference.cs Line: 119)

InvalidOperationException: Calling OpenScene Raisefrom assembly reloading callbacks are not supported.
  at (wrapper managed-to-native) UnityEditor.SceneManagement.EditorSceneManager.OpenScene_Injected(string,UnityEditor.SceneManagement.OpenSceneMode,UnityEngine.SceneManagement.Scene&)
  at UnityEditor.SceneManagement.EditorSceneManager.OpenScene (System.String scenePath, UnityEditor.SceneManagement.OpenSceneMode mode) [0x00000] in <63965ae56af7489797f355b7c1211ab2>:0 
  at Sirenix.OdinInspector.Editor.Validation.SceneReference.TryOpenScene (UnityEditor.SceneManagement.OpenSceneMode mode, UnityEngine.SceneManagement.Scene& scene) [0x00017] in C:\Sirenix\Sirenix Solution\Sirenix.OdinInspector.Editor\Validation\Validators\SceneReference.cs:114 
UnityEngine.DebugLogHandler:Internal_LogException(Exception, Object)
UnityEngine.DebugLogHandler:LogException(Exception, Object)
UnityEngine.Logger:LogException(Exception, Object)
UnityEngine.Debug:LogException(Exception)
Sirenix.OdinInspector.Editor.Validation.SceneReference:TryOpenScene(OpenSceneMode, Scene&) (at C:\Sirenix\Sirenix Solution\Sirenix.OdinInspector.Editor\Validation\Validators\SceneReference.cs:119)
Sirenix.OdinValidator.Editor.<ValidateCurrentWorkQueueEnumerator>d__59:MoveNext() (at C:\Sirenix\Sirenix Solution\Sirenix.OdinValidator.Editor\Core\ValidationSession.cs:557)
Sirenix.OdinValidator.Editor.<ValidateEverythingEnumeratorBatched>d__54:MoveNext() (at C:\Sirenix\Sirenix Solution\Sirenix.OdinValidator.Editor\Core\ValidationSession.cs:376)
Sirenix.OdinValidator.Editor.AutomationConfig:RunValidationScan(String, ValidationSetup, Boolean, Action, Boolean, Boolean, Boolean, Boolean, Boolean, Boolean, Boolean, Boolean) (at C:\Sirenix\Sirenix Solution\Sirenix.OdinValidator.Editor\Config\AutomationConfig.cs:305)
Sirenix.OdinValidator.Editor.AutomationConfig:ActuallyInitHooks() (at C:\Sirenix\Sirenix Solution\Sirenix.OdinValidator.Editor\Config\AutomationConfig.cs:186)
Sirenix.OdinValidator.Editor.AutomationConfig:InitHooks() (at C:\Sirenix\Sirenix Solution\Sirenix.OdinValidator.Editor\Config\AutomationConfig.cs:170)
System.Reflection.RuntimeMethodInfo:InternalInvoke(RuntimeMethodInfo, Object, Object[], Exception&)
System.Reflection.RuntimeMethodInfo:Invoke(Object, BindingFlags, Binder, Object[], CultureInfo)
System.Reflection.MethodBase:Invoke(Object, Object[])
UnityEditor.EditorAssemblies:ProcessInitializeOnLoadMethodAttributes()

(Filename: C:/Sirenix/Sirenix Solution/Sirenix.OdinInspector.Editor/Validation/Validators/SceneReference.cs Line: 119)

InvalidOperationException: Calling OpenScene Raisefrom assembly reloading callbacks are not supported.
  at (wrapper managed-to-native) UnityEditor.SceneManagement.EditorSceneManager.OpenScene_Injected(string,UnityEditor.SceneManagement.OpenSceneMode,UnityEngine.SceneManagement.Scene&)
  at UnityEditor.SceneManagement.EditorSceneManager.OpenScene (System.String scenePath, UnityEditor.SceneManagement.OpenSceneMode mode) [0x00000] in <63965ae56af7489797f355b7c1211ab2>:0 
  at Sirenix.OdinInspector.Editor.Validation.SceneReference.TryOpenScene (UnityEditor.SceneManagement.OpenSceneMode mode, UnityEngine.SceneManagement.Scene& scene) [0x00017] in C:\Sirenix\Sirenix Solution\Sirenix.OdinInspector.Editor\Validation\Validators\SceneReference.cs:114 
UnityEngine.DebugLogHandler:Internal_LogException(Exception, Object)
UnityEngine.DebugLogHandler:LogException(Exception, Object)
UnityEngine.Logger:LogException(Exception, Object)
UnityEngine.Debug:LogException(Exception)
Sirenix.OdinInspector.Editor.Validation.SceneReference:TryOpenScene(OpenSceneMode, Scene&) (at C:\Sirenix\Sirenix Solution\Sirenix.OdinInspector.Editor\Validation\Validators\SceneReference.cs:119)
Sirenix.OdinValidator.Editor.<ValidateCurrentWorkQueueEnumerator>d__59:MoveNext() (at C:\Sirenix\Sirenix Solution\Sirenix.OdinValidator.Editor\Core\ValidationSession.cs:557)
Sirenix.OdinValidator.Editor.<ValidateEverythingEnumeratorBatched>d__54:MoveNext() (at C:\Sirenix\Sirenix Solution\Sirenix.OdinValidator.Editor\Core\ValidationSession.cs:376)
Sirenix.OdinValidator.Editor.AutomationConfig:RunValidationScan(String, ValidationSetup, Boolean, Action, Boolean, Boolean, Boolean, Boolean, Boolean, Boolean, Boolean, Boolean) (at C:\Sirenix\Sirenix Solution\Sirenix.OdinValidator.Editor\Config\AutomationConfig.cs:305)
Sirenix.OdinValidator.Editor.AutomationConfig:ActuallyInitHooks() (at C:\Sirenix\Sirenix Solution\Sirenix.OdinValidator.Editor\Config\AutomationConfig.cs:186)
Sirenix.OdinValidator.Editor.AutomationConfig:InitHooks() (at C:\Sirenix\Sirenix Solution\Sirenix.OdinValidator.Editor\Config\AutomationConfig.cs:170)
System.Reflection.RuntimeMethodInfo:InternalInvoke(RuntimeMethodInfo, Object, Object[], Exception&)
System.Reflection.RuntimeMethodInfo:Invoke(Object, BindingFlags, Binder, Object[], CultureInfo)
System.Reflection.MethodBase:Invoke(Object, Object[])
UnityEditor.EditorAssemblies:ProcessInitializeOnLoadMethodAttributes()

(Filename: C:/Sirenix/Sirenix Solution/Sirenix.OdinInspector.Editor/Validation/Validators/SceneReference.cs Line: 119)

InvalidOperationException: Calling OpenScene Raisefrom assembly reloading callbacks are not supported.
  at (wrapper managed-to-native) UnityEditor.SceneManagement.EditorSceneManager.OpenScene_Injected(string,UnityEditor.SceneManagement.OpenSceneMode,UnityEngine.SceneManagement.Scene&)
  at UnityEditor.SceneManagement.EditorSceneManager.OpenScene (System.String scenePath, UnityEditor.SceneManagement.OpenSceneMode mode) [0x00000] in <63965ae56af7489797f355b7c1211ab2>:0 
  at Sirenix.OdinInspector.Editor.Validation.SceneReference.TryOpenScene (UnityEditor.SceneManagement.OpenSceneMode mode, UnityEngine.SceneManagement.Scene& scene) [0x00017] in C:\Sirenix\Sirenix Solution\Sirenix.OdinInspector.Editor\Validation\Validators\SceneReference.cs:114 
UnityEngine.DebugLogHandler:Internal_LogException(Exception, Object)
UnityEngine.DebugLogHandler:LogException(Exception, Object)
UnityEngine.Logger:LogException(Exception, Object)
UnityEngine.Debug:LogException(Exception)
Sirenix.OdinInspector.Editor.Validation.SceneReference:TryOpenScene(OpenSceneMode, Scene&) (at C:\Sirenix\Sirenix Solution\Sirenix.OdinInspector.Editor\Validation\Validators\SceneReference.cs:119)
Sirenix.OdinValidator.Editor.<ValidateCurrentWorkQueueEnumerator>d__59:MoveNext() (at C:\Sirenix\Sirenix Solution\Sirenix.OdinValidator.Editor\Core\ValidationSession.cs:557)
Sirenix.OdinValidator.Editor.<ValidateEverythingEnumeratorBatched>d__54:MoveNext() (at C:\Sirenix\Sirenix Solution\Sirenix.OdinValidator.Editor\Core\ValidationSession.cs:376)
Sirenix.OdinValidator.Editor.AutomationConfig:RunValidationScan(String, ValidationSetup, Boolean, Action, Boolean, Boolean, Boolean, Boolean, Boolean, Boolean, Boolean, Boolean) (at C:\Sirenix\Sirenix Solution\Sirenix.OdinValidator.Editor\Config\AutomationConfig.cs:305)
Sirenix.OdinValidator.Editor.AutomationConfig:ActuallyInitHooks() (at C:\Sirenix\Sirenix Solution\Sirenix.OdinValidator.Editor\Config\AutomationConfig.cs:186)
Sirenix.OdinValidator.Editor.AutomationConfig:InitHooks() (at C:\Sirenix\Sirenix Solution\Sirenix.OdinValidator.Editor\Config\AutomationConfig.cs:170)
System.Reflection.RuntimeMethodInfo:InternalInvoke(RuntimeMethodInfo, Object, Object[], Exception&)
System.Reflection.RuntimeMethodInfo:Invoke(Object, BindingFlags, Binder, Object[], CultureInfo)
System.Reflection.MethodBase:Invoke(Object, Object[])
UnityEditor.EditorAssemblies:ProcessInitializeOnLoadMethodAttributes()

(Filename: C:/Sirenix/Sirenix Solution/Sirenix.OdinInspector.Editor/Validation/Validators/SceneReference.cs Line: 119)

InvalidOperationException: Calling OpenScene Raisefrom assembly reloading callbacks are not supported.
  at (wrapper managed-to-native) UnityEditor.SceneManagement.EditorSceneManager.OpenScene_Injected(string,UnityEditor.SceneManagement.OpenSceneMode,UnityEngine.SceneManagement.Scene&)
  at UnityEditor.SceneManagement.EditorSceneManager.OpenScene (System.String scenePath, UnityEditor.SceneManagement.OpenSceneMode mode) [0x00000] in <63965ae56af7489797f355b7c1211ab2>:0 
  at Sirenix.OdinInspector.Editor.Validation.SceneReference.TryOpenScene (UnityEditor.SceneManagement.OpenSceneMode mode, UnityEngine.SceneManagement.Scene& scene) [0x00017] in C:\Sirenix\Sirenix Solution\Sirenix.OdinInspector.Editor\Validation\Validators\SceneReference.cs:114 
UnityEngine.DebugLogHandler:Internal_LogException(Exception, Object)
UnityEngine.DebugLogHandler:LogException(Exception, Object)
UnityEngine.Logger:LogException(Exception, Object)
UnityEngine.Debug:LogException(Exception)
Sirenix.OdinInspector.Editor.Validation.SceneReference:TryOpenScene(OpenSceneMode, Scene&) (at C:\Sirenix\Sirenix Solution\Sirenix.OdinInspector.Editor\Validation\Validators\SceneReference.cs:119)
Sirenix.OdinValidator.Editor.<ValidateCurrentWorkQueueEnumerator>d__59:MoveNext() (at C:\Sirenix\Sirenix Solution\Sirenix.OdinValidator.Editor\Core\ValidationSession.cs:557)
Sirenix.OdinValidator.Editor.<ValidateEverythingEnumeratorBatched>d__54:MoveNext() (at C:\Sirenix\Sirenix Solution\Sirenix.OdinValidator.Editor\Core\ValidationSession.cs:376)
Sirenix.OdinValidator.Editor.AutomationConfig:RunValidationScan(String, ValidationSetup, Boolean, Action, Boolean, Boolean, Boolean, Boolean, Boolean, Boolean, Boolean, Boolean) (at C:\Sirenix\Sirenix Solution\Sirenix.OdinValidator.Editor\Config\AutomationConfig.cs:305)
Sirenix.OdinValidator.Editor.AutomationConfig:ActuallyInitHooks() (at C:\Sirenix\Sirenix Solution\Sirenix.OdinValidator.Editor\Config\AutomationConfig.cs:186)
Sirenix.OdinValidator.Editor.AutomationConfig:InitHooks() (at C:\Sirenix\Sirenix Solution\Sirenix.OdinValidator.Editor\Config\AutomationConfig.cs:170)
System.Reflection.RuntimeMethodInfo:InternalInvoke(RuntimeMethodInfo, Object, Object[], Exception&)
System.Reflection.RuntimeMethodInfo:Invoke(Object, BindingFlags, Binder, Object[], CultureInfo)
System.Reflection.MethodBase:Invoke(Object, Object[])
UnityEditor.EditorAssemblies:ProcessInitializeOnLoadMethodAttributes()

(Filename: C:/Sirenix/Sirenix Solution/Sirenix.OdinInspector.Editor/Validation/Validators/SceneReference.cs Line: 119)

InvalidOperationException: Calling OpenScene Raisefrom assembly reloading callbacks are not supported.
  at (wrapper managed-to-native) UnityEditor.SceneManagement.EditorSceneManager.OpenScene_Injected(string,UnityEditor.SceneManagement.OpenSceneMode,UnityEngine.SceneManagement.Scene&)
  at UnityEditor.SceneManagement.EditorSceneManager.OpenScene (System.String scenePath, UnityEditor.SceneManagement.OpenSceneMode mode) [0x00000] in <63965ae56af7489797f355b7c1211ab2>:0 
  at Sirenix.OdinInspector.Editor.Validation.SceneReference.TryOpenScene (UnityEditor.SceneManagement.OpenSceneMode mode, UnityEngine.SceneManagement.Scene& scene) [0x00017] in C:\Sirenix\Sirenix Solution\Sirenix.OdinInspector.Editor\Validation\Validators\SceneReference.cs:114 
UnityEngine.DebugLogHandler:Internal_LogException(Exception, Object)
UnityEngine.DebugLogHandler:LogException(Exception, Object)
UnityEngine.Logger:LogException(Exception, Object)
UnityEngine.Debug:LogException(Exception)
Sirenix.OdinInspector.Editor.Validation.SceneReference:TryOpenScene(OpenSceneMode, Scene&) (at C:\Sirenix\Sirenix Solution\Sirenix.OdinInspector.Editor\Validation\Validators\SceneReference.cs:119)
Sirenix.OdinValidator.Editor.<ValidateCurrentWorkQueueEnumerator>d__59:MoveNext() (at C:\Sirenix\Sirenix Solution\Sirenix.OdinValidator.Editor\Core\ValidationSession.cs:557)
Sirenix.OdinValidator.Editor.<ValidateEverythingEnumeratorBatched>d__54:MoveNext() (at C:\Sirenix\Sirenix Solution\Sirenix.OdinValidator.Editor\Core\ValidationSession.cs:376)
Sirenix.OdinValidator.Editor.AutomationConfig:RunValidationScan(String, ValidationSetup, Boolean, Action, Boolean, Boolean, Boolean, Boolean, Boolean, Boolean, Boolean, Boolean) (at C:\Sirenix\Sirenix Solution\Sirenix.OdinValidator.Editor\Config\AutomationConfig.cs:305)
Sirenix.OdinValidator.Editor.AutomationConfig:ActuallyInitHooks() (at C:\Sirenix\Sirenix Solution\Sirenix.OdinValidator.Editor\Config\AutomationConfig.cs:186)
Sirenix.OdinValidator.Editor.AutomationConfig:InitHooks() (at C:\Sirenix\Sirenix Solution\Sirenix.OdinValidator.Editor\Config\AutomationConfig.cs:170)
System.Reflection.RuntimeMethodInfo:InternalInvoke(RuntimeMethodInfo, Object, Object[], Exception&)
System.Reflection.RuntimeMethodInfo:Invoke(Object, BindingFlags, Binder, Object[], CultureInfo)
System.Reflection.MethodBase:Invoke(Object, Object[])
UnityEditor.EditorAssemblies:ProcessInitializeOnLoadMethodAttributes()

(Filename: C:/Sirenix/Sirenix Solution/Sirenix.OdinInspector.Editor/Validation/Validators/SceneReference.cs Line: 119)

InvalidOperationException: Calling OpenScene Raisefrom assembly reloading callbacks are not supported.
  at (wrapper managed-to-native) UnityEditor.SceneManagement.EditorSceneManager.OpenScene_Injected(string,UnityEditor.SceneManagement.OpenSceneMode,UnityEngine.SceneManagement.Scene&)
  at UnityEditor.SceneManagement.EditorSceneManager.OpenScene (System.String scenePath, UnityEditor.SceneManagement.OpenSceneMode mode) [0x00000] in <63965ae56af7489797f355b7c1211ab2>:0 
  at Sirenix.OdinInspector.Editor.Validation.SceneReference.TryOpenScene (UnityEditor.SceneManagement.OpenSceneMode mode, UnityEngine.SceneManagement.Scene& scene) [0x00017] in C:\Sirenix\Sirenix Solution\Sirenix.OdinInspector.Editor\Validation\Validators\SceneReference.cs:114 
UnityEngine.DebugLogHandler:Internal_LogException(Exception, Object)
UnityEngine.DebugLogHandler:LogException(Exception, Object)
UnityEngine.Logger:LogException(Exception, Object)
UnityEngine.Debug:LogException(Exception)
Sirenix.OdinInspector.Editor.Validation.SceneReference:TryOpenScene(OpenSceneMode, Scene&) (at C:\Sirenix\Sirenix Solution\Sirenix.OdinInspector.Editor\Validation\Validators\SceneReference.cs:119)
Sirenix.OdinValidator.Editor.<ValidateCurrentWorkQueueEnumerator>d__59:MoveNext() (at C:\Sirenix\Sirenix Solution\Sirenix.OdinValidator.Editor\Core\ValidationSession.cs:557)
Sirenix.OdinValidator.Editor.<ValidateEverythingEnumeratorBatched>d__54:MoveNext() (at C:\Sirenix\Sirenix Solution\Sirenix.OdinValidator.Editor\Core\ValidationSession.cs:376)
Sirenix.OdinValidator.Editor.AutomationConfig:RunValidationScan(String, ValidationSetup, Boolean, Action, Boolean, Boolean, Boolean, Boolean, Boolean, Boolean, Boolean, Boolean) (at C:\Sirenix\Sirenix Solution\Sirenix.OdinValidator.Editor\Config\AutomationConfig.cs:305)
Sirenix.OdinValidator.Editor.AutomationConfig:ActuallyInitHooks() (at C:\Sirenix\Sirenix Solution\Sirenix.OdinValidator.Editor\Config\AutomationConfig.cs:186)
Sirenix.OdinValidator.Editor.AutomationConfig:InitHooks() (at C:\Sirenix\Sirenix Solution\Sirenix.OdinValidator.Editor\Config\AutomationConfig.cs:170)
System.Reflection.RuntimeMethodInfo:InternalInvoke(RuntimeMethodInfo, Object, Object[], Exception&)
System.Reflection.RuntimeMethodInfo:Invoke(Object, BindingFlags, Binder, Object[], CultureInfo)
System.Reflection.MethodBase:Invoke(Object, Object[])
UnityEditor.EditorAssemblies:ProcessInitializeOnLoadMethodAttributes()

(Filename: C:/Sirenix/Sirenix Solution/Sirenix.OdinInspector.Editor/Validation/Validators/SceneReference.cs Line: 119)

InvalidOperationException: Calling OpenScene Raisefrom assembly reloading callbacks are not supported.
  at (wrapper managed-to-native) UnityEditor.SceneManagement.EditorSceneManager.OpenScene_Injected(string,UnityEditor.SceneManagement.OpenSceneMode,UnityEngine.SceneManagement.Scene&)
  at UnityEditor.SceneManagement.EditorSceneManager.OpenScene (System.String scenePath, UnityEditor.SceneManagement.OpenSceneMode mode) [0x00000] in <63965ae56af7489797f355b7c1211ab2>:0 
  at Sirenix.OdinInspector.Editor.Validation.SceneReference.TryOpenScene (UnityEditor.SceneManagement.OpenSceneMode mode, UnityEngine.SceneManagement.Scene& scene) [0x00017] in C:\Sirenix\Sirenix Solution\Sirenix.OdinInspector.Editor\Validation\Validators\SceneReference.cs:114 
UnityEngine.DebugLogHandler:Internal_LogException(Exception, Object)
UnityEngine.DebugLogHandler:LogException(Exception, Object)
UnityEngine.Logger:LogException(Exception, Object)
UnityEngine.Debug:LogException(Exception)
Sirenix.OdinInspector.Editor.Validation.SceneReference:TryOpenScene(OpenSceneMode, Scene&) (at C:\Sirenix\Sirenix Solution\Sirenix.OdinInspector.Editor\Validation\Validators\SceneReference.cs:119)
Sirenix.OdinValidator.Editor.<ValidateCurrentWorkQueueEnumerator>d__59:MoveNext() (at C:\Sirenix\Sirenix Solution\Sirenix.OdinValidator.Editor\Core\ValidationSession.cs:557)
Sirenix.OdinValidator.Editor.<ValidateEverythingEnumeratorBatched>d__54:MoveNext() (at C:\Sirenix\Sirenix Solution\Sirenix.OdinValidator.Editor\Core\ValidationSession.cs:376)
Sirenix.OdinValidator.Editor.AutomationConfig:RunValidationScan(String, ValidationSetup, Boolean, Action, Boolean, Boolean, Boolean, Boolean, Boolean, Boolean, Boolean, Boolean) (at C:\Sirenix\Sirenix Solution\Sirenix.OdinValidator.Editor\Config\AutomationConfig.cs:305)
Sirenix.OdinValidator.Editor.AutomationConfig:ActuallyInitHooks() (at C:\Sirenix\Sirenix Solution\Sirenix.OdinValidator.Editor\Config\AutomationConfig.cs:186)
Sirenix.OdinValidator.Editor.AutomationConfig:InitHooks() (at C:\Sirenix\Sirenix Solution\Sirenix.OdinValidator.Editor\Config\AutomationConfig.cs:170)
System.Reflection.RuntimeMethodInfo:InternalInvoke(RuntimeMethodInfo, Object, Object[], Exception&)
System.Reflection.RuntimeMethodInfo:Invoke(Object, BindingFlags, Binder, Object[], CultureInfo)
System.Reflection.MethodBase:Invoke(Object, Object[])
UnityEditor.EditorAssemblies:ProcessInitializeOnLoadMethodAttributes()

(Filename: C:/Sirenix/Sirenix Solution/Sirenix.OdinInspector.Editor/Validation/Validators/SceneReference.cs Line: 119)

InvalidOperationException: Calling OpenScene Raisefrom assembly reloading callbacks are not supported.
  at (wrapper managed-to-native) UnityEditor.SceneManagement.EditorSceneManager.OpenScene_Injected(string,UnityEditor.SceneManagement.OpenSceneMode,UnityEngine.SceneManagement.Scene&)
  at UnityEditor.SceneManagement.EditorSceneManager.OpenScene (System.String scenePath, UnityEditor.SceneManagement.OpenSceneMode mode) [0x00000] in <63965ae56af7489797f355b7c1211ab2>:0 
  at Sirenix.OdinInspector.Editor.Validation.SceneReference.TryOpenScene (UnityEditor.SceneManagement.OpenSceneMode mode, UnityEngine.SceneManagement.Scene& scene) [0x00017] in C:\Sirenix\Sirenix Solution\Sirenix.OdinInspector.Editor\Validation\Validators\SceneReference.cs:114 
UnityEngine.DebugLogHandler:Internal_LogException(Exception, Object)
UnityEngine.DebugLogHandler:LogException(Exception, Object)
UnityEngine.Logger:LogException(Exception, Object)
UnityEngine.Debug:LogException(Exception)
Sirenix.OdinInspector.Editor.Validation.SceneReference:TryOpenScene(OpenSceneMode, Scene&) (at C:\Sirenix\Sirenix Solution\Sirenix.OdinInspector.Editor\Validation\Validators\SceneReference.cs:119)
Sirenix.OdinValidator.Editor.<ValidateCurrentWorkQueueEnumerator>d__59:MoveNext() (at C:\Sirenix\Sirenix Solution\Sirenix.OdinValidator.Editor\Core\ValidationSession.cs:557)
Sirenix.OdinValidator.Editor.<ValidateEverythingEnumeratorBatched>d__54:MoveNext() (at C:\Sirenix\Sirenix Solution\Sirenix.OdinValidator.Editor\Core\ValidationSession.cs:376)
Sirenix.OdinValidator.Editor.AutomationConfig:RunValidationScan(String, ValidationSetup, Boolean, Action, Boolean, Boolean, Boolean, Boolean, Boolean, Boolean, Boolean, Boolean) (at C:\Sirenix\Sirenix Solution\Sirenix.OdinValidator.Editor\Config\AutomationConfig.cs:305)
Sirenix.OdinValidator.Editor.AutomationConfig:ActuallyInitHooks() (at C:\Sirenix\Sirenix Solution\Sirenix.OdinValidator.Editor\Config\AutomationConfig.cs:186)
Sirenix.OdinValidator.Editor.AutomationConfig:InitHooks() (at C:\Sirenix\Sirenix Solution\Sirenix.OdinValidator.Editor\Config\AutomationConfig.cs:170)
System.Reflection.RuntimeMethodInfo:InternalInvoke(RuntimeMethodInfo, Object, Object[], Exception&)
System.Reflection.RuntimeMethodInfo:Invoke(Object, BindingFlags, Binder, Object[], CultureInfo)
System.Reflection.MethodBase:Invoke(Object, Object[])
UnityEditor.EditorAssemblies:ProcessInitializeOnLoadMethodAttributes()

(Filename: C:/Sirenix/Sirenix Solution/Sirenix.OdinInspector.Editor/Validation/Validators/SceneReference.cs Line: 119)

InvalidOperationException: Calling OpenScene Raisefrom assembly reloading callbacks are not supported.
  at (wrapper managed-to-native) UnityEditor.SceneManagement.EditorSceneManager.OpenScene_Injected(string,UnityEditor.SceneManagement.OpenSceneMode,UnityEngine.SceneManagement.Scene&)
  at UnityEditor.SceneManagement.EditorSceneManager.OpenScene (System.String scenePath, UnityEditor.SceneManagement.OpenSceneMode mode) [0x00000] in <63965ae56af7489797f355b7c1211ab2>:0 
  at Sirenix.OdinInspector.Editor.Validation.SceneReference.TryOpenScene (UnityEditor.SceneManagement.OpenSceneMode mode, UnityEngine.SceneManagement.Scene& scene) [0x00017] in C:\Sirenix\Sirenix Solution\Sirenix.OdinInspector.Editor\Validation\Validators\SceneReference.cs:114 
UnityEngine.DebugLogHandler:Internal_LogException(Exception, Object)
UnityEngine.DebugLogHandler:LogException(Exception, Object)
UnityEngine.Logger:LogException(Exception, Object)
UnityEngine.Debug:LogException(Exception)
Sirenix.OdinInspector.Editor.Validation.SceneReference:TryOpenScene(OpenSceneMode, Scene&) (at C:\Sirenix\Sirenix Solution\Sirenix.OdinInspector.Editor\Validation\Validators\SceneReference.cs:119)
Sirenix.OdinValidator.Editor.<ValidateCurrentWorkQueueEnumerator>d__59:MoveNext() (at C:\Sirenix\Sirenix Solution\Sirenix.OdinValidator.Editor\Core\ValidationSession.cs:557)
Sirenix.OdinValidator.Editor.<ValidateEverythingEnumeratorBatched>d__54:MoveNext() (at C:\Sirenix\Sirenix Solution\Sirenix.OdinValidator.Editor\Core\ValidationSession.cs:376)
Sirenix.OdinValidator.Editor.AutomationConfig:RunValidationScan(String, ValidationSetup, Boolean, Action, Boolean, Boolean, Boolean, Boolean, Boolean, Boolean, Boolean, Boolean) (at C:\Sirenix\Sirenix Solution\Sirenix.OdinValidator.Editor\Config\AutomationConfig.cs:305)
Sirenix.OdinValidator.Editor.AutomationConfig:ActuallyInitHooks() (at C:\Sirenix\Sirenix Solution\Sirenix.OdinValidator.Editor\Config\AutomationConfig.cs:186)
Sirenix.OdinValidator.Editor.AutomationConfig:InitHooks() (at C:\Sirenix\Sirenix Solution\Sirenix.OdinValidator.Editor\Config\AutomationConfig.cs:170)
System.Reflection.RuntimeMethodInfo:InternalInvoke(RuntimeMethodInfo, Object, Object[], Exception&)
System.Reflection.RuntimeMethodInfo:Invoke(Object, BindingFlags, Binder, Object[], CultureInfo)
System.Reflection.MethodBase:Invoke(Object, Object[])
UnityEditor.EditorAssemblies:ProcessInitializeOnLoadMethodAttributes()

(Filename: C:/Sirenix/Sirenix Solution/Sirenix.OdinInspector.Editor/Validation/Validators/SceneReference.cs Line: 119)

InvalidOperationException: Calling OpenScene Raisefrom assembly reloading callbacks are not supported.
  at (wrapper managed-to-native) UnityEditor.SceneManagement.EditorSceneManager.OpenScene_Injected(string,UnityEditor.SceneManagement.OpenSceneMode,UnityEngine.SceneManagement.Scene&)
  at UnityEditor.SceneManagement.EditorSceneManager.OpenScene (System.String scenePath, UnityEditor.SceneManagement.OpenSceneMode mode) [0x00000] in <63965ae56af7489797f355b7c1211ab2>:0 
  at Sirenix.OdinInspector.Editor.Validation.SceneReference.TryOpenScene (UnityEditor.SceneManagement.OpenSceneMode mode, UnityEngine.SceneManagement.Scene& scene) [0x00017] in C:\Sirenix\Sirenix Solution\Sirenix.OdinInspector.Editor\Validation\Validators\SceneReference.cs:114 
UnityEngine.DebugLogHandler:Internal_LogException(Exception, Object)
UnityEngine.DebugLogHandler:LogException(Exception, Object)
UnityEngine.Logger:LogException(Exception, Object)
UnityEngine.Debug:LogException(Exception)
Sirenix.OdinInspector.Editor.Validation.SceneReference:TryOpenScene(OpenSceneMode, Scene&) (at C:\Sirenix\Sirenix Solution\Sirenix.OdinInspector.Editor\Validation\Validators\SceneReference.cs:119)
Sirenix.OdinValidator.Editor.<ValidateCurrentWorkQueueEnumerator>d__59:MoveNext() (at C:\Sirenix\Sirenix Solution\Sirenix.OdinValidator.Editor\Core\ValidationSession.cs:557)
Sirenix.OdinValidator.Editor.<ValidateEverythingEnumeratorBatched>d__54:MoveNext() (at C:\Sirenix\Sirenix Solution\Sirenix.OdinValidator.Editor\Core\ValidationSession.cs:376)
Sirenix.OdinValidator.Editor.AutomationConfig:RunValidationScan(String, ValidationSetup, Boolean, Action, Boolean, Boolean, Boolean, Boolean, Boolean, Boolean, Boolean, Boolean) (at C:\Sirenix\Sirenix Solution\Sirenix.OdinValidator.Editor\Config\AutomationConfig.cs:305)
Sirenix.OdinValidator.Editor.AutomationConfig:ActuallyInitHooks() (at C:\Sirenix\Sirenix Solution\Sirenix.OdinValidator.Editor\Config\AutomationConfig.cs:186)
Sirenix.OdinValidator.Editor.AutomationConfig:InitHooks() (at C:\Sirenix\Sirenix Solution\Sirenix.OdinValidator.Editor\Config\AutomationConfig.cs:170)
System.Reflection.RuntimeMethodInfo:InternalInvoke(RuntimeMethodInfo, Object, Object[], Exception&)
System.Reflection.RuntimeMethodInfo:Invoke(Object, BindingFlags, Binder, Object[], CultureInfo)
System.Reflection.MethodBase:Invoke(Object, Object[])
UnityEditor.EditorAssemblies:ProcessInitializeOnLoadMethodAttributes()

(Filename: C:/Sirenix/Sirenix Solution/Sirenix.OdinInspector.Editor/Validation/Validators/SceneReference.cs Line: 119)

InvalidOperationException: Calling OpenScene Raisefrom assembly reloading callbacks are not supported.
  at (wrapper managed-to-native) UnityEditor.SceneManagement.EditorSceneManager.OpenScene_Injected(string,UnityEditor.SceneManagement.OpenSceneMode,UnityEngine.SceneManagement.Scene&)
  at UnityEditor.SceneManagement.EditorSceneManager.OpenScene (System.String scenePath, UnityEditor.SceneManagement.OpenSceneMode mode) [0x00000] in <63965ae56af7489797f355b7c1211ab2>:0 
  at Sirenix.OdinInspector.Editor.Validation.SceneReference.TryOpenScene (UnityEditor.SceneManagement.OpenSceneMode mode, UnityEngine.SceneManagement.Scene& scene) [0x00017] in C:\Sirenix\Sirenix Solution\Sirenix.OdinInspector.Editor\Validation\Validators\SceneReference.cs:114 
UnityEngine.DebugLogHandler:Internal_LogException(Exception, Object)
UnityEngine.DebugLogHandler:LogException(Exception, Object)
UnityEngine.Logger:LogException(Exception, Object)
UnityEngine.Debug:LogException(Exception)
Sirenix.OdinInspector.Editor.Validation.SceneReference:TryOpenScene(OpenSceneMode, Scene&) (at C:\Sirenix\Sirenix Solution\Sirenix.OdinInspector.Editor\Validation\Validators\SceneReference.cs:119)
Sirenix.OdinValidator.Editor.<ValidateCurrentWorkQueueEnumerator>d__59:MoveNext() (at C:\Sirenix\Sirenix Solution\Sirenix.OdinValidator.Editor\Core\ValidationSession.cs:557)
Sirenix.OdinValidator.Editor.<ValidateEverythingEnumeratorBatched>d__54:MoveNext() (at C:\Sirenix\Sirenix Solution\Sirenix.OdinValidator.Editor\Core\ValidationSession.cs:376)
Sirenix.OdinValidator.Editor.AutomationConfig:RunValidationScan(String, ValidationSetup, Boolean, Action, Boolean, Boolean, Boolean, Boolean, Boolean, Boolean, Boolean, Boolean) (at C:\Sirenix\Sirenix Solution\Sirenix.OdinValidator.Editor\Config\AutomationConfig.cs:305)
Sirenix.OdinValidator.Editor.AutomationConfig:ActuallyInitHooks() (at C:\Sirenix\Sirenix Solution\Sirenix.OdinValidator.Editor\Config\AutomationConfig.cs:186)
Sirenix.OdinValidator.Editor.AutomationConfig:InitHooks() (at C:\Sirenix\Sirenix Solution\Sirenix.OdinValidator.Editor\Config\AutomationConfig.cs:170)
System.Reflection.RuntimeMethodInfo:InternalInvoke(RuntimeMethodInfo, Object, Object[], Exception&)
System.Reflection.RuntimeMethodInfo:Invoke(Object, BindingFlags, Binder, Object[], CultureInfo)
System.Reflection.MethodBase:Invoke(Object, Object[])
UnityEditor.EditorAssemblies:ProcessInitializeOnLoadMethodAttributes()

(Filename: C:/Sirenix/Sirenix Solution/Sirenix.OdinInspector.Editor/Validation/Validators/SceneReference.cs Line: 119)

InvalidOperationException: Calling OpenScene Raisefrom assembly reloading callbacks are not supported.
  at (wrapper managed-to-native) UnityEditor.SceneManagement.EditorSceneManager.OpenScene_Injected(string,UnityEditor.SceneManagement.OpenSceneMode,UnityEngine.SceneManagement.Scene&)
  at UnityEditor.SceneManagement.EditorSceneManager.OpenScene (System.String scenePath, UnityEditor.SceneManagement.OpenSceneMode mode) [0x00000] in <63965ae56af7489797f355b7c1211ab2>:0 
  at Sirenix.OdinInspector.Editor.Validation.SceneReference.TryOpenScene (UnityEditor.SceneManagement.OpenSceneMode mode, UnityEngine.SceneManagement.Scene& scene) [0x00017] in C:\Sirenix\Sirenix Solution\Sirenix.OdinInspector.Editor\Validation\Validators\SceneReference.cs:114 
UnityEngine.DebugLogHandler:Internal_LogException(Exception, Object)
UnityEngine.DebugLogHandler:LogException(Exception, Object)
UnityEngine.Logger:LogException(Exception, Object)
UnityEngine.Debug:LogException(Exception)
Sirenix.OdinInspector.Editor.Validation.SceneReference:TryOpenScene(OpenSceneMode, Scene&) (at C:\Sirenix\Sirenix Solution\Sirenix.OdinInspector.Editor\Validation\Validators\SceneReference.cs:119)
Sirenix.OdinValidator.Editor.<ValidateCurrentWorkQueueEnumerator>d__59:MoveNext() (at C:\Sirenix\Sirenix Solution\Sirenix.OdinValidator.Editor\Core\ValidationSession.cs:557)
Sirenix.OdinValidator.Editor.<ValidateEverythingEnumeratorBatched>d__54:MoveNext() (at C:\Sirenix\Sirenix Solution\Sirenix.OdinValidator.Editor\Core\ValidationSession.cs:376)
Sirenix.OdinValidator.Editor.AutomationConfig:RunValidationScan(String, ValidationSetup, Boolean, Action, Boolean, Boolean, Boolean, Boolean, Boolean, Boolean, Boolean, Boolean) (at C:\Sirenix\Sirenix Solution\Sirenix.OdinValidator.Editor\Config\AutomationConfig.cs:305)
Sirenix.OdinValidator.Editor.AutomationConfig:ActuallyInitHooks() (at C:\Sirenix\Sirenix Solution\Sirenix.OdinValidator.Editor\Config\AutomationConfig.cs:186)
Sirenix.OdinValidator.Editor.AutomationConfig:InitHooks() (at C:\Sirenix\Sirenix Solution\Sirenix.OdinValidator.Editor\Config\AutomationConfig.cs:170)
System.Reflection.RuntimeMethodInfo:InternalInvoke(RuntimeMethodInfo, Object, Object[], Exception&)
System.Reflection.RuntimeMethodInfo:Invoke(Object, BindingFlags, Binder, Object[], CultureInfo)
System.Reflection.MethodBase:Invoke(Object, Object[])
UnityEditor.EditorAssemblies:ProcessInitializeOnLoadMethodAttributes()

(Filename: C:/Sirenix/Sirenix Solution/Sirenix.OdinInspector.Editor/Validation/Validators/SceneReference.cs Line: 119)

InvalidOperationException: Calling OpenScene Raisefrom assembly reloading callbacks are not supported.
  at (wrapper managed-to-native) UnityEditor.SceneManagement.EditorSceneManager.OpenScene_Injected(string,UnityEditor.SceneManagement.OpenSceneMode,UnityEngine.SceneManagement.Scene&)
  at UnityEditor.SceneManagement.EditorSceneManager.OpenScene (System.String scenePath, UnityEditor.SceneManagement.OpenSceneMode mode) [0x00000] in <63965ae56af7489797f355b7c1211ab2>:0 
  at Sirenix.OdinInspector.Editor.Validation.SceneReference.TryOpenScene (UnityEditor.SceneManagement.OpenSceneMode mode, UnityEngine.SceneManagement.Scene& scene) [0x00017] in C:\Sirenix\Sirenix Solution\Sirenix.OdinInspector.Editor\Validation\Validators\SceneReference.cs:114 
UnityEngine.DebugLogHandler:Internal_LogException(Exception, Object)
UnityEngine.DebugLogHandler:LogException(Exception, Object)
UnityEngine.Logger:LogException(Exception, Object)
UnityEngine.Debug:LogException(Exception)
Sirenix.OdinInspector.Editor.Validation.SceneReference:TryOpenScene(OpenSceneMode, Scene&) (at C:\Sirenix\Sirenix Solution\Sirenix.OdinInspector.Editor\Validation\Validators\SceneReference.cs:119)
Sirenix.OdinValidator.Editor.<ValidateCurrentWorkQueueEnumerator>d__59:MoveNext() (at C:\Sirenix\Sirenix Solution\Sirenix.OdinValidator.Editor\Core\ValidationSession.cs:557)
Sirenix.OdinValidator.Editor.<ValidateEverythingEnumeratorBatched>d__54:MoveNext() (at C:\Sirenix\Sirenix Solution\Sirenix.OdinValidator.Editor\Core\ValidationSession.cs:376)
Sirenix.OdinValidator.Editor.AutomationConfig:RunValidationScan(String, ValidationSetup, Boolean, Action, Boolean, Boolean, Boolean, Boolean, Boolean, Boolean, Boolean, Boolean) (at C:\Sirenix\Sirenix Solution\Sirenix.OdinValidator.Editor\Config\AutomationConfig.cs:305)
Sirenix.OdinValidator.Editor.AutomationConfig:ActuallyInitHooks() (at C:\Sirenix\Sirenix Solution\Sirenix.OdinValidator.Editor\Config\AutomationConfig.cs:186)
Sirenix.OdinValidator.Editor.AutomationConfig:InitHooks() (at C:\Sirenix\Sirenix Solution\Sirenix.OdinValidator.Editor\Config\AutomationConfig.cs:170)
System.Reflection.RuntimeMethodInfo:InternalInvoke(RuntimeMethodInfo, Object, Object[], Exception&)
System.Reflection.RuntimeMethodInfo:Invoke(Object, BindingFlags, Binder, Object[], CultureInfo)
System.Reflection.MethodBase:Invoke(Object, Object[])
UnityEditor.EditorAssemblies:ProcessInitializeOnLoadMethodAttributes()

(Filename: C:/Sirenix/Sirenix Solution/Sirenix.OdinInspector.Editor/Validation/Validators/SceneReference.cs Line: 119)

InvalidOperationException: Calling OpenScene Raisefrom assembly reloading callbacks are not supported.
  at (wrapper managed-to-native) UnityEditor.SceneManagement.EditorSceneManager.OpenScene_Injected(string,UnityEditor.SceneManagement.OpenSceneMode,UnityEngine.SceneManagement.Scene&)
  at UnityEditor.SceneManagement.EditorSceneManager.OpenScene (System.String scenePath, UnityEditor.SceneManagement.OpenSceneMode mode) [0x00000] in <63965ae56af7489797f355b7c1211ab2>:0 
  at Sirenix.OdinInspector.Editor.Validation.SceneReference.TryOpenScene (UnityEditor.SceneManagement.OpenSceneMode mode, UnityEngine.SceneManagement.Scene& scene) [0x00017] in C:\Sirenix\Sirenix Solution\Sirenix.OdinInspector.Editor\Validation\Validators\SceneReference.cs:114 
UnityEngine.DebugLogHandler:Internal_LogException(Exception, Object)
UnityEngine.DebugLogHandler:LogException(Exception, Object)
UnityEngine.Logger:LogException(Exception, Object)
UnityEngine.Debug:LogException(Exception)
Sirenix.OdinInspector.Editor.Validation.SceneReference:TryOpenScene(OpenSceneMode, Scene&) (at C:\Sirenix\Sirenix Solution\Sirenix.OdinInspector.Editor\Validation\Validators\SceneReference.cs:119)
Sirenix.OdinValidator.Editor.<ValidateCurrentWorkQueueEnumerator>d__59:MoveNext() (at C:\Sirenix\Sirenix Solution\Sirenix.OdinValidator.Editor\Core\ValidationSession.cs:557)
Sirenix.OdinValidator.Editor.<ValidateEverythingEnumeratorBatched>d__54:MoveNext() (at C:\Sirenix\Sirenix Solution\Sirenix.OdinValidator.Editor\Core\ValidationSession.cs:376)
Sirenix.OdinValidator.Editor.AutomationConfig:RunValidationScan(String, ValidationSetup, Boolean, Action, Boolean, Boolean, Boolean, Boolean, Boolean, Boolean, Boolean, Boolean) (at C:\Sirenix\Sirenix Solution\Sirenix.OdinValidator.Editor\Config\AutomationConfig.cs:305)
Sirenix.OdinValidator.Editor.AutomationConfig:ActuallyInitHooks() (at C:\Sirenix\Sirenix Solution\Sirenix.OdinValidator.Editor\Config\AutomationConfig.cs:186)
Sirenix.OdinValidator.Editor.AutomationConfig:InitHooks() (at C:\Sirenix\Sirenix Solution\Sirenix.OdinValidator.Editor\Config\AutomationConfig.cs:170)
System.Reflection.RuntimeMethodInfo:InternalInvoke(RuntimeMethodInfo, Object, Object[], Exception&)
System.Reflection.RuntimeMethodInfo:Invoke(Object, BindingFlags, Binder, Object[], CultureInfo)
System.Reflection.MethodBase:Invoke(Object, Object[])
UnityEditor.EditorAssemblies:ProcessInitializeOnLoadMethodAttributes()

(Filename: C:/Sirenix/Sirenix Solution/Sirenix.OdinInspector.Editor/Validation/Validators/SceneReference.cs Line: 119)

InvalidOperationException: Calling OpenScene Raisefrom assembly reloading callbacks are not supported.
  at (wrapper managed-to-native) UnityEditor.SceneManagement.EditorSceneManager.OpenScene_Injected(string,UnityEditor.SceneManagement.OpenSceneMode,UnityEngine.SceneManagement.Scene&)
  at UnityEditor.SceneManagement.EditorSceneManager.OpenScene (System.String scenePath, UnityEditor.SceneManagement.OpenSceneMode mode) [0x00000] in <63965ae56af7489797f355b7c1211ab2>:0 
  at Sirenix.OdinInspector.Editor.Validation.SceneReference.TryOpenScene (UnityEditor.SceneManagement.OpenSceneMode mode, UnityEngine.SceneManagement.Scene& scene) [0x00017] in C:\Sirenix\Sirenix Solution\Sirenix.OdinInspector.Editor\Validation\Validators\SceneReference.cs:114 
UnityEngine.DebugLogHandler:Internal_LogException(Exception, Object)
UnityEngine.DebugLogHandler:LogException(Exception, Object)
UnityEngine.Logger:LogException(Exception, Object)
UnityEngine.Debug:LogException(Exception)
Sirenix.OdinInspector.Editor.Validation.SceneReference:TryOpenScene(OpenSceneMode, Scene&) (at C:\Sirenix\Sirenix Solution\Sirenix.OdinInspector.Editor\Validation\Validators\SceneReference.cs:119)
Sirenix.OdinValidator.Editor.<ValidateCurrentWorkQueueEnumerator>d__59:MoveNext() (at C:\Sirenix\Sirenix Solution\Sirenix.OdinValidator.Editor\Core\ValidationSession.cs:557)
Sirenix.OdinValidator.Editor.<ValidateEverythingEnumeratorBatched>d__54:MoveNext() (at C:\Sirenix\Sirenix Solution\Sirenix.OdinValidator.Editor\Core\ValidationSession.cs:376)
Sirenix.OdinValidator.Editor.AutomationConfig:RunValidationScan(String, ValidationSetup, Boolean, Action, Boolean, Boolean, Boolean, Boolean, Boolean, Boolean, Boolean, Boolean) (at C:\Sirenix\Sirenix Solution\Sirenix.OdinValidator.Editor\Config\AutomationConfig.cs:305)
Sirenix.OdinValidator.Editor.AutomationConfig:ActuallyInitHooks() (at C:\Sirenix\Sirenix Solution\Sirenix.OdinValidator.Editor\Config\AutomationConfig.cs:186)
Sirenix.OdinValidator.Editor.AutomationConfig:InitHooks() (at C:\Sirenix\Sirenix Solution\Sirenix.OdinValidator.Editor\Config\AutomationConfig.cs:170)
System.Reflection.RuntimeMethodInfo:InternalInvoke(RuntimeMethodInfo, Object, Object[], Exception&)
System.Reflection.RuntimeMethodInfo:Invoke(Object, BindingFlags, Binder, Object[], CultureInfo)
System.Reflection.MethodBase:Invoke(Object, Object[])
UnityEditor.EditorAssemblies:ProcessInitializeOnLoadMethodAttributes()

(Filename: C:/Sirenix/Sirenix Solution/Sirenix.OdinInspector.Editor/Validation/Validators/SceneReference.cs Line: 119)

InvalidOperationException: Calling OpenScene Raisefrom assembly reloading callbacks are not supported.
  at (wrapper managed-to-native) UnityEditor.SceneManagement.EditorSceneManager.OpenScene_Injected(string,UnityEditor.SceneManagement.OpenSceneMode,UnityEngine.SceneManagement.Scene&)
  at UnityEditor.SceneManagement.EditorSceneManager.OpenScene (System.String scenePath, UnityEditor.SceneManagement.OpenSceneMode mode) [0x00000] in <63965ae56af7489797f355b7c1211ab2>:0 
  at Sirenix.OdinInspector.Editor.Validation.SceneReference.TryOpenScene (UnityEditor.SceneManagement.OpenSceneMode mode, UnityEngine.SceneManagement.Scene& scene) [0x00017] in C:\Sirenix\Sirenix Solution\Sirenix.OdinInspector.Editor\Validation\Validators\SceneReference.cs:114 
UnityEngine.DebugLogHandler:Internal_LogException(Exception, Object)
UnityEngine.DebugLogHandler:LogException(Exception, Object)
UnityEngine.Logger:LogException(Exception, Object)
UnityEngine.Debug:LogException(Exception)
Sirenix.OdinInspector.Editor.Validation.SceneReference:TryOpenScene(OpenSceneMode, Scene&) (at C:\Sirenix\Sirenix Solution\Sirenix.OdinInspector.Editor\Validation\Validators\SceneReference.cs:119)
Sirenix.OdinValidator.Editor.<ValidateCurrentWorkQueueEnumerator>d__59:MoveNext() (at C:\Sirenix\Sirenix Solution\Sirenix.OdinValidator.Editor\Core\ValidationSession.cs:557)
Sirenix.OdinValidator.Editor.<ValidateEverythingEnumeratorBatched>d__54:MoveNext() (at C:\Sirenix\Sirenix Solution\Sirenix.OdinValidator.Editor\Core\ValidationSession.cs:376)
Sirenix.OdinValidator.Editor.AutomationConfig:RunValidationScan(String, ValidationSetup, Boolean, Action, Boolean, Boolean, Boolean, Boolean, Boolean, Boolean, Boolean, Boolean) (at C:\Sirenix\Sirenix Solution\Sirenix.OdinValidator.Editor\Config\AutomationConfig.cs:305)
Sirenix.OdinValidator.Editor.AutomationConfig:ActuallyInitHooks() (at C:\Sirenix\Sirenix Solution\Sirenix.OdinValidator.Editor\Config\AutomationConfig.cs:186)
Sirenix.OdinValidator.Editor.AutomationConfig:InitHooks() (at C:\Sirenix\Sirenix Solution\Sirenix.OdinValidator.Editor\Config\AutomationConfig.cs:170)
System.Reflection.RuntimeMethodInfo:InternalInvoke(RuntimeMethodInfo, Object, Object[], Exception&)
System.Reflection.RuntimeMethodInfo:Invoke(Object, BindingFlags, Binder, Object[], CultureInfo)
System.Reflection.MethodBase:Invoke(Object, Object[])
UnityEditor.EditorAssemblies:ProcessInitializeOnLoadMethodAttributes()

(Filename: C:/Sirenix/Sirenix Solution/Sirenix.OdinInspector.Editor/Validation/Validators/SceneReference.cs Line: 119)

InvalidOperationException: Calling OpenScene Raisefrom assembly reloading callbacks are not supported.
  at (wrapper managed-to-native) UnityEditor.SceneManagement.EditorSceneManager.OpenScene_Injected(string,UnityEditor.SceneManagement.OpenSceneMode,UnityEngine.SceneManagement.Scene&)
  at UnityEditor.SceneManagement.EditorSceneManager.OpenScene (System.String scenePath, UnityEditor.SceneManagement.OpenSceneMode mode) [0x00000] in <63965ae56af7489797f355b7c1211ab2>:0 
  at Sirenix.OdinInspector.Editor.Validation.SceneReference.TryOpenScene (UnityEditor.SceneManagement.OpenSceneMode mode, UnityEngine.SceneManagement.Scene& scene) [0x00017] in C:\Sirenix\Sirenix Solution\Sirenix.OdinInspector.Editor\Validation\Validators\SceneReference.cs:114 
UnityEngine.DebugLogHandler:Internal_LogException(Exception, Object)
UnityEngine.DebugLogHandler:LogException(Exception, Object)
UnityEngine.Logger:LogException(Exception, Object)
UnityEngine.Debug:LogException(Exception)
Sirenix.OdinInspector.Editor.Validation.SceneReference:TryOpenScene(OpenSceneMode, Scene&) (at C:\Sirenix\Sirenix Solution\Sirenix.OdinInspector.Editor\Validation\Validators\SceneReference.cs:119)
Sirenix.OdinValidator.Editor.<ValidateCurrentWorkQueueEnumerator>d__59:MoveNext() (at C:\Sirenix\Sirenix Solution\Sirenix.OdinValidator.Editor\Core\ValidationSession.cs:557)
Sirenix.OdinValidator.Editor.<ValidateEverythingEnumeratorBatched>d__54:MoveNext() (at C:\Sirenix\Sirenix Solution\Sirenix.OdinValidator.Editor\Core\ValidationSession.cs:376)
Sirenix.OdinValidator.Editor.AutomationConfig:RunValidationScan(String, ValidationSetup, Boolean, Action, Boolean, Boolean, Boolean, Boolean, Boolean, Boolean, Boolean, Boolean) (at C:\Sirenix\Sirenix Solution\Sirenix.OdinValidator.Editor\Config\AutomationConfig.cs:305)
Sirenix.OdinValidator.Editor.AutomationConfig:ActuallyInitHooks() (at C:\Sirenix\Sirenix Solution\Sirenix.OdinValidator.Editor\Config\AutomationConfig.cs:186)
Sirenix.OdinValidator.Editor.AutomationConfig:InitHooks() (at C:\Sirenix\Sirenix Solution\Sirenix.OdinValidator.Editor\Config\AutomationConfig.cs:170)
System.Reflection.RuntimeMethodInfo:InternalInvoke(RuntimeMethodInfo, Object, Object[], Exception&)
System.Reflection.RuntimeMethodInfo:Invoke(Object, BindingFlags, Binder, Object[], CultureInfo)
System.Reflection.MethodBase:Invoke(Object, Object[])
UnityEditor.EditorAssemblies:ProcessInitializeOnLoadMethodAttributes()

(Filename: C:/Sirenix/Sirenix Solution/Sirenix.OdinInspector.Editor/Validation/Validators/SceneReference.cs Line: 119)

InvalidOperationException: Calling OpenScene Raisefrom assembly reloading callbacks are not supported.
  at (wrapper managed-to-native) UnityEditor.SceneManagement.EditorSceneManager.OpenScene_Injected(string,UnityEditor.SceneManagement.OpenSceneMode,UnityEngine.SceneManagement.Scene&)
  at UnityEditor.SceneManagement.EditorSceneManager.OpenScene (System.String scenePath, UnityEditor.SceneManagement.OpenSceneMode mode) [0x00000] in <63965ae56af7489797f355b7c1211ab2>:0 
  at Sirenix.OdinInspector.Editor.Validation.SceneReference.TryOpenScene (UnityEditor.SceneManagement.OpenSceneMode mode, UnityEngine.SceneManagement.Scene& scene) [0x00017] in C:\Sirenix\Sirenix Solution\Sirenix.OdinInspector.Editor\Validation\Validators\SceneReference.cs:114 
UnityEngine.DebugLogHandler:Internal_LogException(Exception, Object)
UnityEngine.DebugLogHandler:LogException(Exception, Object)
UnityEngine.Logger:LogException(Exception, Object)
UnityEngine.Debug:LogException(Exception)
Sirenix.OdinInspector.Editor.Validation.SceneReference:TryOpenScene(OpenSceneMode, Scene&) (at C:\Sirenix\Sirenix Solution\Sirenix.OdinInspector.Editor\Validation\Validators\SceneReference.cs:119)
Sirenix.OdinValidator.Editor.<ValidateCurrentWorkQueueEnumerator>d__59:MoveNext() (at C:\Sirenix\Sirenix Solution\Sirenix.OdinValidator.Editor\Core\ValidationSession.cs:557)
Sirenix.OdinValidator.Editor.<ValidateEverythingEnumeratorBatched>d__54:MoveNext() (at C:\Sirenix\Sirenix Solution\Sirenix.OdinValidator.Editor\Core\ValidationSession.cs:376)
Sirenix.OdinValidator.Editor.AutomationConfig:RunValidationScan(String, ValidationSetup, Boolean, Action, Boolean, Boolean, Boolean, Boolean, Boolean, Boolean, Boolean, Boolean) (at C:\Sirenix\Sirenix Solution\Sirenix.OdinValidator.Editor\Config\AutomationConfig.cs:305)
Sirenix.OdinValidator.Editor.AutomationConfig:ActuallyInitHooks() (at C:\Sirenix\Sirenix Solution\Sirenix.OdinValidator.Editor\Config\AutomationConfig.cs:186)
Sirenix.OdinValidator.Editor.AutomationConfig:InitHooks() (at C:\Sirenix\Sirenix Solution\Sirenix.OdinValidator.Editor\Config\AutomationConfig.cs:170)
System.Reflection.RuntimeMethodInfo:InternalInvoke(RuntimeMethodInfo, Object, Object[], Exception&)
System.Reflection.RuntimeMethodInfo:Invoke(Object, BindingFlags, Binder, Object[], CultureInfo)
System.Reflection.MethodBase:Invoke(Object, Object[])
UnityEditor.EditorAssemblies:ProcessInitializeOnLoadMethodAttributes()

(Filename: C:/Sirenix/Sirenix Solution/Sirenix.OdinInspector.Editor/Validation/Validators/SceneReference.cs Line: 119)

InvalidOperationException: Calling OpenScene Raisefrom assembly reloading callbacks are not supported.
  at (wrapper managed-to-native) UnityEditor.SceneManagement.EditorSceneManager.OpenScene_Injected(string,UnityEditor.SceneManagement.OpenSceneMode,UnityEngine.SceneManagement.Scene&)
  at UnityEditor.SceneManagement.EditorSceneManager.OpenScene (System.String scenePath, UnityEditor.SceneManagement.OpenSceneMode mode) [0x00000] in <63965ae56af7489797f355b7c1211ab2>:0 
  at Sirenix.OdinInspector.Editor.Validation.SceneReference.TryOpenScene (UnityEditor.SceneManagement.OpenSceneMode mode, UnityEngine.SceneManagement.Scene& scene) [0x00017] in C:\Sirenix\Sirenix Solution\Sirenix.OdinInspector.Editor\Validation\Validators\SceneReference.cs:114 
UnityEngine.DebugLogHandler:Internal_LogException(Exception, Object)
UnityEngine.DebugLogHandler:LogException(Exception, Object)
UnityEngine.Logger:LogException(Exception, Object)
UnityEngine.Debug:LogException(Exception)
Sirenix.OdinInspector.Editor.Validation.SceneReference:TryOpenScene(OpenSceneMode, Scene&) (at C:\Sirenix\Sirenix Solution\Sirenix.OdinInspector.Editor\Validation\Validators\SceneReference.cs:119)
Sirenix.OdinValidator.Editor.<ValidateCurrentWorkQueueEnumerator>d__59:MoveNext() (at C:\Sirenix\Sirenix Solution\Sirenix.OdinValidator.Editor\Core\ValidationSession.cs:557)
Sirenix.OdinValidator.Editor.<ValidateEverythingEnumeratorBatched>d__54:MoveNext() (at C:\Sirenix\Sirenix Solution\Sirenix.OdinValidator.Editor\Core\ValidationSession.cs:376)
Sirenix.OdinValidator.Editor.AutomationConfig:RunValidationScan(String, ValidationSetup, Boolean, Action, Boolean, Boolean, Boolean, Boolean, Boolean, Boolean, Boolean, Boolean) (at C:\Sirenix\Sirenix Solution\Sirenix.OdinValidator.Editor\Config\AutomationConfig.cs:305)
Sirenix.OdinValidator.Editor.AutomationConfig:ActuallyInitHooks() (at C:\Sirenix\Sirenix Solution\Sirenix.OdinValidator.Editor\Config\AutomationConfig.cs:186)
Sirenix.OdinValidator.Editor.AutomationConfig:InitHooks() (at C:\Sirenix\Sirenix Solution\Sirenix.OdinValidator.Editor\Config\AutomationConfig.cs:170)
System.Reflection.RuntimeMethodInfo:InternalInvoke(RuntimeMethodInfo, Object, Object[], Exception&)
System.Reflection.RuntimeMethodInfo:Invoke(Object, BindingFlags, Binder, Object[], CultureInfo)
System.Reflection.MethodBase:Invoke(Object, Object[])
UnityEditor.EditorAssemblies:ProcessInitializeOnLoadMethodAttributes()

(Filename: C:/Sirenix/Sirenix Solution/Sirenix.OdinInspector.Editor/Validation/Validators/SceneReference.cs Line: 119)

InvalidOperationException: Calling OpenScene Raisefrom assembly reloading callbacks are not supported.
  at (wrapper managed-to-native) UnityEditor.SceneManagement.EditorSceneManager.OpenScene_Injected(string,UnityEditor.SceneManagement.OpenSceneMode,UnityEngine.SceneManagement.Scene&)
  at UnityEditor.SceneManagement.EditorSceneManager.OpenScene (System.String scenePath, UnityEditor.SceneManagement.OpenSceneMode mode) [0x00000] in <63965ae56af7489797f355b7c1211ab2>:0 
  at Sirenix.OdinInspector.Editor.Validation.SceneReference.TryOpenScene (UnityEditor.SceneManagement.OpenSceneMode mode, UnityEngine.SceneManagement.Scene& scene) [0x00017] in C:\Sirenix\Sirenix Solution\Sirenix.OdinInspector.Editor\Validation\Validators\SceneReference.cs:114 
UnityEngine.DebugLogHandler:Internal_LogException(Exception, Object)
UnityEngine.DebugLogHandler:LogException(Exception, Object)
UnityEngine.Logger:LogException(Exception, Object)
UnityEngine.Debug:LogException(Exception)
Sirenix.OdinInspector.Editor.Validation.SceneReference:TryOpenScene(OpenSceneMode, Scene&) (at C:\Sirenix\Sirenix Solution\Sirenix.OdinInspector.Editor\Validation\Validators\SceneReference.cs:119)
Sirenix.OdinValidator.Editor.<ValidateCurrentWorkQueueEnumerator>d__59:MoveNext() (at C:\Sirenix\Sirenix Solution\Sirenix.OdinValidator.Editor\Core\ValidationSession.cs:557)
Sirenix.OdinValidator.Editor.<ValidateEverythingEnumeratorBatched>d__54:MoveNext() (at C:\Sirenix\Sirenix Solution\Sirenix.OdinValidator.Editor\Core\ValidationSession.cs:376)
Sirenix.OdinValidator.Editor.AutomationConfig:RunValidationScan(String, ValidationSetup, Boolean, Action, Boolean, Boolean, Boolean, Boolean, Boolean, Boolean, Boolean, Boolean) (at C:\Sirenix\Sirenix Solution\Sirenix.OdinValidator.Editor\Config\AutomationConfig.cs:305)
Sirenix.OdinValidator.Editor.AutomationConfig:ActuallyInitHooks() (at C:\Sirenix\Sirenix Solution\Sirenix.OdinValidator.Editor\Config\AutomationConfig.cs:186)
Sirenix.OdinValidator.Editor.AutomationConfig:InitHooks() (at C:\Sirenix\Sirenix Solution\Sirenix.OdinValidator.Editor\Config\AutomationConfig.cs:170)
System.Reflection.RuntimeMethodInfo:InternalInvoke(RuntimeMethodInfo, Object, Object[], Exception&)
System.Reflection.RuntimeMethodInfo:Invoke(Object, BindingFlags, Binder, Object[], CultureInfo)
System.Reflection.MethodBase:Invoke(Object, Object[])
UnityEditor.EditorAssemblies:ProcessInitializeOnLoadMethodAttributes()

(Filename: C:/Sirenix/Sirenix Solution/Sirenix.OdinInspector.Editor/Validation/Validators/SceneReference.cs Line: 119)

InvalidOperationException: Calling OpenScene Raisefrom assembly reloading callbacks are not supported.
  at (wrapper managed-to-native) UnityEditor.SceneManagement.EditorSceneManager.OpenScene_Injected(string,UnityEditor.SceneManagement.OpenSceneMode,UnityEngine.SceneManagement.Scene&)
  at UnityEditor.SceneManagement.EditorSceneManager.OpenScene (System.String scenePath, UnityEditor.SceneManagement.OpenSceneMode mode) [0x00000] in <63965ae56af7489797f355b7c1211ab2>:0 
  at Sirenix.OdinInspector.Editor.Validation.SceneReference.TryOpenScene (UnityEditor.SceneManagement.OpenSceneMode mode, UnityEngine.SceneManagement.Scene& scene) [0x00017] in C:\Sirenix\Sirenix Solution\Sirenix.OdinInspector.Editor\Validation\Validators\SceneReference.cs:114 
UnityEngine.DebugLogHandler:Internal_LogException(Exception, Object)
UnityEngine.DebugLogHandler:LogException(Exception, Object)
UnityEngine.Logger:LogException(Exception, Object)
UnityEngine.Debug:LogException(Exception)
Sirenix.OdinInspector.Editor.Validation.SceneReference:TryOpenScene(OpenSceneMode, Scene&) (at C:\Sirenix\Sirenix Solution\Sirenix.OdinInspector.Editor\Validation\Validators\SceneReference.cs:119)
Sirenix.OdinValidator.Editor.<ValidateCurrentWorkQueueEnumerator>d__59:MoveNext() (at C:\Sirenix\Sirenix Solution\Sirenix.OdinValidator.Editor\Core\ValidationSession.cs:557)
Sirenix.OdinValidator.Editor.<ValidateEverythingEnumeratorBatched>d__54:MoveNext() (at C:\Sirenix\Sirenix Solution\Sirenix.OdinValidator.Editor\Core\ValidationSession.cs:376)
Sirenix.OdinValidator.Editor.AutomationConfig:RunValidationScan(String, ValidationSetup, Boolean, Action, Boolean, Boolean, Boolean, Boolean, Boolean, Boolean, Boolean, Boolean) (at C:\Sirenix\Sirenix Solution\Sirenix.OdinValidator.Editor\Config\AutomationConfig.cs:305)
Sirenix.OdinValidator.Editor.AutomationConfig:ActuallyInitHooks() (at C:\Sirenix\Sirenix Solution\Sirenix.OdinValidator.Editor\Config\AutomationConfig.cs:186)
Sirenix.OdinValidator.Editor.AutomationConfig:InitHooks() (at C:\Sirenix\Sirenix Solution\Sirenix.OdinValidator.Editor\Config\AutomationConfig.cs:170)
System.Reflection.RuntimeMethodInfo:InternalInvoke(RuntimeMethodInfo, Object, Object[], Exception&)
System.Reflection.RuntimeMethodInfo:Invoke(Object, BindingFlags, Binder, Object[], CultureInfo)
System.Reflection.MethodBase:Invoke(Object, Object[])
UnityEditor.EditorAssemblies:ProcessInitializeOnLoadMethodAttributes()

(Filename: C:/Sirenix/Sirenix Solution/Sirenix.OdinInspector.Editor/Validation/Validators/SceneReference.cs Line: 119)

InvalidOperationException: Calling OpenScene Raisefrom assembly reloading callbacks are not supported.
  at (wrapper managed-to-native) UnityEditor.SceneManagement.EditorSceneManager.OpenScene_Injected(string,UnityEditor.SceneManagement.OpenSceneMode,UnityEngine.SceneManagement.Scene&)
  at UnityEditor.SceneManagement.EditorSceneManager.OpenScene (System.String scenePath, UnityEditor.SceneManagement.OpenSceneMode mode) [0x00000] in <63965ae56af7489797f355b7c1211ab2>:0 
  at Sirenix.OdinInspector.Editor.Validation.SceneReference.TryOpenScene (UnityEditor.SceneManagement.OpenSceneMode mode, UnityEngine.SceneManagement.Scene& scene) [0x00017] in C:\Sirenix\Sirenix Solution\Sirenix.OdinInspector.Editor\Validation\Validators\SceneReference.cs:114 
UnityEngine.DebugLogHandler:Internal_LogException(Exception, Object)
UnityEngine.DebugLogHandler:LogException(Exception, Object)
UnityEngine.Logger:LogException(Exception, Object)
UnityEngine.Debug:LogException(Exception)
Sirenix.OdinInspector.Editor.Validation.SceneReference:TryOpenScene(OpenSceneMode, Scene&) (at C:\Sirenix\Sirenix Solution\Sirenix.OdinInspector.Editor\Validation\Validators\SceneReference.cs:119)
Sirenix.OdinValidator.Editor.<ValidateCurrentWorkQueueEnumerator>d__59:MoveNext() (at C:\Sirenix\Sirenix Solution\Sirenix.OdinValidator.Editor\Core\ValidationSession.cs:557)
Sirenix.OdinValidator.Editor.<ValidateEverythingEnumeratorBatched>d__54:MoveNext() (at C:\Sirenix\Sirenix Solution\Sirenix.OdinValidator.Editor\Core\ValidationSession.cs:376)
Sirenix.OdinValidator.Editor.AutomationConfig:RunValidationScan(String, ValidationSetup, Boolean, Action, Boolean, Boolean, Boolean, Boolean, Boolean, Boolean, Boolean, Boolean) (at C:\Sirenix\Sirenix Solution\Sirenix.OdinValidator.Editor\Config\AutomationConfig.cs:305)
Sirenix.OdinValidator.Editor.AutomationConfig:ActuallyInitHooks() (at C:\Sirenix\Sirenix Solution\Sirenix.OdinValidator.Editor\Config\AutomationConfig.cs:186)
Sirenix.OdinValidator.Editor.AutomationConfig:InitHooks() (at C:\Sirenix\Sirenix Solution\Sirenix.OdinValidator.Editor\Config\AutomationConfig.cs:170)
System.Reflection.RuntimeMethodInfo:InternalInvoke(RuntimeMethodInfo, Object, Object[], Exception&)
System.Reflection.RuntimeMethodInfo:Invoke(Object, BindingFlags, Binder, Object[], CultureInfo)
System.Reflection.MethodBase:Invoke(Object, Object[])
UnityEditor.EditorAssemblies:ProcessInitializeOnLoadMethodAttributes()

(Filename: C:/Sirenix/Sirenix Solution/Sirenix.OdinInspector.Editor/Validation/Validators/SceneReference.cs Line: 119)

InvalidOperationException: Calling OpenScene Raisefrom assembly reloading callbacks are not supported.
  at (wrapper managed-to-native) UnityEditor.SceneManagement.EditorSceneManager.OpenScene_Injected(string,UnityEditor.SceneManagement.OpenSceneMode,UnityEngine.SceneManagement.Scene&)
  at UnityEditor.SceneManagement.EditorSceneManager.OpenScene (System.String scenePath, UnityEditor.SceneManagement.OpenSceneMode mode) [0x00000] in <63965ae56af7489797f355b7c1211ab2>:0 
  at Sirenix.OdinInspector.Editor.Validation.SceneReference.TryOpenScene (UnityEditor.SceneManagement.OpenSceneMode mode, UnityEngine.SceneManagement.Scene& scene) [0x00017] in C:\Sirenix\Sirenix Solution\Sirenix.OdinInspector.Editor\Validation\Validators\SceneReference.cs:114 
UnityEngine.DebugLogHandler:Internal_LogException(Exception, Object)
UnityEngine.DebugLogHandler:LogException(Exception, Object)
UnityEngine.Logger:LogException(Exception, Object)
UnityEngine.Debug:LogException(Exception)
Sirenix.OdinInspector.Editor.Validation.SceneReference:TryOpenScene(OpenSceneMode, Scene&) (at C:\Sirenix\Sirenix Solution\Sirenix.OdinInspector.Editor\Validation\Validators\SceneReference.cs:119)
Sirenix.OdinValidator.Editor.<ValidateCurrentWorkQueueEnumerator>d__59:MoveNext() (at C:\Sirenix\Sirenix Solution\Sirenix.OdinValidator.Editor\Core\ValidationSession.cs:557)
Sirenix.OdinValidator.Editor.<ValidateEverythingEnumeratorBatched>d__54:MoveNext() (at C:\Sirenix\Sirenix Solution\Sirenix.OdinValidator.Editor\Core\ValidationSession.cs:376)
Sirenix.OdinValidator.Editor.AutomationConfig:RunValidationScan(String, ValidationSetup, Boolean, Action, Boolean, Boolean, Boolean, Boolean, Boolean, Boolean, Boolean, Boolean) (at C:\Sirenix\Sirenix Solution\Sirenix.OdinValidator.Editor\Config\AutomationConfig.cs:305)
Sirenix.OdinValidator.Editor.AutomationConfig:ActuallyInitHooks() (at C:\Sirenix\Sirenix Solution\Sirenix.OdinValidator.Editor\Config\AutomationConfig.cs:186)
Sirenix.OdinValidator.Editor.AutomationConfig:InitHooks() (at C:\Sirenix\Sirenix Solution\Sirenix.OdinValidator.Editor\Config\AutomationConfig.cs:170)
System.Reflection.RuntimeMethodInfo:InternalInvoke(RuntimeMethodInfo, Object, Object[], Exception&)
System.Reflection.RuntimeMethodInfo:Invoke(Object, BindingFlags, Binder, Object[], CultureInfo)
System.Reflection.MethodBase:Invoke(Object, Object[])
UnityEditor.EditorAssemblies:ProcessInitializeOnLoadMethodAttributes()

(Filename: C:/Sirenix/Sirenix Solution/Sirenix.OdinInspector.Editor/Validation/Validators/SceneReference.cs Line: 119)

InvalidOperationException: Calling OpenScene Raisefrom assembly reloading callbacks are not supported.
  at (wrapper managed-to-native) UnityEditor.SceneManagement.EditorSceneManager.OpenScene_Injected(string,UnityEditor.SceneManagement.OpenSceneMode,UnityEngine.SceneManagement.Scene&)
  at UnityEditor.SceneManagement.EditorSceneManager.OpenScene (System.String scenePath, UnityEditor.SceneManagement.OpenSceneMode mode) [0x00000] in <63965ae56af7489797f355b7c1211ab2>:0 
  at Sirenix.OdinInspector.Editor.Validation.SceneReference.TryOpenScene (UnityEditor.SceneManagement.OpenSceneMode mode, UnityEngine.SceneManagement.Scene& scene) [0x00017] in C:\Sirenix\Sirenix Solution\Sirenix.OdinInspector.Editor\Validation\Validators\SceneReference.cs:114 
UnityEngine.DebugLogHandler:Internal_LogException(Exception, Object)
UnityEngine.DebugLogHandler:LogException(Exception, Object)
UnityEngine.Logger:LogException(Exception, Object)
UnityEngine.Debug:LogException(Exception)
Sirenix.OdinInspector.Editor.Validation.SceneReference:TryOpenScene(OpenSceneMode, Scene&) (at C:\Sirenix\Sirenix Solution\Sirenix.OdinInspector.Editor\Validation\Validators\SceneReference.cs:119)
Sirenix.OdinValidator.Editor.<ValidateCurrentWorkQueueEnumerator>d__59:MoveNext() (at C:\Sirenix\Sirenix Solution\Sirenix.OdinValidator.Editor\Core\ValidationSession.cs:557)
Sirenix.OdinValidator.Editor.<ValidateEverythingEnumeratorBatched>d__54:MoveNext() (at C:\Sirenix\Sirenix Solution\Sirenix.OdinValidator.Editor\Core\ValidationSession.cs:376)
Sirenix.OdinValidator.Editor.AutomationConfig:RunValidationScan(String, ValidationSetup, Boolean, Action, Boolean, Boolean, Boolean, Boolean, Boolean, Boolean, Boolean, Boolean) (at C:\Sirenix\Sirenix Solution\Sirenix.OdinValidator.Editor\Config\AutomationConfig.cs:305)
Sirenix.OdinValidator.Editor.AutomationConfig:ActuallyInitHooks() (at C:\Sirenix\Sirenix Solution\Sirenix.OdinValidator.Editor\Config\AutomationConfig.cs:186)
Sirenix.OdinValidator.Editor.AutomationConfig:InitHooks() (at C:\Sirenix\Sirenix Solution\Sirenix.OdinValidator.Editor\Config\AutomationConfig.cs:170)
System.Reflection.RuntimeMethodInfo:InternalInvoke(RuntimeMethodInfo, Object, Object[], Exception&)
System.Reflection.RuntimeMethodInfo:Invoke(Object, BindingFlags, Binder, Object[], CultureInfo)
System.Reflection.MethodBase:Invoke(Object, Object[])
UnityEditor.EditorAssemblies:ProcessInitializeOnLoadMethodAttributes()

(Filename: C:/Sirenix/Sirenix Solution/Sirenix.OdinInspector.Editor/Validation/Validators/SceneReference.cs Line: 119)

InvalidOperationException: Calling OpenScene Raisefrom assembly reloading callbacks are not supported.
  at (wrapper managed-to-native) UnityEditor.SceneManagement.EditorSceneManager.OpenScene_Injected(string,UnityEditor.SceneManagement.OpenSceneMode,UnityEngine.SceneManagement.Scene&)
  at UnityEditor.SceneManagement.EditorSceneManager.OpenScene (System.String scenePath, UnityEditor.SceneManagement.OpenSceneMode mode) [0x00000] in <63965ae56af7489797f355b7c1211ab2>:0 
  at Sirenix.OdinInspector.Editor.Validation.SceneReference.TryOpenScene (UnityEditor.SceneManagement.OpenSceneMode mode, UnityEngine.SceneManagement.Scene& scene) [0x00017] in C:\Sirenix\Sirenix Solution\Sirenix.OdinInspector.Editor\Validation\Validators\SceneReference.cs:114 
UnityEngine.DebugLogHandler:Internal_LogException(Exception, Object)
UnityEngine.DebugLogHandler:LogException(Exception, Object)
UnityEngine.Logger:LogException(Exception, Object)
UnityEngine.Debug:LogException(Exception)
Sirenix.OdinInspector.Editor.Validation.SceneReference:TryOpenScene(OpenSceneMode, Scene&) (at C:\Sirenix\Sirenix Solution\Sirenix.OdinInspector.Editor\Validation\Validators\SceneReference.cs:119)
Sirenix.OdinValidator.Editor.<ValidateCurrentWorkQueueEnumerator>d__59:MoveNext() (at C:\Sirenix\Sirenix Solution\Sirenix.OdinValidator.Editor\Core\ValidationSession.cs:557)
Sirenix.OdinValidator.Editor.<ValidateEverythingEnumeratorBatched>d__54:MoveNext() (at C:\Sirenix\Sirenix Solution\Sirenix.OdinValidator.Editor\Core\ValidationSession.cs:376)
Sirenix.OdinValidator.Editor.AutomationConfig:RunValidationScan(String, ValidationSetup, Boolean, Action, Boolean, Boolean, Boolean, Boolean, Boolean, Boolean, Boolean, Boolean) (at C:\Sirenix\Sirenix Solution\Sirenix.OdinValidator.Editor\Config\AutomationConfig.cs:305)
Sirenix.OdinValidator.Editor.AutomationConfig:ActuallyInitHooks() (at C:\Sirenix\Sirenix Solution\Sirenix.OdinValidator.Editor\Config\AutomationConfig.cs:186)
Sirenix.OdinValidator.Editor.AutomationConfig:InitHooks() (at C:\Sirenix\Sirenix Solution\Sirenix.OdinValidator.Editor\Config\AutomationConfig.cs:170)
System.Reflection.RuntimeMethodInfo:InternalInvoke(RuntimeMethodInfo, Object, Object[], Exception&)
System.Reflection.RuntimeMethodInfo:Invoke(Object, BindingFlags, Binder, Object[], CultureInfo)
System.Reflection.MethodBase:Invoke(Object, Object[])
UnityEditor.EditorAssemblies:ProcessInitializeOnLoadMethodAttributes()

(Filename: C:/Sirenix/Sirenix Solution/Sirenix.OdinInspector.Editor/Validation/Validators/SceneReference.cs Line: 119)

InvalidOperationException: Calling OpenScene Raisefrom assembly reloading callbacks are not supported.
  at (wrapper managed-to-native) UnityEditor.SceneManagement.EditorSceneManager.OpenScene_Injected(string,UnityEditor.SceneManagement.OpenSceneMode,UnityEngine.SceneManagement.Scene&)
  at UnityEditor.SceneManagement.EditorSceneManager.OpenScene (System.String scenePath, UnityEditor.SceneManagement.OpenSceneMode mode) [0x00000] in <63965ae56af7489797f355b7c1211ab2>:0 
  at Sirenix.OdinInspector.Editor.Validation.SceneReference.TryOpenScene (UnityEditor.SceneManagement.OpenSceneMode mode, UnityEngine.SceneManagement.Scene& scene) [0x00017] in C:\Sirenix\Sirenix Solution\Sirenix.OdinInspector.Editor\Validation\Validators\SceneReference.cs:114 
UnityEngine.DebugLogHandler:Internal_LogException(Exception, Object)
UnityEngine.DebugLogHandler:LogException(Exception, Object)
UnityEngine.Logger:LogException(Exception, Object)
UnityEngine.Debug:LogException(Exception)
Sirenix.OdinInspector.Editor.Validation.SceneReference:TryOpenScene(OpenSceneMode, Scene&) (at C:\Sirenix\Sirenix Solution\Sirenix.OdinInspector.Editor\Validation\Validators\SceneReference.cs:119)
Sirenix.OdinValidator.Editor.<ValidateCurrentWorkQueueEnumerator>d__59:MoveNext() (at C:\Sirenix\Sirenix Solution\Sirenix.OdinValidator.Editor\Core\ValidationSession.cs:557)
Sirenix.OdinValidator.Editor.<ValidateEverythingEnumeratorBatched>d__54:MoveNext() (at C:\Sirenix\Sirenix Solution\Sirenix.OdinValidator.Editor\Core\ValidationSession.cs:376)
Sirenix.OdinValidator.Editor.AutomationConfig:RunValidationScan(String, ValidationSetup, Boolean, Action, Boolean, Boolean, Boolean, Boolean, Boolean, Boolean, Boolean, Boolean) (at C:\Sirenix\Sirenix Solution\Sirenix.OdinValidator.Editor\Config\AutomationConfig.cs:305)
Sirenix.OdinValidator.Editor.AutomationConfig:ActuallyInitHooks() (at C:\Sirenix\Sirenix Solution\Sirenix.OdinValidator.Editor\Config\AutomationConfig.cs:186)
Sirenix.OdinValidator.Editor.AutomationConfig:InitHooks() (at C:\Sirenix\Sirenix Solution\Sirenix.OdinValidator.Editor\Config\AutomationConfig.cs:170)
System.Reflection.RuntimeMethodInfo:InternalInvoke(RuntimeMethodInfo, Object, Object[], Exception&)
System.Reflection.RuntimeMethodInfo:Invoke(Object, BindingFlags, Binder, Object[], CultureInfo)
System.Reflection.MethodBase:Invoke(Object, Object[])
UnityEditor.EditorAssemblies:ProcessInitializeOnLoadMethodAttributes()

(Filename: C:/Sirenix/Sirenix Solution/Sirenix.OdinInspector.Editor/Validation/Validators/SceneReference.cs Line: 119)

InvalidOperationException: Calling OpenScene Raisefrom assembly reloading callbacks are not supported.
  at (wrapper managed-to-native) UnityEditor.SceneManagement.EditorSceneManager.OpenScene_Injected(string,UnityEditor.SceneManagement.OpenSceneMode,UnityEngine.SceneManagement.Scene&)
  at UnityEditor.SceneManagement.EditorSceneManager.OpenScene (System.String scenePath, UnityEditor.SceneManagement.OpenSceneMode mode) [0x00000] in <63965ae56af7489797f355b7c1211ab2>:0 
  at Sirenix.OdinInspector.Editor.Validation.SceneReference.TryOpenScene (UnityEditor.SceneManagement.OpenSceneMode mode, UnityEngine.SceneManagement.Scene& scene) [0x00017] in C:\Sirenix\Sirenix Solution\Sirenix.OdinInspector.Editor\Validation\Validators\SceneReference.cs:114 
UnityEngine.DebugLogHandler:Internal_LogException(Exception, Object)
UnityEngine.DebugLogHandler:LogException(Exception, Object)
UnityEngine.Logger:LogException(Exception, Object)
UnityEngine.Debug:LogException(Exception)
Sirenix.OdinInspector.Editor.Validation.SceneReference:TryOpenScene(OpenSceneMode, Scene&) (at C:\Sirenix\Sirenix Solution\Sirenix.OdinInspector.Editor\Validation\Validators\SceneReference.cs:119)
Sirenix.OdinValidator.Editor.<ValidateCurrentWorkQueueEnumerator>d__59:MoveNext() (at C:\Sirenix\Sirenix Solution\Sirenix.OdinValidator.Editor\Core\ValidationSession.cs:557)
Sirenix.OdinValidator.Editor.<ValidateEverythingEnumeratorBatched>d__54:MoveNext() (at C:\Sirenix\Sirenix Solution\Sirenix.OdinValidator.Editor\Core\ValidationSession.cs:376)
Sirenix.OdinValidator.Editor.AutomationConfig:RunValidationScan(String, ValidationSetup, Boolean, Action, Boolean, Boolean, Boolean, Boolean, Boolean, Boolean, Boolean, Boolean) (at C:\Sirenix\Sirenix Solution\Sirenix.OdinValidator.Editor\Config\AutomationConfig.cs:305)
Sirenix.OdinValidator.Editor.AutomationConfig:ActuallyInitHooks() (at C:\Sirenix\Sirenix Solution\Sirenix.OdinValidator.Editor\Config\AutomationConfig.cs:186)
Sirenix.OdinValidator.Editor.AutomationConfig:InitHooks() (at C:\Sirenix\Sirenix Solution\Sirenix.OdinValidator.Editor\Config\AutomationConfig.cs:170)
System.Reflection.RuntimeMethodInfo:InternalInvoke(RuntimeMethodInfo, Object, Object[], Exception&)
System.Reflection.RuntimeMethodInfo:Invoke(Object, BindingFlags, Binder, Object[], CultureInfo)
System.Reflection.MethodBase:Invoke(Object, Object[])
UnityEditor.EditorAssemblies:ProcessInitializeOnLoadMethodAttributes()

(Filename: C:/Sirenix/Sirenix Solution/Sirenix.OdinInspector.Editor/Validation/Validators/SceneReference.cs Line: 119)

InvalidOperationException: Calling OpenScene Raisefrom assembly reloading callbacks are not supported.
  at (wrapper managed-to-native) UnityEditor.SceneManagement.EditorSceneManager.OpenScene_Injected(string,UnityEditor.SceneManagement.OpenSceneMode,UnityEngine.SceneManagement.Scene&)
  at UnityEditor.SceneManagement.EditorSceneManager.OpenScene (System.String scenePath, UnityEditor.SceneManagement.OpenSceneMode mode) [0x00000] in <63965ae56af7489797f355b7c1211ab2>:0 
  at Sirenix.OdinInspector.Editor.Validation.SceneReference.TryOpenScene (UnityEditor.SceneManagement.OpenSceneMode mode, UnityEngine.SceneManagement.Scene& scene) [0x00017] in C:\Sirenix\Sirenix Solution\Sirenix.OdinInspector.Editor\Validation\Validators\SceneReference.cs:114 
UnityEngine.DebugLogHandler:Internal_LogException(Exception, Object)
UnityEngine.DebugLogHandler:LogException(Exception, Object)
UnityEngine.Logger:LogException(Exception, Object)
UnityEngine.Debug:LogException(Exception)
Sirenix.OdinInspector.Editor.Validation.SceneReference:TryOpenScene(OpenSceneMode, Scene&) (at C:\Sirenix\Sirenix Solution\Sirenix.OdinInspector.Editor\Validation\Validators\SceneReference.cs:119)
Sirenix.OdinValidator.Editor.<ValidateCurrentWorkQueueEnumerator>d__59:MoveNext() (at C:\Sirenix\Sirenix Solution\Sirenix.OdinValidator.Editor\Core\ValidationSession.cs:557)
Sirenix.OdinValidator.Editor.<ValidateEverythingEnumeratorBatched>d__54:MoveNext() (at C:\Sirenix\Sirenix Solution\Sirenix.OdinValidator.Editor\Core\ValidationSession.cs:376)
Sirenix.OdinValidator.Editor.AutomationConfig:RunValidationScan(String, ValidationSetup, Boolean, Action, Boolean, Boolean, Boolean, Boolean, Boolean, Boolean, Boolean, Boolean) (at C:\Sirenix\Sirenix Solution\Sirenix.OdinValidator.Editor\Config\AutomationConfig.cs:305)
Sirenix.OdinValidator.Editor.AutomationConfig:ActuallyInitHooks() (at C:\Sirenix\Sirenix Solution\Sirenix.OdinValidator.Editor\Config\AutomationConfig.cs:186)
Sirenix.OdinValidator.Editor.AutomationConfig:InitHooks() (at C:\Sirenix\Sirenix Solution\Sirenix.OdinValidator.Editor\Config\AutomationConfig.cs:170)
System.Reflection.RuntimeMethodInfo:InternalInvoke(RuntimeMethodInfo, Object, Object[], Exception&)
System.Reflection.RuntimeMethodInfo:Invoke(Object, BindingFlags, Binder, Object[], CultureInfo)
System.Reflection.MethodBase:Invoke(Object, Object[])
UnityEditor.EditorAssemblies:ProcessInitializeOnLoadMethodAttributes()

(Filename: C:/Sirenix/Sirenix Solution/Sirenix.OdinInspector.Editor/Validation/Validators/SceneReference.cs Line: 119)

InvalidOperationException: Calling OpenScene Raisefrom assembly reloading callbacks are not supported.
  at (wrapper managed-to-native) UnityEditor.SceneManagement.EditorSceneManager.OpenScene_Injected(string,UnityEditor.SceneManagement.OpenSceneMode,UnityEngine.SceneManagement.Scene&)
  at UnityEditor.SceneManagement.EditorSceneManager.OpenScene (System.String scenePath, UnityEditor.SceneManagement.OpenSceneMode mode) [0x00000] in <63965ae56af7489797f355b7c1211ab2>:0 
  at Sirenix.OdinInspector.Editor.Validation.SceneReference.TryOpenScene (UnityEditor.SceneManagement.OpenSceneMode mode, UnityEngine.SceneManagement.Scene& scene) [0x00017] in C:\Sirenix\Sirenix Solution\Sirenix.OdinInspector.Editor\Validation\Validators\SceneReference.cs:114 
UnityEngine.DebugLogHandler:Internal_LogException(Exception, Object)
UnityEngine.DebugLogHandler:LogException(Exception, Object)
UnityEngine.Logger:LogException(Exception, Object)
UnityEngine.Debug:LogException(Exception)
Sirenix.OdinInspector.Editor.Validation.SceneReference:TryOpenScene(OpenSceneMode, Scene&) (at C:\Sirenix\Sirenix Solution\Sirenix.OdinInspector.Editor\Validation\Validators\SceneReference.cs:119)
Sirenix.OdinValidator.Editor.<ValidateCurrentWorkQueueEnumerator>d__59:MoveNext() (at C:\Sirenix\Sirenix Solution\Sirenix.OdinValidator.Editor\Core\ValidationSession.cs:557)
Sirenix.OdinValidator.Editor.<ValidateEverythingEnumeratorBatched>d__54:MoveNext() (at C:\Sirenix\Sirenix Solution\Sirenix.OdinValidator.Editor\Core\ValidationSession.cs:376)
Sirenix.OdinValidator.Editor.AutomationConfig:RunValidationScan(String, ValidationSetup, Boolean, Action, Boolean, Boolean, Boolean, Boolean, Boolean, Boolean, Boolean, Boolean) (at C:\Sirenix\Sirenix Solution\Sirenix.OdinValidator.Editor\Config\AutomationConfig.cs:305)
Sirenix.OdinValidator.Editor.AutomationConfig:ActuallyInitHooks() (at C:\Sirenix\Sirenix Solution\Sirenix.OdinValidator.Editor\Config\AutomationConfig.cs:186)
Sirenix.OdinValidator.Editor.AutomationConfig:InitHooks() (at C:\Sirenix\Sirenix Solution\Sirenix.OdinValidator.Editor\Config\AutomationConfig.cs:170)
System.Reflection.RuntimeMethodInfo:InternalInvoke(RuntimeMethodInfo, Object, Object[], Exception&)
System.Reflection.RuntimeMethodInfo:Invoke(Object, BindingFlags, Binder, Object[], CultureInfo)
System.Reflection.MethodBase:Invoke(Object, Object[])
UnityEditor.EditorAssemblies:ProcessInitializeOnLoadMethodAttributes()

(Filename: C:/Sirenix/Sirenix Solution/Sirenix.OdinInspector.Editor/Validation/Validators/SceneReference.cs Line: 119)

InvalidOperationException: Calling OpenScene Raisefrom assembly reloading callbacks are not supported.
  at (wrapper managed-to-native) UnityEditor.SceneManagement.EditorSceneManager.OpenScene_Injected(string,UnityEditor.SceneManagement.OpenSceneMode,UnityEngine.SceneManagement.Scene&)
  at UnityEditor.SceneManagement.EditorSceneManager.OpenScene (System.String scenePath, UnityEditor.SceneManagement.OpenSceneMode mode) [0x00000] in <63965ae56af7489797f355b7c1211ab2>:0 
  at Sirenix.OdinInspector.Editor.Validation.SceneReference.TryOpenScene (UnityEditor.SceneManagement.OpenSceneMode mode, UnityEngine.SceneManagement.Scene& scene) [0x00017] in C:\Sirenix\Sirenix Solution\Sirenix.OdinInspector.Editor\Validation\Validators\SceneReference.cs:114 
UnityEngine.DebugLogHandler:Internal_LogException(Exception, Object)
UnityEngine.DebugLogHandler:LogException(Exception, Object)
UnityEngine.Logger:LogException(Exception, Object)
UnityEngine.Debug:LogException(Exception)
Sirenix.OdinInspector.Editor.Validation.SceneReference:TryOpenScene(OpenSceneMode, Scene&) (at C:\Sirenix\Sirenix Solution\Sirenix.OdinInspector.Editor\Validation\Validators\SceneReference.cs:119)
Sirenix.OdinValidator.Editor.<ValidateCurrentWorkQueueEnumerator>d__59:MoveNext() (at C:\Sirenix\Sirenix Solution\Sirenix.OdinValidator.Editor\Core\ValidationSession.cs:557)
Sirenix.OdinValidator.Editor.<ValidateEverythingEnumeratorBatched>d__54:MoveNext() (at C:\Sirenix\Sirenix Solution\Sirenix.OdinValidator.Editor\Core\ValidationSession.cs:376)
Sirenix.OdinValidator.Editor.AutomationConfig:RunValidationScan(String, ValidationSetup, Boolean, Action, Boolean, Boolean, Boolean, Boolean, Boolean, Boolean, Boolean, Boolean) (at C:\Sirenix\Sirenix Solution\Sirenix.OdinValidator.Editor\Config\AutomationConfig.cs:305)
Sirenix.OdinValidator.Editor.AutomationConfig:ActuallyInitHooks() (at C:\Sirenix\Sirenix Solution\Sirenix.OdinValidator.Editor\Config\AutomationConfig.cs:186)
Sirenix.OdinValidator.Editor.AutomationConfig:InitHooks() (at C:\Sirenix\Sirenix Solution\Sirenix.OdinValidator.Editor\Config\AutomationConfig.cs:170)
System.Reflection.RuntimeMethodInfo:InternalInvoke(RuntimeMethodInfo, Object, Object[], Exception&)
System.Reflection.RuntimeMethodInfo:Invoke(Object, BindingFlags, Binder, Object[], CultureInfo)
System.Reflection.MethodBase:Invoke(Object, Object[])
UnityEditor.EditorAssemblies:ProcessInitializeOnLoadMethodAttributes()

(Filename: C:/Sirenix/Sirenix Solution/Sirenix.OdinInspector.Editor/Validation/Validators/SceneReference.cs Line: 119)

InvalidOperationException: Calling OpenScene Raisefrom assembly reloading callbacks are not supported.
  at (wrapper managed-to-native) UnityEditor.SceneManagement.EditorSceneManager.OpenScene_Injected(string,UnityEditor.SceneManagement.OpenSceneMode,UnityEngine.SceneManagement.Scene&)
  at UnityEditor.SceneManagement.EditorSceneManager.OpenScene (System.String scenePath, UnityEditor.SceneManagement.OpenSceneMode mode) [0x00000] in <63965ae56af7489797f355b7c1211ab2>:0 
  at Sirenix.OdinInspector.Editor.Validation.SceneReference.TryOpenScene (UnityEditor.SceneManagement.OpenSceneMode mode, UnityEngine.SceneManagement.Scene& scene) [0x00017] in C:\Sirenix\Sirenix Solution\Sirenix.OdinInspector.Editor\Validation\Validators\SceneReference.cs:114 
UnityEngine.DebugLogHandler:Internal_LogException(Exception, Object)
UnityEngine.DebugLogHandler:LogException(Exception, Object)
UnityEngine.Logger:LogException(Exception, Object)
UnityEngine.Debug:LogException(Exception)
Sirenix.OdinInspector.Editor.Validation.SceneReference:TryOpenScene(OpenSceneMode, Scene&) (at C:\Sirenix\Sirenix Solution\Sirenix.OdinInspector.Editor\Validation\Validators\SceneReference.cs:119)
Sirenix.OdinValidator.Editor.<ValidateCurrentWorkQueueEnumerator>d__59:MoveNext() (at C:\Sirenix\Sirenix Solution\Sirenix.OdinValidator.Editor\Core\ValidationSession.cs:557)
Sirenix.OdinValidator.Editor.<ValidateEverythingEnumeratorBatched>d__54:MoveNext() (at C:\Sirenix\Sirenix Solution\Sirenix.OdinValidator.Editor\Core\ValidationSession.cs:376)
Sirenix.OdinValidator.Editor.AutomationConfig:RunValidationScan(String, ValidationSetup, Boolean, Action, Boolean, Boolean, Boolean, Boolean, Boolean, Boolean, Boolean, Boolean) (at C:\Sirenix\Sirenix Solution\Sirenix.OdinValidator.Editor\Config\AutomationConfig.cs:305)
Sirenix.OdinValidator.Editor.AutomationConfig:ActuallyInitHooks() (at C:\Sirenix\Sirenix Solution\Sirenix.OdinValidator.Editor\Config\AutomationConfig.cs:186)
Sirenix.OdinValidator.Editor.AutomationConfig:InitHooks() (at C:\Sirenix\Sirenix Solution\Sirenix.OdinValidator.Editor\Config\AutomationConfig.cs:170)
System.Reflection.RuntimeMethodInfo:InternalInvoke(RuntimeMethodInfo, Object, Object[], Exception&)
System.Reflection.RuntimeMethodInfo:Invoke(Object, BindingFlags, Binder, Object[], CultureInfo)
System.Reflection.MethodBase:Invoke(Object, Object[])
UnityEditor.EditorAssemblies:ProcessInitializeOnLoadMethodAttributes()

(Filename: C:/Sirenix/Sirenix Solution/Sirenix.OdinInspector.Editor/Validation/Validators/SceneReference.cs Line: 119)

InvalidOperationException: Calling OpenScene Raisefrom assembly reloading callbacks are not supported.
  at (wrapper managed-to-native) UnityEditor.SceneManagement.EditorSceneManager.OpenScene_Injected(string,UnityEditor.SceneManagement.OpenSceneMode,UnityEngine.SceneManagement.Scene&)
  at UnityEditor.SceneManagement.EditorSceneManager.OpenScene (System.String scenePath, UnityEditor.SceneManagement.OpenSceneMode mode) [0x00000] in <63965ae56af7489797f355b7c1211ab2>:0 
  at Sirenix.OdinInspector.Editor.Validation.SceneReference.TryOpenScene (UnityEditor.SceneManagement.OpenSceneMode mode, UnityEngine.SceneManagement.Scene& scene) [0x00017] in C:\Sirenix\Sirenix Solution\Sirenix.OdinInspector.Editor\Validation\Validators\SceneReference.cs:114 
UnityEngine.DebugLogHandler:Internal_LogException(Exception, Object)
UnityEngine.DebugLogHandler:LogException(Exception, Object)
UnityEngine.Logger:LogException(Exception, Object)
UnityEngine.Debug:LogException(Exception)
Sirenix.OdinInspector.Editor.Validation.SceneReference:TryOpenScene(OpenSceneMode, Scene&) (at C:\Sirenix\Sirenix Solution\Sirenix.OdinInspector.Editor\Validation\Validators\SceneReference.cs:119)
Sirenix.OdinValidator.Editor.<ValidateCurrentWorkQueueEnumerator>d__59:MoveNext() (at C:\Sirenix\Sirenix Solution\Sirenix.OdinValidator.Editor\Core\ValidationSession.cs:557)
Sirenix.OdinValidator.Editor.<ValidateEverythingEnumeratorBatched>d__54:MoveNext() (at C:\Sirenix\Sirenix Solution\Sirenix.OdinValidator.Editor\Core\ValidationSession.cs:376)
Sirenix.OdinValidator.Editor.AutomationConfig:RunValidationScan(String, ValidationSetup, Boolean, Action, Boolean, Boolean, Boolean, Boolean, Boolean, Boolean, Boolean, Boolean) (at C:\Sirenix\Sirenix Solution\Sirenix.OdinValidator.Editor\Config\AutomationConfig.cs:305)
Sirenix.OdinValidator.Editor.AutomationConfig:ActuallyInitHooks() (at C:\Sirenix\Sirenix Solution\Sirenix.OdinValidator.Editor\Config\AutomationConfig.cs:186)
Sirenix.OdinValidator.Editor.AutomationConfig:InitHooks() (at C:\Sirenix\Sirenix Solution\Sirenix.OdinValidator.Editor\Config\AutomationConfig.cs:170)
System.Reflection.RuntimeMethodInfo:InternalInvoke(RuntimeMethodInfo, Object, Object[], Exception&)
System.Reflection.RuntimeMethodInfo:Invoke(Object, BindingFlags, Binder, Object[], CultureInfo)
System.Reflection.MethodBase:Invoke(Object, Object[])
UnityEditor.EditorAssemblies:ProcessInitializeOnLoadMethodAttributes()

(Filename: C:/Sirenix/Sirenix Solution/Sirenix.OdinInspector.Editor/Validation/Validators/SceneReference.cs Line: 119)

InvalidOperationException: Calling OpenScene Raisefrom assembly reloading callbacks are not supported.
  at (wrapper managed-to-native) UnityEditor.SceneManagement.EditorSceneManager.OpenScene_Injected(string,UnityEditor.SceneManagement.OpenSceneMode,UnityEngine.SceneManagement.Scene&)
  at UnityEditor.SceneManagement.EditorSceneManager.OpenScene (System.String scenePath, UnityEditor.SceneManagement.OpenSceneMode mode) [0x00000] in <63965ae56af7489797f355b7c1211ab2>:0 
  at Sirenix.OdinInspector.Editor.Validation.SceneReference.TryOpenScene (UnityEditor.SceneManagement.OpenSceneMode mode, UnityEngine.SceneManagement.Scene& scene) [0x00017] in C:\Sirenix\Sirenix Solution\Sirenix.OdinInspector.Editor\Validation\Validators\SceneReference.cs:114 
UnityEngine.DebugLogHandler:Internal_LogException(Exception, Object)
UnityEngine.DebugLogHandler:LogException(Exception, Object)
UnityEngine.Logger:LogException(Exception, Object)
UnityEngine.Debug:LogException(Exception)
Sirenix.OdinInspector.Editor.Validation.SceneReference:TryOpenScene(OpenSceneMode, Scene&) (at C:\Sirenix\Sirenix Solution\Sirenix.OdinInspector.Editor\Validation\Validators\SceneReference.cs:119)
Sirenix.OdinValidator.Editor.<ValidateCurrentWorkQueueEnumerator>d__59:MoveNext() (at C:\Sirenix\Sirenix Solution\Sirenix.OdinValidator.Editor\Core\ValidationSession.cs:557)
Sirenix.OdinValidator.Editor.<ValidateEverythingEnumeratorBatched>d__54:MoveNext() (at C:\Sirenix\Sirenix Solution\Sirenix.OdinValidator.Editor\Core\ValidationSession.cs:376)
Sirenix.OdinValidator.Editor.AutomationConfig:RunValidationScan(String, ValidationSetup, Boolean, Action, Boolean, Boolean, Boolean, Boolean, Boolean, Boolean, Boolean, Boolean) (at C:\Sirenix\Sirenix Solution\Sirenix.OdinValidator.Editor\Config\AutomationConfig.cs:305)
Sirenix.OdinValidator.Editor.AutomationConfig:ActuallyInitHooks() (at C:\Sirenix\Sirenix Solution\Sirenix.OdinValidator.Editor\Config\AutomationConfig.cs:186)
Sirenix.OdinValidator.Editor.AutomationConfig:InitHooks() (at C:\Sirenix\Sirenix Solution\Sirenix.OdinValidator.Editor\Config\AutomationConfig.cs:170)
System.Reflection.RuntimeMethodInfo:InternalInvoke(RuntimeMethodInfo, Object, Object[], Exception&)
System.Reflection.RuntimeMethodInfo:Invoke(Object, BindingFlags, Binder, Object[], CultureInfo)
System.Reflection.MethodBase:Invoke(Object, Object[])
UnityEditor.EditorAssemblies:ProcessInitializeOnLoadMethodAttributes()

(Filename: C:/Sirenix/Sirenix Solution/Sirenix.OdinInspector.Editor/Validation/Validators/SceneReference.cs Line: 119)

InvalidOperationException: Calling OpenScene Raisefrom assembly reloading callbacks are not supported.
  at (wrapper managed-to-native) UnityEditor.SceneManagement.EditorSceneManager.OpenScene_Injected(string,UnityEditor.SceneManagement.OpenSceneMode,UnityEngine.SceneManagement.Scene&)
  at UnityEditor.SceneManagement.EditorSceneManager.OpenScene (System.String scenePath, UnityEditor.SceneManagement.OpenSceneMode mode) [0x00000] in <63965ae56af7489797f355b7c1211ab2>:0 
  at Sirenix.OdinInspector.Editor.Validation.SceneReference.TryOpenScene (UnityEditor.SceneManagement.OpenSceneMode mode, UnityEngine.SceneManagement.Scene& scene) [0x00017] in C:\Sirenix\Sirenix Solution\Sirenix.OdinInspector.Editor\Validation\Validators\SceneReference.cs:114 
UnityEngine.DebugLogHandler:Internal_LogException(Exception, Object)
UnityEngine.DebugLogHandler:LogException(Exception, Object)
UnityEngine.Logger:LogException(Exception, Object)
UnityEngine.Debug:LogException(Exception)
Sirenix.OdinInspector.Editor.Validation.SceneReference:TryOpenScene(OpenSceneMode, Scene&) (at C:\Sirenix\Sirenix Solution\Sirenix.OdinInspector.Editor\Validation\Validators\SceneReference.cs:119)
Sirenix.OdinValidator.Editor.<ValidateCurrentWorkQueueEnumerator>d__59:MoveNext() (at C:\Sirenix\Sirenix Solution\Sirenix.OdinValidator.Editor\Core\ValidationSession.cs:557)
Sirenix.OdinValidator.Editor.<ValidateEverythingEnumeratorBatched>d__54:MoveNext() (at C:\Sirenix\Sirenix Solution\Sirenix.OdinValidator.Editor\Core\ValidationSession.cs:376)
Sirenix.OdinValidator.Editor.AutomationConfig:RunValidationScan(String, ValidationSetup, Boolean, Action, Boolean, Boolean, Boolean, Boolean, Boolean, Boolean, Boolean, Boolean) (at C:\Sirenix\Sirenix Solution\Sirenix.OdinValidator.Editor\Config\AutomationConfig.cs:305)
Sirenix.OdinValidator.Editor.AutomationConfig:ActuallyInitHooks() (at C:\Sirenix\Sirenix Solution\Sirenix.OdinValidator.Editor\Config\AutomationConfig.cs:186)
Sirenix.OdinValidator.Editor.AutomationConfig:InitHooks() (at C:\Sirenix\Sirenix Solution\Sirenix.OdinValidator.Editor\Config\AutomationConfig.cs:170)
System.Reflection.RuntimeMethodInfo:InternalInvoke(RuntimeMethodInfo, Object, Object[], Exception&)
System.Reflection.RuntimeMethodInfo:Invoke(Object, BindingFlags, Binder, Object[], CultureInfo)
System.Reflection.MethodBase:Invoke(Object, Object[])
UnityEditor.EditorAssemblies:ProcessInitializeOnLoadMethodAttributes()

(Filename: C:/Sirenix/Sirenix Solution/Sirenix.OdinInspector.Editor/Validation/Validators/SceneReference.cs Line: 119)

InvalidOperationException: Calling OpenScene Raisefrom assembly reloading callbacks are not supported.
  at (wrapper managed-to-native) UnityEditor.SceneManagement.EditorSceneManager.OpenScene_Injected(string,UnityEditor.SceneManagement.OpenSceneMode,UnityEngine.SceneManagement.Scene&)
  at UnityEditor.SceneManagement.EditorSceneManager.OpenScene (System.String scenePath, UnityEditor.SceneManagement.OpenSceneMode mode) [0x00000] in <63965ae56af7489797f355b7c1211ab2>:0 
  at Sirenix.OdinInspector.Editor.Validation.SceneReference.TryOpenScene (UnityEditor.SceneManagement.OpenSceneMode mode, UnityEngine.SceneManagement.Scene& scene) [0x00017] in C:\Sirenix\Sirenix Solution\Sirenix.OdinInspector.Editor\Validation\Validators\SceneReference.cs:114 
UnityEngine.DebugLogHandler:Internal_LogException(Exception, Object)
UnityEngine.DebugLogHandler:LogException(Exception, Object)
UnityEngine.Logger:LogException(Exception, Object)
UnityEngine.Debug:LogException(Exception)
Sirenix.OdinInspector.Editor.Validation.SceneReference:TryOpenScene(OpenSceneMode, Scene&) (at C:\Sirenix\Sirenix Solution\Sirenix.OdinInspector.Editor\Validation\Validators\SceneReference.cs:119)
Sirenix.OdinValidator.Editor.<ValidateCurrentWorkQueueEnumerator>d__59:MoveNext() (at C:\Sirenix\Sirenix Solution\Sirenix.OdinValidator.Editor\Core\ValidationSession.cs:557)
Sirenix.OdinValidator.Editor.<ValidateEverythingEnumeratorBatched>d__54:MoveNext() (at C:\Sirenix\Sirenix Solution\Sirenix.OdinValidator.Editor\Core\ValidationSession.cs:376)
Sirenix.OdinValidator.Editor.AutomationConfig:RunValidationScan(String, ValidationSetup, Boolean, Action, Boolean, Boolean, Boolean, Boolean, Boolean, Boolean, Boolean, Boolean) (at C:\Sirenix\Sirenix Solution\Sirenix.OdinValidator.Editor\Config\AutomationConfig.cs:305)
Sirenix.OdinValidator.Editor.AutomationConfig:ActuallyInitHooks() (at C:\Sirenix\Sirenix Solution\Sirenix.OdinValidator.Editor\Config\AutomationConfig.cs:186)
Sirenix.OdinValidator.Editor.AutomationConfig:InitHooks() (at C:\Sirenix\Sirenix Solution\Sirenix.OdinValidator.Editor\Config\AutomationConfig.cs:170)
System.Reflection.RuntimeMethodInfo:InternalInvoke(RuntimeMethodInfo, Object, Object[], Exception&)
System.Reflection.RuntimeMethodInfo:Invoke(Object, BindingFlags, Binder, Object[], CultureInfo)
System.Reflection.MethodBase:Invoke(Object, Object[])
UnityEditor.EditorAssemblies:ProcessInitializeOnLoadMethodAttributes()

(Filename: C:/Sirenix/Sirenix Solution/Sirenix.OdinInspector.Editor/Validation/Validators/SceneReference.cs Line: 119)

InvalidOperationException: Calling OpenScene Raisefrom assembly reloading callbacks are not supported.
  at (wrapper managed-to-native) UnityEditor.SceneManagement.EditorSceneManager.OpenScene_Injected(string,UnityEditor.SceneManagement.OpenSceneMode,UnityEngine.SceneManagement.Scene&)
  at UnityEditor.SceneManagement.EditorSceneManager.OpenScene (System.String scenePath, UnityEditor.SceneManagement.OpenSceneMode mode) [0x00000] in <63965ae56af7489797f355b7c1211ab2>:0 
  at Sirenix.OdinInspector.Editor.Validation.SceneReference.TryOpenScene (UnityEditor.SceneManagement.OpenSceneMode mode, UnityEngine.SceneManagement.Scene& scene) [0x00017] in C:\Sirenix\Sirenix Solution\Sirenix.OdinInspector.Editor\Validation\Validators\SceneReference.cs:114 
UnityEngine.DebugLogHandler:Internal_LogException(Exception, Object)
UnityEngine.DebugLogHandler:LogException(Exception, Object)
UnityEngine.Logger:LogException(Exception, Object)
UnityEngine.Debug:LogException(Exception)
Sirenix.OdinInspector.Editor.Validation.SceneReference:TryOpenScene(OpenSceneMode, Scene&) (at C:\Sirenix\Sirenix Solution\Sirenix.OdinInspector.Editor\Validation\Validators\SceneReference.cs:119)
Sirenix.OdinValidator.Editor.<ValidateCurrentWorkQueueEnumerator>d__59:MoveNext() (at C:\Sirenix\Sirenix Solution\Sirenix.OdinValidator.Editor\Core\ValidationSession.cs:557)
Sirenix.OdinValidator.Editor.<ValidateEverythingEnumeratorBatched>d__54:MoveNext() (at C:\Sirenix\Sirenix Solution\Sirenix.OdinValidator.Editor\Core\ValidationSession.cs:376)
Sirenix.OdinValidator.Editor.AutomationConfig:RunValidationScan(String, ValidationSetup, Boolean, Action, Boolean, Boolean, Boolean, Boolean, Boolean, Boolean, Boolean, Boolean) (at C:\Sirenix\Sirenix Solution\Sirenix.OdinValidator.Editor\Config\AutomationConfig.cs:305)
Sirenix.OdinValidator.Editor.AutomationConfig:ActuallyInitHooks() (at C:\Sirenix\Sirenix Solution\Sirenix.OdinValidator.Editor\Config\AutomationConfig.cs:186)
Sirenix.OdinValidator.Editor.AutomationConfig:InitHooks() (at C:\Sirenix\Sirenix Solution\Sirenix.OdinValidator.Editor\Config\AutomationConfig.cs:170)
System.Reflection.RuntimeMethodInfo:InternalInvoke(RuntimeMethodInfo, Object, Object[], Exception&)
System.Reflection.RuntimeMethodInfo:Invoke(Object, BindingFlags, Binder, Object[], CultureInfo)
System.Reflection.MethodBase:Invoke(Object, Object[])
UnityEditor.EditorAssemblies:ProcessInitializeOnLoadMethodAttributes()

(Filename: C:/Sirenix/Sirenix Solution/Sirenix.OdinInspector.Editor/Validation/Validators/SceneReference.cs Line: 119)

InvalidOperationException: Calling OpenScene Raisefrom assembly reloading callbacks are not supported.
  at (wrapper managed-to-native) UnityEditor.SceneManagement.EditorSceneManager.OpenScene_Injected(string,UnityEditor.SceneManagement.OpenSceneMode,UnityEngine.SceneManagement.Scene&)
  at UnityEditor.SceneManagement.EditorSceneManager.OpenScene (System.String scenePath, UnityEditor.SceneManagement.OpenSceneMode mode) [0x00000] in <63965ae56af7489797f355b7c1211ab2>:0 
  at Sirenix.OdinInspector.Editor.Validation.SceneReference.TryOpenScene (UnityEditor.SceneManagement.OpenSceneMode mode, UnityEngine.SceneManagement.Scene& scene) [0x00017] in C:\Sirenix\Sirenix Solution\Sirenix.OdinInspector.Editor\Validation\Validators\SceneReference.cs:114 
UnityEngine.DebugLogHandler:Internal_LogException(Exception, Object)
UnityEngine.DebugLogHandler:LogException(Exception, Object)
UnityEngine.Logger:LogException(Exception, Object)
UnityEngine.Debug:LogException(Exception)
Sirenix.OdinInspector.Editor.Validation.SceneReference:TryOpenScene(OpenSceneMode, Scene&) (at C:\Sirenix\Sirenix Solution\Sirenix.OdinInspector.Editor\Validation\Validators\SceneReference.cs:119)
Sirenix.OdinValidator.Editor.<ValidateCurrentWorkQueueEnumerator>d__59:MoveNext() (at C:\Sirenix\Sirenix Solution\Sirenix.OdinValidator.Editor\Core\ValidationSession.cs:557)
Sirenix.OdinValidator.Editor.<ValidateEverythingEnumeratorBatched>d__54:MoveNext() (at C:\Sirenix\Sirenix Solution\Sirenix.OdinValidator.Editor\Core\ValidationSession.cs:376)
Sirenix.OdinValidator.Editor.AutomationConfig:RunValidationScan(String, ValidationSetup, Boolean, Action, Boolean, Boolean, Boolean, Boolean, Boolean, Boolean, Boolean, Boolean) (at C:\Sirenix\Sirenix Solution\Sirenix.OdinValidator.Editor\Config\AutomationConfig.cs:305)
Sirenix.OdinValidator.Editor.AutomationConfig:ActuallyInitHooks() (at C:\Sirenix\Sirenix Solution\Sirenix.OdinValidator.Editor\Config\AutomationConfig.cs:186)
Sirenix.OdinValidator.Editor.AutomationConfig:InitHooks() (at C:\Sirenix\Sirenix Solution\Sirenix.OdinValidator.Editor\Config\AutomationConfig.cs:170)
System.Reflection.RuntimeMethodInfo:InternalInvoke(RuntimeMethodInfo, Object, Object[], Exception&)
System.Reflection.RuntimeMethodInfo:Invoke(Object, BindingFlags, Binder, Object[], CultureInfo)
System.Reflection.MethodBase:Invoke(Object, Object[])
UnityEditor.EditorAssemblies:ProcessInitializeOnLoadMethodAttributes()

(Filename: C:/Sirenix/Sirenix Solution/Sirenix.OdinInspector.Editor/Validation/Validators/SceneReference.cs Line: 119)

InvalidOperationException: Calling OpenScene Raisefrom assembly reloading callbacks are not supported.
  at (wrapper managed-to-native) UnityEditor.SceneManagement.EditorSceneManager.OpenScene_Injected(string,UnityEditor.SceneManagement.OpenSceneMode,UnityEngine.SceneManagement.Scene&)
  at UnityEditor.SceneManagement.EditorSceneManager.OpenScene (System.String scenePath, UnityEditor.SceneManagement.OpenSceneMode mode) [0x00000] in <63965ae56af7489797f355b7c1211ab2>:0 
  at Sirenix.OdinInspector.Editor.Validation.SceneReference.TryOpenScene (UnityEditor.SceneManagement.OpenSceneMode mode, UnityEngine.SceneManagement.Scene& scene) [0x00017] in C:\Sirenix\Sirenix Solution\Sirenix.OdinInspector.Editor\Validation\Validators\SceneReference.cs:114 
UnityEngine.DebugLogHandler:Internal_LogException(Exception, Object)
UnityEngine.DebugLogHandler:LogException(Exception, Object)
UnityEngine.Logger:LogException(Exception, Object)
UnityEngine.Debug:LogException(Exception)
Sirenix.OdinInspector.Editor.Validation.SceneReference:TryOpenScene(OpenSceneMode, Scene&) (at C:\Sirenix\Sirenix Solution\Sirenix.OdinInspector.Editor\Validation\Validators\SceneReference.cs:119)
Sirenix.OdinValidator.Editor.<ValidateCurrentWorkQueueEnumerator>d__59:MoveNext() (at C:\Sirenix\Sirenix Solution\Sirenix.OdinValidator.Editor\Core\ValidationSession.cs:557)
Sirenix.OdinValidator.Editor.<ValidateEverythingEnumeratorBatched>d__54:MoveNext() (at C:\Sirenix\Sirenix Solution\Sirenix.OdinValidator.Editor\Core\ValidationSession.cs:376)
Sirenix.OdinValidator.Editor.AutomationConfig:RunValidationScan(String, ValidationSetup, Boolean, Action, Boolean, Boolean, Boolean, Boolean, Boolean, Boolean, Boolean, Boolean) (at C:\Sirenix\Sirenix Solution\Sirenix.OdinValidator.Editor\Config\AutomationConfig.cs:305)
Sirenix.OdinValidator.Editor.AutomationConfig:ActuallyInitHooks() (at C:\Sirenix\Sirenix Solution\Sirenix.OdinValidator.Editor\Config\AutomationConfig.cs:186)
Sirenix.OdinValidator.Editor.AutomationConfig:InitHooks() (at C:\Sirenix\Sirenix Solution\Sirenix.OdinValidator.Editor\Config\AutomationConfig.cs:170)
System.Reflection.RuntimeMethodInfo:InternalInvoke(RuntimeMethodInfo, Object, Object[], Exception&)
System.Reflection.RuntimeMethodInfo:Invoke(Object, BindingFlags, Binder, Object[], CultureInfo)
System.Reflection.MethodBase:Invoke(Object, Object[])
UnityEditor.EditorAssemblies:ProcessInitializeOnLoadMethodAttributes()

(Filename: C:/Sirenix/Sirenix Solution/Sirenix.OdinInspector.Editor/Validation/Validators/SceneReference.cs Line: 119)

InvalidOperationException: Calling OpenScene Raisefrom assembly reloading callbacks are not supported.
  at (wrapper managed-to-native) UnityEditor.SceneManagement.EditorSceneManager.OpenScene_Injected(string,UnityEditor.SceneManagement.OpenSceneMode,UnityEngine.SceneManagement.Scene&)
  at UnityEditor.SceneManagement.EditorSceneManager.OpenScene (System.String scenePath, UnityEditor.SceneManagement.OpenSceneMode mode) [0x00000] in <63965ae56af7489797f355b7c1211ab2>:0 
  at Sirenix.OdinInspector.Editor.Validation.SceneReference.TryOpenScene (UnityEditor.SceneManagement.OpenSceneMode mode, UnityEngine.SceneManagement.Scene& scene) [0x00017] in C:\Sirenix\Sirenix Solution\Sirenix.OdinInspector.Editor\Validation\Validators\SceneReference.cs:114 
UnityEngine.DebugLogHandler:Internal_LogException(Exception, Object)
UnityEngine.DebugLogHandler:LogException(Exception, Object)
UnityEngine.Logger:LogException(Exception, Object)
UnityEngine.Debug:LogException(Exception)
Sirenix.OdinInspector.Editor.Validation.SceneReference:TryOpenScene(OpenSceneMode, Scene&) (at C:\Sirenix\Sirenix Solution\Sirenix.OdinInspector.Editor\Validation\Validators\SceneReference.cs:119)
Sirenix.OdinValidator.Editor.<ValidateCurrentWorkQueueEnumerator>d__59:MoveNext() (at C:\Sirenix\Sirenix Solution\Sirenix.OdinValidator.Editor\Core\ValidationSession.cs:557)
Sirenix.OdinValidator.Editor.<ValidateEverythingEnumeratorBatched>d__54:MoveNext() (at C:\Sirenix\Sirenix Solution\Sirenix.OdinValidator.Editor\Core\ValidationSession.cs:376)
Sirenix.OdinValidator.Editor.AutomationConfig:RunValidationScan(String, ValidationSetup, Boolean, Action, Boolean, Boolean, Boolean, Boolean, Boolean, Boolean, Boolean, Boolean) (at C:\Sirenix\Sirenix Solution\Sirenix.OdinValidator.Editor\Config\AutomationConfig.cs:305)
Sirenix.OdinValidator.Editor.AutomationConfig:ActuallyInitHooks() (at C:\Sirenix\Sirenix Solution\Sirenix.OdinValidator.Editor\Config\AutomationConfig.cs:186)
Sirenix.OdinValidator.Editor.AutomationConfig:InitHooks() (at C:\Sirenix\Sirenix Solution\Sirenix.OdinValidator.Editor\Config\AutomationConfig.cs:170)
System.Reflection.RuntimeMethodInfo:InternalInvoke(RuntimeMethodInfo, Object, Object[], Exception&)
System.Reflection.RuntimeMethodInfo:Invoke(Object, BindingFlags, Binder, Object[], CultureInfo)
System.Reflection.MethodBase:Invoke(Object, Object[])
UnityEditor.EditorAssemblies:ProcessInitializeOnLoadMethodAttributes()

(Filename: C:/Sirenix/Sirenix Solution/Sirenix.OdinInspector.Editor/Validation/Validators/SceneReference.cs Line: 119)

InvalidOperationException: Calling OpenScene Raisefrom assembly reloading callbacks are not supported.
  at (wrapper managed-to-native) UnityEditor.SceneManagement.EditorSceneManager.OpenScene_Injected(string,UnityEditor.SceneManagement.OpenSceneMode,UnityEngine.SceneManagement.Scene&)
  at UnityEditor.SceneManagement.EditorSceneManager.OpenScene (System.String scenePath, UnityEditor.SceneManagement.OpenSceneMode mode) [0x00000] in <63965ae56af7489797f355b7c1211ab2>:0 
  at Sirenix.OdinInspector.Editor.Validation.SceneReference.TryOpenScene (UnityEditor.SceneManagement.OpenSceneMode mode, UnityEngine.SceneManagement.Scene& scene) [0x00017] in C:\Sirenix\Sirenix Solution\Sirenix.OdinInspector.Editor\Validation\Validators\SceneReference.cs:114 
UnityEngine.DebugLogHandler:Internal_LogException(Exception, Object)
UnityEngine.DebugLogHandler:LogException(Exception, Object)
UnityEngine.Logger:LogException(Exception, Object)
UnityEngine.Debug:LogException(Exception)
Sirenix.OdinInspector.Editor.Validation.SceneReference:TryOpenScene(OpenSceneMode, Scene&) (at C:\Sirenix\Sirenix Solution\Sirenix.OdinInspector.Editor\Validation\Validators\SceneReference.cs:119)
Sirenix.OdinValidator.Editor.<ValidateCurrentWorkQueueEnumerator>d__59:MoveNext() (at C:\Sirenix\Sirenix Solution\Sirenix.OdinValidator.Editor\Core\ValidationSession.cs:557)
Sirenix.OdinValidator.Editor.<ValidateEverythingEnumeratorBatched>d__54:MoveNext() (at C:\Sirenix\Sirenix Solution\Sirenix.OdinValidator.Editor\Core\ValidationSession.cs:376)
Sirenix.OdinValidator.Editor.AutomationConfig:RunValidationScan(String, ValidationSetup, Boolean, Action, Boolean, Boolean, Boolean, Boolean, Boolean, Boolean, Boolean, Boolean) (at C:\Sirenix\Sirenix Solution\Sirenix.OdinValidator.Editor\Config\AutomationConfig.cs:305)
Sirenix.OdinValidator.Editor.AutomationConfig:ActuallyInitHooks() (at C:\Sirenix\Sirenix Solution\Sirenix.OdinValidator.Editor\Config\AutomationConfig.cs:186)
Sirenix.OdinValidator.Editor.AutomationConfig:InitHooks() (at C:\Sirenix\Sirenix Solution\Sirenix.OdinValidator.Editor\Config\AutomationConfig.cs:170)
System.Reflection.RuntimeMethodInfo:InternalInvoke(RuntimeMethodInfo, Object, Object[], Exception&)
System.Reflection.RuntimeMethodInfo:Invoke(Object, BindingFlags, Binder, Object[], CultureInfo)
System.Reflection.MethodBase:Invoke(Object, Object[])
UnityEditor.EditorAssemblies:ProcessInitializeOnLoadMethodAttributes()

(Filename: C:/Sirenix/Sirenix Solution/Sirenix.OdinInspector.Editor/Validation/Validators/SceneReference.cs Line: 119)

InvalidOperationException: Calling OpenScene Raisefrom assembly reloading callbacks are not supported.
  at (wrapper managed-to-native) UnityEditor.SceneManagement.EditorSceneManager.OpenScene_Injected(string,UnityEditor.SceneManagement.OpenSceneMode,UnityEngine.SceneManagement.Scene&)
  at UnityEditor.SceneManagement.EditorSceneManager.OpenScene (System.String scenePath, UnityEditor.SceneManagement.OpenSceneMode mode) [0x00000] in <63965ae56af7489797f355b7c1211ab2>:0 
  at Sirenix.OdinInspector.Editor.Validation.SceneReference.TryOpenScene (UnityEditor.SceneManagement.OpenSceneMode mode, UnityEngine.SceneManagement.Scene& scene) [0x00017] in C:\Sirenix\Sirenix Solution\Sirenix.OdinInspector.Editor\Validation\Validators\SceneReference.cs:114 
UnityEngine.DebugLogHandler:Internal_LogException(Exception, Object)
UnityEngine.DebugLogHandler:LogException(Exception, Object)
UnityEngine.Logger:LogException(Exception, Object)
UnityEngine.Debug:LogException(Exception)
Sirenix.OdinInspector.Editor.Validation.SceneReference:TryOpenScene(OpenSceneMode, Scene&) (at C:\Sirenix\Sirenix Solution\Sirenix.OdinInspector.Editor\Validation\Validators\SceneReference.cs:119)
Sirenix.OdinValidator.Editor.<ValidateCurrentWorkQueueEnumerator>d__59:MoveNext() (at C:\Sirenix\Sirenix Solution\Sirenix.OdinValidator.Editor\Core\ValidationSession.cs:557)
Sirenix.OdinValidator.Editor.<ValidateEverythingEnumeratorBatched>d__54:MoveNext() (at C:\Sirenix\Sirenix Solution\Sirenix.OdinValidator.Editor\Core\ValidationSession.cs:376)
Sirenix.OdinValidator.Editor.AutomationConfig:RunValidationScan(String, ValidationSetup, Boolean, Action, Boolean, Boolean, Boolean, Boolean, Boolean, Boolean, Boolean, Boolean) (at C:\Sirenix\Sirenix Solution\Sirenix.OdinValidator.Editor\Config\AutomationConfig.cs:305)
Sirenix.OdinValidator.Editor.AutomationConfig:ActuallyInitHooks() (at C:\Sirenix\Sirenix Solution\Sirenix.OdinValidator.Editor\Config\AutomationConfig.cs:186)
Sirenix.OdinValidator.Editor.AutomationConfig:InitHooks() (at C:\Sirenix\Sirenix Solution\Sirenix.OdinValidator.Editor\Config\AutomationConfig.cs:170)
System.Reflection.RuntimeMethodInfo:InternalInvoke(RuntimeMethodInfo, Object, Object[], Exception&)
System.Reflection.RuntimeMethodInfo:Invoke(Object, BindingFlags, Binder, Object[], CultureInfo)
System.Reflection.MethodBase:Invoke(Object, Object[])
UnityEditor.EditorAssemblies:ProcessInitializeOnLoadMethodAttributes()

(Filename: C:/Sirenix/Sirenix Solution/Sirenix.OdinInspector.Editor/Validation/Validators/SceneReference.cs Line: 119)

InvalidOperationException: Calling OpenScene Raisefrom assembly reloading callbacks are not supported.
  at (wrapper managed-to-native) UnityEditor.SceneManagement.EditorSceneManager.OpenScene_Injected(string,UnityEditor.SceneManagement.OpenSceneMode,UnityEngine.SceneManagement.Scene&)
  at UnityEditor.SceneManagement.EditorSceneManager.OpenScene (System.String scenePath, UnityEditor.SceneManagement.OpenSceneMode mode) [0x00000] in <63965ae56af7489797f355b7c1211ab2>:0 
  at Sirenix.OdinInspector.Editor.Validation.SceneReference.TryOpenScene (UnityEditor.SceneManagement.OpenSceneMode mode, UnityEngine.SceneManagement.Scene& scene) [0x00017] in C:\Sirenix\Sirenix Solution\Sirenix.OdinInspector.Editor\Validation\Validators\SceneReference.cs:114 
UnityEngine.DebugLogHandler:Internal_LogException(Exception, Object)
UnityEngine.DebugLogHandler:LogException(Exception, Object)
UnityEngine.Logger:LogException(Exception, Object)
UnityEngine.Debug:LogException(Exception)
Sirenix.OdinInspector.Editor.Validation.SceneReference:TryOpenScene(OpenSceneMode, Scene&) (at C:\Sirenix\Sirenix Solution\Sirenix.OdinInspector.Editor\Validation\Validators\SceneReference.cs:119)
Sirenix.OdinValidator.Editor.<ValidateCurrentWorkQueueEnumerator>d__59:MoveNext() (at C:\Sirenix\Sirenix Solution\Sirenix.OdinValidator.Editor\Core\ValidationSession.cs:557)
Sirenix.OdinValidator.Editor.<ValidateEverythingEnumeratorBatched>d__54:MoveNext() (at C:\Sirenix\Sirenix Solution\Sirenix.OdinValidator.Editor\Core\ValidationSession.cs:376)
Sirenix.OdinValidator.Editor.AutomationConfig:RunValidationScan(String, ValidationSetup, Boolean, Action, Boolean, Boolean, Boolean, Boolean, Boolean, Boolean, Boolean, Boolean) (at C:\Sirenix\Sirenix Solution\Sirenix.OdinValidator.Editor\Config\AutomationConfig.cs:305)
Sirenix.OdinValidator.Editor.AutomationConfig:ActuallyInitHooks() (at C:\Sirenix\Sirenix Solution\Sirenix.OdinValidator.Editor\Config\AutomationConfig.cs:186)
Sirenix.OdinValidator.Editor.AutomationConfig:InitHooks() (at C:\Sirenix\Sirenix Solution\Sirenix.OdinValidator.Editor\Config\AutomationConfig.cs:170)
System.Reflection.RuntimeMethodInfo:InternalInvoke(RuntimeMethodInfo, Object, Object[], Exception&)
System.Reflection.RuntimeMethodInfo:Invoke(Object, BindingFlags, Binder, Object[], CultureInfo)
System.Reflection.MethodBase:Invoke(Object, Object[])
UnityEditor.EditorAssemblies:ProcessInitializeOnLoadMethodAttributes()

(Filename: C:/Sirenix/Sirenix Solution/Sirenix.OdinInspector.Editor/Validation/Validators/SceneReference.cs Line: 119)

InvalidOperationException: Calling OpenScene Raisefrom assembly reloading callbacks are not supported.
  at (wrapper managed-to-native) UnityEditor.SceneManagement.EditorSceneManager.OpenScene_Injected(string,UnityEditor.SceneManagement.OpenSceneMode,UnityEngine.SceneManagement.Scene&)
  at UnityEditor.SceneManagement.EditorSceneManager.OpenScene (System.String scenePath, UnityEditor.SceneManagement.OpenSceneMode mode) [0x00000] in <63965ae56af7489797f355b7c1211ab2>:0 
  at Sirenix.OdinInspector.Editor.Validation.SceneReference.TryOpenScene (UnityEditor.SceneManagement.OpenSceneMode mode, UnityEngine.SceneManagement.Scene& scene) [0x00017] in C:\Sirenix\Sirenix Solution\Sirenix.OdinInspector.Editor\Validation\Validators\SceneReference.cs:114 
UnityEngine.DebugLogHandler:Internal_LogException(Exception, Object)
UnityEngine.DebugLogHandler:LogException(Exception, Object)
UnityEngine.Logger:LogException(Exception, Object)
UnityEngine.Debug:LogException(Exception)
Sirenix.OdinInspector.Editor.Validation.SceneReference:TryOpenScene(OpenSceneMode, Scene&) (at C:\Sirenix\Sirenix Solution\Sirenix.OdinInspector.Editor\Validation\Validators\SceneReference.cs:119)
Sirenix.OdinValidator.Editor.<ValidateCurrentWorkQueueEnumerator>d__59:MoveNext() (at C:\Sirenix\Sirenix Solution\Sirenix.OdinValidator.Editor\Core\ValidationSession.cs:557)
Sirenix.OdinValidator.Editor.<ValidateEverythingEnumeratorBatched>d__54:MoveNext() (at C:\Sirenix\Sirenix Solution\Sirenix.OdinValidator.Editor\Core\ValidationSession.cs:376)
Sirenix.OdinValidator.Editor.AutomationConfig:RunValidationScan(String, ValidationSetup, Boolean, Action, Boolean, Boolean, Boolean, Boolean, Boolean, Boolean, Boolean, Boolean) (at C:\Sirenix\Sirenix Solution\Sirenix.OdinValidator.Editor\Config\AutomationConfig.cs:305)
Sirenix.OdinValidator.Editor.AutomationConfig:ActuallyInitHooks() (at C:\Sirenix\Sirenix Solution\Sirenix.OdinValidator.Editor\Config\AutomationConfig.cs:186)
Sirenix.OdinValidator.Editor.AutomationConfig:InitHooks() (at C:\Sirenix\Sirenix Solution\Sirenix.OdinValidator.Editor\Config\AutomationConfig.cs:170)
System.Reflection.RuntimeMethodInfo:InternalInvoke(RuntimeMethodInfo, Object, Object[], Exception&)
System.Reflection.RuntimeMethodInfo:Invoke(Object, BindingFlags, Binder, Object[], CultureInfo)
System.Reflection.MethodBase:Invoke(Object, Object[])
UnityEditor.EditorAssemblies:ProcessInitializeOnLoadMethodAttributes()

(Filename: C:/Sirenix/Sirenix Solution/Sirenix.OdinInspector.Editor/Validation/Validators/SceneReference.cs Line: 119)

InvalidOperationException: Calling OpenScene Raisefrom assembly reloading callbacks are not supported.
  at (wrapper managed-to-native) UnityEditor.SceneManagement.EditorSceneManager.OpenScene_Injected(string,UnityEditor.SceneManagement.OpenSceneMode,UnityEngine.SceneManagement.Scene&)
  at UnityEditor.SceneManagement.EditorSceneManager.OpenScene (System.String scenePath, UnityEditor.SceneManagement.OpenSceneMode mode) [0x00000] in <63965ae56af7489797f355b7c1211ab2>:0 
  at Sirenix.OdinInspector.Editor.Validation.SceneReference.TryOpenScene (UnityEditor.SceneManagement.OpenSceneMode mode, UnityEngine.SceneManagement.Scene& scene) [0x00017] in C:\Sirenix\Sirenix Solution\Sirenix.OdinInspector.Editor\Validation\Validators\SceneReference.cs:114 
UnityEngine.DebugLogHandler:Internal_LogException(Exception, Object)
UnityEngine.DebugLogHandler:LogException(Exception, Object)
UnityEngine.Logger:LogException(Exception, Object)
UnityEngine.Debug:LogException(Exception)
Sirenix.OdinInspector.Editor.Validation.SceneReference:TryOpenScene(OpenSceneMode, Scene&) (at C:\Sirenix\Sirenix Solution\Sirenix.OdinInspector.Editor\Validation\Validators\SceneReference.cs:119)
Sirenix.OdinValidator.Editor.<ValidateCurrentWorkQueueEnumerator>d__59:MoveNext() (at C:\Sirenix\Sirenix Solution\Sirenix.OdinValidator.Editor\Core\ValidationSession.cs:557)
Sirenix.OdinValidator.Editor.<ValidateEverythingEnumeratorBatched>d__54:MoveNext() (at C:\Sirenix\Sirenix Solution\Sirenix.OdinValidator.Editor\Core\ValidationSession.cs:376)
Sirenix.OdinValidator.Editor.AutomationConfig:RunValidationScan(String, ValidationSetup, Boolean, Action, Boolean, Boolean, Boolean, Boolean, Boolean, Boolean, Boolean, Boolean) (at C:\Sirenix\Sirenix Solution\Sirenix.OdinValidator.Editor\Config\AutomationConfig.cs:305)
Sirenix.OdinValidator.Editor.AutomationConfig:ActuallyInitHooks() (at C:\Sirenix\Sirenix Solution\Sirenix.OdinValidator.Editor\Config\AutomationConfig.cs:186)
Sirenix.OdinValidator.Editor.AutomationConfig:InitHooks() (at C:\Sirenix\Sirenix Solution\Sirenix.OdinValidator.Editor\Config\AutomationConfig.cs:170)
System.Reflection.RuntimeMethodInfo:InternalInvoke(RuntimeMethodInfo, Object, Object[], Exception&)
System.Reflection.RuntimeMethodInfo:Invoke(Object, BindingFlags, Binder, Object[], CultureInfo)
System.Reflection.MethodBase:Invoke(Object, Object[])
UnityEditor.EditorAssemblies:ProcessInitializeOnLoadMethodAttributes()

(Filename: C:/Sirenix/Sirenix Solution/Sirenix.OdinInspector.Editor/Validation/Validators/SceneReference.cs Line: 119)

InvalidOperationException: Calling OpenScene Raisefrom assembly reloading callbacks are not supported.
  at (wrapper managed-to-native) UnityEditor.SceneManagement.EditorSceneManager.OpenScene_Injected(string,UnityEditor.SceneManagement.OpenSceneMode,UnityEngine.SceneManagement.Scene&)
  at UnityEditor.SceneManagement.EditorSceneManager.OpenScene (System.String scenePath, UnityEditor.SceneManagement.OpenSceneMode mode) [0x00000] in <63965ae56af7489797f355b7c1211ab2>:0 
  at Sirenix.OdinInspector.Editor.Validation.SceneReference.TryOpenScene (UnityEditor.SceneManagement.OpenSceneMode mode, UnityEngine.SceneManagement.Scene& scene) [0x00017] in C:\Sirenix\Sirenix Solution\Sirenix.OdinInspector.Editor\Validation\Validators\SceneReference.cs:114 
UnityEngine.DebugLogHandler:Internal_LogException(Exception, Object)
UnityEngine.DebugLogHandler:LogException(Exception, Object)
UnityEngine.Logger:LogException(Exception, Object)
UnityEngine.Debug:LogException(Exception)
Sirenix.OdinInspector.Editor.Validation.SceneReference:TryOpenScene(OpenSceneMode, Scene&) (at C:\Sirenix\Sirenix Solution\Sirenix.OdinInspector.Editor\Validation\Validators\SceneReference.cs:119)
Sirenix.OdinValidator.Editor.<ValidateCurrentWorkQueueEnumerator>d__59:MoveNext() (at C:\Sirenix\Sirenix Solution\Sirenix.OdinValidator.Editor\Core\ValidationSession.cs:557)
Sirenix.OdinValidator.Editor.<ValidateEverythingEnumeratorBatched>d__54:MoveNext() (at C:\Sirenix\Sirenix Solution\Sirenix.OdinValidator.Editor\Core\ValidationSession.cs:376)
Sirenix.OdinValidator.Editor.AutomationConfig:RunValidationScan(String, ValidationSetup, Boolean, Action, Boolean, Boolean, Boolean, Boolean, Boolean, Boolean, Boolean, Boolean) (at C:\Sirenix\Sirenix Solution\Sirenix.OdinValidator.Editor\Config\AutomationConfig.cs:305)
Sirenix.OdinValidator.Editor.AutomationConfig:ActuallyInitHooks() (at C:\Sirenix\Sirenix Solution\Sirenix.OdinValidator.Editor\Config\AutomationConfig.cs:186)
Sirenix.OdinValidator.Editor.AutomationConfig:InitHooks() (at C:\Sirenix\Sirenix Solution\Sirenix.OdinValidator.Editor\Config\AutomationConfig.cs:170)
System.Reflection.RuntimeMethodInfo:InternalInvoke(RuntimeMethodInfo, Object, Object[], Exception&)
System.Reflection.RuntimeMethodInfo:Invoke(Object, BindingFlags, Binder, Object[], CultureInfo)
System.Reflection.MethodBase:Invoke(Object, Object[])
UnityEditor.EditorAssemblies:ProcessInitializeOnLoadMethodAttributes()

(Filename: C:/Sirenix/Sirenix Solution/Sirenix.OdinInspector.Editor/Validation/Validators/SceneReference.cs Line: 119)

InvalidOperationException: Calling OpenScene Raisefrom assembly reloading callbacks are not supported.
  at (wrapper managed-to-native) UnityEditor.SceneManagement.EditorSceneManager.OpenScene_Injected(string,UnityEditor.SceneManagement.OpenSceneMode,UnityEngine.SceneManagement.Scene&)
  at UnityEditor.SceneManagement.EditorSceneManager.OpenScene (System.String scenePath, UnityEditor.SceneManagement.OpenSceneMode mode) [0x00000] in <63965ae56af7489797f355b7c1211ab2>:0 
  at Sirenix.OdinInspector.Editor.Validation.SceneReference.TryOpenScene (UnityEditor.SceneManagement.OpenSceneMode mode, UnityEngine.SceneManagement.Scene& scene) [0x00017] in C:\Sirenix\Sirenix Solution\Sirenix.OdinInspector.Editor\Validation\Validators\SceneReference.cs:114 
UnityEngine.DebugLogHandler:Internal_LogException(Exception, Object)
UnityEngine.DebugLogHandler:LogException(Exception, Object)
UnityEngine.Logger:LogException(Exception, Object)
UnityEngine.Debug:LogException(Exception)
Sirenix.OdinInspector.Editor.Validation.SceneReference:TryOpenScene(OpenSceneMode, Scene&) (at C:\Sirenix\Sirenix Solution\Sirenix.OdinInspector.Editor\Validation\Validators\SceneReference.cs:119)
Sirenix.OdinValidator.Editor.<ValidateCurrentWorkQueueEnumerator>d__59:MoveNext() (at C:\Sirenix\Sirenix Solution\Sirenix.OdinValidator.Editor\Core\ValidationSession.cs:557)
Sirenix.OdinValidator.Editor.<ValidateEverythingEnumeratorBatched>d__54:MoveNext() (at C:\Sirenix\Sirenix Solution\Sirenix.OdinValidator.Editor\Core\ValidationSession.cs:376)
Sirenix.OdinValidator.Editor.AutomationConfig:RunValidationScan(String, ValidationSetup, Boolean, Action, Boolean, Boolean, Boolean, Boolean, Boolean, Boolean, Boolean, Boolean) (at C:\Sirenix\Sirenix Solution\Sirenix.OdinValidator.Editor\Config\AutomationConfig.cs:305)
Sirenix.OdinValidator.Editor.AutomationConfig:ActuallyInitHooks() (at C:\Sirenix\Sirenix Solution\Sirenix.OdinValidator.Editor\Config\AutomationConfig.cs:186)
Sirenix.OdinValidator.Editor.AutomationConfig:InitHooks() (at C:\Sirenix\Sirenix Solution\Sirenix.OdinValidator.Editor\Config\AutomationConfig.cs:170)
System.Reflection.RuntimeMethodInfo:InternalInvoke(RuntimeMethodInfo, Object, Object[], Exception&)
System.Reflection.RuntimeMethodInfo:Invoke(Object, BindingFlags, Binder, Object[], CultureInfo)
System.Reflection.MethodBase:Invoke(Object, Object[])
UnityEditor.EditorAssemblies:ProcessInitializeOnLoadMethodAttributes()

(Filename: C:/Sirenix/Sirenix Solution/Sirenix.OdinInspector.Editor/Validation/Validators/SceneReference.cs Line: 119)

InvalidOperationException: Calling OpenScene Raisefrom assembly reloading callbacks are not supported.
  at (wrapper managed-to-native) UnityEditor.SceneManagement.EditorSceneManager.OpenScene_Injected(string,UnityEditor.SceneManagement.OpenSceneMode,UnityEngine.SceneManagement.Scene&)
  at UnityEditor.SceneManagement.EditorSceneManager.OpenScene (System.String scenePath, UnityEditor.SceneManagement.OpenSceneMode mode) [0x00000] in <63965ae56af7489797f355b7c1211ab2>:0 
  at Sirenix.OdinInspector.Editor.Validation.SceneReference.TryOpenScene (UnityEditor.SceneManagement.OpenSceneMode mode, UnityEngine.SceneManagement.Scene& scene) [0x00017] in C:\Sirenix\Sirenix Solution\Sirenix.OdinInspector.Editor\Validation\Validators\SceneReference.cs:114 
UnityEngine.DebugLogHandler:Internal_LogException(Exception, Object)
UnityEngine.DebugLogHandler:LogException(Exception, Object)
UnityEngine.Logger:LogException(Exception, Object)
UnityEngine.Debug:LogException(Exception)
Sirenix.OdinInspector.Editor.Validation.SceneReference:TryOpenScene(OpenSceneMode, Scene&) (at C:\Sirenix\Sirenix Solution\Sirenix.OdinInspector.Editor\Validation\Validators\SceneReference.cs:119)
Sirenix.OdinValidator.Editor.<ValidateCurrentWorkQueueEnumerator>d__59:MoveNext() (at C:\Sirenix\Sirenix Solution\Sirenix.OdinValidator.Editor\Core\ValidationSession.cs:557)
Sirenix.OdinValidator.Editor.<ValidateEverythingEnumeratorBatched>d__54:MoveNext() (at C:\Sirenix\Sirenix Solution\Sirenix.OdinValidator.Editor\Core\ValidationSession.cs:376)
Sirenix.OdinValidator.Editor.AutomationConfig:RunValidationScan(String, ValidationSetup, Boolean, Action, Boolean, Boolean, Boolean, Boolean, Boolean, Boolean, Boolean, Boolean) (at C:\Sirenix\Sirenix Solution\Sirenix.OdinValidator.Editor\Config\AutomationConfig.cs:305)
Sirenix.OdinValidator.Editor.AutomationConfig:ActuallyInitHooks() (at C:\Sirenix\Sirenix Solution\Sirenix.OdinValidator.Editor\Config\AutomationConfig.cs:186)
Sirenix.OdinValidator.Editor.AutomationConfig:InitHooks() (at C:\Sirenix\Sirenix Solution\Sirenix.OdinValidator.Editor\Config\AutomationConfig.cs:170)
System.Reflection.RuntimeMethodInfo:InternalInvoke(RuntimeMethodInfo, Object, Object[], Exception&)
System.Reflection.RuntimeMethodInfo:Invoke(Object, BindingFlags, Binder, Object[], CultureInfo)
System.Reflection.MethodBase:Invoke(Object, Object[])
UnityEditor.EditorAssemblies:ProcessInitializeOnLoadMethodAttributes()

(Filename: C:/Sirenix/Sirenix Solution/Sirenix.OdinInspector.Editor/Validation/Validators/SceneReference.cs Line: 119)

InvalidOperationException: Calling OpenScene Raisefrom assembly reloading callbacks are not supported.
  at (wrapper managed-to-native) UnityEditor.SceneManagement.EditorSceneManager.OpenScene_Injected(string,UnityEditor.SceneManagement.OpenSceneMode,UnityEngine.SceneManagement.Scene&)
  at UnityEditor.SceneManagement.EditorSceneManager.OpenScene (System.String scenePath, UnityEditor.SceneManagement.OpenSceneMode mode) [0x00000] in <63965ae56af7489797f355b7c1211ab2>:0 
  at Sirenix.OdinInspector.Editor.Validation.SceneReference.TryOpenScene (UnityEditor.SceneManagement.OpenSceneMode mode, UnityEngine.SceneManagement.Scene& scene) [0x00017] in C:\Sirenix\Sirenix Solution\Sirenix.OdinInspector.Editor\Validation\Validators\SceneReference.cs:114 
UnityEngine.DebugLogHandler:Internal_LogException(Exception, Object)
UnityEngine.DebugLogHandler:LogException(Exception, Object)
UnityEngine.Logger:LogException(Exception, Object)
UnityEngine.Debug:LogException(Exception)
Sirenix.OdinInspector.Editor.Validation.SceneReference:TryOpenScene(OpenSceneMode, Scene&) (at C:\Sirenix\Sirenix Solution\Sirenix.OdinInspector.Editor\Validation\Validators\SceneReference.cs:119)
Sirenix.OdinValidator.Editor.<ValidateCurrentWorkQueueEnumerator>d__59:MoveNext() (at C:\Sirenix\Sirenix Solution\Sirenix.OdinValidator.Editor\Core\ValidationSession.cs:557)
Sirenix.OdinValidator.Editor.<ValidateEverythingEnumeratorBatched>d__54:MoveNext() (at C:\Sirenix\Sirenix Solution\Sirenix.OdinValidator.Editor\Core\ValidationSession.cs:376)
Sirenix.OdinValidator.Editor.AutomationConfig:RunValidationScan(String, ValidationSetup, Boolean, Action, Boolean, Boolean, Boolean, Boolean, Boolean, Boolean, Boolean, Boolean) (at C:\Sirenix\Sirenix Solution\Sirenix.OdinValidator.Editor\Config\AutomationConfig.cs:305)
Sirenix.OdinValidator.Editor.AutomationConfig:ActuallyInitHooks() (at C:\Sirenix\Sirenix Solution\Sirenix.OdinValidator.Editor\Config\AutomationConfig.cs:186)
Sirenix.OdinValidator.Editor.AutomationConfig:InitHooks() (at C:\Sirenix\Sirenix Solution\Sirenix.OdinValidator.Editor\Config\AutomationConfig.cs:170)
System.Reflection.RuntimeMethodInfo:InternalInvoke(RuntimeMethodInfo, Object, Object[], Exception&)
System.Reflection.RuntimeMethodInfo:Invoke(Object, BindingFlags, Binder, Object[], CultureInfo)
System.Reflection.MethodBase:Invoke(Object, Object[])
UnityEditor.EditorAssemblies:ProcessInitializeOnLoadMethodAttributes()

(Filename: C:/Sirenix/Sirenix Solution/Sirenix.OdinInspector.Editor/Validation/Validators/SceneReference.cs Line: 119)

InvalidOperationException: Calling OpenScene Raisefrom assembly reloading callbacks are not supported.
  at (wrapper managed-to-native) UnityEditor.SceneManagement.EditorSceneManager.OpenScene_Injected(string,UnityEditor.SceneManagement.OpenSceneMode,UnityEngine.SceneManagement.Scene&)
  at UnityEditor.SceneManagement.EditorSceneManager.OpenScene (System.String scenePath, UnityEditor.SceneManagement.OpenSceneMode mode) [0x00000] in <63965ae56af7489797f355b7c1211ab2>:0 
  at Sirenix.OdinInspector.Editor.Validation.SceneReference.TryOpenScene (UnityEditor.SceneManagement.OpenSceneMode mode, UnityEngine.SceneManagement.Scene& scene) [0x00017] in C:\Sirenix\Sirenix Solution\Sirenix.OdinInspector.Editor\Validation\Validators\SceneReference.cs:114 
UnityEngine.DebugLogHandler:Internal_LogException(Exception, Object)
UnityEngine.DebugLogHandler:LogException(Exception, Object)
UnityEngine.Logger:LogException(Exception, Object)
UnityEngine.Debug:LogException(Exception)
Sirenix.OdinInspector.Editor.Validation.SceneReference:TryOpenScene(OpenSceneMode, Scene&) (at C:\Sirenix\Sirenix Solution\Sirenix.OdinInspector.Editor\Validation\Validators\SceneReference.cs:119)
Sirenix.OdinValidator.Editor.<ValidateCurrentWorkQueueEnumerator>d__59:MoveNext() (at C:\Sirenix\Sirenix Solution\Sirenix.OdinValidator.Editor\Core\ValidationSession.cs:557)
Sirenix.OdinValidator.Editor.<ValidateEverythingEnumeratorBatched>d__54:MoveNext() (at C:\Sirenix\Sirenix Solution\Sirenix.OdinValidator.Editor\Core\ValidationSession.cs:376)
Sirenix.OdinValidator.Editor.AutomationConfig:RunValidationScan(String, ValidationSetup, Boolean, Action, Boolean, Boolean, Boolean, Boolean, Boolean, Boolean, Boolean, Boolean) (at C:\Sirenix\Sirenix Solution\Sirenix.OdinValidator.Editor\Config\AutomationConfig.cs:305)
Sirenix.OdinValidator.Editor.AutomationConfig:ActuallyInitHooks() (at C:\Sirenix\Sirenix Solution\Sirenix.OdinValidator.Editor\Config\AutomationConfig.cs:186)
Sirenix.OdinValidator.Editor.AutomationConfig:InitHooks() (at C:\Sirenix\Sirenix Solution\Sirenix.OdinValidator.Editor\Config\AutomationConfig.cs:170)
System.Reflection.RuntimeMethodInfo:InternalInvoke(RuntimeMethodInfo, Object, Object[], Exception&)
System.Reflection.RuntimeMethodInfo:Invoke(Object, BindingFlags, Binder, Object[], CultureInfo)
System.Reflection.MethodBase:Invoke(Object, Object[])
UnityEditor.EditorAssemblies:ProcessInitializeOnLoadMethodAttributes()

(Filename: C:/Sirenix/Sirenix Solution/Sirenix.OdinInspector.Editor/Validation/Validators/SceneReference.cs Line: 119)

InvalidOperationException: Calling OpenScene Raisefrom assembly reloading callbacks are not supported.
  at (wrapper managed-to-native) UnityEditor.SceneManagement.EditorSceneManager.OpenScene_Injected(string,UnityEditor.SceneManagement.OpenSceneMode,UnityEngine.SceneManagement.Scene&)
  at UnityEditor.SceneManagement.EditorSceneManager.OpenScene (System.String scenePath, UnityEditor.SceneManagement.OpenSceneMode mode) [0x00000] in <63965ae56af7489797f355b7c1211ab2>:0 
  at Sirenix.OdinInspector.Editor.Validation.SceneReference.TryOpenScene (UnityEditor.SceneManagement.OpenSceneMode mode, UnityEngine.SceneManagement.Scene& scene) [0x00017] in C:\Sirenix\Sirenix Solution\Sirenix.OdinInspector.Editor\Validation\Validators\SceneReference.cs:114 
UnityEngine.DebugLogHandler:Internal_LogException(Exception, Object)
UnityEngine.DebugLogHandler:LogException(Exception, Object)
UnityEngine.Logger:LogException(Exception, Object)
UnityEngine.Debug:LogException(Exception)
Sirenix.OdinInspector.Editor.Validation.SceneReference:TryOpenScene(OpenSceneMode, Scene&) (at C:\Sirenix\Sirenix Solution\Sirenix.OdinInspector.Editor\Validation\Validators\SceneReference.cs:119)
Sirenix.OdinValidator.Editor.<ValidateCurrentWorkQueueEnumerator>d__59:MoveNext() (at C:\Sirenix\Sirenix Solution\Sirenix.OdinValidator.Editor\Core\ValidationSession.cs:557)
Sirenix.OdinValidator.Editor.<ValidateEverythingEnumeratorBatched>d__54:MoveNext() (at C:\Sirenix\Sirenix Solution\Sirenix.OdinValidator.Editor\Core\ValidationSession.cs:376)
Sirenix.OdinValidator.Editor.AutomationConfig:RunValidationScan(String, ValidationSetup, Boolean, Action, Boolean, Boolean, Boolean, Boolean, Boolean, Boolean, Boolean, Boolean) (at C:\Sirenix\Sirenix Solution\Sirenix.OdinValidator.Editor\Config\AutomationConfig.cs:305)
Sirenix.OdinValidator.Editor.AutomationConfig:ActuallyInitHooks() (at C:\Sirenix\Sirenix Solution\Sirenix.OdinValidator.Editor\Config\AutomationConfig.cs:186)
Sirenix.OdinValidator.Editor.AutomationConfig:InitHooks() (at C:\Sirenix\Sirenix Solution\Sirenix.OdinValidator.Editor\Config\AutomationConfig.cs:170)
System.Reflection.RuntimeMethodInfo:InternalInvoke(RuntimeMethodInfo, Object, Object[], Exception&)
System.Reflection.RuntimeMethodInfo:Invoke(Object, BindingFlags, Binder, Object[], CultureInfo)
System.Reflection.MethodBase:Invoke(Object, Object[])
UnityEditor.EditorAssemblies:ProcessInitializeOnLoadMethodAttributes()

(Filename: C:/Sirenix/Sirenix Solution/Sirenix.OdinInspector.Editor/Validation/Validators/SceneReference.cs Line: 119)

InvalidOperationException: Calling OpenScene Raisefrom assembly reloading callbacks are not supported.
  at (wrapper managed-to-native) UnityEditor.SceneManagement.EditorSceneManager.OpenScene_Injected(string,UnityEditor.SceneManagement.OpenSceneMode,UnityEngine.SceneManagement.Scene&)
  at UnityEditor.SceneManagement.EditorSceneManager.OpenScene (System.String scenePath, UnityEditor.SceneManagement.OpenSceneMode mode) [0x00000] in <63965ae56af7489797f355b7c1211ab2>:0 
  at Sirenix.OdinInspector.Editor.Validation.SceneReference.TryOpenScene (UnityEditor.SceneManagement.OpenSceneMode mode, UnityEngine.SceneManagement.Scene& scene) [0x00017] in C:\Sirenix\Sirenix Solution\Sirenix.OdinInspector.Editor\Validation\Validators\SceneReference.cs:114 
UnityEngine.DebugLogHandler:Internal_LogException(Exception, Object)
UnityEngine.DebugLogHandler:LogException(Exception, Object)
UnityEngine.Logger:LogException(Exception, Object)
UnityEngine.Debug:LogException(Exception)
Sirenix.OdinInspector.Editor.Validation.SceneReference:TryOpenScene(OpenSceneMode, Scene&) (at C:\Sirenix\Sirenix Solution\Sirenix.OdinInspector.Editor\Validation\Validators\SceneReference.cs:119)
Sirenix.OdinValidator.Editor.<ValidateCurrentWorkQueueEnumerator>d__59:MoveNext() (at C:\Sirenix\Sirenix Solution\Sirenix.OdinValidator.Editor\Core\ValidationSession.cs:557)
Sirenix.OdinValidator.Editor.<ValidateEverythingEnumeratorBatched>d__54:MoveNext() (at C:\Sirenix\Sirenix Solution\Sirenix.OdinValidator.Editor\Core\ValidationSession.cs:376)
Sirenix.OdinValidator.Editor.AutomationConfig:RunValidationScan(String, ValidationSetup, Boolean, Action, Boolean, Boolean, Boolean, Boolean, Boolean, Boolean, Boolean, Boolean) (at C:\Sirenix\Sirenix Solution\Sirenix.OdinValidator.Editor\Config\AutomationConfig.cs:305)
Sirenix.OdinValidator.Editor.AutomationConfig:ActuallyInitHooks() (at C:\Sirenix\Sirenix Solution\Sirenix.OdinValidator.Editor\Config\AutomationConfig.cs:186)
Sirenix.OdinValidator.Editor.AutomationConfig:InitHooks() (at C:\Sirenix\Sirenix Solution\Sirenix.OdinValidator.Editor\Config\AutomationConfig.cs:170)
System.Reflection.RuntimeMethodInfo:InternalInvoke(RuntimeMethodInfo, Object, Object[], Exception&)
System.Reflection.RuntimeMethodInfo:Invoke(Object, BindingFlags, Binder, Object[], CultureInfo)
System.Reflection.MethodBase:Invoke(Object, Object[])
UnityEditor.EditorAssemblies:ProcessInitializeOnLoadMethodAttributes()

(Filename: C:/Sirenix/Sirenix Solution/Sirenix.OdinInspector.Editor/Validation/Validators/SceneReference.cs Line: 119)

InvalidOperationException: Calling OpenScene Raisefrom assembly reloading callbacks are not supported.
  at (wrapper managed-to-native) UnityEditor.SceneManagement.EditorSceneManager.OpenScene_Injected(string,UnityEditor.SceneManagement.OpenSceneMode,UnityEngine.SceneManagement.Scene&)
  at UnityEditor.SceneManagement.EditorSceneManager.OpenScene (System.String scenePath, UnityEditor.SceneManagement.OpenSceneMode mode) [0x00000] in <63965ae56af7489797f355b7c1211ab2>:0 
  at Sirenix.OdinInspector.Editor.Validation.SceneReference.TryOpenScene (UnityEditor.SceneManagement.OpenSceneMode mode, UnityEngine.SceneManagement.Scene& scene) [0x00017] in C:\Sirenix\Sirenix Solution\Sirenix.OdinInspector.Editor\Validation\Validators\SceneReference.cs:114 
UnityEngine.DebugLogHandler:Internal_LogException(Exception, Object)
UnityEngine.DebugLogHandler:LogException(Exception, Object)
UnityEngine.Logger:LogException(Exception, Object)
UnityEngine.Debug:LogException(Exception)
Sirenix.OdinInspector.Editor.Validation.SceneReference:TryOpenScene(OpenSceneMode, Scene&) (at C:\Sirenix\Sirenix Solution\Sirenix.OdinInspector.Editor\Validation\Validators\SceneReference.cs:119)
Sirenix.OdinValidator.Editor.<ValidateCurrentWorkQueueEnumerator>d__59:MoveNext() (at C:\Sirenix\Sirenix Solution\Sirenix.OdinValidator.Editor\Core\ValidationSession.cs:557)
Sirenix.OdinValidator.Editor.<ValidateEverythingEnumeratorBatched>d__54:MoveNext() (at C:\Sirenix\Sirenix Solution\Sirenix.OdinValidator.Editor\Core\ValidationSession.cs:376)
Sirenix.OdinValidator.Editor.AutomationConfig:RunValidationScan(String, ValidationSetup, Boolean, Action, Boolean, Boolean, Boolean, Boolean, Boolean, Boolean, Boolean, Boolean) (at C:\Sirenix\Sirenix Solution\Sirenix.OdinValidator.Editor\Config\AutomationConfig.cs:305)
Sirenix.OdinValidator.Editor.AutomationConfig:ActuallyInitHooks() (at C:\Sirenix\Sirenix Solution\Sirenix.OdinValidator.Editor\Config\AutomationConfig.cs:186)
Sirenix.OdinValidator.Editor.AutomationConfig:InitHooks() (at C:\Sirenix\Sirenix Solution\Sirenix.OdinValidator.Editor\Config\AutomationConfig.cs:170)
System.Reflection.RuntimeMethodInfo:InternalInvoke(RuntimeMethodInfo, Object, Object[], Exception&)
System.Reflection.RuntimeMethodInfo:Invoke(Object, BindingFlags, Binder, Object[], CultureInfo)
System.Reflection.MethodBase:Invoke(Object, Object[])
UnityEditor.EditorAssemblies:ProcessInitializeOnLoadMethodAttributes()

(Filename: C:/Sirenix/Sirenix Solution/Sirenix.OdinInspector.Editor/Validation/Validators/SceneReference.cs Line: 119)

InvalidOperationException: Calling OpenScene Raisefrom assembly reloading callbacks are not supported.
  at (wrapper managed-to-native) UnityEditor.SceneManagement.EditorSceneManager.OpenScene_Injected(string,UnityEditor.SceneManagement.OpenSceneMode,UnityEngine.SceneManagement.Scene&)
  at UnityEditor.SceneManagement.EditorSceneManager.OpenScene (System.String scenePath, UnityEditor.SceneManagement.OpenSceneMode mode) [0x00000] in <63965ae56af7489797f355b7c1211ab2>:0 
  at Sirenix.OdinInspector.Editor.Validation.SceneReference.TryOpenScene (UnityEditor.SceneManagement.OpenSceneMode mode, UnityEngine.SceneManagement.Scene& scene) [0x00017] in C:\Sirenix\Sirenix Solution\Sirenix.OdinInspector.Editor\Validation\Validators\SceneReference.cs:114 
UnityEngine.DebugLogHandler:Internal_LogException(Exception, Object)
UnityEngine.DebugLogHandler:LogException(Exception, Object)
UnityEngine.Logger:LogException(Exception, Object)
UnityEngine.Debug:LogException(Exception)
Sirenix.OdinInspector.Editor.Validation.SceneReference:TryOpenScene(OpenSceneMode, Scene&) (at C:\Sirenix\Sirenix Solution\Sirenix.OdinInspector.Editor\Validation\Validators\SceneReference.cs:119)
Sirenix.OdinValidator.Editor.<ValidateCurrentWorkQueueEnumerator>d__59:MoveNext() (at C:\Sirenix\Sirenix Solution\Sirenix.OdinValidator.Editor\Core\ValidationSession.cs:557)
Sirenix.OdinValidator.Editor.<ValidateEverythingEnumeratorBatched>d__54:MoveNext() (at C:\Sirenix\Sirenix Solution\Sirenix.OdinValidator.Editor\Core\ValidationSession.cs:376)
Sirenix.OdinValidator.Editor.AutomationConfig:RunValidationScan(String, ValidationSetup, Boolean, Action, Boolean, Boolean, Boolean, Boolean, Boolean, Boolean, Boolean, Boolean) (at C:\Sirenix\Sirenix Solution\Sirenix.OdinValidator.Editor\Config\AutomationConfig.cs:305)
Sirenix.OdinValidator.Editor.AutomationConfig:ActuallyInitHooks() (at C:\Sirenix\Sirenix Solution\Sirenix.OdinValidator.Editor\Config\AutomationConfig.cs:186)
Sirenix.OdinValidator.Editor.AutomationConfig:InitHooks() (at C:\Sirenix\Sirenix Solution\Sirenix.OdinValidator.Editor\Config\AutomationConfig.cs:170)
System.Reflection.RuntimeMethodInfo:InternalInvoke(RuntimeMethodInfo, Object, Object[], Exception&)
System.Reflection.RuntimeMethodInfo:Invoke(Object, BindingFlags, Binder, Object[], CultureInfo)
System.Reflection.MethodBase:Invoke(Object, Object[])
UnityEditor.EditorAssemblies:ProcessInitializeOnLoadMethodAttributes()

(Filename: C:/Sirenix/Sirenix Solution/Sirenix.OdinInspector.Editor/Validation/Validators/SceneReference.cs Line: 119)

InvalidOperationException: Calling OpenScene Raisefrom assembly reloading callbacks are not supported.
  at (wrapper managed-to-native) UnityEditor.SceneManagement.EditorSceneManager.OpenScene_Injected(string,UnityEditor.SceneManagement.OpenSceneMode,UnityEngine.SceneManagement.Scene&)
  at UnityEditor.SceneManagement.EditorSceneManager.OpenScene (System.String scenePath, UnityEditor.SceneManagement.OpenSceneMode mode) [0x00000] in <63965ae56af7489797f355b7c1211ab2>:0 
  at Sirenix.OdinInspector.Editor.Validation.SceneReference.TryOpenScene (UnityEditor.SceneManagement.OpenSceneMode mode, UnityEngine.SceneManagement.Scene& scene) [0x00017] in C:\Sirenix\Sirenix Solution\Sirenix.OdinInspector.Editor\Validation\Validators\SceneReference.cs:114 
UnityEngine.DebugLogHandler:Internal_LogException(Exception, Object)
UnityEngine.DebugLogHandler:LogException(Exception, Object)
UnityEngine.Logger:LogException(Exception, Object)
UnityEngine.Debug:LogException(Exception)
Sirenix.OdinInspector.Editor.Validation.SceneReference:TryOpenScene(OpenSceneMode, Scene&) (at C:\Sirenix\Sirenix Solution\Sirenix.OdinInspector.Editor\Validation\Validators\SceneReference.cs:119)
Sirenix.OdinValidator.Editor.<ValidateCurrentWorkQueueEnumerator>d__59:MoveNext() (at C:\Sirenix\Sirenix Solution\Sirenix.OdinValidator.Editor\Core\ValidationSession.cs:557)
Sirenix.OdinValidator.Editor.<ValidateEverythingEnumeratorBatched>d__54:MoveNext() (at C:\Sirenix\Sirenix Solution\Sirenix.OdinValidator.Editor\Core\ValidationSession.cs:376)
Sirenix.OdinValidator.Editor.AutomationConfig:RunValidationScan(String, ValidationSetup, Boolean, Action, Boolean, Boolean, Boolean, Boolean, Boolean, Boolean, Boolean, Boolean) (at C:\Sirenix\Sirenix Solution\Sirenix.OdinValidator.Editor\Config\AutomationConfig.cs:305)
Sirenix.OdinValidator.Editor.AutomationConfig:ActuallyInitHooks() (at C:\Sirenix\Sirenix Solution\Sirenix.OdinValidator.Editor\Config\AutomationConfig.cs:186)
Sirenix.OdinValidator.Editor.AutomationConfig:InitHooks() (at C:\Sirenix\Sirenix Solution\Sirenix.OdinValidator.Editor\Config\AutomationConfig.cs:170)
System.Reflection.RuntimeMethodInfo:InternalInvoke(RuntimeMethodInfo, Object, Object[], Exception&)
System.Reflection.RuntimeMethodInfo:Invoke(Object, BindingFlags, Binder, Object[], CultureInfo)
System.Reflection.MethodBase:Invoke(Object, Object[])
UnityEditor.EditorAssemblies:ProcessInitializeOnLoadMethodAttributes()

(Filename: C:/Sirenix/Sirenix Solution/Sirenix.OdinInspector.Editor/Validation/Validators/SceneReference.cs Line: 119)

InvalidOperationException: Calling OpenScene Raisefrom assembly reloading callbacks are not supported.
  at (wrapper managed-to-native) UnityEditor.SceneManagement.EditorSceneManager.OpenScene_Injected(string,UnityEditor.SceneManagement.OpenSceneMode,UnityEngine.SceneManagement.Scene&)
  at UnityEditor.SceneManagement.EditorSceneManager.OpenScene (System.String scenePath, UnityEditor.SceneManagement.OpenSceneMode mode) [0x00000] in <63965ae56af7489797f355b7c1211ab2>:0 
  at Sirenix.OdinInspector.Editor.Validation.SceneReference.TryOpenScene (UnityEditor.SceneManagement.OpenSceneMode mode, UnityEngine.SceneManagement.Scene& scene) [0x00017] in C:\Sirenix\Sirenix Solution\Sirenix.OdinInspector.Editor\Validation\Validators\SceneReference.cs:114 
UnityEngine.DebugLogHandler:Internal_LogException(Exception, Object)
UnityEngine.DebugLogHandler:LogException(Exception, Object)
UnityEngine.Logger:LogException(Exception, Object)
UnityEngine.Debug:LogException(Exception)
Sirenix.OdinInspector.Editor.Validation.SceneReference:TryOpenScene(OpenSceneMode, Scene&) (at C:\Sirenix\Sirenix Solution\Sirenix.OdinInspector.Editor\Validation\Validators\SceneReference.cs:119)
Sirenix.OdinValidator.Editor.<ValidateCurrentWorkQueueEnumerator>d__59:MoveNext() (at C:\Sirenix\Sirenix Solution\Sirenix.OdinValidator.Editor\Core\ValidationSession.cs:557)
Sirenix.OdinValidator.Editor.<ValidateEverythingEnumeratorBatched>d__54:MoveNext() (at C:\Sirenix\Sirenix Solution\Sirenix.OdinValidator.Editor\Core\ValidationSession.cs:376)
Sirenix.OdinValidator.Editor.AutomationConfig:RunValidationScan(String, ValidationSetup, Boolean, Action, Boolean, Boolean, Boolean, Boolean, Boolean, Boolean, Boolean, Boolean) (at C:\Sirenix\Sirenix Solution\Sirenix.OdinValidator.Editor\Config\AutomationConfig.cs:305)
Sirenix.OdinValidator.Editor.AutomationConfig:ActuallyInitHooks() (at C:\Sirenix\Sirenix Solution\Sirenix.OdinValidator.Editor\Config\AutomationConfig.cs:186)
Sirenix.OdinValidator.Editor.AutomationConfig:InitHooks() (at C:\Sirenix\Sirenix Solution\Sirenix.OdinValidator.Editor\Config\AutomationConfig.cs:170)
System.Reflection.RuntimeMethodInfo:InternalInvoke(RuntimeMethodInfo, Object, Object[], Exception&)
System.Reflection.RuntimeMethodInfo:Invoke(Object, BindingFlags, Binder, Object[], CultureInfo)
System.Reflection.MethodBase:Invoke(Object, Object[])
UnityEditor.EditorAssemblies:ProcessInitializeOnLoadMethodAttributes()

(Filename: C:/Sirenix/Sirenix Solution/Sirenix.OdinInspector.Editor/Validation/Validators/SceneReference.cs Line: 119)

InvalidOperationException: Calling OpenScene Raisefrom assembly reloading callbacks are not supported.
  at (wrapper managed-to-native) UnityEditor.SceneManagement.EditorSceneManager.OpenScene_Injected(string,UnityEditor.SceneManagement.OpenSceneMode,UnityEngine.SceneManagement.Scene&)
  at UnityEditor.SceneManagement.EditorSceneManager.OpenScene (System.String scenePath, UnityEditor.SceneManagement.OpenSceneMode mode) [0x00000] in <63965ae56af7489797f355b7c1211ab2>:0 
  at Sirenix.OdinInspector.Editor.Validation.SceneReference.TryOpenScene (UnityEditor.SceneManagement.OpenSceneMode mode, UnityEngine.SceneManagement.Scene& scene) [0x00017] in C:\Sirenix\Sirenix Solution\Sirenix.OdinInspector.Editor\Validation\Validators\SceneReference.cs:114 
UnityEngine.DebugLogHandler:Internal_LogException(Exception, Object)
UnityEngine.DebugLogHandler:LogException(Exception, Object)
UnityEngine.Logger:LogException(Exception, Object)
UnityEngine.Debug:LogException(Exception)
Sirenix.OdinInspector.Editor.Validation.SceneReference:TryOpenScene(OpenSceneMode, Scene&) (at C:\Sirenix\Sirenix Solution\Sirenix.OdinInspector.Editor\Validation\Validators\SceneReference.cs:119)
Sirenix.OdinValidator.Editor.<ValidateCurrentWorkQueueEnumerator>d__59:MoveNext() (at C:\Sirenix\Sirenix Solution\Sirenix.OdinValidator.Editor\Core\ValidationSession.cs:557)
Sirenix.OdinValidator.Editor.<ValidateEverythingEnumeratorBatched>d__54:MoveNext() (at C:\Sirenix\Sirenix Solution\Sirenix.OdinValidator.Editor\Core\ValidationSession.cs:376)
Sirenix.OdinValidator.Editor.AutomationConfig:RunValidationScan(String, ValidationSetup, Boolean, Action, Boolean, Boolean, Boolean, Boolean, Boolean, Boolean, Boolean, Boolean) (at C:\Sirenix\Sirenix Solution\Sirenix.OdinValidator.Editor\Config\AutomationConfig.cs:305)
Sirenix.OdinValidator.Editor.AutomationConfig:ActuallyInitHooks() (at C:\Sirenix\Sirenix Solution\Sirenix.OdinValidator.Editor\Config\AutomationConfig.cs:186)
Sirenix.OdinValidator.Editor.AutomationConfig:InitHooks() (at C:\Sirenix\Sirenix Solution\Sirenix.OdinValidator.Editor\Config\AutomationConfig.cs:170)
System.Reflection.RuntimeMethodInfo:InternalInvoke(RuntimeMethodInfo, Object, Object[], Exception&)
System.Reflection.RuntimeMethodInfo:Invoke(Object, BindingFlags, Binder, Object[], CultureInfo)
System.Reflection.MethodBase:Invoke(Object, Object[])
UnityEditor.EditorAssemblies:ProcessInitializeOnLoadMethodAttributes()

(Filename: C:/Sirenix/Sirenix Solution/Sirenix.OdinInspector.Editor/Validation/Validators/SceneReference.cs Line: 119)

InvalidOperationException: Calling OpenScene Raisefrom assembly reloading callbacks are not supported.
  at (wrapper managed-to-native) UnityEditor.SceneManagement.EditorSceneManager.OpenScene_Injected(string,UnityEditor.SceneManagement.OpenSceneMode,UnityEngine.SceneManagement.Scene&)
  at UnityEditor.SceneManagement.EditorSceneManager.OpenScene (System.String scenePath, UnityEditor.SceneManagement.OpenSceneMode mode) [0x00000] in <63965ae56af7489797f355b7c1211ab2>:0 
  at Sirenix.OdinInspector.Editor.Validation.SceneReference.TryOpenScene (UnityEditor.SceneManagement.OpenSceneMode mode, UnityEngine.SceneManagement.Scene& scene) [0x00017] in C:\Sirenix\Sirenix Solution\Sirenix.OdinInspector.Editor\Validation\Validators\SceneReference.cs:114 
UnityEngine.DebugLogHandler:Internal_LogException(Exception, Object)
UnityEngine.DebugLogHandler:LogException(Exception, Object)
UnityEngine.Logger:LogException(Exception, Object)
UnityEngine.Debug:LogException(Exception)
Sirenix.OdinInspector.Editor.Validation.SceneReference:TryOpenScene(OpenSceneMode, Scene&) (at C:\Sirenix\Sirenix Solution\Sirenix.OdinInspector.Editor\Validation\Validators\SceneReference.cs:119)
Sirenix.OdinValidator.Editor.<ValidateCurrentWorkQueueEnumerator>d__59:MoveNext() (at C:\Sirenix\Sirenix Solution\Sirenix.OdinValidator.Editor\Core\ValidationSession.cs:557)
Sirenix.OdinValidator.Editor.<ValidateEverythingEnumeratorBatched>d__54:MoveNext() (at C:\Sirenix\Sirenix Solution\Sirenix.OdinValidator.Editor\Core\ValidationSession.cs:376)
Sirenix.OdinValidator.Editor.AutomationConfig:RunValidationScan(String, ValidationSetup, Boolean, Action, Boolean, Boolean, Boolean, Boolean, Boolean, Boolean, Boolean, Boolean) (at C:\Sirenix\Sirenix Solution\Sirenix.OdinValidator.Editor\Config\AutomationConfig.cs:305)
Sirenix.OdinValidator.Editor.AutomationConfig:ActuallyInitHooks() (at C:\Sirenix\Sirenix Solution\Sirenix.OdinValidator.Editor\Config\AutomationConfig.cs:186)
Sirenix.OdinValidator.Editor.AutomationConfig:InitHooks() (at C:\Sirenix\Sirenix Solution\Sirenix.OdinValidator.Editor\Config\AutomationConfig.cs:170)
System.Reflection.RuntimeMethodInfo:InternalInvoke(RuntimeMethodInfo, Object, Object[], Exception&)
System.Reflection.RuntimeMethodInfo:Invoke(Object, BindingFlags, Binder, Object[], CultureInfo)
System.Reflection.MethodBase:Invoke(Object, Object[])
UnityEditor.EditorAssemblies:ProcessInitializeOnLoadMethodAttributes()

(Filename: C:/Sirenix/Sirenix Solution/Sirenix.OdinInspector.Editor/Validation/Validators/SceneReference.cs Line: 119)

InvalidOperationException: Calling OpenScene Raisefrom assembly reloading callbacks are not supported.
  at (wrapper managed-to-native) UnityEditor.SceneManagement.EditorSceneManager.OpenScene_Injected(string,UnityEditor.SceneManagement.OpenSceneMode,UnityEngine.SceneManagement.Scene&)
  at UnityEditor.SceneManagement.EditorSceneManager.OpenScene (System.String scenePath, UnityEditor.SceneManagement.OpenSceneMode mode) [0x00000] in <63965ae56af7489797f355b7c1211ab2>:0 
  at Sirenix.OdinInspector.Editor.Validation.SceneReference.TryOpenScene (UnityEditor.SceneManagement.OpenSceneMode mode, UnityEngine.SceneManagement.Scene& scene) [0x00017] in C:\Sirenix\Sirenix Solution\Sirenix.OdinInspector.Editor\Validation\Validators\SceneReference.cs:114 
UnityEngine.DebugLogHandler:Internal_LogException(Exception, Object)
UnityEngine.DebugLogHandler:LogException(Exception, Object)
UnityEngine.Logger:LogException(Exception, Object)
UnityEngine.Debug:LogException(Exception)
Sirenix.OdinInspector.Editor.Validation.SceneReference:TryOpenScene(OpenSceneMode, Scene&) (at C:\Sirenix\Sirenix Solution\Sirenix.OdinInspector.Editor\Validation\Validators\SceneReference.cs:119)
Sirenix.OdinValidator.Editor.<ValidateCurrentWorkQueueEnumerator>d__59:MoveNext() (at C:\Sirenix\Sirenix Solution\Sirenix.OdinValidator.Editor\Core\ValidationSession.cs:557)
Sirenix.OdinValidator.Editor.<ValidateEverythingEnumeratorBatched>d__54:MoveNext() (at C:\Sirenix\Sirenix Solution\Sirenix.OdinValidator.Editor\Core\ValidationSession.cs:376)
Sirenix.OdinValidator.Editor.AutomationConfig:RunValidationScan(String, ValidationSetup, Boolean, Action, Boolean, Boolean, Boolean, Boolean, Boolean, Boolean, Boolean, Boolean) (at C:\Sirenix\Sirenix Solution\Sirenix.OdinValidator.Editor\Config\AutomationConfig.cs:305)
Sirenix.OdinValidator.Editor.AutomationConfig:ActuallyInitHooks() (at C:\Sirenix\Sirenix Solution\Sirenix.OdinValidator.Editor\Config\AutomationConfig.cs:186)
Sirenix.OdinValidator.Editor.AutomationConfig:InitHooks() (at C:\Sirenix\Sirenix Solution\Sirenix.OdinValidator.Editor\Config\AutomationConfig.cs:170)
System.Reflection.RuntimeMethodInfo:InternalInvoke(RuntimeMethodInfo, Object, Object[], Exception&)
System.Reflection.RuntimeMethodInfo:Invoke(Object, BindingFlags, Binder, Object[], CultureInfo)
System.Reflection.MethodBase:Invoke(Object, Object[])
UnityEditor.EditorAssemblies:ProcessInitializeOnLoadMethodAttributes()

(Filename: C:/Sirenix/Sirenix Solution/Sirenix.OdinInspector.Editor/Validation/Validators/SceneReference.cs Line: 119)

InvalidOperationException: Calling OpenScene Raisefrom assembly reloading callbacks are not supported.
  at (wrapper managed-to-native) UnityEditor.SceneManagement.EditorSceneManager.OpenScene_Injected(string,UnityEditor.SceneManagement.OpenSceneMode,UnityEngine.SceneManagement.Scene&)
  at UnityEditor.SceneManagement.EditorSceneManager.OpenScene (System.String scenePath, UnityEditor.SceneManagement.OpenSceneMode mode) [0x00000] in <63965ae56af7489797f355b7c1211ab2>:0 
  at Sirenix.OdinInspector.Editor.Validation.SceneReference.TryOpenScene (UnityEditor.SceneManagement.OpenSceneMode mode, UnityEngine.SceneManagement.Scene& scene) [0x00017] in C:\Sirenix\Sirenix Solution\Sirenix.OdinInspector.Editor\Validation\Validators\SceneReference.cs:114 
UnityEngine.DebugLogHandler:Internal_LogException(Exception, Object)
UnityEngine.DebugLogHandler:LogException(Exception, Object)
UnityEngine.Logger:LogException(Exception, Object)
UnityEngine.Debug:LogException(Exception)
Sirenix.OdinInspector.Editor.Validation.SceneReference:TryOpenScene(OpenSceneMode, Scene&) (at C:\Sirenix\Sirenix Solution\Sirenix.OdinInspector.Editor\Validation\Validators\SceneReference.cs:119)
Sirenix.OdinValidator.Editor.<ValidateCurrentWorkQueueEnumerator>d__59:MoveNext() (at C:\Sirenix\Sirenix Solution\Sirenix.OdinValidator.Editor\Core\ValidationSession.cs:557)
Sirenix.OdinValidator.Editor.<ValidateEverythingEnumeratorBatched>d__54:MoveNext() (at C:\Sirenix\Sirenix Solution\Sirenix.OdinValidator.Editor\Core\ValidationSession.cs:376)
Sirenix.OdinValidator.Editor.AutomationConfig:RunValidationScan(String, ValidationSetup, Boolean, Action, Boolean, Boolean, Boolean, Boolean, Boolean, Boolean, Boolean, Boolean) (at C:\Sirenix\Sirenix Solution\Sirenix.OdinValidator.Editor\Config\AutomationConfig.cs:305)
Sirenix.OdinValidator.Editor.AutomationConfig:ActuallyInitHooks() (at C:\Sirenix\Sirenix Solution\Sirenix.OdinValidator.Editor\Config\AutomationConfig.cs:186)
Sirenix.OdinValidator.Editor.AutomationConfig:InitHooks() (at C:\Sirenix\Sirenix Solution\Sirenix.OdinValidator.Editor\Config\AutomationConfig.cs:170)
System.Reflection.RuntimeMethodInfo:InternalInvoke(RuntimeMethodInfo, Object, Object[], Exception&)
System.Reflection.RuntimeMethodInfo:Invoke(Object, BindingFlags, Binder, Object[], CultureInfo)
System.Reflection.MethodBase:Invoke(Object, Object[])
UnityEditor.EditorAssemblies:ProcessInitializeOnLoadMethodAttributes()

(Filename: C:/Sirenix/Sirenix Solution/Sirenix.OdinInspector.Editor/Validation/Validators/SceneReference.cs Line: 119)

InvalidOperationException: Calling OpenScene Raisefrom assembly reloading callbacks are not supported.
  at (wrapper managed-to-native) UnityEditor.SceneManagement.EditorSceneManager.OpenScene_Injected(string,UnityEditor.SceneManagement.OpenSceneMode,UnityEngine.SceneManagement.Scene&)
  at UnityEditor.SceneManagement.EditorSceneManager.OpenScene (System.String scenePath, UnityEditor.SceneManagement.OpenSceneMode mode) [0x00000] in <63965ae56af7489797f355b7c1211ab2>:0 
  at Sirenix.OdinInspector.Editor.Validation.SceneReference.TryOpenScene (UnityEditor.SceneManagement.OpenSceneMode mode, UnityEngine.SceneManagement.Scene& scene) [0x00017] in C:\Sirenix\Sirenix Solution\Sirenix.OdinInspector.Editor\Validation\Validators\SceneReference.cs:114 
UnityEngine.DebugLogHandler:Internal_LogException(Exception, Object)
UnityEngine.DebugLogHandler:LogException(Exception, Object)
UnityEngine.Logger:LogException(Exception, Object)
UnityEngine.Debug:LogException(Exception)
Sirenix.OdinInspector.Editor.Validation.SceneReference:TryOpenScene(OpenSceneMode, Scene&) (at C:\Sirenix\Sirenix Solution\Sirenix.OdinInspector.Editor\Validation\Validators\SceneReference.cs:119)
Sirenix.OdinValidator.Editor.<ValidateCurrentWorkQueueEnumerator>d__59:MoveNext() (at C:\Sirenix\Sirenix Solution\Sirenix.OdinValidator.Editor\Core\ValidationSession.cs:557)
Sirenix.OdinValidator.Editor.<ValidateEverythingEnumeratorBatched>d__54:MoveNext() (at C:\Sirenix\Sirenix Solution\Sirenix.OdinValidator.Editor\Core\ValidationSession.cs:376)
Sirenix.OdinValidator.Editor.AutomationConfig:RunValidationScan(String, ValidationSetup, Boolean, Action, Boolean, Boolean, Boolean, Boolean, Boolean, Boolean, Boolean, Boolean) (at C:\Sirenix\Sirenix Solution\Sirenix.OdinValidator.Editor\Config\AutomationConfig.cs:305)
Sirenix.OdinValidator.Editor.AutomationConfig:ActuallyInitHooks() (at C:\Sirenix\Sirenix Solution\Sirenix.OdinValidator.Editor\Config\AutomationConfig.cs:186)
Sirenix.OdinValidator.Editor.AutomationConfig:InitHooks() (at C:\Sirenix\Sirenix Solution\Sirenix.OdinValidator.Editor\Config\AutomationConfig.cs:170)
System.Reflection.RuntimeMethodInfo:InternalInvoke(RuntimeMethodInfo, Object, Object[], Exception&)
System.Reflection.RuntimeMethodInfo:Invoke(Object, BindingFlags, Binder, Object[], CultureInfo)
System.Reflection.MethodBase:Invoke(Object, Object[])
UnityEditor.EditorAssemblies:ProcessInitializeOnLoadMethodAttributes()

(Filename: C:/Sirenix/Sirenix Solution/Sirenix.OdinInspector.Editor/Validation/Validators/SceneReference.cs Line: 119)

InvalidOperationException: Calling OpenScene Raisefrom assembly reloading callbacks are not supported.
  at (wrapper managed-to-native) UnityEditor.SceneManagement.EditorSceneManager.OpenScene_Injected(string,UnityEditor.SceneManagement.OpenSceneMode,UnityEngine.SceneManagement.Scene&)
  at UnityEditor.SceneManagement.EditorSceneManager.OpenScene (System.String scenePath, UnityEditor.SceneManagement.OpenSceneMode mode) [0x00000] in <63965ae56af7489797f355b7c1211ab2>:0 
  at Sirenix.OdinInspector.Editor.Validation.SceneReference.TryOpenScene (UnityEditor.SceneManagement.OpenSceneMode mode, UnityEngine.SceneManagement.Scene& scene) [0x00017] in C:\Sirenix\Sirenix Solution\Sirenix.OdinInspector.Editor\Validation\Validators\SceneReference.cs:114 
UnityEngine.DebugLogHandler:Internal_LogException(Exception, Object)
UnityEngine.DebugLogHandler:LogException(Exception, Object)
UnityEngine.Logger:LogException(Exception, Object)
UnityEngine.Debug:LogException(Exception)
Sirenix.OdinInspector.Editor.Validation.SceneReference:TryOpenScene(OpenSceneMode, Scene&) (at C:\Sirenix\Sirenix Solution\Sirenix.OdinInspector.Editor\Validation\Validators\SceneReference.cs:119)
Sirenix.OdinValidator.Editor.<ValidateCurrentWorkQueueEnumerator>d__59:MoveNext() (at C:\Sirenix\Sirenix Solution\Sirenix.OdinValidator.Editor\Core\ValidationSession.cs:557)
Sirenix.OdinValidator.Editor.<ValidateEverythingEnumeratorBatched>d__54:MoveNext() (at C:\Sirenix\Sirenix Solution\Sirenix.OdinValidator.Editor\Core\ValidationSession.cs:376)
Sirenix.OdinValidator.Editor.AutomationConfig:RunValidationScan(String, ValidationSetup, Boolean, Action, Boolean, Boolean, Boolean, Boolean, Boolean, Boolean, Boolean, Boolean) (at C:\Sirenix\Sirenix Solution\Sirenix.OdinValidator.Editor\Config\AutomationConfig.cs:305)
Sirenix.OdinValidator.Editor.AutomationConfig:ActuallyInitHooks() (at C:\Sirenix\Sirenix Solution\Sirenix.OdinValidator.Editor\Config\AutomationConfig.cs:186)
Sirenix.OdinValidator.Editor.AutomationConfig:InitHooks() (at C:\Sirenix\Sirenix Solution\Sirenix.OdinValidator.Editor\Config\AutomationConfig.cs:170)
System.Reflection.RuntimeMethodInfo:InternalInvoke(RuntimeMethodInfo, Object, Object[], Exception&)
System.Reflection.RuntimeMethodInfo:Invoke(Object, BindingFlags, Binder, Object[], CultureInfo)
System.Reflection.MethodBase:Invoke(Object, Object[])
UnityEditor.EditorAssemblies:ProcessInitializeOnLoadMethodAttributes()

(Filename: C:/Sirenix/Sirenix Solution/Sirenix.OdinInspector.Editor/Validation/Validators/SceneReference.cs Line: 119)

Completed validating 11 values in 1.1419495 seconds.
UnityEngine.StackTraceUtility:ExtractStackTrace ()
UnityEngine.DebugLogHandler:LogFormat (UnityEngine.LogType,UnityEngine.Object,string,object[])
UnityEngine.Logger:Log (UnityEngine.LogType,object)
UnityEngine.Debug:Log (object)
Sirenix.OdinValidator.Editor.ValidationSession/<ValidateEverythingEnumeratorBatched>d__54:<>m__Finally1 () (at C:/Sirenix/Sirenix Solution/Sirenix.OdinValidator.Editor/Core/ValidationSession.cs:433)
Sirenix.OdinValidator.Editor.ValidationSession/<ValidateEverythingEnumeratorBatched>d__54:System.IDisposable.Dispose ()
Sirenix.OdinValidator.Editor.AutomationConfig:RunValidationScan (string,Sirenix.OdinValidator.Editor.AutomationConfig/ValidationSetup,bool,System.Action,bool,bool,bool,bool,bool,bool,bool,bool) (at C:/Sirenix/Sirenix Solution/Sirenix.OdinValidator.Editor/Config/AutomationConfig.cs:305)
Sirenix.OdinValidator.Editor.AutomationConfig:ActuallyInitHooks () (at C:/Sirenix/Sirenix Solution/Sirenix.OdinValidator.Editor/Config/AutomationConfig.cs:186)
Sirenix.OdinValidator.Editor.AutomationConfig:InitHooks () (at C:/Sirenix/Sirenix Solution/Sirenix.OdinValidator.Editor/Config/AutomationConfig.cs:170)
System.Reflection.RuntimeMethodInfo:Invoke (object,System.Reflection.BindingFlags,System.Reflection.Binder,object[],System.Globalization.CultureInfo)
System.Reflection.MethodBase:Invoke (object,object[])
UnityEditor.EditorAssemblies:ProcessInitializeOnLoadMethodAttributes ()

(Filename: C:/Sirenix/Sirenix Solution/Sirenix.OdinValidator.Editor/Core/ValidationSession.cs Line: 433)

Mono: successfully reloaded assembly
- Completed reload, in  8.511 seconds
Domain Reload Profiling:
	ReloadAssembly (8512ms)
		BeginReloadAssembly (307ms)
			ExecutionOrderSort (0ms)
			DisableScriptedObjects (7ms)
			BackupInstance (0ms)
			ReleaseScriptingObjects (0ms)
			CreateAndSetChildDomain (171ms)
		EndReloadAssembly (8076ms)
			LoadAssemblies (2053ms)
			RebuildTransferFunctionScriptingTraits (0ms)
			SetupTypeCache (1077ms)
			ReleaseScriptCaches (1ms)
			RebuildScriptCaches (100ms)
			SetupLoadedEditorAssemblies (4845ms)
				LogAssemblyErrors (0ms)
				InitializePlatformSupportModulesInManaged (15ms)
				SetLoadedEditorAssemblies (0ms)
				RefreshPlugins (75ms)
				BeforeProcessingInitializeOnLoad (92ms)
				ProcessInitializeOnLoadAttributes (2110ms)
				ProcessInitializeOnLoadMethodAttributes (2550ms)
				AfterProcessingInitializeOnLoad (2ms)
				EditorAssembliesLoaded (0ms)
			ExecutionOrderSort2 (0ms)
			AwakeInstancesAfterBackupRestoration (7ms)
Platform modules already initialized, skipping
========================================================================
Worker process is ready to serve import requests
Launched and connected shader compiler UnityShaderCompiler.exe after 0.11 seconds
Refreshing native plugins compatible for Editor in 1.77 ms, found 2 plugins.
Preloading 0 native plugins for Editor in 0.00 ms.
Unloading 4531 Unused Serialized files (Serialized files now loaded: 0)
Unloading 129 unused Assets / (1.6 MB). Loaded Objects now: 5008.
Memory consumption went from 293.9 MB to 292.3 MB.
Total: 17.153700 ms (FindLiveObjects: 0.401200 ms CreateObjectMapping: 0.343000 ms MarkObjects: 15.960800 ms  DeleteObjects: 0.446900 ms)

Unloading 0 Unused Serialized files (Serialized files now loaded: 0)
Unloading 0 unused Assets / (1.5 MB). Loaded Objects now: 5008.
Memory consumption went from 292.2 MB to 290.6 MB.
Total: 16.101700 ms (FindLiveObjects: 0.454500 ms CreateObjectMapping: 0.402400 ms MarkObjects: 15.168500 ms  DeleteObjects: 0.075300 ms)

Unloading 0 Unused Serialized files (Serialized files now loaded: 0)
Unloading 0 unused Assets / (0 B). Loaded Objects now: 5008.
Memory consumption went from 290.7 MB to 290.7 MB.
Total: 15.860900 ms (FindLiveObjects: 0.500900 ms CreateObjectMapping: 0.409400 ms MarkObjects: 14.934600 ms  DeleteObjects: 0.015000 ms)

AssetImportParameters requested are different than current active one (requested -> active):
  custom:video-decoder-ogg-theora: a1e56fd34408186e4bbccfd4996cb3dc -> 
  custom:container-muxer-webm: aa71ff27fc2769a1b78a27578f13a17b -> 
  custom:container-demuxer-webm: 4f35f7cbe854078d1ac9338744f61a02 -> 
  custom:video-encoder-webm-vp8: eb34c28f22e8b96e1ab97ce403110664 -> 
  custom:video-codec-MediaFoundation-h265: 746d11721c4dcdbdad8f713fa42b33f4 -> 
  custom:audio-encoder-webm-vorbis: bf7c407c2cedff20999df2af8eb42d56 -> 
  custom:framework-win-MediaFoundation: 216162199b28c13a410421893ffa2e32 -> 
  custom:container-demuxer-ogg: 62fdf1f143b41e24485cea50d1cbac27 -> 
  custom:video-decoder-webm-vp8: 9c59270c3fd7afecdb556c50c9e8de78 -> 
  custom:audio-decoder-ogg-vorbis: bf7c407c2cedff20999df2af8eb42d56 -> 
========================================================================
Received Import Request.
  Time since last request: 24357.106924 seconds.
  path: Assets/Scripts/Generación/GenerationQueue.cs
  artifactKey: Guid(c0fb0df1e6a08f24fa45f36dbb79efa5) Importer(815301076,1909f56bfc062723c751e8b465ee728b)
Start importing Assets/Scripts/Generación/GenerationQueue.cs using Guid(c0fb0df1e6a08f24fa45f36dbb79efa5) Importer(815301076,1909f56bfc062723c751e8b465ee728b)  -> (artifact id: '00000000000000000000000000000000') in 0.164480 seconds  code(4) message(Build asset version error: assets/scripts/generación/generationqueue.cs in SourceAssetDB has modification time of '2025-09-03T00:12:27.15265Z' while content on disk has modification time of '2025-09-11T00:21:10.4272593Z')
  ERROR: Build asset version error: assets/scripts/generación/generationqueue.cs in SourceAssetDB has modification time of '2025-09-03T00:12:27.15265Z' while content on disk has modification time of '2025-09-11T00:21:10.4272593Z'
========================================================================
Received Prepare
Registering precompiled user dll's ...
Registered in 0.014736 seconds.
Begin MonoManager ReloadAssembly
Symbol file LoadedFromMemory is not a mono symbol file
Native extension for UWP target not found
Native extension for LinuxStandalone target not found
Native extension for WindowsStandalone target not found
Native extension for Android target not found
Native extension for OSXStandalone target not found
Native extension for WebGL target not found
Refreshing native plugins compatible for Editor in 1.07 ms, found 2 plugins.
Preloading 0 native plugins for Editor in 0.00 ms.
System.IO.IOException: Sharing violation on path C:\Users\jerem\OneDrive\Documentos\WeasUnity\KTA\ProjectSettings\GvhProjectSettings.xml
  at System.IO.FileStream..ctor (System.String path, System.IO.FileMode mode, System.IO.FileAccess access, System.IO.FileShare share, System.Int32 bufferSize, System.Boolean anonymous, System.IO.FileOptions options) [0x0019e] in <d6232873609549b8a045fa15811a5bd3>:0 
  at System.IO.FileStream..ctor (System.String path, System.IO.FileMode mode, System.IO.FileAccess access, System.IO.FileShare share, System.Int32 bufferSize, System.IO.FileOptions options) [0x00000] in <d6232873609549b8a045fa15811a5bd3>:0 
  at (wrapper remoting-invoke-with-check) System.IO.FileStream..ctor(string,System.IO.FileMode,System.IO.FileAccess,System.IO.FileShare,int,System.IO.FileOptions)
  at System.IO.StreamReader..ctor (System.String path, System.Text.Encoding encoding, System.Boolean detectEncodingFromByteOrderMarks, System.Int32 bufferSize) [0x00055] in <d6232873609549b8a045fa15811a5bd3>:0 
  at System.IO.StreamReader..ctor (System.String path, System.Boolean detectEncodingFromByteOrderMarks) [0x00007] in <d6232873609549b8a045fa15811a5bd3>:0 
  at System.IO.StreamReader..ctor (System.String path) [0x00000] in <d6232873609549b8a045fa15811a5bd3>:0 
  at (wrapper remoting-invoke-with-check) System.IO.StreamReader..ctor(string)
  at Google.XmlUtilities.ParseXmlTextFileElements (System.String filename, Google.Logger logger, Google.XmlUtilities+ParseElement parseElement) [0x0000f] in /Users/chkuang/Workspace/git/unity-jar-resolver/source/VersionHandlerImpl/src/XmlUtilities.cs:104 
  at Google.ProjectSettings.Load () [0x00012] in /Users/chkuang/Workspace/git/unity-jar-resolver/source/VersionHandlerImpl/src/ProjectSettings.cs:777 
  at Google.ProjectSettings.LoadIfEmpty () [0x0001b] in /Users/chkuang/Workspace/git/unity-jar-resolver/source/VersionHandlerImpl/src/ProjectSettings.cs:558 
  at Google.ProjectSettings.GetBool (System.String name, System.Boolean defaultValue, Google.SettingsLocation location) [0x0002b] in /Users/chkuang/Workspace/git/unity-jar-resolver/source/VersionHandlerImpl/src/ProjectSettings.cs:606 
  at Google.ProjectSettings.GetBool (System.String name, System.Boolean defaultValue) [0x00000] in /Users/chkuang/Workspace/git/unity-jar-resolver/source/VersionHandlerImpl/src/ProjectSettings.cs:619 
  at Google.IOSResolver.get_VerboseLoggingEnabled () [0x00000] in /Users/chkuang/Workspace/git/unity-jar-resolver/source/IOSResolver/src/IOSResolver.cs:996 
  at Google.IOSResolver..cctor () [0x001ec] in /Users/chkuang/Workspace/git/unity-jar-resolver/source/IOSResolver/src/IOSResolver.cs:692 
UnityEngine.StackTraceUtility:ExtractStackTrace ()
UnityEngine.DebugLogHandler:LogFormat (UnityEngine.LogType,UnityEngine.Object,string,object[])
UnityEngine.Logger:Log (UnityEngine.LogType,object)
UnityEngine.Debug:LogError (object)
UnityEditor.EditorAssemblies:ProcessInitializeOnLoadAttributes (System.Type[])

GPGSUpgrader start
UnityEngine.StackTraceUtility:ExtractStackTrace ()
UnityEngine.DebugLogHandler:LogFormat (UnityEngine.LogType,UnityEngine.Object,string,object[])
UnityEngine.Logger:Log (UnityEngine.LogType,object)
UnityEngine.Debug:Log (object)
GooglePlayGames.Editor.GPGSUpgrader:.cctor () (at Assets/GooglePlayGames/com.google.play.games/Editor/GPGSUpgrader.cs:38)
System.Runtime.CompilerServices.RuntimeHelpers:RunClassConstructor (System.RuntimeTypeHandle)
UnityEditor.EditorAssemblies:ProcessInitializeOnLoadAttributes (System.Type[])

(Filename: Assets/GooglePlayGames/com.google.play.games/Editor/GPGSUpgrader.cs Line: 38)

GPGSUpgrader done
UnityEngine.StackTraceUtility:ExtractStackTrace ()
UnityEngine.DebugLogHandler:LogFormat (UnityEngine.LogType,UnityEngine.Object,string,object[])
UnityEngine.Logger:Log (UnityEngine.LogType,object)
UnityEngine.Debug:Log (object)
GooglePlayGames.Editor.GPGSUpgrader:.cctor () (at Assets/GooglePlayGames/com.google.play.games/Editor/GPGSUpgrader.cs:57)
System.Runtime.CompilerServices.RuntimeHelpers:RunClassConstructor (System.RuntimeTypeHandle)
UnityEditor.EditorAssemblies:ProcessInitializeOnLoadAttributes (System.Type[])

(Filename: Assets/GooglePlayGames/com.google.play.games/Editor/GPGSUpgrader.cs Line: 57)

Mono: successfully reloaded assembly
- Completed reload, in  1.483 seconds
Domain Reload Profiling:
	ReloadAssembly (1483ms)
		BeginReloadAssembly (161ms)
			ExecutionOrderSort (0ms)
			DisableScriptedObjects (5ms)
			BackupInstance (0ms)
			ReleaseScriptingObjects (0ms)
			CreateAndSetChildDomain (50ms)
		EndReloadAssembly (1219ms)
			LoadAssemblies (122ms)
			RebuildTransferFunctionScriptingTraits (0ms)
			SetupTypeCache (315ms)
			ReleaseScriptCaches (2ms)
			RebuildScriptCaches (50ms)
			SetupLoadedEditorAssemblies (690ms)
				LogAssemblyErrors (0ms)
				InitializePlatformSupportModulesInManaged (24ms)
				SetLoadedEditorAssemblies (0ms)
				RefreshPlugins (1ms)
				BeforeProcessingInitializeOnLoad (76ms)
				ProcessInitializeOnLoadAttributes (492ms)
				ProcessInitializeOnLoadMethodAttributes (95ms)
				AfterProcessingInitializeOnLoad (2ms)
				EditorAssembliesLoaded (0ms)
			ExecutionOrderSort2 (0ms)
			AwakeInstancesAfterBackupRestoration (6ms)
Platform modules already initialized, skipping
Refreshing native plugins compatible for Editor in 8.91 ms, found 2 plugins.
Preloading 0 native plugins for Editor in 0.00 ms.
Unloading 4307 Unused Serialized files (Serialized files now loaded: 0)
Unloading 106 unused Assets / (1.6 MB). Loaded Objects now: 5017.
Memory consumption went from 274.3 MB to 272.6 MB.
Total: 14.389000 ms (FindLiveObjects: 0.336600 ms CreateObjectMapping: 0.252100 ms MarkObjects: 13.514300 ms  DeleteObjects: 0.284500 ms)

AssetImportParameters requested are different than current active one (requested -> active):
  custom:video-decoder-ogg-theora: a1e56fd34408186e4bbccfd4996cb3dc -> 
  custom:container-muxer-webm: aa71ff27fc2769a1b78a27578f13a17b -> 
  custom:container-demuxer-webm: 4f35f7cbe854078d1ac9338744f61a02 -> 
  custom:video-encoder-webm-vp8: eb34c28f22e8b96e1ab97ce403110664 -> 
  custom:video-codec-MediaFoundation-h265: 746d11721c4dcdbdad8f713fa42b33f4 -> 
  custom:audio-encoder-webm-vorbis: bf7c407c2cedff20999df2af8eb42d56 -> 
  custom:framework-win-MediaFoundation: 216162199b28c13a410421893ffa2e32 -> 
  custom:container-demuxer-ogg: 62fdf1f143b41e24485cea50d1cbac27 -> 
  custom:video-decoder-webm-vp8: 9c59270c3fd7afecdb556c50c9e8de78 -> 
  custom:audio-decoder-ogg-vorbis: bf7c407c2cedff20999df2af8eb42d56 -> 
========================================================================
Received Prepare
Registering precompiled user dll's ...
Registered in 0.014007 seconds.
Begin MonoManager ReloadAssembly
Symbol file LoadedFromMemory is not a mono symbol file
Native extension for UWP target not found
Native extension for LinuxStandalone target not found
Native extension for WindowsStandalone target not found
Native extension for Android target not found
Native extension for OSXStandalone target not found
Native extension for WebGL target not found
Refreshing native plugins compatible for Editor in 1.05 ms, found 2 plugins.
Preloading 0 native plugins for Editor in 0.00 ms.
Unable to write to 'ProjectSettings\GvhProjectSettings.xml' (System.IO.IOException: Sharing violation on path C:\Users\jerem\OneDrive\Documentos\WeasUnity\KTA\ProjectSettings\GvhProjectSettings.xml
  at System.IO.FileStream..ctor (System.String path, System.IO.FileMode mode, System.IO.FileAccess access, System.IO.FileShare share, System.Int32 bufferSize, System.Boolean anonymous, System.IO.FileOptions options) [0x0019e] in <d6232873609549b8a045fa15811a5bd3>:0 
  at System.IO.FileStream..ctor (System.String path, System.IO.FileMode mode, System.IO.FileAccess access, System.IO.FileShare share, System.Int32 bufferSize, System.IO.FileOptions options) [0x00000] in <d6232873609549b8a045fa15811a5bd3>:0 
  at System.IO.FileStream..ctor (System.String path, System.IO.FileMode mode, System.IO.FileAccess access, System.IO.FileShare share, System.Int32 bufferSize, System.Boolean useAsync) [0x00000] in <d6232873609549b8a045fa15811a5bd3>:0 
  at (wrapper remoting-invoke-with-check) System.IO.FileStream..ctor(string,System.IO.FileMode,System.IO.FileAccess,System.IO.FileShare,int,bool)
  at System.Xml.XmlWriterSettings.CreateWriter (System.String outputFileName) [0x00051] in <0313f29eb857419498961dc39155d5eb>:0 
  at System.Xml.XmlWriter.Create (System.String outputFileName, System.Xml.XmlWriterSettings settings) [0x0000a] in <0313f29eb857419498961dc39155d5eb>:0 
  at Google.ProjectSettings.Save () [0x0006d] in /Users/chkuang/Workspace/git/unity-jar-resolver/source/VersionHandlerImpl/src/ProjectSettings.cs:821 , Project settings were not saved!
UnityEngine.StackTraceUtility:ExtractStackTrace ()
UnityEngine.DebugLogHandler:LogFormat (UnityEngine.LogType,UnityEngine.Object,string,object[])
UnityEngine.Logger:Log (UnityEngine.LogType,object)
UnityEngine.Debug:LogError (object)
Google.Logger:Log (string,Google.LogLevel) (at /Users/chkuang/Workspace/git/unity-jar-resolver/source/VersionHandlerImpl/src/Logger.cs:136)
Google.ProjectSettings:Save () (at /Users/chkuang/Workspace/git/unity-jar-resolver/source/VersionHandlerImpl/src/ProjectSettings.cs:844)
Google.ProjectSettings:SetBool (string,bool,Google.SettingsLocation) (at /Users/chkuang/Workspace/git/unity-jar-resolver/source/VersionHandlerImpl/src/ProjectSettings.cs:485)
Google.ProjectSettings:SetBool (string,bool) (at /Users/chkuang/Workspace/git/unity-jar-resolver/source/VersionHandlerImpl/src/ProjectSettings.cs:497)
Google.IOSResolver:set_VerboseLoggingEnabled (bool) (at /Users/chkuang/Workspace/git/unity-jar-resolver/source/IOSResolver/src/IOSResolver.cs:998)
Google.IOSResolver:.cctor () (at /Users/chkuang/Workspace/git/unity-jar-resolver/source/IOSResolver/src/IOSResolver.cs:692)
System.Runtime.CompilerServices.RuntimeHelpers:RunClassConstructor (System.RuntimeTypeHandle)
UnityEditor.EditorAssemblies:ProcessInitializeOnLoadAttributes (System.Type[])

(Filename: /Users/chkuang/Workspace/git/unity-jar-resolver/source/VersionHandlerImpl/src/ProjectSettings.cs Line: 844)

GPGSUpgrader start
UnityEngine.StackTraceUtility:ExtractStackTrace ()
UnityEngine.DebugLogHandler:LogFormat (UnityEngine.LogType,UnityEngine.Object,string,object[])
UnityEngine.Logger:Log (UnityEngine.LogType,object)
UnityEngine.Debug:Log (object)
GooglePlayGames.Editor.GPGSUpgrader:.cctor () (at Assets/GooglePlayGames/com.google.play.games/Editor/GPGSUpgrader.cs:38)
System.Runtime.CompilerServices.RuntimeHelpers:RunClassConstructor (System.RuntimeTypeHandle)
UnityEditor.EditorAssemblies:ProcessInitializeOnLoadAttributes (System.Type[])

(Filename: Assets/GooglePlayGames/com.google.play.games/Editor/GPGSUpgrader.cs Line: 38)

GPGSUpgrader done
UnityEngine.StackTraceUtility:ExtractStackTrace ()
UnityEngine.DebugLogHandler:LogFormat (UnityEngine.LogType,UnityEngine.Object,string,object[])
UnityEngine.Logger:Log (UnityEngine.LogType,object)
UnityEngine.Debug:Log (object)
GooglePlayGames.Editor.GPGSUpgrader:.cctor () (at Assets/GooglePlayGames/com.google.play.games/Editor/GPGSUpgrader.cs:57)
System.Runtime.CompilerServices.RuntimeHelpers:RunClassConstructor (System.RuntimeTypeHandle)
UnityEditor.EditorAssemblies:ProcessInitializeOnLoadAttributes (System.Type[])

(Filename: Assets/GooglePlayGames/com.google.play.games/Editor/GPGSUpgrader.cs Line: 57)

Mono: successfully reloaded assembly
- Completed reload, in  1.376 seconds
Domain Reload Profiling:
	ReloadAssembly (1377ms)
		BeginReloadAssembly (149ms)
			ExecutionOrderSort (0ms)
			DisableScriptedObjects (4ms)
			BackupInstance (0ms)
			ReleaseScriptingObjects (0ms)
			CreateAndSetChildDomain (44ms)
		EndReloadAssembly (1128ms)
			LoadAssemblies (117ms)
			RebuildTransferFunctionScriptingTraits (0ms)
			SetupTypeCache (253ms)
			ReleaseScriptCaches (1ms)
			RebuildScriptCaches (44ms)
			SetupLoadedEditorAssemblies (695ms)
				LogAssemblyErrors (0ms)
				InitializePlatformSupportModulesInManaged (21ms)
				SetLoadedEditorAssemblies (0ms)
				RefreshPlugins (1ms)
				BeforeProcessingInitializeOnLoad (74ms)
				ProcessInitializeOnLoadAttributes (481ms)
				ProcessInitializeOnLoadMethodAttributes (113ms)
				AfterProcessingInitializeOnLoad (3ms)
				EditorAssembliesLoaded (0ms)
			ExecutionOrderSort2 (0ms)
			AwakeInstancesAfterBackupRestoration (7ms)
Platform modules already initialized, skipping
Refreshing native plugins compatible for Editor in 12.09 ms, found 2 plugins.
Preloading 0 native plugins for Editor in 0.00 ms.
Unloading 4307 Unused Serialized files (Serialized files now loaded: 0)
Unloading 100 unused Assets / (1.6 MB). Loaded Objects now: 5032.
Memory consumption went from 274.2 MB to 272.6 MB.
Total: 18.708100 ms (FindLiveObjects: 0.349900 ms CreateObjectMapping: 0.293600 ms MarkObjects: 17.694200 ms  DeleteObjects: 0.369200 ms)

AssetImportParameters requested are different than current active one (requested -> active):
  custom:video-decoder-ogg-theora: a1e56fd34408186e4bbccfd4996cb3dc -> 
  custom:container-muxer-webm: aa71ff27fc2769a1b78a27578f13a17b -> 
  custom:container-demuxer-webm: 4f35f7cbe854078d1ac9338744f61a02 -> 
  custom:video-encoder-webm-vp8: eb34c28f22e8b96e1ab97ce403110664 -> 
  custom:video-codec-MediaFoundation-h265: 746d11721c4dcdbdad8f713fa42b33f4 -> 
  custom:audio-encoder-webm-vorbis: bf7c407c2cedff20999df2af8eb42d56 -> 
  custom:framework-win-MediaFoundation: 216162199b28c13a410421893ffa2e32 -> 
  custom:container-demuxer-ogg: 62fdf1f143b41e24485cea50d1cbac27 -> 
  custom:video-decoder-webm-vp8: 9c59270c3fd7afecdb556c50c9e8de78 -> 
  custom:audio-decoder-ogg-vorbis: bf7c407c2cedff20999df2af8eb42d56 -> 
========================================================================
Received Prepare
Registering precompiled user dll's ...
Registered in 0.014424 seconds.
Begin MonoManager ReloadAssembly
Symbol file LoadedFromMemory is not a mono symbol file
Native extension for UWP target not found
Native extension for LinuxStandalone target not found
Native extension for WindowsStandalone target not found
Native extension for Android target not found
Native extension for OSXStandalone target not found
Native extension for WebGL target not found
Refreshing native plugins compatible for Editor in 3.88 ms, found 2 plugins.
Preloading 0 native plugins for Editor in 0.00 ms.
GPGSUpgrader start
UnityEngine.StackTraceUtility:ExtractStackTrace ()
UnityEngine.DebugLogHandler:LogFormat (UnityEngine.LogType,UnityEngine.Object,string,object[])
UnityEngine.Logger:Log (UnityEngine.LogType,object)
UnityEngine.Debug:Log (object)
GooglePlayGames.Editor.GPGSUpgrader:.cctor () (at Assets/GooglePlayGames/com.google.play.games/Editor/GPGSUpgrader.cs:38)
System.Runtime.CompilerServices.RuntimeHelpers:RunClassConstructor (System.RuntimeTypeHandle)
UnityEditor.EditorAssemblies:ProcessInitializeOnLoadAttributes (System.Type[])

(Filename: Assets/GooglePlayGames/com.google.play.games/Editor/GPGSUpgrader.cs Line: 38)

GPGSUpgrader done
UnityEngine.StackTraceUtility:ExtractStackTrace ()
UnityEngine.DebugLogHandler:LogFormat (UnityEngine.LogType,UnityEngine.Object,string,object[])
UnityEngine.Logger:Log (UnityEngine.LogType,object)
UnityEngine.Debug:Log (object)
GooglePlayGames.Editor.GPGSUpgrader:.cctor () (at Assets/GooglePlayGames/com.google.play.games/Editor/GPGSUpgrader.cs:57)
System.Runtime.CompilerServices.RuntimeHelpers:RunClassConstructor (System.RuntimeTypeHandle)
UnityEditor.EditorAssemblies:ProcessInitializeOnLoadAttributes (System.Type[])

(Filename: Assets/GooglePlayGames/com.google.play.games/Editor/GPGSUpgrader.cs Line: 57)

Mono: successfully reloaded assembly
- Completed reload, in  2.541 seconds
Domain Reload Profiling:
	ReloadAssembly (2542ms)
		BeginReloadAssembly (209ms)
			ExecutionOrderSort (0ms)
			DisableScriptedObjects (5ms)
			BackupInstance (0ms)
			ReleaseScriptingObjects (0ms)
			CreateAndSetChildDomain (67ms)
		EndReloadAssembly (2228ms)
			LoadAssemblies (149ms)
			RebuildTransferFunctionScriptingTraits (0ms)
			SetupTypeCache (464ms)
			ReleaseScriptCaches (3ms)
			RebuildScriptCaches (91ms)
			SetupLoadedEditorAssemblies (1422ms)
				LogAssemblyErrors (0ms)
				InitializePlatformSupportModulesInManaged (93ms)
				SetLoadedEditorAssemblies (1ms)
				RefreshPlugins (4ms)
				BeforeProcessingInitializeOnLoad (443ms)
				ProcessInitializeOnLoadAttributes (763ms)
				ProcessInitializeOnLoadMethodAttributes (116ms)
				AfterProcessingInitializeOnLoad (2ms)
				EditorAssembliesLoaded (0ms)
			ExecutionOrderSort2 (0ms)
			AwakeInstancesAfterBackupRestoration (7ms)
Platform modules already initialized, skipping
Refreshing native plugins compatible for Editor in 9.03 ms, found 2 plugins.
Preloading 0 native plugins for Editor in 0.00 ms.
Unloading 4315 Unused Serialized files (Serialized files now loaded: 0)
Unloading 100 unused Assets / (1.6 MB). Loaded Objects now: 5055.
Memory consumption went from 274.5 MB to 272.9 MB.
Total: 14.291700 ms (FindLiveObjects: 0.314300 ms CreateObjectMapping: 0.267300 ms MarkObjects: 13.440500 ms  DeleteObjects: 0.268600 ms)

AssetImportParameters requested are different than current active one (requested -> active):
  custom:video-decoder-ogg-theora: a1e56fd34408186e4bbccfd4996cb3dc -> 
  custom:container-muxer-webm: aa71ff27fc2769a1b78a27578f13a17b -> 
  custom:container-demuxer-webm: 4f35f7cbe854078d1ac9338744f61a02 -> 
  custom:video-encoder-webm-vp8: eb34c28f22e8b96e1ab97ce403110664 -> 
  custom:video-codec-MediaFoundation-h265: 746d11721c4dcdbdad8f713fa42b33f4 -> 
  custom:audio-encoder-webm-vorbis: bf7c407c2cedff20999df2af8eb42d56 -> 
  custom:framework-win-MediaFoundation: 216162199b28c13a410421893ffa2e32 -> 
  custom:container-demuxer-ogg: 62fdf1f143b41e24485cea50d1cbac27 -> 
  custom:video-decoder-webm-vp8: 9c59270c3fd7afecdb556c50c9e8de78 -> 
  custom:audio-decoder-ogg-vorbis: bf7c407c2cedff20999df2af8eb42d56 -> 
========================================================================
Received Prepare
Registering precompiled user dll's ...
Registered in 0.014701 seconds.
Begin MonoManager ReloadAssembly
Symbol file LoadedFromMemory is not a mono symbol file
Native extension for UWP target not found
Native extension for LinuxStandalone target not found
Native extension for WindowsStandalone target not found
Native extension for Android target not found
Native extension for OSXStandalone target not found
Native extension for WebGL target not found
Refreshing native plugins compatible for Editor in 1.07 ms, found 2 plugins.
Preloading 0 native plugins for Editor in 0.00 ms.
GPGSUpgrader start
UnityEngine.StackTraceUtility:ExtractStackTrace ()
UnityEngine.DebugLogHandler:LogFormat (UnityEngine.LogType,UnityEngine.Object,string,object[])
UnityEngine.Logger:Log (UnityEngine.LogType,object)
UnityEngine.Debug:Log (object)
GooglePlayGames.Editor.GPGSUpgrader:.cctor () (at Assets/GooglePlayGames/com.google.play.games/Editor/GPGSUpgrader.cs:38)
System.Runtime.CompilerServices.RuntimeHelpers:RunClassConstructor (System.RuntimeTypeHandle)
UnityEditor.EditorAssemblies:ProcessInitializeOnLoadAttributes (System.Type[])

(Filename: Assets/GooglePlayGames/com.google.play.games/Editor/GPGSUpgrader.cs Line: 38)

GPGSUpgrader done
UnityEngine.StackTraceUtility:ExtractStackTrace ()
UnityEngine.DebugLogHandler:LogFormat (UnityEngine.LogType,UnityEngine.Object,string,object[])
UnityEngine.Logger:Log (UnityEngine.LogType,object)
UnityEngine.Debug:Log (object)
GooglePlayGames.Editor.GPGSUpgrader:.cctor () (at Assets/GooglePlayGames/com.google.play.games/Editor/GPGSUpgrader.cs:57)
System.Runtime.CompilerServices.RuntimeHelpers:RunClassConstructor (System.RuntimeTypeHandle)
UnityEditor.EditorAssemblies:ProcessInitializeOnLoadAttributes (System.Type[])

(Filename: Assets/GooglePlayGames/com.google.play.games/Editor/GPGSUpgrader.cs Line: 57)

Mono: successfully reloaded assembly
- Completed reload, in  1.650 seconds
Domain Reload Profiling:
	ReloadAssembly (1650ms)
		BeginReloadAssembly (150ms)
			ExecutionOrderSort (0ms)
			DisableScriptedObjects (4ms)
			BackupInstance (0ms)
			ReleaseScriptingObjects (0ms)
			CreateAndSetChildDomain (40ms)
		EndReloadAssembly (1414ms)
			LoadAssemblies (127ms)
			RebuildTransferFunctionScriptingTraits (0ms)
			SetupTypeCache (313ms)
			ReleaseScriptCaches (2ms)
			RebuildScriptCaches (63ms)
			SetupLoadedEditorAssemblies (867ms)
				LogAssemblyErrors (0ms)
				InitializePlatformSupportModulesInManaged (26ms)
				SetLoadedEditorAssemblies (0ms)
				RefreshPlugins (1ms)
				BeforeProcessingInitializeOnLoad (83ms)
				ProcessInitializeOnLoadAttributes (625ms)
				ProcessInitializeOnLoadMethodAttributes (129ms)
				AfterProcessingInitializeOnLoad (3ms)
				EditorAssembliesLoaded (0ms)
			ExecutionOrderSort2 (0ms)
			AwakeInstancesAfterBackupRestoration (8ms)
Platform modules already initialized, skipping
Refreshing native plugins compatible for Editor in 15.91 ms, found 2 plugins.
Preloading 0 native plugins for Editor in 0.00 ms.
Unloading 4315 Unused Serialized files (Serialized files now loaded: 0)
Unloading 100 unused Assets / (1.6 MB). Loaded Objects now: 5070.
Memory consumption went from 274.6 MB to 272.9 MB.
Total: 20.492800 ms (FindLiveObjects: 0.486600 ms CreateObjectMapping: 0.548500 ms MarkObjects: 19.027400 ms  DeleteObjects: 0.428900 ms)

AssetImportParameters requested are different than current active one (requested -> active):
  custom:video-decoder-ogg-theora: a1e56fd34408186e4bbccfd4996cb3dc -> 
  custom:container-muxer-webm: aa71ff27fc2769a1b78a27578f13a17b -> 
  custom:container-demuxer-webm: 4f35f7cbe854078d1ac9338744f61a02 -> 
  custom:video-encoder-webm-vp8: eb34c28f22e8b96e1ab97ce403110664 -> 
  custom:video-codec-MediaFoundation-h265: 746d11721c4dcdbdad8f713fa42b33f4 -> 
  custom:audio-encoder-webm-vorbis: bf7c407c2cedff20999df2af8eb42d56 -> 
  custom:framework-win-MediaFoundation: 216162199b28c13a410421893ffa2e32 -> 
  custom:container-demuxer-ogg: 62fdf1f143b41e24485cea50d1cbac27 -> 
  custom:video-decoder-webm-vp8: 9c59270c3fd7afecdb556c50c9e8de78 -> 
  custom:audio-decoder-ogg-vorbis: bf7c407c2cedff20999df2af8eb42d56 -> 
========================================================================
Received Prepare
Registering precompiled user dll's ...
Registered in 0.014160 seconds.
Begin MonoManager ReloadAssembly
Symbol file LoadedFromMemory is not a mono symbol file
Native extension for UWP target not found
Native extension for LinuxStandalone target not found
Native extension for WindowsStandalone target not found
Native extension for Android target not found
Native extension for OSXStandalone target not found
Native extension for WebGL target not found
Refreshing native plugins compatible for Editor in 1.18 ms, found 2 plugins.
Preloading 0 native plugins for Editor in 0.00 ms.
System.IO.IOException: Sharing violation on path C:\Users\jerem\OneDrive\Documentos\WeasUnity\KTA\ProjectSettings\GvhProjectSettings.xml
  at System.IO.FileStream..ctor (System.String path, System.IO.FileMode mode, System.IO.FileAccess access, System.IO.FileShare share, System.Int32 bufferSize, System.Boolean anonymous, System.IO.FileOptions options) [0x0019e] in <d6232873609549b8a045fa15811a5bd3>:0 
  at System.IO.FileStream..ctor (System.String path, System.IO.FileMode mode, System.IO.FileAccess access, System.IO.FileShare share, System.Int32 bufferSize, System.IO.FileOptions options) [0x00000] in <d6232873609549b8a045fa15811a5bd3>:0 
  at (wrapper remoting-invoke-with-check) System.IO.FileStream..ctor(string,System.IO.FileMode,System.IO.FileAccess,System.IO.FileShare,int,System.IO.FileOptions)
  at System.IO.StreamReader..ctor (System.String path, System.Text.Encoding encoding, System.Boolean detectEncodingFromByteOrderMarks, System.Int32 bufferSize) [0x00055] in <d6232873609549b8a045fa15811a5bd3>:0 
  at System.IO.StreamReader..ctor (System.String path, System.Boolean detectEncodingFromByteOrderMarks) [0x00007] in <d6232873609549b8a045fa15811a5bd3>:0 
  at System.IO.StreamReader..ctor (System.String path) [0x00000] in <d6232873609549b8a045fa15811a5bd3>:0 
  at (wrapper remoting-invoke-with-check) System.IO.StreamReader..ctor(string)
  at Google.XmlUtilities.ParseXmlTextFileElements (System.String filename, Google.Logger logger, Google.XmlUtilities+ParseElement parseElement) [0x0000f] in /Users/chkuang/Workspace/git/unity-jar-resolver/source/VersionHandlerImpl/src/XmlUtilities.cs:104 
  at Google.ProjectSettings.Load () [0x00012] in /Users/chkuang/Workspace/git/unity-jar-resolver/source/VersionHandlerImpl/src/ProjectSettings.cs:777 
  at Google.ProjectSettings.LoadIfEmpty () [0x0001b] in /Users/chkuang/Workspace/git/unity-jar-resolver/source/VersionHandlerImpl/src/ProjectSettings.cs:558 
  at Google.ProjectSettings.GetBool (System.String name, System.Boolean defaultValue, Google.SettingsLocation location) [0x0002b] in /Users/chkuang/Workspace/git/unity-jar-resolver/source/VersionHandlerImpl/src/ProjectSettings.cs:606 
  at Google.ProjectSettings.GetBool (System.String name, System.Boolean defaultValue) [0x00000] in /Users/chkuang/Workspace/git/unity-jar-resolver/source/VersionHandlerImpl/src/ProjectSettings.cs:619 
  at Google.IOSResolver.get_VerboseLoggingEnabled () [0x00000] in /Users/chkuang/Workspace/git/unity-jar-resolver/source/IOSResolver/src/IOSResolver.cs:996 
  at Google.IOSResolver..cctor () [0x001ec] in /Users/chkuang/Workspace/git/unity-jar-resolver/source/IOSResolver/src/IOSResolver.cs:692 
UnityEngine.StackTraceUtility:ExtractStackTrace ()
UnityEngine.DebugLogHandler:LogFormat (UnityEngine.LogType,UnityEngine.Object,string,object[])
UnityEngine.Logger:Log (UnityEngine.LogType,object)
UnityEngine.Debug:LogError (object)
UnityEditor.EditorAssemblies:ProcessInitializeOnLoadAttributes (System.Type[])

GPGSUpgrader start
UnityEngine.StackTraceUtility:ExtractStackTrace ()
UnityEngine.DebugLogHandler:LogFormat (UnityEngine.LogType,UnityEngine.Object,string,object[])
UnityEngine.Logger:Log (UnityEngine.LogType,object)
UnityEngine.Debug:Log (object)
GooglePlayGames.Editor.GPGSUpgrader:.cctor () (at Assets/GooglePlayGames/com.google.play.games/Editor/GPGSUpgrader.cs:38)
System.Runtime.CompilerServices.RuntimeHelpers:RunClassConstructor (System.RuntimeTypeHandle)
UnityEditor.EditorAssemblies:ProcessInitializeOnLoadAttributes (System.Type[])

(Filename: Assets/GooglePlayGames/com.google.play.games/Editor/GPGSUpgrader.cs Line: 38)

System.IO.IOException: Sharing violation on path C:\Users\jerem\OneDrive\Documentos\WeasUnity\KTA\ProjectSettings\GooglePlayGameSettings.txt
  at System.IO.FileStream..ctor (System.String path, System.IO.FileMode mode, System.IO.FileAccess access, System.IO.FileShare share, System.Int32 bufferSize, System.Boolean anonymous, System.IO.FileOptions options) [0x0019e] in <d6232873609549b8a045fa15811a5bd3>:0 
  at System.IO.FileStream..ctor (System.String path, System.IO.FileMode mode, System.IO.FileAccess access, System.IO.FileShare share, System.Int32 bufferSize, System.IO.FileOptions options) [0x00000] in <d6232873609549b8a045fa15811a5bd3>:0 
  at (wrapper remoting-invoke-with-check) System.IO.FileStream..ctor(string,System.IO.FileMode,System.IO.FileAccess,System.IO.FileShare,int,System.IO.FileOptions)
  at System.IO.StreamReader..ctor (System.String path, System.Text.Encoding encoding, System.Boolean detectEncodingFromByteOrderMarks, System.Int32 bufferSize) [0x00055] in <d6232873609549b8a045fa15811a5bd3>:0 
  at System.IO.StreamReader..ctor (System.String path, System.Boolean detectEncodingFromByteOrderMarks) [0x00007] in <d6232873609549b8a045fa15811a5bd3>:0 
  at System.IO.StreamReader..ctor (System.String path) [0x00000] in <d6232873609549b8a045fa15811a5bd3>:0 
  at (wrapper remoting-invoke-with-check) System.IO.StreamReader..ctor(string)
  at GooglePlayGames.Editor.GPGSProjectSettings..ctor () [0x00067] in C:\Users\jerem\OneDrive\Documentos\WeasUnity\KTA\Assets\GooglePlayGames\com.google.play.games\Editor\GPGSProjectSettings.cs:70 
  at GooglePlayGames.Editor.GPGSProjectSettings.get_Instance () [0x00007] in C:\Users\jerem\OneDrive\Documentos\WeasUnity\KTA\Assets\GooglePlayGames\com.google.play.games\Editor\GPGSProjectSettings.cs:40 
  at GooglePlayGames.Editor.GPGSUpgrader..cctor () [0x00012] in C:\Users\jerem\OneDrive\Documentos\WeasUnity\KTA\Assets\GooglePlayGames\com.google.play.games\Editor\GPGSUpgrader.cs:40 
UnityEngine.StackTraceUtility:ExtractStackTrace ()
UnityEngine.DebugLogHandler:LogFormat (UnityEngine.LogType,UnityEngine.Object,string,object[])
UnityEngine.Logger:Log (UnityEngine.LogType,object)
UnityEngine.Debug:LogError (object)
UnityEditor.EditorAssemblies:ProcessInitializeOnLoadAttributes (System.Type[])

Mono: successfully reloaded assembly
- Completed reload, in  1.473 seconds
Domain Reload Profiling:
	ReloadAssembly (1474ms)
		BeginReloadAssembly (151ms)
			ExecutionOrderSort (0ms)
			DisableScriptedObjects (4ms)
			BackupInstance (0ms)
			ReleaseScriptingObjects (0ms)
			CreateAndSetChildDomain (46ms)
		EndReloadAssembly (1229ms)
			LoadAssemblies (118ms)
			RebuildTransferFunctionScriptingTraits (0ms)
			SetupTypeCache (275ms)
			ReleaseScriptCaches (1ms)
			RebuildScriptCaches (56ms)
			SetupLoadedEditorAssemblies (755ms)
				LogAssemblyErrors (0ms)
				InitializePlatformSupportModulesInManaged (27ms)
				SetLoadedEditorAssemblies (0ms)
				RefreshPlugins (1ms)
				BeforeProcessingInitializeOnLoad (85ms)
				ProcessInitializeOnLoadAttributes (538ms)
				ProcessInitializeOnLoadMethodAttributes (102ms)
				AfterProcessingInitializeOnLoad (2ms)
				EditorAssembliesLoaded (0ms)
			ExecutionOrderSort2 (0ms)
			AwakeInstancesAfterBackupRestoration (8ms)
Platform modules already initialized, skipping
Refreshing native plugins compatible for Editor in 10.66 ms, found 2 plugins.
Preloading 0 native plugins for Editor in 0.00 ms.
Unloading 4315 Unused Serialized files (Serialized files now loaded: 0)
Unloading 100 unused Assets / (1.6 MB). Loaded Objects now: 5085.
Memory consumption went from 274.6 MB to 272.9 MB.
Total: 17.231100 ms (FindLiveObjects: 0.336600 ms CreateObjectMapping: 0.355200 ms MarkObjects: 16.256800 ms  DeleteObjects: 0.281400 ms)

AssetImportParameters requested are different than current active one (requested -> active):
  custom:video-decoder-ogg-theora: a1e56fd34408186e4bbccfd4996cb3dc -> 
  custom:container-muxer-webm: aa71ff27fc2769a1b78a27578f13a17b -> 
  custom:container-demuxer-webm: 4f35f7cbe854078d1ac9338744f61a02 -> 
  custom:video-encoder-webm-vp8: eb34c28f22e8b96e1ab97ce403110664 -> 
  custom:video-codec-MediaFoundation-h265: 746d11721c4dcdbdad8f713fa42b33f4 -> 
  custom:audio-encoder-webm-vorbis: bf7c407c2cedff20999df2af8eb42d56 -> 
  custom:framework-win-MediaFoundation: 216162199b28c13a410421893ffa2e32 -> 
  custom:container-demuxer-ogg: 62fdf1f143b41e24485cea50d1cbac27 -> 
  custom:video-decoder-webm-vp8: 9c59270c3fd7afecdb556c50c9e8de78 -> 
  custom:audio-decoder-ogg-vorbis: bf7c407c2cedff20999df2af8eb42d56 -> 
========================================================================
Received Prepare
Registering precompiled user dll's ...
Registered in 0.014593 seconds.
Begin MonoManager ReloadAssembly
Symbol file LoadedFromMemory is not a mono symbol file
Native extension for UWP target not found
Native extension for LinuxStandalone target not found
Native extension for WindowsStandalone target not found
Native extension for Android target not found
Native extension for OSXStandalone target not found
Native extension for WebGL target not found
Refreshing native plugins compatible for Editor in 1.43 ms, found 2 plugins.
Preloading 0 native plugins for Editor in 0.00 ms.
Unable to write to 'ProjectSettings\GvhProjectSettings.xml' (System.IO.IOException: Sharing violation on path C:\Users\jerem\OneDrive\Documentos\WeasUnity\KTA\ProjectSettings\GvhProjectSettings.xml
  at System.IO.FileStream..ctor (System.String path, System.IO.FileMode mode, System.IO.FileAccess access, System.IO.FileShare share, System.Int32 bufferSize, System.Boolean anonymous, System.IO.FileOptions options) [0x0019e] in <d6232873609549b8a045fa15811a5bd3>:0 
  at System.IO.FileStream..ctor (System.String path, System.IO.FileMode mode, System.IO.FileAccess access, System.IO.FileShare share, System.Int32 bufferSize, System.IO.FileOptions options) [0x00000] in <d6232873609549b8a045fa15811a5bd3>:0 
  at System.IO.FileStream..ctor (System.String path, System.IO.FileMode mode, System.IO.FileAccess access, System.IO.FileShare share, System.Int32 bufferSize, System.Boolean useAsync) [0x00000] in <d6232873609549b8a045fa15811a5bd3>:0 
  at (wrapper remoting-invoke-with-check) System.IO.FileStream..ctor(string,System.IO.FileMode,System.IO.FileAccess,System.IO.FileShare,int,bool)
  at System.Xml.XmlWriterSettings.CreateWriter (System.String outputFileName) [0x00051] in <0313f29eb857419498961dc39155d5eb>:0 
  at System.Xml.XmlWriter.Create (System.String outputFileName, System.Xml.XmlWriterSettings settings) [0x0000a] in <0313f29eb857419498961dc39155d5eb>:0 
  at Google.ProjectSettings.Save () [0x0006d] in /Users/chkuang/Workspace/git/unity-jar-resolver/source/VersionHandlerImpl/src/ProjectSettings.cs:821 , Project settings were not saved!
UnityEngine.StackTraceUtility:ExtractStackTrace ()
UnityEngine.DebugLogHandler:LogFormat (UnityEngine.LogType,UnityEngine.Object,string,object[])
UnityEngine.Logger:Log (UnityEngine.LogType,object)
UnityEngine.Debug:LogError (object)
Google.Logger:Log (string,Google.LogLevel) (at /Users/chkuang/Workspace/git/unity-jar-resolver/source/VersionHandlerImpl/src/Logger.cs:136)
Google.ProjectSettings:Save () (at /Users/chkuang/Workspace/git/unity-jar-resolver/source/VersionHandlerImpl/src/ProjectSettings.cs:844)
Google.ProjectSettings:SetBool (string,bool,Google.SettingsLocation) (at /Users/chkuang/Workspace/git/unity-jar-resolver/source/VersionHandlerImpl/src/ProjectSettings.cs:485)
Google.ProjectSettings:SetBool (string,bool) (at /Users/chkuang/Workspace/git/unity-jar-resolver/source/VersionHandlerImpl/src/ProjectSettings.cs:497)
Google.IOSResolver:set_VerboseLoggingEnabled (bool) (at /Users/chkuang/Workspace/git/unity-jar-resolver/source/IOSResolver/src/IOSResolver.cs:998)
Google.IOSResolver:.cctor () (at /Users/chkuang/Workspace/git/unity-jar-resolver/source/IOSResolver/src/IOSResolver.cs:692)
System.Runtime.CompilerServices.RuntimeHelpers:RunClassConstructor (System.RuntimeTypeHandle)
UnityEditor.EditorAssemblies:ProcessInitializeOnLoadAttributes (System.Type[])

(Filename: /Users/chkuang/Workspace/git/unity-jar-resolver/source/VersionHandlerImpl/src/ProjectSettings.cs Line: 844)

GPGSUpgrader start
UnityEngine.StackTraceUtility:ExtractStackTrace ()
UnityEngine.DebugLogHandler:LogFormat (UnityEngine.LogType,UnityEngine.Object,string,object[])
UnityEngine.Logger:Log (UnityEngine.LogType,object)
UnityEngine.Debug:Log (object)
GooglePlayGames.Editor.GPGSUpgrader:.cctor () (at Assets/GooglePlayGames/com.google.play.games/Editor/GPGSUpgrader.cs:38)
System.Runtime.CompilerServices.RuntimeHelpers:RunClassConstructor (System.RuntimeTypeHandle)
UnityEditor.EditorAssemblies:ProcessInitializeOnLoadAttributes (System.Type[])

(Filename: Assets/GooglePlayGames/com.google.play.games/Editor/GPGSUpgrader.cs Line: 38)

GPGSUpgrader done
UnityEngine.StackTraceUtility:ExtractStackTrace ()
UnityEngine.DebugLogHandler:LogFormat (UnityEngine.LogType,UnityEngine.Object,string,object[])
UnityEngine.Logger:Log (UnityEngine.LogType,object)
UnityEngine.Debug:Log (object)
GooglePlayGames.Editor.GPGSUpgrader:.cctor () (at Assets/GooglePlayGames/com.google.play.games/Editor/GPGSUpgrader.cs:57)
System.Runtime.CompilerServices.RuntimeHelpers:RunClassConstructor (System.RuntimeTypeHandle)
UnityEditor.EditorAssemblies:ProcessInitializeOnLoadAttributes (System.Type[])

(Filename: Assets/GooglePlayGames/com.google.play.games/Editor/GPGSUpgrader.cs Line: 57)

Mono: successfully reloaded assembly
- Completed reload, in  1.646 seconds
Domain Reload Profiling:
	ReloadAssembly (1647ms)
		BeginReloadAssembly (154ms)
			ExecutionOrderSort (0ms)
			DisableScriptedObjects (4ms)
			BackupInstance (0ms)
			ReleaseScriptingObjects (0ms)
			CreateAndSetChildDomain (45ms)
		EndReloadAssembly (1389ms)
			LoadAssemblies (122ms)
			RebuildTransferFunctionScriptingTraits (0ms)
			SetupTypeCache (274ms)
			ReleaseScriptCaches (2ms)
			RebuildScriptCaches (66ms)
			SetupLoadedEditorAssemblies (885ms)
				LogAssemblyErrors (0ms)
				InitializePlatformSupportModulesInManaged (28ms)
				SetLoadedEditorAssemblies (0ms)
				RefreshPlugins (1ms)
				BeforeProcessingInitializeOnLoad (88ms)
				ProcessInitializeOnLoadAttributes (650ms)
				ProcessInitializeOnLoadMethodAttributes (113ms)
				AfterProcessingInitializeOnLoad (3ms)
				EditorAssembliesLoaded (0ms)
			ExecutionOrderSort2 (0ms)
			AwakeInstancesAfterBackupRestoration (8ms)
Platform modules already initialized, skipping
Refreshing native plugins compatible for Editor in 14.07 ms, found 2 plugins.
Preloading 0 native plugins for Editor in 0.00 ms.
Unloading 4315 Unused Serialized files (Serialized files now loaded: 0)
Unloading 100 unused Assets / (1.6 MB). Loaded Objects now: 5100.
Memory consumption went from 274.6 MB to 273.0 MB.
Total: 19.189700 ms (FindLiveObjects: 0.346700 ms CreateObjectMapping: 0.304700 ms MarkObjects: 18.231900 ms  DeleteObjects: 0.305200 ms)

AssetImportParameters requested are different than current active one (requested -> active):
  custom:video-decoder-ogg-theora: a1e56fd34408186e4bbccfd4996cb3dc -> 
  custom:container-muxer-webm: aa71ff27fc2769a1b78a27578f13a17b -> 
  custom:container-demuxer-webm: 4f35f7cbe854078d1ac9338744f61a02 -> 
  custom:video-encoder-webm-vp8: eb34c28f22e8b96e1ab97ce403110664 -> 
  custom:video-codec-MediaFoundation-h265: 746d11721c4dcdbdad8f713fa42b33f4 -> 
  custom:audio-encoder-webm-vorbis: bf7c407c2cedff20999df2af8eb42d56 -> 
  custom:framework-win-MediaFoundation: 216162199b28c13a410421893ffa2e32 -> 
  custom:container-demuxer-ogg: 62fdf1f143b41e24485cea50d1cbac27 -> 
  custom:video-decoder-webm-vp8: 9c59270c3fd7afecdb556c50c9e8de78 -> 
  custom:audio-decoder-ogg-vorbis: bf7c407c2cedff20999df2af8eb42d56 -> 
