Using pre-set license
Built from '2021.3/staging' branch; Version is '2021.3.15f1 (e8e88683f834) revision 15263878'; Using compiler version '192829333'; Build Type 'Release'
OS: 'Windows 11  (10.0.26120) 64bit Professional' Language: 'en' Physical Memory: 16322 MB
BatchMode: 1, IsHumanControllingUs: 0, StartBugReporterOnCrash: 0, Is64bit: 1, IsPro: 1

COMMAND LINE ARGUMENTS:
D:\Unity\2021.3.15f1\Editor\Unity.exe
-adb2
-batchMode
-noUpm
-name
AssetImportWorker6
-projectPath
C:/Users/jerem/OneDrive/Documentos/WeasUnity/KTA
-logFile
Logs/AssetImportWorker6.log
-srvPort
57041
Successfully changed project path to: C:/Users/jerem/OneDrive/Documentos/WeasUnity/KTA
C:/Users/jerem/OneDrive/Documentos/WeasUnity/KTA
[UnityMemory] Configuration Parameters - Can be set up in boot.config
    "memorysetup-bucket-allocator-granularity=16"
    "memorysetup-bucket-allocator-bucket-count=8"
    "memorysetup-bucket-allocator-block-size=33554432"
    "memorysetup-bucket-allocator-block-count=8"
    "memorysetup-main-allocator-block-size=16777216"
    "memorysetup-thread-allocator-block-size=16777216"
    "memorysetup-gfx-main-allocator-block-size=16777216"
    "memorysetup-gfx-thread-allocator-block-size=16777216"
    "memorysetup-cache-allocator-block-size=4194304"
    "memorysetup-typetree-allocator-block-size=2097152"
    "memorysetup-profiler-bucket-allocator-granularity=16"
    "memorysetup-profiler-bucket-allocator-bucket-count=8"
    "memorysetup-profiler-bucket-allocator-block-size=33554432"
    "memorysetup-profiler-bucket-allocator-block-count=8"
    "memorysetup-profiler-allocator-block-size=16777216"
    "memorysetup-profiler-editor-allocator-block-size=1048576"
    "memorysetup-temp-allocator-size-main=16777216"
    "memorysetup-job-temp-allocator-block-size=2097152"
    "memorysetup-job-temp-allocator-block-size-background=1048576"
    "memorysetup-job-temp-allocator-reduction-small-platforms=262144"
    "memorysetup-temp-allocator-size-background-worker=32768"
    "memorysetup-temp-allocator-size-job-worker=262144"
    "memorysetup-temp-allocator-size-preload-manager=33554432"
    "memorysetup-temp-allocator-size-nav-mesh-worker=65536"
    "memorysetup-temp-allocator-size-audio-worker=65536"
    "memorysetup-temp-allocator-size-cloud-worker=32768"
    "memorysetup-temp-allocator-size-gi-baking-worker=262144"
    "memorysetup-temp-allocator-size-gfx=262144"
Player connection [32224] Host "[IP] 172.19.176.1 [Port] 0 [Flags] 2 [Guid] 527367668 [EditorId] 527367668 [Version] 1048832 [Id] WindowsEditor(7,Desktop-BBP14QM) [Debug] 1 [PackageName] WindowsEditor [ProjectName] Editor" joined multi-casting on [225.0.0.222:54997]...

Player connection [32224] Host "[IP] 172.19.176.1 [Port] 0 [Flags] 2 [Guid] 527367668 [EditorId] 527367668 [Version] 1048832 [Id] WindowsEditor(7,Desktop-BBP14QM) [Debug] 1 [PackageName] WindowsEditor [ProjectName] Editor" joined alternative multi-casting on [225.0.0.222:34997]...

Refreshing native plugins compatible for Editor in 125.69 ms, found 2 plugins.
Preloading 0 native plugins for Editor in 0.00 ms.
Initialize engine version: 2021.3.15f1 (e8e88683f834)
[Subsystems] Discovering subsystems at path D:/Unity/2021.3.15f1/Editor/Data/Resources/UnitySubsystems
[Subsystems] Discovering subsystems at path C:/Users/jerem/OneDrive/Documentos/WeasUnity/KTA/Assets
GfxDevice: creating device client; threaded=0; jobified=0
Direct3D:
    Version:  Direct3D 11.0 [level 11.1]
    Renderer: NVIDIA GeForce RTX 4060 (ID=0x2882)
    Vendor:   NVIDIA
    VRAM:     7957 MB
    Driver:   32.0.15.8115
Initialize mono
Mono path[0] = 'D:/Unity/2021.3.15f1/Editor/Data/Managed'
Mono path[1] = 'D:/Unity/2021.3.15f1/Editor/Data/MonoBleedingEdge/lib/mono/unityjit-win32'
Mono config path = 'D:/Unity/2021.3.15f1/Editor/Data/MonoBleedingEdge/etc'
Using monoOptions --debugger-agent=transport=dt_socket,embedding=1,server=y,suspend=n,address=127.0.0.1:56596
Begin MonoManager ReloadAssembly
Registering precompiled unity dll's ...
Register platform support module: D:/Unity/2021.3.15f1/Editor/Data/PlaybackEngines/WebGLSupport/UnityEditor.WebGL.Extensions.dll
Register platform support module: D:/Unity/2021.3.15f1/Editor/Data/PlaybackEngines/MacStandaloneSupport/UnityEditor.OSXStandalone.Extensions.dll
Register platform support module: D:/Unity/2021.3.15f1/Editor/Data/PlaybackEngines/AndroidPlayer/UnityEditor.Android.Extensions.dll
Register platform support module: D:/Unity/2021.3.15f1/Editor/Data/PlaybackEngines/WindowsStandaloneSupport/UnityEditor.WindowsStandalone.Extensions.dll
Register platform support module: D:/Unity/2021.3.15f1/Editor/Data/PlaybackEngines/LinuxStandaloneSupport/UnityEditor.LinuxStandalone.Extensions.dll
Register platform support module: D:/Unity/2021.3.15f1/Editor/Data/PlaybackEngines/MetroSupport/UnityEditor.UWP.Extensions.dll
Registered in 0.003625 seconds.
Native extension for UWP target not found
Native extension for LinuxStandalone target not found
Native extension for WindowsStandalone target not found
Native extension for Android target not found
Native extension for OSXStandalone target not found
Native extension for WebGL target not found
Refreshing native plugins compatible for Editor in 76.25 ms, found 2 plugins.
Preloading 0 native plugins for Editor in 0.00 ms.
Mono: successfully reloaded assembly
- Completed reload, in  0.649 seconds
Domain Reload Profiling:
	ReloadAssembly (650ms)
		BeginReloadAssembly (75ms)
			ExecutionOrderSort (0ms)
			DisableScriptedObjects (0ms)
			BackupInstance (0ms)
			ReleaseScriptingObjects (0ms)
			CreateAndSetChildDomain (1ms)
		EndReloadAssembly (481ms)
			LoadAssemblies (77ms)
			RebuildTransferFunctionScriptingTraits (0ms)
			SetupTypeCache (104ms)
			ReleaseScriptCaches (0ms)
			RebuildScriptCaches (27ms)
			SetupLoadedEditorAssemblies (302ms)
				LogAssemblyErrors (0ms)
				InitializePlatformSupportModulesInManaged (85ms)
				SetLoadedEditorAssemblies (0ms)
				RefreshPlugins (76ms)
				BeforeProcessingInitializeOnLoad (1ms)
				ProcessInitializeOnLoadAttributes (89ms)
				ProcessInitializeOnLoadMethodAttributes (50ms)
				AfterProcessingInitializeOnLoad (0ms)
				EditorAssembliesLoaded (0ms)
			ExecutionOrderSort2 (0ms)
			AwakeInstancesAfterBackupRestoration (0ms)
Platform modules already initialized, skipping
Registering precompiled user dll's ...
Registered in 0.015325 seconds.
Begin MonoManager ReloadAssembly
Symbol file LoadedFromMemory is not a mono symbol file
Native extension for UWP target not found
Native extension for LinuxStandalone target not found
Native extension for WindowsStandalone target not found
Native extension for Android target not found
Native extension for OSXStandalone target not found
Native extension for WebGL target not found
Refreshing native plugins compatible for Editor in 72.37 ms, found 2 plugins.
Preloading 0 native plugins for Editor in 0.00 ms.
GPGSUpgrader start
UnityEngine.StackTraceUtility:ExtractStackTrace ()
UnityEngine.DebugLogHandler:LogFormat (UnityEngine.LogType,UnityEngine.Object,string,object[])
UnityEngine.Logger:Log (UnityEngine.LogType,object)
UnityEngine.Debug:Log (object)
GooglePlayGames.Editor.GPGSUpgrader:.cctor () (at Assets/GooglePlayGames/com.google.play.games/Editor/GPGSUpgrader.cs:38)
System.Runtime.CompilerServices.RuntimeHelpers:RunClassConstructor (System.RuntimeTypeHandle)
UnityEditor.EditorAssemblies:ProcessInitializeOnLoadAttributes (System.Type[])

(Filename: Assets/GooglePlayGames/com.google.play.games/Editor/GPGSUpgrader.cs Line: 38)

GPGSUpgrader done
UnityEngine.StackTraceUtility:ExtractStackTrace ()
UnityEngine.DebugLogHandler:LogFormat (UnityEngine.LogType,UnityEngine.Object,string,object[])
UnityEngine.Logger:Log (UnityEngine.LogType,object)
UnityEngine.Debug:Log (object)
GooglePlayGames.Editor.GPGSUpgrader:.cctor () (at Assets/GooglePlayGames/com.google.play.games/Editor/GPGSUpgrader.cs:57)
System.Runtime.CompilerServices.RuntimeHelpers:RunClassConstructor (System.RuntimeTypeHandle)
UnityEditor.EditorAssemblies:ProcessInitializeOnLoadAttributes (System.Type[])

(Filename: Assets/GooglePlayGames/com.google.play.games/Editor/GPGSUpgrader.cs Line: 57)

Running On Project Startup validation hook...
UnityEngine.StackTraceUtility:ExtractStackTrace ()
UnityEngine.DebugLogHandler:LogFormat (UnityEngine.LogType,UnityEngine.Object,string,object[])
UnityEngine.Logger:Log (UnityEngine.LogType,object)
UnityEngine.Debug:Log (object)
Sirenix.OdinValidator.Editor.AutomationConfig:RunValidationScan (string,Sirenix.OdinValidator.Editor.AutomationConfig/ValidationSetup,bool,System.Action,bool,bool,bool,bool,bool,bool,bool,bool) (at C:/Sirenix/Sirenix Solution/Sirenix.OdinValidator.Editor/Config/AutomationConfig.cs:282)
Sirenix.OdinValidator.Editor.AutomationConfig:ActuallyInitHooks () (at C:/Sirenix/Sirenix Solution/Sirenix.OdinValidator.Editor/Config/AutomationConfig.cs:186)
Sirenix.OdinValidator.Editor.AutomationConfig:InitHooks () (at C:/Sirenix/Sirenix Solution/Sirenix.OdinValidator.Editor/Config/AutomationConfig.cs:170)
System.Reflection.RuntimeMethodInfo:Invoke (object,System.Reflection.BindingFlags,System.Reflection.Binder,object[],System.Globalization.CultureInfo)
System.Reflection.MethodBase:Invoke (object,object[])
UnityEditor.EditorAssemblies:ProcessInitializeOnLoadMethodAttributes ()

(Filename: C:/Sirenix/Sirenix Solution/Sirenix.OdinValidator.Editor/Config/AutomationConfig.cs Line: 282)

InvalidOperationException: Calling OpenScene Raisefrom assembly reloading callbacks are not supported.
  at (wrapper managed-to-native) UnityEditor.SceneManagement.EditorSceneManager.OpenScene_Injected(string,UnityEditor.SceneManagement.OpenSceneMode,UnityEngine.SceneManagement.Scene&)
  at UnityEditor.SceneManagement.EditorSceneManager.OpenScene (System.String scenePath, UnityEditor.SceneManagement.OpenSceneMode mode) [0x00000] in <63965ae56af7489797f355b7c1211ab2>:0 
  at Sirenix.OdinInspector.Editor.Validation.SceneReference.TryOpenScene (UnityEditor.SceneManagement.OpenSceneMode mode, UnityEngine.SceneManagement.Scene& scene) [0x00017] in C:\Sirenix\Sirenix Solution\Sirenix.OdinInspector.Editor\Validation\Validators\SceneReference.cs:114 
UnityEngine.DebugLogHandler:Internal_LogException(Exception, Object)
UnityEngine.DebugLogHandler:LogException(Exception, Object)
UnityEngine.Logger:LogException(Exception, Object)
UnityEngine.Debug:LogException(Exception)
Sirenix.OdinInspector.Editor.Validation.SceneReference:TryOpenScene(OpenSceneMode, Scene&) (at C:\Sirenix\Sirenix Solution\Sirenix.OdinInspector.Editor\Validation\Validators\SceneReference.cs:119)
Sirenix.OdinValidator.Editor.<ValidateCurrentWorkQueueEnumerator>d__59:MoveNext() (at C:\Sirenix\Sirenix Solution\Sirenix.OdinValidator.Editor\Core\ValidationSession.cs:557)
Sirenix.OdinValidator.Editor.<ValidateEverythingEnumeratorBatched>d__54:MoveNext() (at C:\Sirenix\Sirenix Solution\Sirenix.OdinValidator.Editor\Core\ValidationSession.cs:376)
Sirenix.OdinValidator.Editor.AutomationConfig:RunValidationScan(String, ValidationSetup, Boolean, Action, Boolean, Boolean, Boolean, Boolean, Boolean, Boolean, Boolean, Boolean) (at C:\Sirenix\Sirenix Solution\Sirenix.OdinValidator.Editor\Config\AutomationConfig.cs:305)
Sirenix.OdinValidator.Editor.AutomationConfig:ActuallyInitHooks() (at C:\Sirenix\Sirenix Solution\Sirenix.OdinValidator.Editor\Config\AutomationConfig.cs:186)
Sirenix.OdinValidator.Editor.AutomationConfig:InitHooks() (at C:\Sirenix\Sirenix Solution\Sirenix.OdinValidator.Editor\Config\AutomationConfig.cs:170)
System.Reflection.RuntimeMethodInfo:InternalInvoke(RuntimeMethodInfo, Object, Object[], Exception&)
System.Reflection.RuntimeMethodInfo:Invoke(Object, BindingFlags, Binder, Object[], CultureInfo)
System.Reflection.MethodBase:Invoke(Object, Object[])
UnityEditor.EditorAssemblies:ProcessInitializeOnLoadMethodAttributes()

(Filename: C:/Sirenix/Sirenix Solution/Sirenix.OdinInspector.Editor/Validation/Validators/SceneReference.cs Line: 119)

InvalidOperationException: Calling OpenScene Raisefrom assembly reloading callbacks are not supported.
  at (wrapper managed-to-native) UnityEditor.SceneManagement.EditorSceneManager.OpenScene_Injected(string,UnityEditor.SceneManagement.OpenSceneMode,UnityEngine.SceneManagement.Scene&)
  at UnityEditor.SceneManagement.EditorSceneManager.OpenScene (System.String scenePath, UnityEditor.SceneManagement.OpenSceneMode mode) [0x00000] in <63965ae56af7489797f355b7c1211ab2>:0 
  at Sirenix.OdinInspector.Editor.Validation.SceneReference.TryOpenScene (UnityEditor.SceneManagement.OpenSceneMode mode, UnityEngine.SceneManagement.Scene& scene) [0x00017] in C:\Sirenix\Sirenix Solution\Sirenix.OdinInspector.Editor\Validation\Validators\SceneReference.cs:114 
UnityEngine.DebugLogHandler:Internal_LogException(Exception, Object)
UnityEngine.DebugLogHandler:LogException(Exception, Object)
UnityEngine.Logger:LogException(Exception, Object)
UnityEngine.Debug:LogException(Exception)
Sirenix.OdinInspector.Editor.Validation.SceneReference:TryOpenScene(OpenSceneMode, Scene&) (at C:\Sirenix\Sirenix Solution\Sirenix.OdinInspector.Editor\Validation\Validators\SceneReference.cs:119)
Sirenix.OdinValidator.Editor.<ValidateCurrentWorkQueueEnumerator>d__59:MoveNext() (at C:\Sirenix\Sirenix Solution\Sirenix.OdinValidator.Editor\Core\ValidationSession.cs:557)
Sirenix.OdinValidator.Editor.<ValidateEverythingEnumeratorBatched>d__54:MoveNext() (at C:\Sirenix\Sirenix Solution\Sirenix.OdinValidator.Editor\Core\ValidationSession.cs:376)
Sirenix.OdinValidator.Editor.AutomationConfig:RunValidationScan(String, ValidationSetup, Boolean, Action, Boolean, Boolean, Boolean, Boolean, Boolean, Boolean, Boolean, Boolean) (at C:\Sirenix\Sirenix Solution\Sirenix.OdinValidator.Editor\Config\AutomationConfig.cs:305)
Sirenix.OdinValidator.Editor.AutomationConfig:ActuallyInitHooks() (at C:\Sirenix\Sirenix Solution\Sirenix.OdinValidator.Editor\Config\AutomationConfig.cs:186)
Sirenix.OdinValidator.Editor.AutomationConfig:InitHooks() (at C:\Sirenix\Sirenix Solution\Sirenix.OdinValidator.Editor\Config\AutomationConfig.cs:170)
System.Reflection.RuntimeMethodInfo:InternalInvoke(RuntimeMethodInfo, Object, Object[], Exception&)
System.Reflection.RuntimeMethodInfo:Invoke(Object, BindingFlags, Binder, Object[], CultureInfo)
System.Reflection.MethodBase:Invoke(Object, Object[])
UnityEditor.EditorAssemblies:ProcessInitializeOnLoadMethodAttributes()

(Filename: C:/Sirenix/Sirenix Solution/Sirenix.OdinInspector.Editor/Validation/Validators/SceneReference.cs Line: 119)

InvalidOperationException: Calling OpenScene Raisefrom assembly reloading callbacks are not supported.
  at (wrapper managed-to-native) UnityEditor.SceneManagement.EditorSceneManager.OpenScene_Injected(string,UnityEditor.SceneManagement.OpenSceneMode,UnityEngine.SceneManagement.Scene&)
  at UnityEditor.SceneManagement.EditorSceneManager.OpenScene (System.String scenePath, UnityEditor.SceneManagement.OpenSceneMode mode) [0x00000] in <63965ae56af7489797f355b7c1211ab2>:0 
  at Sirenix.OdinInspector.Editor.Validation.SceneReference.TryOpenScene (UnityEditor.SceneManagement.OpenSceneMode mode, UnityEngine.SceneManagement.Scene& scene) [0x00017] in C:\Sirenix\Sirenix Solution\Sirenix.OdinInspector.Editor\Validation\Validators\SceneReference.cs:114 
UnityEngine.DebugLogHandler:Internal_LogException(Exception, Object)
UnityEngine.DebugLogHandler:LogException(Exception, Object)
UnityEngine.Logger:LogException(Exception, Object)
UnityEngine.Debug:LogException(Exception)
Sirenix.OdinInspector.Editor.Validation.SceneReference:TryOpenScene(OpenSceneMode, Scene&) (at C:\Sirenix\Sirenix Solution\Sirenix.OdinInspector.Editor\Validation\Validators\SceneReference.cs:119)
Sirenix.OdinValidator.Editor.<ValidateCurrentWorkQueueEnumerator>d__59:MoveNext() (at C:\Sirenix\Sirenix Solution\Sirenix.OdinValidator.Editor\Core\ValidationSession.cs:557)
Sirenix.OdinValidator.Editor.<ValidateEverythingEnumeratorBatched>d__54:MoveNext() (at C:\Sirenix\Sirenix Solution\Sirenix.OdinValidator.Editor\Core\ValidationSession.cs:376)
Sirenix.OdinValidator.Editor.AutomationConfig:RunValidationScan(String, ValidationSetup, Boolean, Action, Boolean, Boolean, Boolean, Boolean, Boolean, Boolean, Boolean, Boolean) (at C:\Sirenix\Sirenix Solution\Sirenix.OdinValidator.Editor\Config\AutomationConfig.cs:305)
Sirenix.OdinValidator.Editor.AutomationConfig:ActuallyInitHooks() (at C:\Sirenix\Sirenix Solution\Sirenix.OdinValidator.Editor\Config\AutomationConfig.cs:186)
Sirenix.OdinValidator.Editor.AutomationConfig:InitHooks() (at C:\Sirenix\Sirenix Solution\Sirenix.OdinValidator.Editor\Config\AutomationConfig.cs:170)
System.Reflection.RuntimeMethodInfo:InternalInvoke(RuntimeMethodInfo, Object, Object[], Exception&)
System.Reflection.RuntimeMethodInfo:Invoke(Object, BindingFlags, Binder, Object[], CultureInfo)
System.Reflection.MethodBase:Invoke(Object, Object[])
UnityEditor.EditorAssemblies:ProcessInitializeOnLoadMethodAttributes()

(Filename: C:/Sirenix/Sirenix Solution/Sirenix.OdinInspector.Editor/Validation/Validators/SceneReference.cs Line: 119)

InvalidOperationException: Calling OpenScene Raisefrom assembly reloading callbacks are not supported.
  at (wrapper managed-to-native) UnityEditor.SceneManagement.EditorSceneManager.OpenScene_Injected(string,UnityEditor.SceneManagement.OpenSceneMode,UnityEngine.SceneManagement.Scene&)
  at UnityEditor.SceneManagement.EditorSceneManager.OpenScene (System.String scenePath, UnityEditor.SceneManagement.OpenSceneMode mode) [0x00000] in <63965ae56af7489797f355b7c1211ab2>:0 
  at Sirenix.OdinInspector.Editor.Validation.SceneReference.TryOpenScene (UnityEditor.SceneManagement.OpenSceneMode mode, UnityEngine.SceneManagement.Scene& scene) [0x00017] in C:\Sirenix\Sirenix Solution\Sirenix.OdinInspector.Editor\Validation\Validators\SceneReference.cs:114 
UnityEngine.DebugLogHandler:Internal_LogException(Exception, Object)
UnityEngine.DebugLogHandler:LogException(Exception, Object)
UnityEngine.Logger:LogException(Exception, Object)
UnityEngine.Debug:LogException(Exception)
Sirenix.OdinInspector.Editor.Validation.SceneReference:TryOpenScene(OpenSceneMode, Scene&) (at C:\Sirenix\Sirenix Solution\Sirenix.OdinInspector.Editor\Validation\Validators\SceneReference.cs:119)
Sirenix.OdinValidator.Editor.<ValidateCurrentWorkQueueEnumerator>d__59:MoveNext() (at C:\Sirenix\Sirenix Solution\Sirenix.OdinValidator.Editor\Core\ValidationSession.cs:557)
Sirenix.OdinValidator.Editor.<ValidateEverythingEnumeratorBatched>d__54:MoveNext() (at C:\Sirenix\Sirenix Solution\Sirenix.OdinValidator.Editor\Core\ValidationSession.cs:376)
Sirenix.OdinValidator.Editor.AutomationConfig:RunValidationScan(String, ValidationSetup, Boolean, Action, Boolean, Boolean, Boolean, Boolean, Boolean, Boolean, Boolean, Boolean) (at C:\Sirenix\Sirenix Solution\Sirenix.OdinValidator.Editor\Config\AutomationConfig.cs:305)
Sirenix.OdinValidator.Editor.AutomationConfig:ActuallyInitHooks() (at C:\Sirenix\Sirenix Solution\Sirenix.OdinValidator.Editor\Config\AutomationConfig.cs:186)
Sirenix.OdinValidator.Editor.AutomationConfig:InitHooks() (at C:\Sirenix\Sirenix Solution\Sirenix.OdinValidator.Editor\Config\AutomationConfig.cs:170)
System.Reflection.RuntimeMethodInfo:InternalInvoke(RuntimeMethodInfo, Object, Object[], Exception&)
System.Reflection.RuntimeMethodInfo:Invoke(Object, BindingFlags, Binder, Object[], CultureInfo)
System.Reflection.MethodBase:Invoke(Object, Object[])
UnityEditor.EditorAssemblies:ProcessInitializeOnLoadMethodAttributes()

(Filename: C:/Sirenix/Sirenix Solution/Sirenix.OdinInspector.Editor/Validation/Validators/SceneReference.cs Line: 119)

InvalidOperationException: Calling OpenScene Raisefrom assembly reloading callbacks are not supported.
  at (wrapper managed-to-native) UnityEditor.SceneManagement.EditorSceneManager.OpenScene_Injected(string,UnityEditor.SceneManagement.OpenSceneMode,UnityEngine.SceneManagement.Scene&)
  at UnityEditor.SceneManagement.EditorSceneManager.OpenScene (System.String scenePath, UnityEditor.SceneManagement.OpenSceneMode mode) [0x00000] in <63965ae56af7489797f355b7c1211ab2>:0 
  at Sirenix.OdinInspector.Editor.Validation.SceneReference.TryOpenScene (UnityEditor.SceneManagement.OpenSceneMode mode, UnityEngine.SceneManagement.Scene& scene) [0x00017] in C:\Sirenix\Sirenix Solution\Sirenix.OdinInspector.Editor\Validation\Validators\SceneReference.cs:114 
UnityEngine.DebugLogHandler:Internal_LogException(Exception, Object)
UnityEngine.DebugLogHandler:LogException(Exception, Object)
UnityEngine.Logger:LogException(Exception, Object)
UnityEngine.Debug:LogException(Exception)
Sirenix.OdinInspector.Editor.Validation.SceneReference:TryOpenScene(OpenSceneMode, Scene&) (at C:\Sirenix\Sirenix Solution\Sirenix.OdinInspector.Editor\Validation\Validators\SceneReference.cs:119)
Sirenix.OdinValidator.Editor.<ValidateCurrentWorkQueueEnumerator>d__59:MoveNext() (at C:\Sirenix\Sirenix Solution\Sirenix.OdinValidator.Editor\Core\ValidationSession.cs:557)
Sirenix.OdinValidator.Editor.<ValidateEverythingEnumeratorBatched>d__54:MoveNext() (at C:\Sirenix\Sirenix Solution\Sirenix.OdinValidator.Editor\Core\ValidationSession.cs:376)
Sirenix.OdinValidator.Editor.AutomationConfig:RunValidationScan(String, ValidationSetup, Boolean, Action, Boolean, Boolean, Boolean, Boolean, Boolean, Boolean, Boolean, Boolean) (at C:\Sirenix\Sirenix Solution\Sirenix.OdinValidator.Editor\Config\AutomationConfig.cs:305)
Sirenix.OdinValidator.Editor.AutomationConfig:ActuallyInitHooks() (at C:\Sirenix\Sirenix Solution\Sirenix.OdinValidator.Editor\Config\AutomationConfig.cs:186)
Sirenix.OdinValidator.Editor.AutomationConfig:InitHooks() (at C:\Sirenix\Sirenix Solution\Sirenix.OdinValidator.Editor\Config\AutomationConfig.cs:170)
System.Reflection.RuntimeMethodInfo:InternalInvoke(RuntimeMethodInfo, Object, Object[], Exception&)
System.Reflection.RuntimeMethodInfo:Invoke(Object, BindingFlags, Binder, Object[], CultureInfo)
System.Reflection.MethodBase:Invoke(Object, Object[])
UnityEditor.EditorAssemblies:ProcessInitializeOnLoadMethodAttributes()

(Filename: C:/Sirenix/Sirenix Solution/Sirenix.OdinInspector.Editor/Validation/Validators/SceneReference.cs Line: 119)

InvalidOperationException: Calling OpenScene Raisefrom assembly reloading callbacks are not supported.
  at (wrapper managed-to-native) UnityEditor.SceneManagement.EditorSceneManager.OpenScene_Injected(string,UnityEditor.SceneManagement.OpenSceneMode,UnityEngine.SceneManagement.Scene&)
  at UnityEditor.SceneManagement.EditorSceneManager.OpenScene (System.String scenePath, UnityEditor.SceneManagement.OpenSceneMode mode) [0x00000] in <63965ae56af7489797f355b7c1211ab2>:0 
  at Sirenix.OdinInspector.Editor.Validation.SceneReference.TryOpenScene (UnityEditor.SceneManagement.OpenSceneMode mode, UnityEngine.SceneManagement.Scene& scene) [0x00017] in C:\Sirenix\Sirenix Solution\Sirenix.OdinInspector.Editor\Validation\Validators\SceneReference.cs:114 
UnityEngine.DebugLogHandler:Internal_LogException(Exception, Object)
UnityEngine.DebugLogHandler:LogException(Exception, Object)
UnityEngine.Logger:LogException(Exception, Object)
UnityEngine.Debug:LogException(Exception)
Sirenix.OdinInspector.Editor.Validation.SceneReference:TryOpenScene(OpenSceneMode, Scene&) (at C:\Sirenix\Sirenix Solution\Sirenix.OdinInspector.Editor\Validation\Validators\SceneReference.cs:119)
Sirenix.OdinValidator.Editor.<ValidateCurrentWorkQueueEnumerator>d__59:MoveNext() (at C:\Sirenix\Sirenix Solution\Sirenix.OdinValidator.Editor\Core\ValidationSession.cs:557)
Sirenix.OdinValidator.Editor.<ValidateEverythingEnumeratorBatched>d__54:MoveNext() (at C:\Sirenix\Sirenix Solution\Sirenix.OdinValidator.Editor\Core\ValidationSession.cs:376)
Sirenix.OdinValidator.Editor.AutomationConfig:RunValidationScan(String, ValidationSetup, Boolean, Action, Boolean, Boolean, Boolean, Boolean, Boolean, Boolean, Boolean, Boolean) (at C:\Sirenix\Sirenix Solution\Sirenix.OdinValidator.Editor\Config\AutomationConfig.cs:305)
Sirenix.OdinValidator.Editor.AutomationConfig:ActuallyInitHooks() (at C:\Sirenix\Sirenix Solution\Sirenix.OdinValidator.Editor\Config\AutomationConfig.cs:186)
Sirenix.OdinValidator.Editor.AutomationConfig:InitHooks() (at C:\Sirenix\Sirenix Solution\Sirenix.OdinValidator.Editor\Config\AutomationConfig.cs:170)
System.Reflection.RuntimeMethodInfo:InternalInvoke(RuntimeMethodInfo, Object, Object[], Exception&)
System.Reflection.RuntimeMethodInfo:Invoke(Object, BindingFlags, Binder, Object[], CultureInfo)
System.Reflection.MethodBase:Invoke(Object, Object[])
UnityEditor.EditorAssemblies:ProcessInitializeOnLoadMethodAttributes()

(Filename: C:/Sirenix/Sirenix Solution/Sirenix.OdinInspector.Editor/Validation/Validators/SceneReference.cs Line: 119)

InvalidOperationException: Calling OpenScene Raisefrom assembly reloading callbacks are not supported.
  at (wrapper managed-to-native) UnityEditor.SceneManagement.EditorSceneManager.OpenScene_Injected(string,UnityEditor.SceneManagement.OpenSceneMode,UnityEngine.SceneManagement.Scene&)
  at UnityEditor.SceneManagement.EditorSceneManager.OpenScene (System.String scenePath, UnityEditor.SceneManagement.OpenSceneMode mode) [0x00000] in <63965ae56af7489797f355b7c1211ab2>:0 
  at Sirenix.OdinInspector.Editor.Validation.SceneReference.TryOpenScene (UnityEditor.SceneManagement.OpenSceneMode mode, UnityEngine.SceneManagement.Scene& scene) [0x00017] in C:\Sirenix\Sirenix Solution\Sirenix.OdinInspector.Editor\Validation\Validators\SceneReference.cs:114 
UnityEngine.DebugLogHandler:Internal_LogException(Exception, Object)
UnityEngine.DebugLogHandler:LogException(Exception, Object)
UnityEngine.Logger:LogException(Exception, Object)
UnityEngine.Debug:LogException(Exception)
Sirenix.OdinInspector.Editor.Validation.SceneReference:TryOpenScene(OpenSceneMode, Scene&) (at C:\Sirenix\Sirenix Solution\Sirenix.OdinInspector.Editor\Validation\Validators\SceneReference.cs:119)
Sirenix.OdinValidator.Editor.<ValidateCurrentWorkQueueEnumerator>d__59:MoveNext() (at C:\Sirenix\Sirenix Solution\Sirenix.OdinValidator.Editor\Core\ValidationSession.cs:557)
Sirenix.OdinValidator.Editor.<ValidateEverythingEnumeratorBatched>d__54:MoveNext() (at C:\Sirenix\Sirenix Solution\Sirenix.OdinValidator.Editor\Core\ValidationSession.cs:376)
Sirenix.OdinValidator.Editor.AutomationConfig:RunValidationScan(String, ValidationSetup, Boolean, Action, Boolean, Boolean, Boolean, Boolean, Boolean, Boolean, Boolean, Boolean) (at C:\Sirenix\Sirenix Solution\Sirenix.OdinValidator.Editor\Config\AutomationConfig.cs:305)
Sirenix.OdinValidator.Editor.AutomationConfig:ActuallyInitHooks() (at C:\Sirenix\Sirenix Solution\Sirenix.OdinValidator.Editor\Config\AutomationConfig.cs:186)
Sirenix.OdinValidator.Editor.AutomationConfig:InitHooks() (at C:\Sirenix\Sirenix Solution\Sirenix.OdinValidator.Editor\Config\AutomationConfig.cs:170)
System.Reflection.RuntimeMethodInfo:InternalInvoke(RuntimeMethodInfo, Object, Object[], Exception&)
System.Reflection.RuntimeMethodInfo:Invoke(Object, BindingFlags, Binder, Object[], CultureInfo)
System.Reflection.MethodBase:Invoke(Object, Object[])
UnityEditor.EditorAssemblies:ProcessInitializeOnLoadMethodAttributes()

(Filename: C:/Sirenix/Sirenix Solution/Sirenix.OdinInspector.Editor/Validation/Validators/SceneReference.cs Line: 119)

InvalidOperationException: Calling OpenScene Raisefrom assembly reloading callbacks are not supported.
  at (wrapper managed-to-native) UnityEditor.SceneManagement.EditorSceneManager.OpenScene_Injected(string,UnityEditor.SceneManagement.OpenSceneMode,UnityEngine.SceneManagement.Scene&)
  at UnityEditor.SceneManagement.EditorSceneManager.OpenScene (System.String scenePath, UnityEditor.SceneManagement.OpenSceneMode mode) [0x00000] in <63965ae56af7489797f355b7c1211ab2>:0 
  at Sirenix.OdinInspector.Editor.Validation.SceneReference.TryOpenScene (UnityEditor.SceneManagement.OpenSceneMode mode, UnityEngine.SceneManagement.Scene& scene) [0x00017] in C:\Sirenix\Sirenix Solution\Sirenix.OdinInspector.Editor\Validation\Validators\SceneReference.cs:114 
UnityEngine.DebugLogHandler:Internal_LogException(Exception, Object)
UnityEngine.DebugLogHandler:LogException(Exception, Object)
UnityEngine.Logger:LogException(Exception, Object)
UnityEngine.Debug:LogException(Exception)
Sirenix.OdinInspector.Editor.Validation.SceneReference:TryOpenScene(OpenSceneMode, Scene&) (at C:\Sirenix\Sirenix Solution\Sirenix.OdinInspector.Editor\Validation\Validators\SceneReference.cs:119)
Sirenix.OdinValidator.Editor.<ValidateCurrentWorkQueueEnumerator>d__59:MoveNext() (at C:\Sirenix\Sirenix Solution\Sirenix.OdinValidator.Editor\Core\ValidationSession.cs:557)
Sirenix.OdinValidator.Editor.<ValidateEverythingEnumeratorBatched>d__54:MoveNext() (at C:\Sirenix\Sirenix Solution\Sirenix.OdinValidator.Editor\Core\ValidationSession.cs:376)
Sirenix.OdinValidator.Editor.AutomationConfig:RunValidationScan(String, ValidationSetup, Boolean, Action, Boolean, Boolean, Boolean, Boolean, Boolean, Boolean, Boolean, Boolean) (at C:\Sirenix\Sirenix Solution\Sirenix.OdinValidator.Editor\Config\AutomationConfig.cs:305)
Sirenix.OdinValidator.Editor.AutomationConfig:ActuallyInitHooks() (at C:\Sirenix\Sirenix Solution\Sirenix.OdinValidator.Editor\Config\AutomationConfig.cs:186)
Sirenix.OdinValidator.Editor.AutomationConfig:InitHooks() (at C:\Sirenix\Sirenix Solution\Sirenix.OdinValidator.Editor\Config\AutomationConfig.cs:170)
System.Reflection.RuntimeMethodInfo:InternalInvoke(RuntimeMethodInfo, Object, Object[], Exception&)
System.Reflection.RuntimeMethodInfo:Invoke(Object, BindingFlags, Binder, Object[], CultureInfo)
System.Reflection.MethodBase:Invoke(Object, Object[])
UnityEditor.EditorAssemblies:ProcessInitializeOnLoadMethodAttributes()

(Filename: C:/Sirenix/Sirenix Solution/Sirenix.OdinInspector.Editor/Validation/Validators/SceneReference.cs Line: 119)

InvalidOperationException: Calling OpenScene Raisefrom assembly reloading callbacks are not supported.
  at (wrapper managed-to-native) UnityEditor.SceneManagement.EditorSceneManager.OpenScene_Injected(string,UnityEditor.SceneManagement.OpenSceneMode,UnityEngine.SceneManagement.Scene&)
  at UnityEditor.SceneManagement.EditorSceneManager.OpenScene (System.String scenePath, UnityEditor.SceneManagement.OpenSceneMode mode) [0x00000] in <63965ae56af7489797f355b7c1211ab2>:0 
  at Sirenix.OdinInspector.Editor.Validation.SceneReference.TryOpenScene (UnityEditor.SceneManagement.OpenSceneMode mode, UnityEngine.SceneManagement.Scene& scene) [0x00017] in C:\Sirenix\Sirenix Solution\Sirenix.OdinInspector.Editor\Validation\Validators\SceneReference.cs:114 
UnityEngine.DebugLogHandler:Internal_LogException(Exception, Object)
UnityEngine.DebugLogHandler:LogException(Exception, Object)
UnityEngine.Logger:LogException(Exception, Object)
UnityEngine.Debug:LogException(Exception)
Sirenix.OdinInspector.Editor.Validation.SceneReference:TryOpenScene(OpenSceneMode, Scene&) (at C:\Sirenix\Sirenix Solution\Sirenix.OdinInspector.Editor\Validation\Validators\SceneReference.cs:119)
Sirenix.OdinValidator.Editor.<ValidateCurrentWorkQueueEnumerator>d__59:MoveNext() (at C:\Sirenix\Sirenix Solution\Sirenix.OdinValidator.Editor\Core\ValidationSession.cs:557)
Sirenix.OdinValidator.Editor.<ValidateEverythingEnumeratorBatched>d__54:MoveNext() (at C:\Sirenix\Sirenix Solution\Sirenix.OdinValidator.Editor\Core\ValidationSession.cs:376)
Sirenix.OdinValidator.Editor.AutomationConfig:RunValidationScan(String, ValidationSetup, Boolean, Action, Boolean, Boolean, Boolean, Boolean, Boolean, Boolean, Boolean, Boolean) (at C:\Sirenix\Sirenix Solution\Sirenix.OdinValidator.Editor\Config\AutomationConfig.cs:305)
Sirenix.OdinValidator.Editor.AutomationConfig:ActuallyInitHooks() (at C:\Sirenix\Sirenix Solution\Sirenix.OdinValidator.Editor\Config\AutomationConfig.cs:186)
Sirenix.OdinValidator.Editor.AutomationConfig:InitHooks() (at C:\Sirenix\Sirenix Solution\Sirenix.OdinValidator.Editor\Config\AutomationConfig.cs:170)
System.Reflection.RuntimeMethodInfo:InternalInvoke(RuntimeMethodInfo, Object, Object[], Exception&)
System.Reflection.RuntimeMethodInfo:Invoke(Object, BindingFlags, Binder, Object[], CultureInfo)
System.Reflection.MethodBase:Invoke(Object, Object[])
UnityEditor.EditorAssemblies:ProcessInitializeOnLoadMethodAttributes()

(Filename: C:/Sirenix/Sirenix Solution/Sirenix.OdinInspector.Editor/Validation/Validators/SceneReference.cs Line: 119)

InvalidOperationException: Calling OpenScene Raisefrom assembly reloading callbacks are not supported.
  at (wrapper managed-to-native) UnityEditor.SceneManagement.EditorSceneManager.OpenScene_Injected(string,UnityEditor.SceneManagement.OpenSceneMode,UnityEngine.SceneManagement.Scene&)
  at UnityEditor.SceneManagement.EditorSceneManager.OpenScene (System.String scenePath, UnityEditor.SceneManagement.OpenSceneMode mode) [0x00000] in <63965ae56af7489797f355b7c1211ab2>:0 
  at Sirenix.OdinInspector.Editor.Validation.SceneReference.TryOpenScene (UnityEditor.SceneManagement.OpenSceneMode mode, UnityEngine.SceneManagement.Scene& scene) [0x00017] in C:\Sirenix\Sirenix Solution\Sirenix.OdinInspector.Editor\Validation\Validators\SceneReference.cs:114 
UnityEngine.DebugLogHandler:Internal_LogException(Exception, Object)
UnityEngine.DebugLogHandler:LogException(Exception, Object)
UnityEngine.Logger:LogException(Exception, Object)
UnityEngine.Debug:LogException(Exception)
Sirenix.OdinInspector.Editor.Validation.SceneReference:TryOpenScene(OpenSceneMode, Scene&) (at C:\Sirenix\Sirenix Solution\Sirenix.OdinInspector.Editor\Validation\Validators\SceneReference.cs:119)
Sirenix.OdinValidator.Editor.<ValidateCurrentWorkQueueEnumerator>d__59:MoveNext() (at C:\Sirenix\Sirenix Solution\Sirenix.OdinValidator.Editor\Core\ValidationSession.cs:557)
Sirenix.OdinValidator.Editor.<ValidateEverythingEnumeratorBatched>d__54:MoveNext() (at C:\Sirenix\Sirenix Solution\Sirenix.OdinValidator.Editor\Core\ValidationSession.cs:376)
Sirenix.OdinValidator.Editor.AutomationConfig:RunValidationScan(String, ValidationSetup, Boolean, Action, Boolean, Boolean, Boolean, Boolean, Boolean, Boolean, Boolean, Boolean) (at C:\Sirenix\Sirenix Solution\Sirenix.OdinValidator.Editor\Config\AutomationConfig.cs:305)
Sirenix.OdinValidator.Editor.AutomationConfig:ActuallyInitHooks() (at C:\Sirenix\Sirenix Solution\Sirenix.OdinValidator.Editor\Config\AutomationConfig.cs:186)
Sirenix.OdinValidator.Editor.AutomationConfig:InitHooks() (at C:\Sirenix\Sirenix Solution\Sirenix.OdinValidator.Editor\Config\AutomationConfig.cs:170)
System.Reflection.RuntimeMethodInfo:InternalInvoke(RuntimeMethodInfo, Object, Object[], Exception&)
System.Reflection.RuntimeMethodInfo:Invoke(Object, BindingFlags, Binder, Object[], CultureInfo)
System.Reflection.MethodBase:Invoke(Object, Object[])
UnityEditor.EditorAssemblies:ProcessInitializeOnLoadMethodAttributes()

(Filename: C:/Sirenix/Sirenix Solution/Sirenix.OdinInspector.Editor/Validation/Validators/SceneReference.cs Line: 119)

InvalidOperationException: Calling OpenScene Raisefrom assembly reloading callbacks are not supported.
  at (wrapper managed-to-native) UnityEditor.SceneManagement.EditorSceneManager.OpenScene_Injected(string,UnityEditor.SceneManagement.OpenSceneMode,UnityEngine.SceneManagement.Scene&)
  at UnityEditor.SceneManagement.EditorSceneManager.OpenScene (System.String scenePath, UnityEditor.SceneManagement.OpenSceneMode mode) [0x00000] in <63965ae56af7489797f355b7c1211ab2>:0 
  at Sirenix.OdinInspector.Editor.Validation.SceneReference.TryOpenScene (UnityEditor.SceneManagement.OpenSceneMode mode, UnityEngine.SceneManagement.Scene& scene) [0x00017] in C:\Sirenix\Sirenix Solution\Sirenix.OdinInspector.Editor\Validation\Validators\SceneReference.cs:114 
UnityEngine.DebugLogHandler:Internal_LogException(Exception, Object)
UnityEngine.DebugLogHandler:LogException(Exception, Object)
UnityEngine.Logger:LogException(Exception, Object)
UnityEngine.Debug:LogException(Exception)
Sirenix.OdinInspector.Editor.Validation.SceneReference:TryOpenScene(OpenSceneMode, Scene&) (at C:\Sirenix\Sirenix Solution\Sirenix.OdinInspector.Editor\Validation\Validators\SceneReference.cs:119)
Sirenix.OdinValidator.Editor.<ValidateCurrentWorkQueueEnumerator>d__59:MoveNext() (at C:\Sirenix\Sirenix Solution\Sirenix.OdinValidator.Editor\Core\ValidationSession.cs:557)
Sirenix.OdinValidator.Editor.<ValidateEverythingEnumeratorBatched>d__54:MoveNext() (at C:\Sirenix\Sirenix Solution\Sirenix.OdinValidator.Editor\Core\ValidationSession.cs:376)
Sirenix.OdinValidator.Editor.AutomationConfig:RunValidationScan(String, ValidationSetup, Boolean, Action, Boolean, Boolean, Boolean, Boolean, Boolean, Boolean, Boolean, Boolean) (at C:\Sirenix\Sirenix Solution\Sirenix.OdinValidator.Editor\Config\AutomationConfig.cs:305)
Sirenix.OdinValidator.Editor.AutomationConfig:ActuallyInitHooks() (at C:\Sirenix\Sirenix Solution\Sirenix.OdinValidator.Editor\Config\AutomationConfig.cs:186)
Sirenix.OdinValidator.Editor.AutomationConfig:InitHooks() (at C:\Sirenix\Sirenix Solution\Sirenix.OdinValidator.Editor\Config\AutomationConfig.cs:170)
System.Reflection.RuntimeMethodInfo:InternalInvoke(RuntimeMethodInfo, Object, Object[], Exception&)
System.Reflection.RuntimeMethodInfo:Invoke(Object, BindingFlags, Binder, Object[], CultureInfo)
System.Reflection.MethodBase:Invoke(Object, Object[])
UnityEditor.EditorAssemblies:ProcessInitializeOnLoadMethodAttributes()

(Filename: C:/Sirenix/Sirenix Solution/Sirenix.OdinInspector.Editor/Validation/Validators/SceneReference.cs Line: 119)

InvalidOperationException: Calling OpenScene Raisefrom assembly reloading callbacks are not supported.
  at (wrapper managed-to-native) UnityEditor.SceneManagement.EditorSceneManager.OpenScene_Injected(string,UnityEditor.SceneManagement.OpenSceneMode,UnityEngine.SceneManagement.Scene&)
  at UnityEditor.SceneManagement.EditorSceneManager.OpenScene (System.String scenePath, UnityEditor.SceneManagement.OpenSceneMode mode) [0x00000] in <63965ae56af7489797f355b7c1211ab2>:0 
  at Sirenix.OdinInspector.Editor.Validation.SceneReference.TryOpenScene (UnityEditor.SceneManagement.OpenSceneMode mode, UnityEngine.SceneManagement.Scene& scene) [0x00017] in C:\Sirenix\Sirenix Solution\Sirenix.OdinInspector.Editor\Validation\Validators\SceneReference.cs:114 
UnityEngine.DebugLogHandler:Internal_LogException(Exception, Object)
UnityEngine.DebugLogHandler:LogException(Exception, Object)
UnityEngine.Logger:LogException(Exception, Object)
UnityEngine.Debug:LogException(Exception)
Sirenix.OdinInspector.Editor.Validation.SceneReference:TryOpenScene(OpenSceneMode, Scene&) (at C:\Sirenix\Sirenix Solution\Sirenix.OdinInspector.Editor\Validation\Validators\SceneReference.cs:119)
Sirenix.OdinValidator.Editor.<ValidateCurrentWorkQueueEnumerator>d__59:MoveNext() (at C:\Sirenix\Sirenix Solution\Sirenix.OdinValidator.Editor\Core\ValidationSession.cs:557)
Sirenix.OdinValidator.Editor.<ValidateEverythingEnumeratorBatched>d__54:MoveNext() (at C:\Sirenix\Sirenix Solution\Sirenix.OdinValidator.Editor\Core\ValidationSession.cs:376)
Sirenix.OdinValidator.Editor.AutomationConfig:RunValidationScan(String, ValidationSetup, Boolean, Action, Boolean, Boolean, Boolean, Boolean, Boolean, Boolean, Boolean, Boolean) (at C:\Sirenix\Sirenix Solution\Sirenix.OdinValidator.Editor\Config\AutomationConfig.cs:305)
Sirenix.OdinValidator.Editor.AutomationConfig:ActuallyInitHooks() (at C:\Sirenix\Sirenix Solution\Sirenix.OdinValidator.Editor\Config\AutomationConfig.cs:186)
Sirenix.OdinValidator.Editor.AutomationConfig:InitHooks() (at C:\Sirenix\Sirenix Solution\Sirenix.OdinValidator.Editor\Config\AutomationConfig.cs:170)
System.Reflection.RuntimeMethodInfo:InternalInvoke(RuntimeMethodInfo, Object, Object[], Exception&)
System.Reflection.RuntimeMethodInfo:Invoke(Object, BindingFlags, Binder, Object[], CultureInfo)
System.Reflection.MethodBase:Invoke(Object, Object[])
UnityEditor.EditorAssemblies:ProcessInitializeOnLoadMethodAttributes()

(Filename: C:/Sirenix/Sirenix Solution/Sirenix.OdinInspector.Editor/Validation/Validators/SceneReference.cs Line: 119)

InvalidOperationException: Calling OpenScene Raisefrom assembly reloading callbacks are not supported.
  at (wrapper managed-to-native) UnityEditor.SceneManagement.EditorSceneManager.OpenScene_Injected(string,UnityEditor.SceneManagement.OpenSceneMode,UnityEngine.SceneManagement.Scene&)
  at UnityEditor.SceneManagement.EditorSceneManager.OpenScene (System.String scenePath, UnityEditor.SceneManagement.OpenSceneMode mode) [0x00000] in <63965ae56af7489797f355b7c1211ab2>:0 
  at Sirenix.OdinInspector.Editor.Validation.SceneReference.TryOpenScene (UnityEditor.SceneManagement.OpenSceneMode mode, UnityEngine.SceneManagement.Scene& scene) [0x00017] in C:\Sirenix\Sirenix Solution\Sirenix.OdinInspector.Editor\Validation\Validators\SceneReference.cs:114 
UnityEngine.DebugLogHandler:Internal_LogException(Exception, Object)
UnityEngine.DebugLogHandler:LogException(Exception, Object)
UnityEngine.Logger:LogException(Exception, Object)
UnityEngine.Debug:LogException(Exception)
Sirenix.OdinInspector.Editor.Validation.SceneReference:TryOpenScene(OpenSceneMode, Scene&) (at C:\Sirenix\Sirenix Solution\Sirenix.OdinInspector.Editor\Validation\Validators\SceneReference.cs:119)
Sirenix.OdinValidator.Editor.<ValidateCurrentWorkQueueEnumerator>d__59:MoveNext() (at C:\Sirenix\Sirenix Solution\Sirenix.OdinValidator.Editor\Core\ValidationSession.cs:557)
Sirenix.OdinValidator.Editor.<ValidateEverythingEnumeratorBatched>d__54:MoveNext() (at C:\Sirenix\Sirenix Solution\Sirenix.OdinValidator.Editor\Core\ValidationSession.cs:376)
Sirenix.OdinValidator.Editor.AutomationConfig:RunValidationScan(String, ValidationSetup, Boolean, Action, Boolean, Boolean, Boolean, Boolean, Boolean, Boolean, Boolean, Boolean) (at C:\Sirenix\Sirenix Solution\Sirenix.OdinValidator.Editor\Config\AutomationConfig.cs:305)
Sirenix.OdinValidator.Editor.AutomationConfig:ActuallyInitHooks() (at C:\Sirenix\Sirenix Solution\Sirenix.OdinValidator.Editor\Config\AutomationConfig.cs:186)
Sirenix.OdinValidator.Editor.AutomationConfig:InitHooks() (at C:\Sirenix\Sirenix Solution\Sirenix.OdinValidator.Editor\Config\AutomationConfig.cs:170)
System.Reflection.RuntimeMethodInfo:InternalInvoke(RuntimeMethodInfo, Object, Object[], Exception&)
System.Reflection.RuntimeMethodInfo:Invoke(Object, BindingFlags, Binder, Object[], CultureInfo)
System.Reflection.MethodBase:Invoke(Object, Object[])
UnityEditor.EditorAssemblies:ProcessInitializeOnLoadMethodAttributes()

(Filename: C:/Sirenix/Sirenix Solution/Sirenix.OdinInspector.Editor/Validation/Validators/SceneReference.cs Line: 119)

InvalidOperationException: Calling OpenScene Raisefrom assembly reloading callbacks are not supported.
  at (wrapper managed-to-native) UnityEditor.SceneManagement.EditorSceneManager.OpenScene_Injected(string,UnityEditor.SceneManagement.OpenSceneMode,UnityEngine.SceneManagement.Scene&)
  at UnityEditor.SceneManagement.EditorSceneManager.OpenScene (System.String scenePath, UnityEditor.SceneManagement.OpenSceneMode mode) [0x00000] in <63965ae56af7489797f355b7c1211ab2>:0 
  at Sirenix.OdinInspector.Editor.Validation.SceneReference.TryOpenScene (UnityEditor.SceneManagement.OpenSceneMode mode, UnityEngine.SceneManagement.Scene& scene) [0x00017] in C:\Sirenix\Sirenix Solution\Sirenix.OdinInspector.Editor\Validation\Validators\SceneReference.cs:114 
UnityEngine.DebugLogHandler:Internal_LogException(Exception, Object)
UnityEngine.DebugLogHandler:LogException(Exception, Object)
UnityEngine.Logger:LogException(Exception, Object)
UnityEngine.Debug:LogException(Exception)
Sirenix.OdinInspector.Editor.Validation.SceneReference:TryOpenScene(OpenSceneMode, Scene&) (at C:\Sirenix\Sirenix Solution\Sirenix.OdinInspector.Editor\Validation\Validators\SceneReference.cs:119)
Sirenix.OdinValidator.Editor.<ValidateCurrentWorkQueueEnumerator>d__59:MoveNext() (at C:\Sirenix\Sirenix Solution\Sirenix.OdinValidator.Editor\Core\ValidationSession.cs:557)
Sirenix.OdinValidator.Editor.<ValidateEverythingEnumeratorBatched>d__54:MoveNext() (at C:\Sirenix\Sirenix Solution\Sirenix.OdinValidator.Editor\Core\ValidationSession.cs:376)
Sirenix.OdinValidator.Editor.AutomationConfig:RunValidationScan(String, ValidationSetup, Boolean, Action, Boolean, Boolean, Boolean, Boolean, Boolean, Boolean, Boolean, Boolean) (at C:\Sirenix\Sirenix Solution\Sirenix.OdinValidator.Editor\Config\AutomationConfig.cs:305)
Sirenix.OdinValidator.Editor.AutomationConfig:ActuallyInitHooks() (at C:\Sirenix\Sirenix Solution\Sirenix.OdinValidator.Editor\Config\AutomationConfig.cs:186)
Sirenix.OdinValidator.Editor.AutomationConfig:InitHooks() (at C:\Sirenix\Sirenix Solution\Sirenix.OdinValidator.Editor\Config\AutomationConfig.cs:170)
System.Reflection.RuntimeMethodInfo:InternalInvoke(RuntimeMethodInfo, Object, Object[], Exception&)
System.Reflection.RuntimeMethodInfo:Invoke(Object, BindingFlags, Binder, Object[], CultureInfo)
System.Reflection.MethodBase:Invoke(Object, Object[])
UnityEditor.EditorAssemblies:ProcessInitializeOnLoadMethodAttributes()

(Filename: C:/Sirenix/Sirenix Solution/Sirenix.OdinInspector.Editor/Validation/Validators/SceneReference.cs Line: 119)

InvalidOperationException: Calling OpenScene Raisefrom assembly reloading callbacks are not supported.
  at (wrapper managed-to-native) UnityEditor.SceneManagement.EditorSceneManager.OpenScene_Injected(string,UnityEditor.SceneManagement.OpenSceneMode,UnityEngine.SceneManagement.Scene&)
  at UnityEditor.SceneManagement.EditorSceneManager.OpenScene (System.String scenePath, UnityEditor.SceneManagement.OpenSceneMode mode) [0x00000] in <63965ae56af7489797f355b7c1211ab2>:0 
  at Sirenix.OdinInspector.Editor.Validation.SceneReference.TryOpenScene (UnityEditor.SceneManagement.OpenSceneMode mode, UnityEngine.SceneManagement.Scene& scene) [0x00017] in C:\Sirenix\Sirenix Solution\Sirenix.OdinInspector.Editor\Validation\Validators\SceneReference.cs:114 
UnityEngine.DebugLogHandler:Internal_LogException(Exception, Object)
UnityEngine.DebugLogHandler:LogException(Exception, Object)
UnityEngine.Logger:LogException(Exception, Object)
UnityEngine.Debug:LogException(Exception)
Sirenix.OdinInspector.Editor.Validation.SceneReference:TryOpenScene(OpenSceneMode, Scene&) (at C:\Sirenix\Sirenix Solution\Sirenix.OdinInspector.Editor\Validation\Validators\SceneReference.cs:119)
Sirenix.OdinValidator.Editor.<ValidateCurrentWorkQueueEnumerator>d__59:MoveNext() (at C:\Sirenix\Sirenix Solution\Sirenix.OdinValidator.Editor\Core\ValidationSession.cs:557)
Sirenix.OdinValidator.Editor.<ValidateEverythingEnumeratorBatched>d__54:MoveNext() (at C:\Sirenix\Sirenix Solution\Sirenix.OdinValidator.Editor\Core\ValidationSession.cs:376)
Sirenix.OdinValidator.Editor.AutomationConfig:RunValidationScan(String, ValidationSetup, Boolean, Action, Boolean, Boolean, Boolean, Boolean, Boolean, Boolean, Boolean, Boolean) (at C:\Sirenix\Sirenix Solution\Sirenix.OdinValidator.Editor\Config\AutomationConfig.cs:305)
Sirenix.OdinValidator.Editor.AutomationConfig:ActuallyInitHooks() (at C:\Sirenix\Sirenix Solution\Sirenix.OdinValidator.Editor\Config\AutomationConfig.cs:186)
Sirenix.OdinValidator.Editor.AutomationConfig:InitHooks() (at C:\Sirenix\Sirenix Solution\Sirenix.OdinValidator.Editor\Config\AutomationConfig.cs:170)
System.Reflection.RuntimeMethodInfo:InternalInvoke(RuntimeMethodInfo, Object, Object[], Exception&)
System.Reflection.RuntimeMethodInfo:Invoke(Object, BindingFlags, Binder, Object[], CultureInfo)
System.Reflection.MethodBase:Invoke(Object, Object[])
UnityEditor.EditorAssemblies:ProcessInitializeOnLoadMethodAttributes()

(Filename: C:/Sirenix/Sirenix Solution/Sirenix.OdinInspector.Editor/Validation/Validators/SceneReference.cs Line: 119)

InvalidOperationException: Calling OpenScene Raisefrom assembly reloading callbacks are not supported.
  at (wrapper managed-to-native) UnityEditor.SceneManagement.EditorSceneManager.OpenScene_Injected(string,UnityEditor.SceneManagement.OpenSceneMode,UnityEngine.SceneManagement.Scene&)
  at UnityEditor.SceneManagement.EditorSceneManager.OpenScene (System.String scenePath, UnityEditor.SceneManagement.OpenSceneMode mode) [0x00000] in <63965ae56af7489797f355b7c1211ab2>:0 
  at Sirenix.OdinInspector.Editor.Validation.SceneReference.TryOpenScene (UnityEditor.SceneManagement.OpenSceneMode mode, UnityEngine.SceneManagement.Scene& scene) [0x00017] in C:\Sirenix\Sirenix Solution\Sirenix.OdinInspector.Editor\Validation\Validators\SceneReference.cs:114 
UnityEngine.DebugLogHandler:Internal_LogException(Exception, Object)
UnityEngine.DebugLogHandler:LogException(Exception, Object)
UnityEngine.Logger:LogException(Exception, Object)
UnityEngine.Debug:LogException(Exception)
Sirenix.OdinInspector.Editor.Validation.SceneReference:TryOpenScene(OpenSceneMode, Scene&) (at C:\Sirenix\Sirenix Solution\Sirenix.OdinInspector.Editor\Validation\Validators\SceneReference.cs:119)
Sirenix.OdinValidator.Editor.<ValidateCurrentWorkQueueEnumerator>d__59:MoveNext() (at C:\Sirenix\Sirenix Solution\Sirenix.OdinValidator.Editor\Core\ValidationSession.cs:557)
Sirenix.OdinValidator.Editor.<ValidateEverythingEnumeratorBatched>d__54:MoveNext() (at C:\Sirenix\Sirenix Solution\Sirenix.OdinValidator.Editor\Core\ValidationSession.cs:376)
Sirenix.OdinValidator.Editor.AutomationConfig:RunValidationScan(String, ValidationSetup, Boolean, Action, Boolean, Boolean, Boolean, Boolean, Boolean, Boolean, Boolean, Boolean) (at C:\Sirenix\Sirenix Solution\Sirenix.OdinValidator.Editor\Config\AutomationConfig.cs:305)
Sirenix.OdinValidator.Editor.AutomationConfig:ActuallyInitHooks() (at C:\Sirenix\Sirenix Solution\Sirenix.OdinValidator.Editor\Config\AutomationConfig.cs:186)
Sirenix.OdinValidator.Editor.AutomationConfig:InitHooks() (at C:\Sirenix\Sirenix Solution\Sirenix.OdinValidator.Editor\Config\AutomationConfig.cs:170)
System.Reflection.RuntimeMethodInfo:InternalInvoke(RuntimeMethodInfo, Object, Object[], Exception&)
System.Reflection.RuntimeMethodInfo:Invoke(Object, BindingFlags, Binder, Object[], CultureInfo)
System.Reflection.MethodBase:Invoke(Object, Object[])
UnityEditor.EditorAssemblies:ProcessInitializeOnLoadMethodAttributes()

(Filename: C:/Sirenix/Sirenix Solution/Sirenix.OdinInspector.Editor/Validation/Validators/SceneReference.cs Line: 119)

InvalidOperationException: Calling OpenScene Raisefrom assembly reloading callbacks are not supported.
  at (wrapper managed-to-native) UnityEditor.SceneManagement.EditorSceneManager.OpenScene_Injected(string,UnityEditor.SceneManagement.OpenSceneMode,UnityEngine.SceneManagement.Scene&)
  at UnityEditor.SceneManagement.EditorSceneManager.OpenScene (System.String scenePath, UnityEditor.SceneManagement.OpenSceneMode mode) [0x00000] in <63965ae56af7489797f355b7c1211ab2>:0 
  at Sirenix.OdinInspector.Editor.Validation.SceneReference.TryOpenScene (UnityEditor.SceneManagement.OpenSceneMode mode, UnityEngine.SceneManagement.Scene& scene) [0x00017] in C:\Sirenix\Sirenix Solution\Sirenix.OdinInspector.Editor\Validation\Validators\SceneReference.cs:114 
UnityEngine.DebugLogHandler:Internal_LogException(Exception, Object)
UnityEngine.DebugLogHandler:LogException(Exception, Object)
UnityEngine.Logger:LogException(Exception, Object)
UnityEngine.Debug:LogException(Exception)
Sirenix.OdinInspector.Editor.Validation.SceneReference:TryOpenScene(OpenSceneMode, Scene&) (at C:\Sirenix\Sirenix Solution\Sirenix.OdinInspector.Editor\Validation\Validators\SceneReference.cs:119)
Sirenix.OdinValidator.Editor.<ValidateCurrentWorkQueueEnumerator>d__59:MoveNext() (at C:\Sirenix\Sirenix Solution\Sirenix.OdinValidator.Editor\Core\ValidationSession.cs:557)
Sirenix.OdinValidator.Editor.<ValidateEverythingEnumeratorBatched>d__54:MoveNext() (at C:\Sirenix\Sirenix Solution\Sirenix.OdinValidator.Editor\Core\ValidationSession.cs:376)
Sirenix.OdinValidator.Editor.AutomationConfig:RunValidationScan(String, ValidationSetup, Boolean, Action, Boolean, Boolean, Boolean, Boolean, Boolean, Boolean, Boolean, Boolean) (at C:\Sirenix\Sirenix Solution\Sirenix.OdinValidator.Editor\Config\AutomationConfig.cs:305)
Sirenix.OdinValidator.Editor.AutomationConfig:ActuallyInitHooks() (at C:\Sirenix\Sirenix Solution\Sirenix.OdinValidator.Editor\Config\AutomationConfig.cs:186)
Sirenix.OdinValidator.Editor.AutomationConfig:InitHooks() (at C:\Sirenix\Sirenix Solution\Sirenix.OdinValidator.Editor\Config\AutomationConfig.cs:170)
System.Reflection.RuntimeMethodInfo:InternalInvoke(RuntimeMethodInfo, Object, Object[], Exception&)
System.Reflection.RuntimeMethodInfo:Invoke(Object, BindingFlags, Binder, Object[], CultureInfo)
System.Reflection.MethodBase:Invoke(Object, Object[])
UnityEditor.EditorAssemblies:ProcessInitializeOnLoadMethodAttributes()

(Filename: C:/Sirenix/Sirenix Solution/Sirenix.OdinInspector.Editor/Validation/Validators/SceneReference.cs Line: 119)

InvalidOperationException: Calling OpenScene Raisefrom assembly reloading callbacks are not supported.
  at (wrapper managed-to-native) UnityEditor.SceneManagement.EditorSceneManager.OpenScene_Injected(string,UnityEditor.SceneManagement.OpenSceneMode,UnityEngine.SceneManagement.Scene&)
  at UnityEditor.SceneManagement.EditorSceneManager.OpenScene (System.String scenePath, UnityEditor.SceneManagement.OpenSceneMode mode) [0x00000] in <63965ae56af7489797f355b7c1211ab2>:0 
  at Sirenix.OdinInspector.Editor.Validation.SceneReference.TryOpenScene (UnityEditor.SceneManagement.OpenSceneMode mode, UnityEngine.SceneManagement.Scene& scene) [0x00017] in C:\Sirenix\Sirenix Solution\Sirenix.OdinInspector.Editor\Validation\Validators\SceneReference.cs:114 
UnityEngine.DebugLogHandler:Internal_LogException(Exception, Object)
UnityEngine.DebugLogHandler:LogException(Exception, Object)
UnityEngine.Logger:LogException(Exception, Object)
UnityEngine.Debug:LogException(Exception)
Sirenix.OdinInspector.Editor.Validation.SceneReference:TryOpenScene(OpenSceneMode, Scene&) (at C:\Sirenix\Sirenix Solution\Sirenix.OdinInspector.Editor\Validation\Validators\SceneReference.cs:119)
Sirenix.OdinValidator.Editor.<ValidateCurrentWorkQueueEnumerator>d__59:MoveNext() (at C:\Sirenix\Sirenix Solution\Sirenix.OdinValidator.Editor\Core\ValidationSession.cs:557)
Sirenix.OdinValidator.Editor.<ValidateEverythingEnumeratorBatched>d__54:MoveNext() (at C:\Sirenix\Sirenix Solution\Sirenix.OdinValidator.Editor\Core\ValidationSession.cs:376)
Sirenix.OdinValidator.Editor.AutomationConfig:RunValidationScan(String, ValidationSetup, Boolean, Action, Boolean, Boolean, Boolean, Boolean, Boolean, Boolean, Boolean, Boolean) (at C:\Sirenix\Sirenix Solution\Sirenix.OdinValidator.Editor\Config\AutomationConfig.cs:305)
Sirenix.OdinValidator.Editor.AutomationConfig:ActuallyInitHooks() (at C:\Sirenix\Sirenix Solution\Sirenix.OdinValidator.Editor\Config\AutomationConfig.cs:186)
Sirenix.OdinValidator.Editor.AutomationConfig:InitHooks() (at C:\Sirenix\Sirenix Solution\Sirenix.OdinValidator.Editor\Config\AutomationConfig.cs:170)
System.Reflection.RuntimeMethodInfo:InternalInvoke(RuntimeMethodInfo, Object, Object[], Exception&)
System.Reflection.RuntimeMethodInfo:Invoke(Object, BindingFlags, Binder, Object[], CultureInfo)
System.Reflection.MethodBase:Invoke(Object, Object[])
UnityEditor.EditorAssemblies:ProcessInitializeOnLoadMethodAttributes()

(Filename: C:/Sirenix/Sirenix Solution/Sirenix.OdinInspector.Editor/Validation/Validators/SceneReference.cs Line: 119)

InvalidOperationException: Calling OpenScene Raisefrom assembly reloading callbacks are not supported.
  at (wrapper managed-to-native) UnityEditor.SceneManagement.EditorSceneManager.OpenScene_Injected(string,UnityEditor.SceneManagement.OpenSceneMode,UnityEngine.SceneManagement.Scene&)
  at UnityEditor.SceneManagement.EditorSceneManager.OpenScene (System.String scenePath, UnityEditor.SceneManagement.OpenSceneMode mode) [0x00000] in <63965ae56af7489797f355b7c1211ab2>:0 
  at Sirenix.OdinInspector.Editor.Validation.SceneReference.TryOpenScene (UnityEditor.SceneManagement.OpenSceneMode mode, UnityEngine.SceneManagement.Scene& scene) [0x00017] in C:\Sirenix\Sirenix Solution\Sirenix.OdinInspector.Editor\Validation\Validators\SceneReference.cs:114 
UnityEngine.DebugLogHandler:Internal_LogException(Exception, Object)
UnityEngine.DebugLogHandler:LogException(Exception, Object)
UnityEngine.Logger:LogException(Exception, Object)
UnityEngine.Debug:LogException(Exception)
Sirenix.OdinInspector.Editor.Validation.SceneReference:TryOpenScene(OpenSceneMode, Scene&) (at C:\Sirenix\Sirenix Solution\Sirenix.OdinInspector.Editor\Validation\Validators\SceneReference.cs:119)
Sirenix.OdinValidator.Editor.<ValidateCurrentWorkQueueEnumerator>d__59:MoveNext() (at C:\Sirenix\Sirenix Solution\Sirenix.OdinValidator.Editor\Core\ValidationSession.cs:557)
Sirenix.OdinValidator.Editor.<ValidateEverythingEnumeratorBatched>d__54:MoveNext() (at C:\Sirenix\Sirenix Solution\Sirenix.OdinValidator.Editor\Core\ValidationSession.cs:376)
Sirenix.OdinValidator.Editor.AutomationConfig:RunValidationScan(String, ValidationSetup, Boolean, Action, Boolean, Boolean, Boolean, Boolean, Boolean, Boolean, Boolean, Boolean) (at C:\Sirenix\Sirenix Solution\Sirenix.OdinValidator.Editor\Config\AutomationConfig.cs:305)
Sirenix.OdinValidator.Editor.AutomationConfig:ActuallyInitHooks() (at C:\Sirenix\Sirenix Solution\Sirenix.OdinValidator.Editor\Config\AutomationConfig.cs:186)
Sirenix.OdinValidator.Editor.AutomationConfig:InitHooks() (at C:\Sirenix\Sirenix Solution\Sirenix.OdinValidator.Editor\Config\AutomationConfig.cs:170)
System.Reflection.RuntimeMethodInfo:InternalInvoke(RuntimeMethodInfo, Object, Object[], Exception&)
System.Reflection.RuntimeMethodInfo:Invoke(Object, BindingFlags, Binder, Object[], CultureInfo)
System.Reflection.MethodBase:Invoke(Object, Object[])
UnityEditor.EditorAssemblies:ProcessInitializeOnLoadMethodAttributes()

(Filename: C:/Sirenix/Sirenix Solution/Sirenix.OdinInspector.Editor/Validation/Validators/SceneReference.cs Line: 119)

InvalidOperationException: Calling OpenScene Raisefrom assembly reloading callbacks are not supported.
  at (wrapper managed-to-native) UnityEditor.SceneManagement.EditorSceneManager.OpenScene_Injected(string,UnityEditor.SceneManagement.OpenSceneMode,UnityEngine.SceneManagement.Scene&)
  at UnityEditor.SceneManagement.EditorSceneManager.OpenScene (System.String scenePath, UnityEditor.SceneManagement.OpenSceneMode mode) [0x00000] in <63965ae56af7489797f355b7c1211ab2>:0 
  at Sirenix.OdinInspector.Editor.Validation.SceneReference.TryOpenScene (UnityEditor.SceneManagement.OpenSceneMode mode, UnityEngine.SceneManagement.Scene& scene) [0x00017] in C:\Sirenix\Sirenix Solution\Sirenix.OdinInspector.Editor\Validation\Validators\SceneReference.cs:114 
UnityEngine.DebugLogHandler:Internal_LogException(Exception, Object)
UnityEngine.DebugLogHandler:LogException(Exception, Object)
UnityEngine.Logger:LogException(Exception, Object)
UnityEngine.Debug:LogException(Exception)
Sirenix.OdinInspector.Editor.Validation.SceneReference:TryOpenScene(OpenSceneMode, Scene&) (at C:\Sirenix\Sirenix Solution\Sirenix.OdinInspector.Editor\Validation\Validators\SceneReference.cs:119)
Sirenix.OdinValidator.Editor.<ValidateCurrentWorkQueueEnumerator>d__59:MoveNext() (at C:\Sirenix\Sirenix Solution\Sirenix.OdinValidator.Editor\Core\ValidationSession.cs:557)
Sirenix.OdinValidator.Editor.<ValidateEverythingEnumeratorBatched>d__54:MoveNext() (at C:\Sirenix\Sirenix Solution\Sirenix.OdinValidator.Editor\Core\ValidationSession.cs:376)
Sirenix.OdinValidator.Editor.AutomationConfig:RunValidationScan(String, ValidationSetup, Boolean, Action, Boolean, Boolean, Boolean, Boolean, Boolean, Boolean, Boolean, Boolean) (at C:\Sirenix\Sirenix Solution\Sirenix.OdinValidator.Editor\Config\AutomationConfig.cs:305)
Sirenix.OdinValidator.Editor.AutomationConfig:ActuallyInitHooks() (at C:\Sirenix\Sirenix Solution\Sirenix.OdinValidator.Editor\Config\AutomationConfig.cs:186)
Sirenix.OdinValidator.Editor.AutomationConfig:InitHooks() (at C:\Sirenix\Sirenix Solution\Sirenix.OdinValidator.Editor\Config\AutomationConfig.cs:170)
System.Reflection.RuntimeMethodInfo:InternalInvoke(RuntimeMethodInfo, Object, Object[], Exception&)
System.Reflection.RuntimeMethodInfo:Invoke(Object, BindingFlags, Binder, Object[], CultureInfo)
System.Reflection.MethodBase:Invoke(Object, Object[])
UnityEditor.EditorAssemblies:ProcessInitializeOnLoadMethodAttributes()

(Filename: C:/Sirenix/Sirenix Solution/Sirenix.OdinInspector.Editor/Validation/Validators/SceneReference.cs Line: 119)

InvalidOperationException: Calling OpenScene Raisefrom assembly reloading callbacks are not supported.
  at (wrapper managed-to-native) UnityEditor.SceneManagement.EditorSceneManager.OpenScene_Injected(string,UnityEditor.SceneManagement.OpenSceneMode,UnityEngine.SceneManagement.Scene&)
  at UnityEditor.SceneManagement.EditorSceneManager.OpenScene (System.String scenePath, UnityEditor.SceneManagement.OpenSceneMode mode) [0x00000] in <63965ae56af7489797f355b7c1211ab2>:0 
  at Sirenix.OdinInspector.Editor.Validation.SceneReference.TryOpenScene (UnityEditor.SceneManagement.OpenSceneMode mode, UnityEngine.SceneManagement.Scene& scene) [0x00017] in C:\Sirenix\Sirenix Solution\Sirenix.OdinInspector.Editor\Validation\Validators\SceneReference.cs:114 
UnityEngine.DebugLogHandler:Internal_LogException(Exception, Object)
UnityEngine.DebugLogHandler:LogException(Exception, Object)
UnityEngine.Logger:LogException(Exception, Object)
UnityEngine.Debug:LogException(Exception)
Sirenix.OdinInspector.Editor.Validation.SceneReference:TryOpenScene(OpenSceneMode, Scene&) (at C:\Sirenix\Sirenix Solution\Sirenix.OdinInspector.Editor\Validation\Validators\SceneReference.cs:119)
Sirenix.OdinValidator.Editor.<ValidateCurrentWorkQueueEnumerator>d__59:MoveNext() (at C:\Sirenix\Sirenix Solution\Sirenix.OdinValidator.Editor\Core\ValidationSession.cs:557)
Sirenix.OdinValidator.Editor.<ValidateEverythingEnumeratorBatched>d__54:MoveNext() (at C:\Sirenix\Sirenix Solution\Sirenix.OdinValidator.Editor\Core\ValidationSession.cs:376)
Sirenix.OdinValidator.Editor.AutomationConfig:RunValidationScan(String, ValidationSetup, Boolean, Action, Boolean, Boolean, Boolean, Boolean, Boolean, Boolean, Boolean, Boolean) (at C:\Sirenix\Sirenix Solution\Sirenix.OdinValidator.Editor\Config\AutomationConfig.cs:305)
Sirenix.OdinValidator.Editor.AutomationConfig:ActuallyInitHooks() (at C:\Sirenix\Sirenix Solution\Sirenix.OdinValidator.Editor\Config\AutomationConfig.cs:186)
Sirenix.OdinValidator.Editor.AutomationConfig:InitHooks() (at C:\Sirenix\Sirenix Solution\Sirenix.OdinValidator.Editor\Config\AutomationConfig.cs:170)
System.Reflection.RuntimeMethodInfo:InternalInvoke(RuntimeMethodInfo, Object, Object[], Exception&)
System.Reflection.RuntimeMethodInfo:Invoke(Object, BindingFlags, Binder, Object[], CultureInfo)
System.Reflection.MethodBase:Invoke(Object, Object[])
UnityEditor.EditorAssemblies:ProcessInitializeOnLoadMethodAttributes()

(Filename: C:/Sirenix/Sirenix Solution/Sirenix.OdinInspector.Editor/Validation/Validators/SceneReference.cs Line: 119)

InvalidOperationException: Calling OpenScene Raisefrom assembly reloading callbacks are not supported.
  at (wrapper managed-to-native) UnityEditor.SceneManagement.EditorSceneManager.OpenScene_Injected(string,UnityEditor.SceneManagement.OpenSceneMode,UnityEngine.SceneManagement.Scene&)
  at UnityEditor.SceneManagement.EditorSceneManager.OpenScene (System.String scenePath, UnityEditor.SceneManagement.OpenSceneMode mode) [0x00000] in <63965ae56af7489797f355b7c1211ab2>:0 
  at Sirenix.OdinInspector.Editor.Validation.SceneReference.TryOpenScene (UnityEditor.SceneManagement.OpenSceneMode mode, UnityEngine.SceneManagement.Scene& scene) [0x00017] in C:\Sirenix\Sirenix Solution\Sirenix.OdinInspector.Editor\Validation\Validators\SceneReference.cs:114 
UnityEngine.DebugLogHandler:Internal_LogException(Exception, Object)
UnityEngine.DebugLogHandler:LogException(Exception, Object)
UnityEngine.Logger:LogException(Exception, Object)
UnityEngine.Debug:LogException(Exception)
Sirenix.OdinInspector.Editor.Validation.SceneReference:TryOpenScene(OpenSceneMode, Scene&) (at C:\Sirenix\Sirenix Solution\Sirenix.OdinInspector.Editor\Validation\Validators\SceneReference.cs:119)
Sirenix.OdinValidator.Editor.<ValidateCurrentWorkQueueEnumerator>d__59:MoveNext() (at C:\Sirenix\Sirenix Solution\Sirenix.OdinValidator.Editor\Core\ValidationSession.cs:557)
Sirenix.OdinValidator.Editor.<ValidateEverythingEnumeratorBatched>d__54:MoveNext() (at C:\Sirenix\Sirenix Solution\Sirenix.OdinValidator.Editor\Core\ValidationSession.cs:376)
Sirenix.OdinValidator.Editor.AutomationConfig:RunValidationScan(String, ValidationSetup, Boolean, Action, Boolean, Boolean, Boolean, Boolean, Boolean, Boolean, Boolean, Boolean) (at C:\Sirenix\Sirenix Solution\Sirenix.OdinValidator.Editor\Config\AutomationConfig.cs:305)
Sirenix.OdinValidator.Editor.AutomationConfig:ActuallyInitHooks() (at C:\Sirenix\Sirenix Solution\Sirenix.OdinValidator.Editor\Config\AutomationConfig.cs:186)
Sirenix.OdinValidator.Editor.AutomationConfig:InitHooks() (at C:\Sirenix\Sirenix Solution\Sirenix.OdinValidator.Editor\Config\AutomationConfig.cs:170)
System.Reflection.RuntimeMethodInfo:InternalInvoke(RuntimeMethodInfo, Object, Object[], Exception&)
System.Reflection.RuntimeMethodInfo:Invoke(Object, BindingFlags, Binder, Object[], CultureInfo)
System.Reflection.MethodBase:Invoke(Object, Object[])
UnityEditor.EditorAssemblies:ProcessInitializeOnLoadMethodAttributes()

(Filename: C:/Sirenix/Sirenix Solution/Sirenix.OdinInspector.Editor/Validation/Validators/SceneReference.cs Line: 119)

InvalidOperationException: Calling OpenScene Raisefrom assembly reloading callbacks are not supported.
  at (wrapper managed-to-native) UnityEditor.SceneManagement.EditorSceneManager.OpenScene_Injected(string,UnityEditor.SceneManagement.OpenSceneMode,UnityEngine.SceneManagement.Scene&)
  at UnityEditor.SceneManagement.EditorSceneManager.OpenScene (System.String scenePath, UnityEditor.SceneManagement.OpenSceneMode mode) [0x00000] in <63965ae56af7489797f355b7c1211ab2>:0 
  at Sirenix.OdinInspector.Editor.Validation.SceneReference.TryOpenScene (UnityEditor.SceneManagement.OpenSceneMode mode, UnityEngine.SceneManagement.Scene& scene) [0x00017] in C:\Sirenix\Sirenix Solution\Sirenix.OdinInspector.Editor\Validation\Validators\SceneReference.cs:114 
UnityEngine.DebugLogHandler:Internal_LogException(Exception, Object)
UnityEngine.DebugLogHandler:LogException(Exception, Object)
UnityEngine.Logger:LogException(Exception, Object)
UnityEngine.Debug:LogException(Exception)
Sirenix.OdinInspector.Editor.Validation.SceneReference:TryOpenScene(OpenSceneMode, Scene&) (at C:\Sirenix\Sirenix Solution\Sirenix.OdinInspector.Editor\Validation\Validators\SceneReference.cs:119)
Sirenix.OdinValidator.Editor.<ValidateCurrentWorkQueueEnumerator>d__59:MoveNext() (at C:\Sirenix\Sirenix Solution\Sirenix.OdinValidator.Editor\Core\ValidationSession.cs:557)
Sirenix.OdinValidator.Editor.<ValidateEverythingEnumeratorBatched>d__54:MoveNext() (at C:\Sirenix\Sirenix Solution\Sirenix.OdinValidator.Editor\Core\ValidationSession.cs:376)
Sirenix.OdinValidator.Editor.AutomationConfig:RunValidationScan(String, ValidationSetup, Boolean, Action, Boolean, Boolean, Boolean, Boolean, Boolean, Boolean, Boolean, Boolean) (at C:\Sirenix\Sirenix Solution\Sirenix.OdinValidator.Editor\Config\AutomationConfig.cs:305)
Sirenix.OdinValidator.Editor.AutomationConfig:ActuallyInitHooks() (at C:\Sirenix\Sirenix Solution\Sirenix.OdinValidator.Editor\Config\AutomationConfig.cs:186)
Sirenix.OdinValidator.Editor.AutomationConfig:InitHooks() (at C:\Sirenix\Sirenix Solution\Sirenix.OdinValidator.Editor\Config\AutomationConfig.cs:170)
System.Reflection.RuntimeMethodInfo:InternalInvoke(RuntimeMethodInfo, Object, Object[], Exception&)
System.Reflection.RuntimeMethodInfo:Invoke(Object, BindingFlags, Binder, Object[], CultureInfo)
System.Reflection.MethodBase:Invoke(Object, Object[])
UnityEditor.EditorAssemblies:ProcessInitializeOnLoadMethodAttributes()

(Filename: C:/Sirenix/Sirenix Solution/Sirenix.OdinInspector.Editor/Validation/Validators/SceneReference.cs Line: 119)

InvalidOperationException: Calling OpenScene Raisefrom assembly reloading callbacks are not supported.
  at (wrapper managed-to-native) UnityEditor.SceneManagement.EditorSceneManager.OpenScene_Injected(string,UnityEditor.SceneManagement.OpenSceneMode,UnityEngine.SceneManagement.Scene&)
  at UnityEditor.SceneManagement.EditorSceneManager.OpenScene (System.String scenePath, UnityEditor.SceneManagement.OpenSceneMode mode) [0x00000] in <63965ae56af7489797f355b7c1211ab2>:0 
  at Sirenix.OdinInspector.Editor.Validation.SceneReference.TryOpenScene (UnityEditor.SceneManagement.OpenSceneMode mode, UnityEngine.SceneManagement.Scene& scene) [0x00017] in C:\Sirenix\Sirenix Solution\Sirenix.OdinInspector.Editor\Validation\Validators\SceneReference.cs:114 
UnityEngine.DebugLogHandler:Internal_LogException(Exception, Object)
UnityEngine.DebugLogHandler:LogException(Exception, Object)
UnityEngine.Logger:LogException(Exception, Object)
UnityEngine.Debug:LogException(Exception)
Sirenix.OdinInspector.Editor.Validation.SceneReference:TryOpenScene(OpenSceneMode, Scene&) (at C:\Sirenix\Sirenix Solution\Sirenix.OdinInspector.Editor\Validation\Validators\SceneReference.cs:119)
Sirenix.OdinValidator.Editor.<ValidateCurrentWorkQueueEnumerator>d__59:MoveNext() (at C:\Sirenix\Sirenix Solution\Sirenix.OdinValidator.Editor\Core\ValidationSession.cs:557)
Sirenix.OdinValidator.Editor.<ValidateEverythingEnumeratorBatched>d__54:MoveNext() (at C:\Sirenix\Sirenix Solution\Sirenix.OdinValidator.Editor\Core\ValidationSession.cs:376)
Sirenix.OdinValidator.Editor.AutomationConfig:RunValidationScan(String, ValidationSetup, Boolean, Action, Boolean, Boolean, Boolean, Boolean, Boolean, Boolean, Boolean, Boolean) (at C:\Sirenix\Sirenix Solution\Sirenix.OdinValidator.Editor\Config\AutomationConfig.cs:305)
Sirenix.OdinValidator.Editor.AutomationConfig:ActuallyInitHooks() (at C:\Sirenix\Sirenix Solution\Sirenix.OdinValidator.Editor\Config\AutomationConfig.cs:186)
Sirenix.OdinValidator.Editor.AutomationConfig:InitHooks() (at C:\Sirenix\Sirenix Solution\Sirenix.OdinValidator.Editor\Config\AutomationConfig.cs:170)
System.Reflection.RuntimeMethodInfo:InternalInvoke(RuntimeMethodInfo, Object, Object[], Exception&)
System.Reflection.RuntimeMethodInfo:Invoke(Object, BindingFlags, Binder, Object[], CultureInfo)
System.Reflection.MethodBase:Invoke(Object, Object[])
UnityEditor.EditorAssemblies:ProcessInitializeOnLoadMethodAttributes()

(Filename: C:/Sirenix/Sirenix Solution/Sirenix.OdinInspector.Editor/Validation/Validators/SceneReference.cs Line: 119)

InvalidOperationException: Calling OpenScene Raisefrom assembly reloading callbacks are not supported.
  at (wrapper managed-to-native) UnityEditor.SceneManagement.EditorSceneManager.OpenScene_Injected(string,UnityEditor.SceneManagement.OpenSceneMode,UnityEngine.SceneManagement.Scene&)
  at UnityEditor.SceneManagement.EditorSceneManager.OpenScene (System.String scenePath, UnityEditor.SceneManagement.OpenSceneMode mode) [0x00000] in <63965ae56af7489797f355b7c1211ab2>:0 
  at Sirenix.OdinInspector.Editor.Validation.SceneReference.TryOpenScene (UnityEditor.SceneManagement.OpenSceneMode mode, UnityEngine.SceneManagement.Scene& scene) [0x00017] in C:\Sirenix\Sirenix Solution\Sirenix.OdinInspector.Editor\Validation\Validators\SceneReference.cs:114 
UnityEngine.DebugLogHandler:Internal_LogException(Exception, Object)
UnityEngine.DebugLogHandler:LogException(Exception, Object)
UnityEngine.Logger:LogException(Exception, Object)
UnityEngine.Debug:LogException(Exception)
Sirenix.OdinInspector.Editor.Validation.SceneReference:TryOpenScene(OpenSceneMode, Scene&) (at C:\Sirenix\Sirenix Solution\Sirenix.OdinInspector.Editor\Validation\Validators\SceneReference.cs:119)
Sirenix.OdinValidator.Editor.<ValidateCurrentWorkQueueEnumerator>d__59:MoveNext() (at C:\Sirenix\Sirenix Solution\Sirenix.OdinValidator.Editor\Core\ValidationSession.cs:557)
Sirenix.OdinValidator.Editor.<ValidateEverythingEnumeratorBatched>d__54:MoveNext() (at C:\Sirenix\Sirenix Solution\Sirenix.OdinValidator.Editor\Core\ValidationSession.cs:376)
Sirenix.OdinValidator.Editor.AutomationConfig:RunValidationScan(String, ValidationSetup, Boolean, Action, Boolean, Boolean, Boolean, Boolean, Boolean, Boolean, Boolean, Boolean) (at C:\Sirenix\Sirenix Solution\Sirenix.OdinValidator.Editor\Config\AutomationConfig.cs:305)
Sirenix.OdinValidator.Editor.AutomationConfig:ActuallyInitHooks() (at C:\Sirenix\Sirenix Solution\Sirenix.OdinValidator.Editor\Config\AutomationConfig.cs:186)
Sirenix.OdinValidator.Editor.AutomationConfig:InitHooks() (at C:\Sirenix\Sirenix Solution\Sirenix.OdinValidator.Editor\Config\AutomationConfig.cs:170)
System.Reflection.RuntimeMethodInfo:InternalInvoke(RuntimeMethodInfo, Object, Object[], Exception&)
System.Reflection.RuntimeMethodInfo:Invoke(Object, BindingFlags, Binder, Object[], CultureInfo)
System.Reflection.MethodBase:Invoke(Object, Object[])
UnityEditor.EditorAssemblies:ProcessInitializeOnLoadMethodAttributes()

(Filename: C:/Sirenix/Sirenix Solution/Sirenix.OdinInspector.Editor/Validation/Validators/SceneReference.cs Line: 119)

InvalidOperationException: Calling OpenScene Raisefrom assembly reloading callbacks are not supported.
  at (wrapper managed-to-native) UnityEditor.SceneManagement.EditorSceneManager.OpenScene_Injected(string,UnityEditor.SceneManagement.OpenSceneMode,UnityEngine.SceneManagement.Scene&)
  at UnityEditor.SceneManagement.EditorSceneManager.OpenScene (System.String scenePath, UnityEditor.SceneManagement.OpenSceneMode mode) [0x00000] in <63965ae56af7489797f355b7c1211ab2>:0 
  at Sirenix.OdinInspector.Editor.Validation.SceneReference.TryOpenScene (UnityEditor.SceneManagement.OpenSceneMode mode, UnityEngine.SceneManagement.Scene& scene) [0x00017] in C:\Sirenix\Sirenix Solution\Sirenix.OdinInspector.Editor\Validation\Validators\SceneReference.cs:114 
UnityEngine.DebugLogHandler:Internal_LogException(Exception, Object)
UnityEngine.DebugLogHandler:LogException(Exception, Object)
UnityEngine.Logger:LogException(Exception, Object)
UnityEngine.Debug:LogException(Exception)
Sirenix.OdinInspector.Editor.Validation.SceneReference:TryOpenScene(OpenSceneMode, Scene&) (at C:\Sirenix\Sirenix Solution\Sirenix.OdinInspector.Editor\Validation\Validators\SceneReference.cs:119)
Sirenix.OdinValidator.Editor.<ValidateCurrentWorkQueueEnumerator>d__59:MoveNext() (at C:\Sirenix\Sirenix Solution\Sirenix.OdinValidator.Editor\Core\ValidationSession.cs:557)
Sirenix.OdinValidator.Editor.<ValidateEverythingEnumeratorBatched>d__54:MoveNext() (at C:\Sirenix\Sirenix Solution\Sirenix.OdinValidator.Editor\Core\ValidationSession.cs:376)
Sirenix.OdinValidator.Editor.AutomationConfig:RunValidationScan(String, ValidationSetup, Boolean, Action, Boolean, Boolean, Boolean, Boolean, Boolean, Boolean, Boolean, Boolean) (at C:\Sirenix\Sirenix Solution\Sirenix.OdinValidator.Editor\Config\AutomationConfig.cs:305)
Sirenix.OdinValidator.Editor.AutomationConfig:ActuallyInitHooks() (at C:\Sirenix\Sirenix Solution\Sirenix.OdinValidator.Editor\Config\AutomationConfig.cs:186)
Sirenix.OdinValidator.Editor.AutomationConfig:InitHooks() (at C:\Sirenix\Sirenix Solution\Sirenix.OdinValidator.Editor\Config\AutomationConfig.cs:170)
System.Reflection.RuntimeMethodInfo:InternalInvoke(RuntimeMethodInfo, Object, Object[], Exception&)
System.Reflection.RuntimeMethodInfo:Invoke(Object, BindingFlags, Binder, Object[], CultureInfo)
System.Reflection.MethodBase:Invoke(Object, Object[])
UnityEditor.EditorAssemblies:ProcessInitializeOnLoadMethodAttributes()

(Filename: C:/Sirenix/Sirenix Solution/Sirenix.OdinInspector.Editor/Validation/Validators/SceneReference.cs Line: 119)

InvalidOperationException: Calling OpenScene Raisefrom assembly reloading callbacks are not supported.
  at (wrapper managed-to-native) UnityEditor.SceneManagement.EditorSceneManager.OpenScene_Injected(string,UnityEditor.SceneManagement.OpenSceneMode,UnityEngine.SceneManagement.Scene&)
  at UnityEditor.SceneManagement.EditorSceneManager.OpenScene (System.String scenePath, UnityEditor.SceneManagement.OpenSceneMode mode) [0x00000] in <63965ae56af7489797f355b7c1211ab2>:0 
  at Sirenix.OdinInspector.Editor.Validation.SceneReference.TryOpenScene (UnityEditor.SceneManagement.OpenSceneMode mode, UnityEngine.SceneManagement.Scene& scene) [0x00017] in C:\Sirenix\Sirenix Solution\Sirenix.OdinInspector.Editor\Validation\Validators\SceneReference.cs:114 
UnityEngine.DebugLogHandler:Internal_LogException(Exception, Object)
UnityEngine.DebugLogHandler:LogException(Exception, Object)
UnityEngine.Logger:LogException(Exception, Object)
UnityEngine.Debug:LogException(Exception)
Sirenix.OdinInspector.Editor.Validation.SceneReference:TryOpenScene(OpenSceneMode, Scene&) (at C:\Sirenix\Sirenix Solution\Sirenix.OdinInspector.Editor\Validation\Validators\SceneReference.cs:119)
Sirenix.OdinValidator.Editor.<ValidateCurrentWorkQueueEnumerator>d__59:MoveNext() (at C:\Sirenix\Sirenix Solution\Sirenix.OdinValidator.Editor\Core\ValidationSession.cs:557)
Sirenix.OdinValidator.Editor.<ValidateEverythingEnumeratorBatched>d__54:MoveNext() (at C:\Sirenix\Sirenix Solution\Sirenix.OdinValidator.Editor\Core\ValidationSession.cs:376)
Sirenix.OdinValidator.Editor.AutomationConfig:RunValidationScan(String, ValidationSetup, Boolean, Action, Boolean, Boolean, Boolean, Boolean, Boolean, Boolean, Boolean, Boolean) (at C:\Sirenix\Sirenix Solution\Sirenix.OdinValidator.Editor\Config\AutomationConfig.cs:305)
Sirenix.OdinValidator.Editor.AutomationConfig:ActuallyInitHooks() (at C:\Sirenix\Sirenix Solution\Sirenix.OdinValidator.Editor\Config\AutomationConfig.cs:186)
Sirenix.OdinValidator.Editor.AutomationConfig:InitHooks() (at C:\Sirenix\Sirenix Solution\Sirenix.OdinValidator.Editor\Config\AutomationConfig.cs:170)
System.Reflection.RuntimeMethodInfo:InternalInvoke(RuntimeMethodInfo, Object, Object[], Exception&)
System.Reflection.RuntimeMethodInfo:Invoke(Object, BindingFlags, Binder, Object[], CultureInfo)
System.Reflection.MethodBase:Invoke(Object, Object[])
UnityEditor.EditorAssemblies:ProcessInitializeOnLoadMethodAttributes()

(Filename: C:/Sirenix/Sirenix Solution/Sirenix.OdinInspector.Editor/Validation/Validators/SceneReference.cs Line: 119)

InvalidOperationException: Calling OpenScene Raisefrom assembly reloading callbacks are not supported.
  at (wrapper managed-to-native) UnityEditor.SceneManagement.EditorSceneManager.OpenScene_Injected(string,UnityEditor.SceneManagement.OpenSceneMode,UnityEngine.SceneManagement.Scene&)
  at UnityEditor.SceneManagement.EditorSceneManager.OpenScene (System.String scenePath, UnityEditor.SceneManagement.OpenSceneMode mode) [0x00000] in <63965ae56af7489797f355b7c1211ab2>:0 
  at Sirenix.OdinInspector.Editor.Validation.SceneReference.TryOpenScene (UnityEditor.SceneManagement.OpenSceneMode mode, UnityEngine.SceneManagement.Scene& scene) [0x00017] in C:\Sirenix\Sirenix Solution\Sirenix.OdinInspector.Editor\Validation\Validators\SceneReference.cs:114 
UnityEngine.DebugLogHandler:Internal_LogException(Exception, Object)
UnityEngine.DebugLogHandler:LogException(Exception, Object)
UnityEngine.Logger:LogException(Exception, Object)
UnityEngine.Debug:LogException(Exception)
Sirenix.OdinInspector.Editor.Validation.SceneReference:TryOpenScene(OpenSceneMode, Scene&) (at C:\Sirenix\Sirenix Solution\Sirenix.OdinInspector.Editor\Validation\Validators\SceneReference.cs:119)
Sirenix.OdinValidator.Editor.<ValidateCurrentWorkQueueEnumerator>d__59:MoveNext() (at C:\Sirenix\Sirenix Solution\Sirenix.OdinValidator.Editor\Core\ValidationSession.cs:557)
Sirenix.OdinValidator.Editor.<ValidateEverythingEnumeratorBatched>d__54:MoveNext() (at C:\Sirenix\Sirenix Solution\Sirenix.OdinValidator.Editor\Core\ValidationSession.cs:376)
Sirenix.OdinValidator.Editor.AutomationConfig:RunValidationScan(String, ValidationSetup, Boolean, Action, Boolean, Boolean, Boolean, Boolean, Boolean, Boolean, Boolean, Boolean) (at C:\Sirenix\Sirenix Solution\Sirenix.OdinValidator.Editor\Config\AutomationConfig.cs:305)
Sirenix.OdinValidator.Editor.AutomationConfig:ActuallyInitHooks() (at C:\Sirenix\Sirenix Solution\Sirenix.OdinValidator.Editor\Config\AutomationConfig.cs:186)
Sirenix.OdinValidator.Editor.AutomationConfig:InitHooks() (at C:\Sirenix\Sirenix Solution\Sirenix.OdinValidator.Editor\Config\AutomationConfig.cs:170)
System.Reflection.RuntimeMethodInfo:InternalInvoke(RuntimeMethodInfo, Object, Object[], Exception&)
System.Reflection.RuntimeMethodInfo:Invoke(Object, BindingFlags, Binder, Object[], CultureInfo)
System.Reflection.MethodBase:Invoke(Object, Object[])
UnityEditor.EditorAssemblies:ProcessInitializeOnLoadMethodAttributes()

(Filename: C:/Sirenix/Sirenix Solution/Sirenix.OdinInspector.Editor/Validation/Validators/SceneReference.cs Line: 119)

InvalidOperationException: Calling OpenScene Raisefrom assembly reloading callbacks are not supported.
  at (wrapper managed-to-native) UnityEditor.SceneManagement.EditorSceneManager.OpenScene_Injected(string,UnityEditor.SceneManagement.OpenSceneMode,UnityEngine.SceneManagement.Scene&)
  at UnityEditor.SceneManagement.EditorSceneManager.OpenScene (System.String scenePath, UnityEditor.SceneManagement.OpenSceneMode mode) [0x00000] in <63965ae56af7489797f355b7c1211ab2>:0 
  at Sirenix.OdinInspector.Editor.Validation.SceneReference.TryOpenScene (UnityEditor.SceneManagement.OpenSceneMode mode, UnityEngine.SceneManagement.Scene& scene) [0x00017] in C:\Sirenix\Sirenix Solution\Sirenix.OdinInspector.Editor\Validation\Validators\SceneReference.cs:114 
UnityEngine.DebugLogHandler:Internal_LogException(Exception, Object)
UnityEngine.DebugLogHandler:LogException(Exception, Object)
UnityEngine.Logger:LogException(Exception, Object)
UnityEngine.Debug:LogException(Exception)
Sirenix.OdinInspector.Editor.Validation.SceneReference:TryOpenScene(OpenSceneMode, Scene&) (at C:\Sirenix\Sirenix Solution\Sirenix.OdinInspector.Editor\Validation\Validators\SceneReference.cs:119)
Sirenix.OdinValidator.Editor.<ValidateCurrentWorkQueueEnumerator>d__59:MoveNext() (at C:\Sirenix\Sirenix Solution\Sirenix.OdinValidator.Editor\Core\ValidationSession.cs:557)
Sirenix.OdinValidator.Editor.<ValidateEverythingEnumeratorBatched>d__54:MoveNext() (at C:\Sirenix\Sirenix Solution\Sirenix.OdinValidator.Editor\Core\ValidationSession.cs:376)
Sirenix.OdinValidator.Editor.AutomationConfig:RunValidationScan(String, ValidationSetup, Boolean, Action, Boolean, Boolean, Boolean, Boolean, Boolean, Boolean, Boolean, Boolean) (at C:\Sirenix\Sirenix Solution\Sirenix.OdinValidator.Editor\Config\AutomationConfig.cs:305)
Sirenix.OdinValidator.Editor.AutomationConfig:ActuallyInitHooks() (at C:\Sirenix\Sirenix Solution\Sirenix.OdinValidator.Editor\Config\AutomationConfig.cs:186)
Sirenix.OdinValidator.Editor.AutomationConfig:InitHooks() (at C:\Sirenix\Sirenix Solution\Sirenix.OdinValidator.Editor\Config\AutomationConfig.cs:170)
System.Reflection.RuntimeMethodInfo:InternalInvoke(RuntimeMethodInfo, Object, Object[], Exception&)
System.Reflection.RuntimeMethodInfo:Invoke(Object, BindingFlags, Binder, Object[], CultureInfo)
System.Reflection.MethodBase:Invoke(Object, Object[])
UnityEditor.EditorAssemblies:ProcessInitializeOnLoadMethodAttributes()

(Filename: C:/Sirenix/Sirenix Solution/Sirenix.OdinInspector.Editor/Validation/Validators/SceneReference.cs Line: 119)

InvalidOperationException: Calling OpenScene Raisefrom assembly reloading callbacks are not supported.
  at (wrapper managed-to-native) UnityEditor.SceneManagement.EditorSceneManager.OpenScene_Injected(string,UnityEditor.SceneManagement.OpenSceneMode,UnityEngine.SceneManagement.Scene&)
  at UnityEditor.SceneManagement.EditorSceneManager.OpenScene (System.String scenePath, UnityEditor.SceneManagement.OpenSceneMode mode) [0x00000] in <63965ae56af7489797f355b7c1211ab2>:0 
  at Sirenix.OdinInspector.Editor.Validation.SceneReference.TryOpenScene (UnityEditor.SceneManagement.OpenSceneMode mode, UnityEngine.SceneManagement.Scene& scene) [0x00017] in C:\Sirenix\Sirenix Solution\Sirenix.OdinInspector.Editor\Validation\Validators\SceneReference.cs:114 
UnityEngine.DebugLogHandler:Internal_LogException(Exception, Object)
UnityEngine.DebugLogHandler:LogException(Exception, Object)
UnityEngine.Logger:LogException(Exception, Object)
UnityEngine.Debug:LogException(Exception)
Sirenix.OdinInspector.Editor.Validation.SceneReference:TryOpenScene(OpenSceneMode, Scene&) (at C:\Sirenix\Sirenix Solution\Sirenix.OdinInspector.Editor\Validation\Validators\SceneReference.cs:119)
Sirenix.OdinValidator.Editor.<ValidateCurrentWorkQueueEnumerator>d__59:MoveNext() (at C:\Sirenix\Sirenix Solution\Sirenix.OdinValidator.Editor\Core\ValidationSession.cs:557)
Sirenix.OdinValidator.Editor.<ValidateEverythingEnumeratorBatched>d__54:MoveNext() (at C:\Sirenix\Sirenix Solution\Sirenix.OdinValidator.Editor\Core\ValidationSession.cs:376)
Sirenix.OdinValidator.Editor.AutomationConfig:RunValidationScan(String, ValidationSetup, Boolean, Action, Boolean, Boolean, Boolean, Boolean, Boolean, Boolean, Boolean, Boolean) (at C:\Sirenix\Sirenix Solution\Sirenix.OdinValidator.Editor\Config\AutomationConfig.cs:305)
Sirenix.OdinValidator.Editor.AutomationConfig:ActuallyInitHooks() (at C:\Sirenix\Sirenix Solution\Sirenix.OdinValidator.Editor\Config\AutomationConfig.cs:186)
Sirenix.OdinValidator.Editor.AutomationConfig:InitHooks() (at C:\Sirenix\Sirenix Solution\Sirenix.OdinValidator.Editor\Config\AutomationConfig.cs:170)
System.Reflection.RuntimeMethodInfo:InternalInvoke(RuntimeMethodInfo, Object, Object[], Exception&)
System.Reflection.RuntimeMethodInfo:Invoke(Object, BindingFlags, Binder, Object[], CultureInfo)
System.Reflection.MethodBase:Invoke(Object, Object[])
UnityEditor.EditorAssemblies:ProcessInitializeOnLoadMethodAttributes()

(Filename: C:/Sirenix/Sirenix Solution/Sirenix.OdinInspector.Editor/Validation/Validators/SceneReference.cs Line: 119)

InvalidOperationException: Calling OpenScene Raisefrom assembly reloading callbacks are not supported.
  at (wrapper managed-to-native) UnityEditor.SceneManagement.EditorSceneManager.OpenScene_Injected(string,UnityEditor.SceneManagement.OpenSceneMode,UnityEngine.SceneManagement.Scene&)
  at UnityEditor.SceneManagement.EditorSceneManager.OpenScene (System.String scenePath, UnityEditor.SceneManagement.OpenSceneMode mode) [0x00000] in <63965ae56af7489797f355b7c1211ab2>:0 
  at Sirenix.OdinInspector.Editor.Validation.SceneReference.TryOpenScene (UnityEditor.SceneManagement.OpenSceneMode mode, UnityEngine.SceneManagement.Scene& scene) [0x00017] in C:\Sirenix\Sirenix Solution\Sirenix.OdinInspector.Editor\Validation\Validators\SceneReference.cs:114 
UnityEngine.DebugLogHandler:Internal_LogException(Exception, Object)
UnityEngine.DebugLogHandler:LogException(Exception, Object)
UnityEngine.Logger:LogException(Exception, Object)
UnityEngine.Debug:LogException(Exception)
Sirenix.OdinInspector.Editor.Validation.SceneReference:TryOpenScene(OpenSceneMode, Scene&) (at C:\Sirenix\Sirenix Solution\Sirenix.OdinInspector.Editor\Validation\Validators\SceneReference.cs:119)
Sirenix.OdinValidator.Editor.<ValidateCurrentWorkQueueEnumerator>d__59:MoveNext() (at C:\Sirenix\Sirenix Solution\Sirenix.OdinValidator.Editor\Core\ValidationSession.cs:557)
Sirenix.OdinValidator.Editor.<ValidateEverythingEnumeratorBatched>d__54:MoveNext() (at C:\Sirenix\Sirenix Solution\Sirenix.OdinValidator.Editor\Core\ValidationSession.cs:376)
Sirenix.OdinValidator.Editor.AutomationConfig:RunValidationScan(String, ValidationSetup, Boolean, Action, Boolean, Boolean, Boolean, Boolean, Boolean, Boolean, Boolean, Boolean) (at C:\Sirenix\Sirenix Solution\Sirenix.OdinValidator.Editor\Config\AutomationConfig.cs:305)
Sirenix.OdinValidator.Editor.AutomationConfig:ActuallyInitHooks() (at C:\Sirenix\Sirenix Solution\Sirenix.OdinValidator.Editor\Config\AutomationConfig.cs:186)
Sirenix.OdinValidator.Editor.AutomationConfig:InitHooks() (at C:\Sirenix\Sirenix Solution\Sirenix.OdinValidator.Editor\Config\AutomationConfig.cs:170)
System.Reflection.RuntimeMethodInfo:InternalInvoke(RuntimeMethodInfo, Object, Object[], Exception&)
System.Reflection.RuntimeMethodInfo:Invoke(Object, BindingFlags, Binder, Object[], CultureInfo)
System.Reflection.MethodBase:Invoke(Object, Object[])
UnityEditor.EditorAssemblies:ProcessInitializeOnLoadMethodAttributes()

(Filename: C:/Sirenix/Sirenix Solution/Sirenix.OdinInspector.Editor/Validation/Validators/SceneReference.cs Line: 119)

InvalidOperationException: Calling OpenScene Raisefrom assembly reloading callbacks are not supported.
  at (wrapper managed-to-native) UnityEditor.SceneManagement.EditorSceneManager.OpenScene_Injected(string,UnityEditor.SceneManagement.OpenSceneMode,UnityEngine.SceneManagement.Scene&)
  at UnityEditor.SceneManagement.EditorSceneManager.OpenScene (System.String scenePath, UnityEditor.SceneManagement.OpenSceneMode mode) [0x00000] in <63965ae56af7489797f355b7c1211ab2>:0 
  at Sirenix.OdinInspector.Editor.Validation.SceneReference.TryOpenScene (UnityEditor.SceneManagement.OpenSceneMode mode, UnityEngine.SceneManagement.Scene& scene) [0x00017] in C:\Sirenix\Sirenix Solution\Sirenix.OdinInspector.Editor\Validation\Validators\SceneReference.cs:114 
UnityEngine.DebugLogHandler:Internal_LogException(Exception, Object)
UnityEngine.DebugLogHandler:LogException(Exception, Object)
UnityEngine.Logger:LogException(Exception, Object)
UnityEngine.Debug:LogException(Exception)
Sirenix.OdinInspector.Editor.Validation.SceneReference:TryOpenScene(OpenSceneMode, Scene&) (at C:\Sirenix\Sirenix Solution\Sirenix.OdinInspector.Editor\Validation\Validators\SceneReference.cs:119)
Sirenix.OdinValidator.Editor.<ValidateCurrentWorkQueueEnumerator>d__59:MoveNext() (at C:\Sirenix\Sirenix Solution\Sirenix.OdinValidator.Editor\Core\ValidationSession.cs:557)
Sirenix.OdinValidator.Editor.<ValidateEverythingEnumeratorBatched>d__54:MoveNext() (at C:\Sirenix\Sirenix Solution\Sirenix.OdinValidator.Editor\Core\ValidationSession.cs:376)
Sirenix.OdinValidator.Editor.AutomationConfig:RunValidationScan(String, ValidationSetup, Boolean, Action, Boolean, Boolean, Boolean, Boolean, Boolean, Boolean, Boolean, Boolean) (at C:\Sirenix\Sirenix Solution\Sirenix.OdinValidator.Editor\Config\AutomationConfig.cs:305)
Sirenix.OdinValidator.Editor.AutomationConfig:ActuallyInitHooks() (at C:\Sirenix\Sirenix Solution\Sirenix.OdinValidator.Editor\Config\AutomationConfig.cs:186)
Sirenix.OdinValidator.Editor.AutomationConfig:InitHooks() (at C:\Sirenix\Sirenix Solution\Sirenix.OdinValidator.Editor\Config\AutomationConfig.cs:170)
System.Reflection.RuntimeMethodInfo:InternalInvoke(RuntimeMethodInfo, Object, Object[], Exception&)
System.Reflection.RuntimeMethodInfo:Invoke(Object, BindingFlags, Binder, Object[], CultureInfo)
System.Reflection.MethodBase:Invoke(Object, Object[])
UnityEditor.EditorAssemblies:ProcessInitializeOnLoadMethodAttributes()

(Filename: C:/Sirenix/Sirenix Solution/Sirenix.OdinInspector.Editor/Validation/Validators/SceneReference.cs Line: 119)

InvalidOperationException: Calling OpenScene Raisefrom assembly reloading callbacks are not supported.
  at (wrapper managed-to-native) UnityEditor.SceneManagement.EditorSceneManager.OpenScene_Injected(string,UnityEditor.SceneManagement.OpenSceneMode,UnityEngine.SceneManagement.Scene&)
  at UnityEditor.SceneManagement.EditorSceneManager.OpenScene (System.String scenePath, UnityEditor.SceneManagement.OpenSceneMode mode) [0x00000] in <63965ae56af7489797f355b7c1211ab2>:0 
  at Sirenix.OdinInspector.Editor.Validation.SceneReference.TryOpenScene (UnityEditor.SceneManagement.OpenSceneMode mode, UnityEngine.SceneManagement.Scene& scene) [0x00017] in C:\Sirenix\Sirenix Solution\Sirenix.OdinInspector.Editor\Validation\Validators\SceneReference.cs:114 
UnityEngine.DebugLogHandler:Internal_LogException(Exception, Object)
UnityEngine.DebugLogHandler:LogException(Exception, Object)
UnityEngine.Logger:LogException(Exception, Object)
UnityEngine.Debug:LogException(Exception)
Sirenix.OdinInspector.Editor.Validation.SceneReference:TryOpenScene(OpenSceneMode, Scene&) (at C:\Sirenix\Sirenix Solution\Sirenix.OdinInspector.Editor\Validation\Validators\SceneReference.cs:119)
Sirenix.OdinValidator.Editor.<ValidateCurrentWorkQueueEnumerator>d__59:MoveNext() (at C:\Sirenix\Sirenix Solution\Sirenix.OdinValidator.Editor\Core\ValidationSession.cs:557)
Sirenix.OdinValidator.Editor.<ValidateEverythingEnumeratorBatched>d__54:MoveNext() (at C:\Sirenix\Sirenix Solution\Sirenix.OdinValidator.Editor\Core\ValidationSession.cs:376)
Sirenix.OdinValidator.Editor.AutomationConfig:RunValidationScan(String, ValidationSetup, Boolean, Action, Boolean, Boolean, Boolean, Boolean, Boolean, Boolean, Boolean, Boolean) (at C:\Sirenix\Sirenix Solution\Sirenix.OdinValidator.Editor\Config\AutomationConfig.cs:305)
Sirenix.OdinValidator.Editor.AutomationConfig:ActuallyInitHooks() (at C:\Sirenix\Sirenix Solution\Sirenix.OdinValidator.Editor\Config\AutomationConfig.cs:186)
Sirenix.OdinValidator.Editor.AutomationConfig:InitHooks() (at C:\Sirenix\Sirenix Solution\Sirenix.OdinValidator.Editor\Config\AutomationConfig.cs:170)
System.Reflection.RuntimeMethodInfo:InternalInvoke(RuntimeMethodInfo, Object, Object[], Exception&)
System.Reflection.RuntimeMethodInfo:Invoke(Object, BindingFlags, Binder, Object[], CultureInfo)
System.Reflection.MethodBase:Invoke(Object, Object[])
UnityEditor.EditorAssemblies:ProcessInitializeOnLoadMethodAttributes()

(Filename: C:/Sirenix/Sirenix Solution/Sirenix.OdinInspector.Editor/Validation/Validators/SceneReference.cs Line: 119)

InvalidOperationException: Calling OpenScene Raisefrom assembly reloading callbacks are not supported.
  at (wrapper managed-to-native) UnityEditor.SceneManagement.EditorSceneManager.OpenScene_Injected(string,UnityEditor.SceneManagement.OpenSceneMode,UnityEngine.SceneManagement.Scene&)
  at UnityEditor.SceneManagement.EditorSceneManager.OpenScene (System.String scenePath, UnityEditor.SceneManagement.OpenSceneMode mode) [0x00000] in <63965ae56af7489797f355b7c1211ab2>:0 
  at Sirenix.OdinInspector.Editor.Validation.SceneReference.TryOpenScene (UnityEditor.SceneManagement.OpenSceneMode mode, UnityEngine.SceneManagement.Scene& scene) [0x00017] in C:\Sirenix\Sirenix Solution\Sirenix.OdinInspector.Editor\Validation\Validators\SceneReference.cs:114 
UnityEngine.DebugLogHandler:Internal_LogException(Exception, Object)
UnityEngine.DebugLogHandler:LogException(Exception, Object)
UnityEngine.Logger:LogException(Exception, Object)
UnityEngine.Debug:LogException(Exception)
Sirenix.OdinInspector.Editor.Validation.SceneReference:TryOpenScene(OpenSceneMode, Scene&) (at C:\Sirenix\Sirenix Solution\Sirenix.OdinInspector.Editor\Validation\Validators\SceneReference.cs:119)
Sirenix.OdinValidator.Editor.<ValidateCurrentWorkQueueEnumerator>d__59:MoveNext() (at C:\Sirenix\Sirenix Solution\Sirenix.OdinValidator.Editor\Core\ValidationSession.cs:557)
Sirenix.OdinValidator.Editor.<ValidateEverythingEnumeratorBatched>d__54:MoveNext() (at C:\Sirenix\Sirenix Solution\Sirenix.OdinValidator.Editor\Core\ValidationSession.cs:376)
Sirenix.OdinValidator.Editor.AutomationConfig:RunValidationScan(String, ValidationSetup, Boolean, Action, Boolean, Boolean, Boolean, Boolean, Boolean, Boolean, Boolean, Boolean) (at C:\Sirenix\Sirenix Solution\Sirenix.OdinValidator.Editor\Config\AutomationConfig.cs:305)
Sirenix.OdinValidator.Editor.AutomationConfig:ActuallyInitHooks() (at C:\Sirenix\Sirenix Solution\Sirenix.OdinValidator.Editor\Config\AutomationConfig.cs:186)
Sirenix.OdinValidator.Editor.AutomationConfig:InitHooks() (at C:\Sirenix\Sirenix Solution\Sirenix.OdinValidator.Editor\Config\AutomationConfig.cs:170)
System.Reflection.RuntimeMethodInfo:InternalInvoke(RuntimeMethodInfo, Object, Object[], Exception&)
System.Reflection.RuntimeMethodInfo:Invoke(Object, BindingFlags, Binder, Object[], CultureInfo)
System.Reflection.MethodBase:Invoke(Object, Object[])
UnityEditor.EditorAssemblies:ProcessInitializeOnLoadMethodAttributes()

(Filename: C:/Sirenix/Sirenix Solution/Sirenix.OdinInspector.Editor/Validation/Validators/SceneReference.cs Line: 119)

InvalidOperationException: Calling OpenScene Raisefrom assembly reloading callbacks are not supported.
  at (wrapper managed-to-native) UnityEditor.SceneManagement.EditorSceneManager.OpenScene_Injected(string,UnityEditor.SceneManagement.OpenSceneMode,UnityEngine.SceneManagement.Scene&)
  at UnityEditor.SceneManagement.EditorSceneManager.OpenScene (System.String scenePath, UnityEditor.SceneManagement.OpenSceneMode mode) [0x00000] in <63965ae56af7489797f355b7c1211ab2>:0 
  at Sirenix.OdinInspector.Editor.Validation.SceneReference.TryOpenScene (UnityEditor.SceneManagement.OpenSceneMode mode, UnityEngine.SceneManagement.Scene& scene) [0x00017] in C:\Sirenix\Sirenix Solution\Sirenix.OdinInspector.Editor\Validation\Validators\SceneReference.cs:114 
UnityEngine.DebugLogHandler:Internal_LogException(Exception, Object)
UnityEngine.DebugLogHandler:LogException(Exception, Object)
UnityEngine.Logger:LogException(Exception, Object)
UnityEngine.Debug:LogException(Exception)
Sirenix.OdinInspector.Editor.Validation.SceneReference:TryOpenScene(OpenSceneMode, Scene&) (at C:\Sirenix\Sirenix Solution\Sirenix.OdinInspector.Editor\Validation\Validators\SceneReference.cs:119)
Sirenix.OdinValidator.Editor.<ValidateCurrentWorkQueueEnumerator>d__59:MoveNext() (at C:\Sirenix\Sirenix Solution\Sirenix.OdinValidator.Editor\Core\ValidationSession.cs:557)
Sirenix.OdinValidator.Editor.<ValidateEverythingEnumeratorBatched>d__54:MoveNext() (at C:\Sirenix\Sirenix Solution\Sirenix.OdinValidator.Editor\Core\ValidationSession.cs:376)
Sirenix.OdinValidator.Editor.AutomationConfig:RunValidationScan(String, ValidationSetup, Boolean, Action, Boolean, Boolean, Boolean, Boolean, Boolean, Boolean, Boolean, Boolean) (at C:\Sirenix\Sirenix Solution\Sirenix.OdinValidator.Editor\Config\AutomationConfig.cs:305)
Sirenix.OdinValidator.Editor.AutomationConfig:ActuallyInitHooks() (at C:\Sirenix\Sirenix Solution\Sirenix.OdinValidator.Editor\Config\AutomationConfig.cs:186)
Sirenix.OdinValidator.Editor.AutomationConfig:InitHooks() (at C:\Sirenix\Sirenix Solution\Sirenix.OdinValidator.Editor\Config\AutomationConfig.cs:170)
System.Reflection.RuntimeMethodInfo:InternalInvoke(RuntimeMethodInfo, Object, Object[], Exception&)
System.Reflection.RuntimeMethodInfo:Invoke(Object, BindingFlags, Binder, Object[], CultureInfo)
System.Reflection.MethodBase:Invoke(Object, Object[])
UnityEditor.EditorAssemblies:ProcessInitializeOnLoadMethodAttributes()

(Filename: C:/Sirenix/Sirenix Solution/Sirenix.OdinInspector.Editor/Validation/Validators/SceneReference.cs Line: 119)

InvalidOperationException: Calling OpenScene Raisefrom assembly reloading callbacks are not supported.
  at (wrapper managed-to-native) UnityEditor.SceneManagement.EditorSceneManager.OpenScene_Injected(string,UnityEditor.SceneManagement.OpenSceneMode,UnityEngine.SceneManagement.Scene&)
  at UnityEditor.SceneManagement.EditorSceneManager.OpenScene (System.String scenePath, UnityEditor.SceneManagement.OpenSceneMode mode) [0x00000] in <63965ae56af7489797f355b7c1211ab2>:0 
  at Sirenix.OdinInspector.Editor.Validation.SceneReference.TryOpenScene (UnityEditor.SceneManagement.OpenSceneMode mode, UnityEngine.SceneManagement.Scene& scene) [0x00017] in C:\Sirenix\Sirenix Solution\Sirenix.OdinInspector.Editor\Validation\Validators\SceneReference.cs:114 
UnityEngine.DebugLogHandler:Internal_LogException(Exception, Object)
UnityEngine.DebugLogHandler:LogException(Exception, Object)
UnityEngine.Logger:LogException(Exception, Object)
UnityEngine.Debug:LogException(Exception)
Sirenix.OdinInspector.Editor.Validation.SceneReference:TryOpenScene(OpenSceneMode, Scene&) (at C:\Sirenix\Sirenix Solution\Sirenix.OdinInspector.Editor\Validation\Validators\SceneReference.cs:119)
Sirenix.OdinValidator.Editor.<ValidateCurrentWorkQueueEnumerator>d__59:MoveNext() (at C:\Sirenix\Sirenix Solution\Sirenix.OdinValidator.Editor\Core\ValidationSession.cs:557)
Sirenix.OdinValidator.Editor.<ValidateEverythingEnumeratorBatched>d__54:MoveNext() (at C:\Sirenix\Sirenix Solution\Sirenix.OdinValidator.Editor\Core\ValidationSession.cs:376)
Sirenix.OdinValidator.Editor.AutomationConfig:RunValidationScan(String, ValidationSetup, Boolean, Action, Boolean, Boolean, Boolean, Boolean, Boolean, Boolean, Boolean, Boolean) (at C:\Sirenix\Sirenix Solution\Sirenix.OdinValidator.Editor\Config\AutomationConfig.cs:305)
Sirenix.OdinValidator.Editor.AutomationConfig:ActuallyInitHooks() (at C:\Sirenix\Sirenix Solution\Sirenix.OdinValidator.Editor\Config\AutomationConfig.cs:186)
Sirenix.OdinValidator.Editor.AutomationConfig:InitHooks() (at C:\Sirenix\Sirenix Solution\Sirenix.OdinValidator.Editor\Config\AutomationConfig.cs:170)
System.Reflection.RuntimeMethodInfo:InternalInvoke(RuntimeMethodInfo, Object, Object[], Exception&)
System.Reflection.RuntimeMethodInfo:Invoke(Object, BindingFlags, Binder, Object[], CultureInfo)
System.Reflection.MethodBase:Invoke(Object, Object[])
UnityEditor.EditorAssemblies:ProcessInitializeOnLoadMethodAttributes()

(Filename: C:/Sirenix/Sirenix Solution/Sirenix.OdinInspector.Editor/Validation/Validators/SceneReference.cs Line: 119)

InvalidOperationException: Calling OpenScene Raisefrom assembly reloading callbacks are not supported.
  at (wrapper managed-to-native) UnityEditor.SceneManagement.EditorSceneManager.OpenScene_Injected(string,UnityEditor.SceneManagement.OpenSceneMode,UnityEngine.SceneManagement.Scene&)
  at UnityEditor.SceneManagement.EditorSceneManager.OpenScene (System.String scenePath, UnityEditor.SceneManagement.OpenSceneMode mode) [0x00000] in <63965ae56af7489797f355b7c1211ab2>:0 
  at Sirenix.OdinInspector.Editor.Validation.SceneReference.TryOpenScene (UnityEditor.SceneManagement.OpenSceneMode mode, UnityEngine.SceneManagement.Scene& scene) [0x00017] in C:\Sirenix\Sirenix Solution\Sirenix.OdinInspector.Editor\Validation\Validators\SceneReference.cs:114 
UnityEngine.DebugLogHandler:Internal_LogException(Exception, Object)
UnityEngine.DebugLogHandler:LogException(Exception, Object)
UnityEngine.Logger:LogException(Exception, Object)
UnityEngine.Debug:LogException(Exception)
Sirenix.OdinInspector.Editor.Validation.SceneReference:TryOpenScene(OpenSceneMode, Scene&) (at C:\Sirenix\Sirenix Solution\Sirenix.OdinInspector.Editor\Validation\Validators\SceneReference.cs:119)
Sirenix.OdinValidator.Editor.<ValidateCurrentWorkQueueEnumerator>d__59:MoveNext() (at C:\Sirenix\Sirenix Solution\Sirenix.OdinValidator.Editor\Core\ValidationSession.cs:557)
Sirenix.OdinValidator.Editor.<ValidateEverythingEnumeratorBatched>d__54:MoveNext() (at C:\Sirenix\Sirenix Solution\Sirenix.OdinValidator.Editor\Core\ValidationSession.cs:376)
Sirenix.OdinValidator.Editor.AutomationConfig:RunValidationScan(String, ValidationSetup, Boolean, Action, Boolean, Boolean, Boolean, Boolean, Boolean, Boolean, Boolean, Boolean) (at C:\Sirenix\Sirenix Solution\Sirenix.OdinValidator.Editor\Config\AutomationConfig.cs:305)
Sirenix.OdinValidator.Editor.AutomationConfig:ActuallyInitHooks() (at C:\Sirenix\Sirenix Solution\Sirenix.OdinValidator.Editor\Config\AutomationConfig.cs:186)
Sirenix.OdinValidator.Editor.AutomationConfig:InitHooks() (at C:\Sirenix\Sirenix Solution\Sirenix.OdinValidator.Editor\Config\AutomationConfig.cs:170)
System.Reflection.RuntimeMethodInfo:InternalInvoke(RuntimeMethodInfo, Object, Object[], Exception&)
System.Reflection.RuntimeMethodInfo:Invoke(Object, BindingFlags, Binder, Object[], CultureInfo)
System.Reflection.MethodBase:Invoke(Object, Object[])
UnityEditor.EditorAssemblies:ProcessInitializeOnLoadMethodAttributes()

(Filename: C:/Sirenix/Sirenix Solution/Sirenix.OdinInspector.Editor/Validation/Validators/SceneReference.cs Line: 119)

InvalidOperationException: Calling OpenScene Raisefrom assembly reloading callbacks are not supported.
  at (wrapper managed-to-native) UnityEditor.SceneManagement.EditorSceneManager.OpenScene_Injected(string,UnityEditor.SceneManagement.OpenSceneMode,UnityEngine.SceneManagement.Scene&)
  at UnityEditor.SceneManagement.EditorSceneManager.OpenScene (System.String scenePath, UnityEditor.SceneManagement.OpenSceneMode mode) [0x00000] in <63965ae56af7489797f355b7c1211ab2>:0 
  at Sirenix.OdinInspector.Editor.Validation.SceneReference.TryOpenScene (UnityEditor.SceneManagement.OpenSceneMode mode, UnityEngine.SceneManagement.Scene& scene) [0x00017] in C:\Sirenix\Sirenix Solution\Sirenix.OdinInspector.Editor\Validation\Validators\SceneReference.cs:114 
UnityEngine.DebugLogHandler:Internal_LogException(Exception, Object)
UnityEngine.DebugLogHandler:LogException(Exception, Object)
UnityEngine.Logger:LogException(Exception, Object)
UnityEngine.Debug:LogException(Exception)
Sirenix.OdinInspector.Editor.Validation.SceneReference:TryOpenScene(OpenSceneMode, Scene&) (at C:\Sirenix\Sirenix Solution\Sirenix.OdinInspector.Editor\Validation\Validators\SceneReference.cs:119)
Sirenix.OdinValidator.Editor.<ValidateCurrentWorkQueueEnumerator>d__59:MoveNext() (at C:\Sirenix\Sirenix Solution\Sirenix.OdinValidator.Editor\Core\ValidationSession.cs:557)
Sirenix.OdinValidator.Editor.<ValidateEverythingEnumeratorBatched>d__54:MoveNext() (at C:\Sirenix\Sirenix Solution\Sirenix.OdinValidator.Editor\Core\ValidationSession.cs:376)
Sirenix.OdinValidator.Editor.AutomationConfig:RunValidationScan(String, ValidationSetup, Boolean, Action, Boolean, Boolean, Boolean, Boolean, Boolean, Boolean, Boolean, Boolean) (at C:\Sirenix\Sirenix Solution\Sirenix.OdinValidator.Editor\Config\AutomationConfig.cs:305)
Sirenix.OdinValidator.Editor.AutomationConfig:ActuallyInitHooks() (at C:\Sirenix\Sirenix Solution\Sirenix.OdinValidator.Editor\Config\AutomationConfig.cs:186)
Sirenix.OdinValidator.Editor.AutomationConfig:InitHooks() (at C:\Sirenix\Sirenix Solution\Sirenix.OdinValidator.Editor\Config\AutomationConfig.cs:170)
System.Reflection.RuntimeMethodInfo:InternalInvoke(RuntimeMethodInfo, Object, Object[], Exception&)
System.Reflection.RuntimeMethodInfo:Invoke(Object, BindingFlags, Binder, Object[], CultureInfo)
System.Reflection.MethodBase:Invoke(Object, Object[])
UnityEditor.EditorAssemblies:ProcessInitializeOnLoadMethodAttributes()

(Filename: C:/Sirenix/Sirenix Solution/Sirenix.OdinInspector.Editor/Validation/Validators/SceneReference.cs Line: 119)

InvalidOperationException: Calling OpenScene Raisefrom assembly reloading callbacks are not supported.
  at (wrapper managed-to-native) UnityEditor.SceneManagement.EditorSceneManager.OpenScene_Injected(string,UnityEditor.SceneManagement.OpenSceneMode,UnityEngine.SceneManagement.Scene&)
  at UnityEditor.SceneManagement.EditorSceneManager.OpenScene (System.String scenePath, UnityEditor.SceneManagement.OpenSceneMode mode) [0x00000] in <63965ae56af7489797f355b7c1211ab2>:0 
  at Sirenix.OdinInspector.Editor.Validation.SceneReference.TryOpenScene (UnityEditor.SceneManagement.OpenSceneMode mode, UnityEngine.SceneManagement.Scene& scene) [0x00017] in C:\Sirenix\Sirenix Solution\Sirenix.OdinInspector.Editor\Validation\Validators\SceneReference.cs:114 
UnityEngine.DebugLogHandler:Internal_LogException(Exception, Object)
UnityEngine.DebugLogHandler:LogException(Exception, Object)
UnityEngine.Logger:LogException(Exception, Object)
UnityEngine.Debug:LogException(Exception)
Sirenix.OdinInspector.Editor.Validation.SceneReference:TryOpenScene(OpenSceneMode, Scene&) (at C:\Sirenix\Sirenix Solution\Sirenix.OdinInspector.Editor\Validation\Validators\SceneReference.cs:119)
Sirenix.OdinValidator.Editor.<ValidateCurrentWorkQueueEnumerator>d__59:MoveNext() (at C:\Sirenix\Sirenix Solution\Sirenix.OdinValidator.Editor\Core\ValidationSession.cs:557)
Sirenix.OdinValidator.Editor.<ValidateEverythingEnumeratorBatched>d__54:MoveNext() (at C:\Sirenix\Sirenix Solution\Sirenix.OdinValidator.Editor\Core\ValidationSession.cs:376)
Sirenix.OdinValidator.Editor.AutomationConfig:RunValidationScan(String, ValidationSetup, Boolean, Action, Boolean, Boolean, Boolean, Boolean, Boolean, Boolean, Boolean, Boolean) (at C:\Sirenix\Sirenix Solution\Sirenix.OdinValidator.Editor\Config\AutomationConfig.cs:305)
Sirenix.OdinValidator.Editor.AutomationConfig:ActuallyInitHooks() (at C:\Sirenix\Sirenix Solution\Sirenix.OdinValidator.Editor\Config\AutomationConfig.cs:186)
Sirenix.OdinValidator.Editor.AutomationConfig:InitHooks() (at C:\Sirenix\Sirenix Solution\Sirenix.OdinValidator.Editor\Config\AutomationConfig.cs:170)
System.Reflection.RuntimeMethodInfo:InternalInvoke(RuntimeMethodInfo, Object, Object[], Exception&)
System.Reflection.RuntimeMethodInfo:Invoke(Object, BindingFlags, Binder, Object[], CultureInfo)
System.Reflection.MethodBase:Invoke(Object, Object[])
UnityEditor.EditorAssemblies:ProcessInitializeOnLoadMethodAttributes()

(Filename: C:/Sirenix/Sirenix Solution/Sirenix.OdinInspector.Editor/Validation/Validators/SceneReference.cs Line: 119)

InvalidOperationException: Calling OpenScene Raisefrom assembly reloading callbacks are not supported.
  at (wrapper managed-to-native) UnityEditor.SceneManagement.EditorSceneManager.OpenScene_Injected(string,UnityEditor.SceneManagement.OpenSceneMode,UnityEngine.SceneManagement.Scene&)
  at UnityEditor.SceneManagement.EditorSceneManager.OpenScene (System.String scenePath, UnityEditor.SceneManagement.OpenSceneMode mode) [0x00000] in <63965ae56af7489797f355b7c1211ab2>:0 
  at Sirenix.OdinInspector.Editor.Validation.SceneReference.TryOpenScene (UnityEditor.SceneManagement.OpenSceneMode mode, UnityEngine.SceneManagement.Scene& scene) [0x00017] in C:\Sirenix\Sirenix Solution\Sirenix.OdinInspector.Editor\Validation\Validators\SceneReference.cs:114 
UnityEngine.DebugLogHandler:Internal_LogException(Exception, Object)
UnityEngine.DebugLogHandler:LogException(Exception, Object)
UnityEngine.Logger:LogException(Exception, Object)
UnityEngine.Debug:LogException(Exception)
Sirenix.OdinInspector.Editor.Validation.SceneReference:TryOpenScene(OpenSceneMode, Scene&) (at C:\Sirenix\Sirenix Solution\Sirenix.OdinInspector.Editor\Validation\Validators\SceneReference.cs:119)
Sirenix.OdinValidator.Editor.<ValidateCurrentWorkQueueEnumerator>d__59:MoveNext() (at C:\Sirenix\Sirenix Solution\Sirenix.OdinValidator.Editor\Core\ValidationSession.cs:557)
Sirenix.OdinValidator.Editor.<ValidateEverythingEnumeratorBatched>d__54:MoveNext() (at C:\Sirenix\Sirenix Solution\Sirenix.OdinValidator.Editor\Core\ValidationSession.cs:376)
Sirenix.OdinValidator.Editor.AutomationConfig:RunValidationScan(String, ValidationSetup, Boolean, Action, Boolean, Boolean, Boolean, Boolean, Boolean, Boolean, Boolean, Boolean) (at C:\Sirenix\Sirenix Solution\Sirenix.OdinValidator.Editor\Config\AutomationConfig.cs:305)
Sirenix.OdinValidator.Editor.AutomationConfig:ActuallyInitHooks() (at C:\Sirenix\Sirenix Solution\Sirenix.OdinValidator.Editor\Config\AutomationConfig.cs:186)
Sirenix.OdinValidator.Editor.AutomationConfig:InitHooks() (at C:\Sirenix\Sirenix Solution\Sirenix.OdinValidator.Editor\Config\AutomationConfig.cs:170)
System.Reflection.RuntimeMethodInfo:InternalInvoke(RuntimeMethodInfo, Object, Object[], Exception&)
System.Reflection.RuntimeMethodInfo:Invoke(Object, BindingFlags, Binder, Object[], CultureInfo)
System.Reflection.MethodBase:Invoke(Object, Object[])
UnityEditor.EditorAssemblies:ProcessInitializeOnLoadMethodAttributes()

(Filename: C:/Sirenix/Sirenix Solution/Sirenix.OdinInspector.Editor/Validation/Validators/SceneReference.cs Line: 119)

InvalidOperationException: Calling OpenScene Raisefrom assembly reloading callbacks are not supported.
  at (wrapper managed-to-native) UnityEditor.SceneManagement.EditorSceneManager.OpenScene_Injected(string,UnityEditor.SceneManagement.OpenSceneMode,UnityEngine.SceneManagement.Scene&)
  at UnityEditor.SceneManagement.EditorSceneManager.OpenScene (System.String scenePath, UnityEditor.SceneManagement.OpenSceneMode mode) [0x00000] in <63965ae56af7489797f355b7c1211ab2>:0 
  at Sirenix.OdinInspector.Editor.Validation.SceneReference.TryOpenScene (UnityEditor.SceneManagement.OpenSceneMode mode, UnityEngine.SceneManagement.Scene& scene) [0x00017] in C:\Sirenix\Sirenix Solution\Sirenix.OdinInspector.Editor\Validation\Validators\SceneReference.cs:114 
UnityEngine.DebugLogHandler:Internal_LogException(Exception, Object)
UnityEngine.DebugLogHandler:LogException(Exception, Object)
UnityEngine.Logger:LogException(Exception, Object)
UnityEngine.Debug:LogException(Exception)
Sirenix.OdinInspector.Editor.Validation.SceneReference:TryOpenScene(OpenSceneMode, Scene&) (at C:\Sirenix\Sirenix Solution\Sirenix.OdinInspector.Editor\Validation\Validators\SceneReference.cs:119)
Sirenix.OdinValidator.Editor.<ValidateCurrentWorkQueueEnumerator>d__59:MoveNext() (at C:\Sirenix\Sirenix Solution\Sirenix.OdinValidator.Editor\Core\ValidationSession.cs:557)
Sirenix.OdinValidator.Editor.<ValidateEverythingEnumeratorBatched>d__54:MoveNext() (at C:\Sirenix\Sirenix Solution\Sirenix.OdinValidator.Editor\Core\ValidationSession.cs:376)
Sirenix.OdinValidator.Editor.AutomationConfig:RunValidationScan(String, ValidationSetup, Boolean, Action, Boolean, Boolean, Boolean, Boolean, Boolean, Boolean, Boolean, Boolean) (at C:\Sirenix\Sirenix Solution\Sirenix.OdinValidator.Editor\Config\AutomationConfig.cs:305)
Sirenix.OdinValidator.Editor.AutomationConfig:ActuallyInitHooks() (at C:\Sirenix\Sirenix Solution\Sirenix.OdinValidator.Editor\Config\AutomationConfig.cs:186)
Sirenix.OdinValidator.Editor.AutomationConfig:InitHooks() (at C:\Sirenix\Sirenix Solution\Sirenix.OdinValidator.Editor\Config\AutomationConfig.cs:170)
System.Reflection.RuntimeMethodInfo:InternalInvoke(RuntimeMethodInfo, Object, Object[], Exception&)
System.Reflection.RuntimeMethodInfo:Invoke(Object, BindingFlags, Binder, Object[], CultureInfo)
System.Reflection.MethodBase:Invoke(Object, Object[])
UnityEditor.EditorAssemblies:ProcessInitializeOnLoadMethodAttributes()

(Filename: C:/Sirenix/Sirenix Solution/Sirenix.OdinInspector.Editor/Validation/Validators/SceneReference.cs Line: 119)

InvalidOperationException: Calling OpenScene Raisefrom assembly reloading callbacks are not supported.
  at (wrapper managed-to-native) UnityEditor.SceneManagement.EditorSceneManager.OpenScene_Injected(string,UnityEditor.SceneManagement.OpenSceneMode,UnityEngine.SceneManagement.Scene&)
  at UnityEditor.SceneManagement.EditorSceneManager.OpenScene (System.String scenePath, UnityEditor.SceneManagement.OpenSceneMode mode) [0x00000] in <63965ae56af7489797f355b7c1211ab2>:0 
  at Sirenix.OdinInspector.Editor.Validation.SceneReference.TryOpenScene (UnityEditor.SceneManagement.OpenSceneMode mode, UnityEngine.SceneManagement.Scene& scene) [0x00017] in C:\Sirenix\Sirenix Solution\Sirenix.OdinInspector.Editor\Validation\Validators\SceneReference.cs:114 
UnityEngine.DebugLogHandler:Internal_LogException(Exception, Object)
UnityEngine.DebugLogHandler:LogException(Exception, Object)
UnityEngine.Logger:LogException(Exception, Object)
UnityEngine.Debug:LogException(Exception)
Sirenix.OdinInspector.Editor.Validation.SceneReference:TryOpenScene(OpenSceneMode, Scene&) (at C:\Sirenix\Sirenix Solution\Sirenix.OdinInspector.Editor\Validation\Validators\SceneReference.cs:119)
Sirenix.OdinValidator.Editor.<ValidateCurrentWorkQueueEnumerator>d__59:MoveNext() (at C:\Sirenix\Sirenix Solution\Sirenix.OdinValidator.Editor\Core\ValidationSession.cs:557)
Sirenix.OdinValidator.Editor.<ValidateEverythingEnumeratorBatched>d__54:MoveNext() (at C:\Sirenix\Sirenix Solution\Sirenix.OdinValidator.Editor\Core\ValidationSession.cs:376)
Sirenix.OdinValidator.Editor.AutomationConfig:RunValidationScan(String, ValidationSetup, Boolean, Action, Boolean, Boolean, Boolean, Boolean, Boolean, Boolean, Boolean, Boolean) (at C:\Sirenix\Sirenix Solution\Sirenix.OdinValidator.Editor\Config\AutomationConfig.cs:305)
Sirenix.OdinValidator.Editor.AutomationConfig:ActuallyInitHooks() (at C:\Sirenix\Sirenix Solution\Sirenix.OdinValidator.Editor\Config\AutomationConfig.cs:186)
Sirenix.OdinValidator.Editor.AutomationConfig:InitHooks() (at C:\Sirenix\Sirenix Solution\Sirenix.OdinValidator.Editor\Config\AutomationConfig.cs:170)
System.Reflection.RuntimeMethodInfo:InternalInvoke(RuntimeMethodInfo, Object, Object[], Exception&)
System.Reflection.RuntimeMethodInfo:Invoke(Object, BindingFlags, Binder, Object[], CultureInfo)
System.Reflection.MethodBase:Invoke(Object, Object[])
UnityEditor.EditorAssemblies:ProcessInitializeOnLoadMethodAttributes()

(Filename: C:/Sirenix/Sirenix Solution/Sirenix.OdinInspector.Editor/Validation/Validators/SceneReference.cs Line: 119)

InvalidOperationException: Calling OpenScene Raisefrom assembly reloading callbacks are not supported.
  at (wrapper managed-to-native) UnityEditor.SceneManagement.EditorSceneManager.OpenScene_Injected(string,UnityEditor.SceneManagement.OpenSceneMode,UnityEngine.SceneManagement.Scene&)
  at UnityEditor.SceneManagement.EditorSceneManager.OpenScene (System.String scenePath, UnityEditor.SceneManagement.OpenSceneMode mode) [0x00000] in <63965ae56af7489797f355b7c1211ab2>:0 
  at Sirenix.OdinInspector.Editor.Validation.SceneReference.TryOpenScene (UnityEditor.SceneManagement.OpenSceneMode mode, UnityEngine.SceneManagement.Scene& scene) [0x00017] in C:\Sirenix\Sirenix Solution\Sirenix.OdinInspector.Editor\Validation\Validators\SceneReference.cs:114 
UnityEngine.DebugLogHandler:Internal_LogException(Exception, Object)
UnityEngine.DebugLogHandler:LogException(Exception, Object)
UnityEngine.Logger:LogException(Exception, Object)
UnityEngine.Debug:LogException(Exception)
Sirenix.OdinInspector.Editor.Validation.SceneReference:TryOpenScene(OpenSceneMode, Scene&) (at C:\Sirenix\Sirenix Solution\Sirenix.OdinInspector.Editor\Validation\Validators\SceneReference.cs:119)
Sirenix.OdinValidator.Editor.<ValidateCurrentWorkQueueEnumerator>d__59:MoveNext() (at C:\Sirenix\Sirenix Solution\Sirenix.OdinValidator.Editor\Core\ValidationSession.cs:557)
Sirenix.OdinValidator.Editor.<ValidateEverythingEnumeratorBatched>d__54:MoveNext() (at C:\Sirenix\Sirenix Solution\Sirenix.OdinValidator.Editor\Core\ValidationSession.cs:376)
Sirenix.OdinValidator.Editor.AutomationConfig:RunValidationScan(String, ValidationSetup, Boolean, Action, Boolean, Boolean, Boolean, Boolean, Boolean, Boolean, Boolean, Boolean) (at C:\Sirenix\Sirenix Solution\Sirenix.OdinValidator.Editor\Config\AutomationConfig.cs:305)
Sirenix.OdinValidator.Editor.AutomationConfig:ActuallyInitHooks() (at C:\Sirenix\Sirenix Solution\Sirenix.OdinValidator.Editor\Config\AutomationConfig.cs:186)
Sirenix.OdinValidator.Editor.AutomationConfig:InitHooks() (at C:\Sirenix\Sirenix Solution\Sirenix.OdinValidator.Editor\Config\AutomationConfig.cs:170)
System.Reflection.RuntimeMethodInfo:InternalInvoke(RuntimeMethodInfo, Object, Object[], Exception&)
System.Reflection.RuntimeMethodInfo:Invoke(Object, BindingFlags, Binder, Object[], CultureInfo)
System.Reflection.MethodBase:Invoke(Object, Object[])
UnityEditor.EditorAssemblies:ProcessInitializeOnLoadMethodAttributes()

(Filename: C:/Sirenix/Sirenix Solution/Sirenix.OdinInspector.Editor/Validation/Validators/SceneReference.cs Line: 119)

InvalidOperationException: Calling OpenScene Raisefrom assembly reloading callbacks are not supported.
  at (wrapper managed-to-native) UnityEditor.SceneManagement.EditorSceneManager.OpenScene_Injected(string,UnityEditor.SceneManagement.OpenSceneMode,UnityEngine.SceneManagement.Scene&)
  at UnityEditor.SceneManagement.EditorSceneManager.OpenScene (System.String scenePath, UnityEditor.SceneManagement.OpenSceneMode mode) [0x00000] in <63965ae56af7489797f355b7c1211ab2>:0 
  at Sirenix.OdinInspector.Editor.Validation.SceneReference.TryOpenScene (UnityEditor.SceneManagement.OpenSceneMode mode, UnityEngine.SceneManagement.Scene& scene) [0x00017] in C:\Sirenix\Sirenix Solution\Sirenix.OdinInspector.Editor\Validation\Validators\SceneReference.cs:114 
UnityEngine.DebugLogHandler:Internal_LogException(Exception, Object)
UnityEngine.DebugLogHandler:LogException(Exception, Object)
UnityEngine.Logger:LogException(Exception, Object)
UnityEngine.Debug:LogException(Exception)
Sirenix.OdinInspector.Editor.Validation.SceneReference:TryOpenScene(OpenSceneMode, Scene&) (at C:\Sirenix\Sirenix Solution\Sirenix.OdinInspector.Editor\Validation\Validators\SceneReference.cs:119)
Sirenix.OdinValidator.Editor.<ValidateCurrentWorkQueueEnumerator>d__59:MoveNext() (at C:\Sirenix\Sirenix Solution\Sirenix.OdinValidator.Editor\Core\ValidationSession.cs:557)
Sirenix.OdinValidator.Editor.<ValidateEverythingEnumeratorBatched>d__54:MoveNext() (at C:\Sirenix\Sirenix Solution\Sirenix.OdinValidator.Editor\Core\ValidationSession.cs:376)
Sirenix.OdinValidator.Editor.AutomationConfig:RunValidationScan(String, ValidationSetup, Boolean, Action, Boolean, Boolean, Boolean, Boolean, Boolean, Boolean, Boolean, Boolean) (at C:\Sirenix\Sirenix Solution\Sirenix.OdinValidator.Editor\Config\AutomationConfig.cs:305)
Sirenix.OdinValidator.Editor.AutomationConfig:ActuallyInitHooks() (at C:\Sirenix\Sirenix Solution\Sirenix.OdinValidator.Editor\Config\AutomationConfig.cs:186)
Sirenix.OdinValidator.Editor.AutomationConfig:InitHooks() (at C:\Sirenix\Sirenix Solution\Sirenix.OdinValidator.Editor\Config\AutomationConfig.cs:170)
System.Reflection.RuntimeMethodInfo:InternalInvoke(RuntimeMethodInfo, Object, Object[], Exception&)
System.Reflection.RuntimeMethodInfo:Invoke(Object, BindingFlags, Binder, Object[], CultureInfo)
System.Reflection.MethodBase:Invoke(Object, Object[])
UnityEditor.EditorAssemblies:ProcessInitializeOnLoadMethodAttributes()

(Filename: C:/Sirenix/Sirenix Solution/Sirenix.OdinInspector.Editor/Validation/Validators/SceneReference.cs Line: 119)

InvalidOperationException: Calling OpenScene Raisefrom assembly reloading callbacks are not supported.
  at (wrapper managed-to-native) UnityEditor.SceneManagement.EditorSceneManager.OpenScene_Injected(string,UnityEditor.SceneManagement.OpenSceneMode,UnityEngine.SceneManagement.Scene&)
  at UnityEditor.SceneManagement.EditorSceneManager.OpenScene (System.String scenePath, UnityEditor.SceneManagement.OpenSceneMode mode) [0x00000] in <63965ae56af7489797f355b7c1211ab2>:0 
  at Sirenix.OdinInspector.Editor.Validation.SceneReference.TryOpenScene (UnityEditor.SceneManagement.OpenSceneMode mode, UnityEngine.SceneManagement.Scene& scene) [0x00017] in C:\Sirenix\Sirenix Solution\Sirenix.OdinInspector.Editor\Validation\Validators\SceneReference.cs:114 
UnityEngine.DebugLogHandler:Internal_LogException(Exception, Object)
UnityEngine.DebugLogHandler:LogException(Exception, Object)
UnityEngine.Logger:LogException(Exception, Object)
UnityEngine.Debug:LogException(Exception)
Sirenix.OdinInspector.Editor.Validation.SceneReference:TryOpenScene(OpenSceneMode, Scene&) (at C:\Sirenix\Sirenix Solution\Sirenix.OdinInspector.Editor\Validation\Validators\SceneReference.cs:119)
Sirenix.OdinValidator.Editor.<ValidateCurrentWorkQueueEnumerator>d__59:MoveNext() (at C:\Sirenix\Sirenix Solution\Sirenix.OdinValidator.Editor\Core\ValidationSession.cs:557)
Sirenix.OdinValidator.Editor.<ValidateEverythingEnumeratorBatched>d__54:MoveNext() (at C:\Sirenix\Sirenix Solution\Sirenix.OdinValidator.Editor\Core\ValidationSession.cs:376)
Sirenix.OdinValidator.Editor.AutomationConfig:RunValidationScan(String, ValidationSetup, Boolean, Action, Boolean, Boolean, Boolean, Boolean, Boolean, Boolean, Boolean, Boolean) (at C:\Sirenix\Sirenix Solution\Sirenix.OdinValidator.Editor\Config\AutomationConfig.cs:305)
Sirenix.OdinValidator.Editor.AutomationConfig:ActuallyInitHooks() (at C:\Sirenix\Sirenix Solution\Sirenix.OdinValidator.Editor\Config\AutomationConfig.cs:186)
Sirenix.OdinValidator.Editor.AutomationConfig:InitHooks() (at C:\Sirenix\Sirenix Solution\Sirenix.OdinValidator.Editor\Config\AutomationConfig.cs:170)
System.Reflection.RuntimeMethodInfo:InternalInvoke(RuntimeMethodInfo, Object, Object[], Exception&)
System.Reflection.RuntimeMethodInfo:Invoke(Object, BindingFlags, Binder, Object[], CultureInfo)
System.Reflection.MethodBase:Invoke(Object, Object[])
UnityEditor.EditorAssemblies:ProcessInitializeOnLoadMethodAttributes()

(Filename: C:/Sirenix/Sirenix Solution/Sirenix.OdinInspector.Editor/Validation/Validators/SceneReference.cs Line: 119)

InvalidOperationException: Calling OpenScene Raisefrom assembly reloading callbacks are not supported.
  at (wrapper managed-to-native) UnityEditor.SceneManagement.EditorSceneManager.OpenScene_Injected(string,UnityEditor.SceneManagement.OpenSceneMode,UnityEngine.SceneManagement.Scene&)
  at UnityEditor.SceneManagement.EditorSceneManager.OpenScene (System.String scenePath, UnityEditor.SceneManagement.OpenSceneMode mode) [0x00000] in <63965ae56af7489797f355b7c1211ab2>:0 
  at Sirenix.OdinInspector.Editor.Validation.SceneReference.TryOpenScene (UnityEditor.SceneManagement.OpenSceneMode mode, UnityEngine.SceneManagement.Scene& scene) [0x00017] in C:\Sirenix\Sirenix Solution\Sirenix.OdinInspector.Editor\Validation\Validators\SceneReference.cs:114 
UnityEngine.DebugLogHandler:Internal_LogException(Exception, Object)
UnityEngine.DebugLogHandler:LogException(Exception, Object)
UnityEngine.Logger:LogException(Exception, Object)
UnityEngine.Debug:LogException(Exception)
Sirenix.OdinInspector.Editor.Validation.SceneReference:TryOpenScene(OpenSceneMode, Scene&) (at C:\Sirenix\Sirenix Solution\Sirenix.OdinInspector.Editor\Validation\Validators\SceneReference.cs:119)
Sirenix.OdinValidator.Editor.<ValidateCurrentWorkQueueEnumerator>d__59:MoveNext() (at C:\Sirenix\Sirenix Solution\Sirenix.OdinValidator.Editor\Core\ValidationSession.cs:557)
Sirenix.OdinValidator.Editor.<ValidateEverythingEnumeratorBatched>d__54:MoveNext() (at C:\Sirenix\Sirenix Solution\Sirenix.OdinValidator.Editor\Core\ValidationSession.cs:376)
Sirenix.OdinValidator.Editor.AutomationConfig:RunValidationScan(String, ValidationSetup, Boolean, Action, Boolean, Boolean, Boolean, Boolean, Boolean, Boolean, Boolean, Boolean) (at C:\Sirenix\Sirenix Solution\Sirenix.OdinValidator.Editor\Config\AutomationConfig.cs:305)
Sirenix.OdinValidator.Editor.AutomationConfig:ActuallyInitHooks() (at C:\Sirenix\Sirenix Solution\Sirenix.OdinValidator.Editor\Config\AutomationConfig.cs:186)
Sirenix.OdinValidator.Editor.AutomationConfig:InitHooks() (at C:\Sirenix\Sirenix Solution\Sirenix.OdinValidator.Editor\Config\AutomationConfig.cs:170)
System.Reflection.RuntimeMethodInfo:InternalInvoke(RuntimeMethodInfo, Object, Object[], Exception&)
System.Reflection.RuntimeMethodInfo:Invoke(Object, BindingFlags, Binder, Object[], CultureInfo)
System.Reflection.MethodBase:Invoke(Object, Object[])
UnityEditor.EditorAssemblies:ProcessInitializeOnLoadMethodAttributes()

(Filename: C:/Sirenix/Sirenix Solution/Sirenix.OdinInspector.Editor/Validation/Validators/SceneReference.cs Line: 119)

InvalidOperationException: Calling OpenScene Raisefrom assembly reloading callbacks are not supported.
  at (wrapper managed-to-native) UnityEditor.SceneManagement.EditorSceneManager.OpenScene_Injected(string,UnityEditor.SceneManagement.OpenSceneMode,UnityEngine.SceneManagement.Scene&)
  at UnityEditor.SceneManagement.EditorSceneManager.OpenScene (System.String scenePath, UnityEditor.SceneManagement.OpenSceneMode mode) [0x00000] in <63965ae56af7489797f355b7c1211ab2>:0 
  at Sirenix.OdinInspector.Editor.Validation.SceneReference.TryOpenScene (UnityEditor.SceneManagement.OpenSceneMode mode, UnityEngine.SceneManagement.Scene& scene) [0x00017] in C:\Sirenix\Sirenix Solution\Sirenix.OdinInspector.Editor\Validation\Validators\SceneReference.cs:114 
UnityEngine.DebugLogHandler:Internal_LogException(Exception, Object)
UnityEngine.DebugLogHandler:LogException(Exception, Object)
UnityEngine.Logger:LogException(Exception, Object)
UnityEngine.Debug:LogException(Exception)
Sirenix.OdinInspector.Editor.Validation.SceneReference:TryOpenScene(OpenSceneMode, Scene&) (at C:\Sirenix\Sirenix Solution\Sirenix.OdinInspector.Editor\Validation\Validators\SceneReference.cs:119)
Sirenix.OdinValidator.Editor.<ValidateCurrentWorkQueueEnumerator>d__59:MoveNext() (at C:\Sirenix\Sirenix Solution\Sirenix.OdinValidator.Editor\Core\ValidationSession.cs:557)
Sirenix.OdinValidator.Editor.<ValidateEverythingEnumeratorBatched>d__54:MoveNext() (at C:\Sirenix\Sirenix Solution\Sirenix.OdinValidator.Editor\Core\ValidationSession.cs:376)
Sirenix.OdinValidator.Editor.AutomationConfig:RunValidationScan(String, ValidationSetup, Boolean, Action, Boolean, Boolean, Boolean, Boolean, Boolean, Boolean, Boolean, Boolean) (at C:\Sirenix\Sirenix Solution\Sirenix.OdinValidator.Editor\Config\AutomationConfig.cs:305)
Sirenix.OdinValidator.Editor.AutomationConfig:ActuallyInitHooks() (at C:\Sirenix\Sirenix Solution\Sirenix.OdinValidator.Editor\Config\AutomationConfig.cs:186)
Sirenix.OdinValidator.Editor.AutomationConfig:InitHooks() (at C:\Sirenix\Sirenix Solution\Sirenix.OdinValidator.Editor\Config\AutomationConfig.cs:170)
System.Reflection.RuntimeMethodInfo:InternalInvoke(RuntimeMethodInfo, Object, Object[], Exception&)
System.Reflection.RuntimeMethodInfo:Invoke(Object, BindingFlags, Binder, Object[], CultureInfo)
System.Reflection.MethodBase:Invoke(Object, Object[])
UnityEditor.EditorAssemblies:ProcessInitializeOnLoadMethodAttributes()

(Filename: C:/Sirenix/Sirenix Solution/Sirenix.OdinInspector.Editor/Validation/Validators/SceneReference.cs Line: 119)

InvalidOperationException: Calling OpenScene Raisefrom assembly reloading callbacks are not supported.
  at (wrapper managed-to-native) UnityEditor.SceneManagement.EditorSceneManager.OpenScene_Injected(string,UnityEditor.SceneManagement.OpenSceneMode,UnityEngine.SceneManagement.Scene&)
  at UnityEditor.SceneManagement.EditorSceneManager.OpenScene (System.String scenePath, UnityEditor.SceneManagement.OpenSceneMode mode) [0x00000] in <63965ae56af7489797f355b7c1211ab2>:0 
  at Sirenix.OdinInspector.Editor.Validation.SceneReference.TryOpenScene (UnityEditor.SceneManagement.OpenSceneMode mode, UnityEngine.SceneManagement.Scene& scene) [0x00017] in C:\Sirenix\Sirenix Solution\Sirenix.OdinInspector.Editor\Validation\Validators\SceneReference.cs:114 
UnityEngine.DebugLogHandler:Internal_LogException(Exception, Object)
UnityEngine.DebugLogHandler:LogException(Exception, Object)
UnityEngine.Logger:LogException(Exception, Object)
UnityEngine.Debug:LogException(Exception)
Sirenix.OdinInspector.Editor.Validation.SceneReference:TryOpenScene(OpenSceneMode, Scene&) (at C:\Sirenix\Sirenix Solution\Sirenix.OdinInspector.Editor\Validation\Validators\SceneReference.cs:119)
Sirenix.OdinValidator.Editor.<ValidateCurrentWorkQueueEnumerator>d__59:MoveNext() (at C:\Sirenix\Sirenix Solution\Sirenix.OdinValidator.Editor\Core\ValidationSession.cs:557)
Sirenix.OdinValidator.Editor.<ValidateEverythingEnumeratorBatched>d__54:MoveNext() (at C:\Sirenix\Sirenix Solution\Sirenix.OdinValidator.Editor\Core\ValidationSession.cs:376)
Sirenix.OdinValidator.Editor.AutomationConfig:RunValidationScan(String, ValidationSetup, Boolean, Action, Boolean, Boolean, Boolean, Boolean, Boolean, Boolean, Boolean, Boolean) (at C:\Sirenix\Sirenix Solution\Sirenix.OdinValidator.Editor\Config\AutomationConfig.cs:305)
Sirenix.OdinValidator.Editor.AutomationConfig:ActuallyInitHooks() (at C:\Sirenix\Sirenix Solution\Sirenix.OdinValidator.Editor\Config\AutomationConfig.cs:186)
Sirenix.OdinValidator.Editor.AutomationConfig:InitHooks() (at C:\Sirenix\Sirenix Solution\Sirenix.OdinValidator.Editor\Config\AutomationConfig.cs:170)
System.Reflection.RuntimeMethodInfo:InternalInvoke(RuntimeMethodInfo, Object, Object[], Exception&)
System.Reflection.RuntimeMethodInfo:Invoke(Object, BindingFlags, Binder, Object[], CultureInfo)
System.Reflection.MethodBase:Invoke(Object, Object[])
UnityEditor.EditorAssemblies:ProcessInitializeOnLoadMethodAttributes()

(Filename: C:/Sirenix/Sirenix Solution/Sirenix.OdinInspector.Editor/Validation/Validators/SceneReference.cs Line: 119)

InvalidOperationException: Calling OpenScene Raisefrom assembly reloading callbacks are not supported.
  at (wrapper managed-to-native) UnityEditor.SceneManagement.EditorSceneManager.OpenScene_Injected(string,UnityEditor.SceneManagement.OpenSceneMode,UnityEngine.SceneManagement.Scene&)
  at UnityEditor.SceneManagement.EditorSceneManager.OpenScene (System.String scenePath, UnityEditor.SceneManagement.OpenSceneMode mode) [0x00000] in <63965ae56af7489797f355b7c1211ab2>:0 
  at Sirenix.OdinInspector.Editor.Validation.SceneReference.TryOpenScene (UnityEditor.SceneManagement.OpenSceneMode mode, UnityEngine.SceneManagement.Scene& scene) [0x00017] in C:\Sirenix\Sirenix Solution\Sirenix.OdinInspector.Editor\Validation\Validators\SceneReference.cs:114 
UnityEngine.DebugLogHandler:Internal_LogException(Exception, Object)
UnityEngine.DebugLogHandler:LogException(Exception, Object)
UnityEngine.Logger:LogException(Exception, Object)
UnityEngine.Debug:LogException(Exception)
Sirenix.OdinInspector.Editor.Validation.SceneReference:TryOpenScene(OpenSceneMode, Scene&) (at C:\Sirenix\Sirenix Solution\Sirenix.OdinInspector.Editor\Validation\Validators\SceneReference.cs:119)
Sirenix.OdinValidator.Editor.<ValidateCurrentWorkQueueEnumerator>d__59:MoveNext() (at C:\Sirenix\Sirenix Solution\Sirenix.OdinValidator.Editor\Core\ValidationSession.cs:557)
Sirenix.OdinValidator.Editor.<ValidateEverythingEnumeratorBatched>d__54:MoveNext() (at C:\Sirenix\Sirenix Solution\Sirenix.OdinValidator.Editor\Core\ValidationSession.cs:376)
Sirenix.OdinValidator.Editor.AutomationConfig:RunValidationScan(String, ValidationSetup, Boolean, Action, Boolean, Boolean, Boolean, Boolean, Boolean, Boolean, Boolean, Boolean) (at C:\Sirenix\Sirenix Solution\Sirenix.OdinValidator.Editor\Config\AutomationConfig.cs:305)
Sirenix.OdinValidator.Editor.AutomationConfig:ActuallyInitHooks() (at C:\Sirenix\Sirenix Solution\Sirenix.OdinValidator.Editor\Config\AutomationConfig.cs:186)
Sirenix.OdinValidator.Editor.AutomationConfig:InitHooks() (at C:\Sirenix\Sirenix Solution\Sirenix.OdinValidator.Editor\Config\AutomationConfig.cs:170)
System.Reflection.RuntimeMethodInfo:InternalInvoke(RuntimeMethodInfo, Object, Object[], Exception&)
System.Reflection.RuntimeMethodInfo:Invoke(Object, BindingFlags, Binder, Object[], CultureInfo)
System.Reflection.MethodBase:Invoke(Object, Object[])
UnityEditor.EditorAssemblies:ProcessInitializeOnLoadMethodAttributes()

(Filename: C:/Sirenix/Sirenix Solution/Sirenix.OdinInspector.Editor/Validation/Validators/SceneReference.cs Line: 119)

InvalidOperationException: Calling OpenScene Raisefrom assembly reloading callbacks are not supported.
  at (wrapper managed-to-native) UnityEditor.SceneManagement.EditorSceneManager.OpenScene_Injected(string,UnityEditor.SceneManagement.OpenSceneMode,UnityEngine.SceneManagement.Scene&)
  at UnityEditor.SceneManagement.EditorSceneManager.OpenScene (System.String scenePath, UnityEditor.SceneManagement.OpenSceneMode mode) [0x00000] in <63965ae56af7489797f355b7c1211ab2>:0 
  at Sirenix.OdinInspector.Editor.Validation.SceneReference.TryOpenScene (UnityEditor.SceneManagement.OpenSceneMode mode, UnityEngine.SceneManagement.Scene& scene) [0x00017] in C:\Sirenix\Sirenix Solution\Sirenix.OdinInspector.Editor\Validation\Validators\SceneReference.cs:114 
UnityEngine.DebugLogHandler:Internal_LogException(Exception, Object)
UnityEngine.DebugLogHandler:LogException(Exception, Object)
UnityEngine.Logger:LogException(Exception, Object)
UnityEngine.Debug:LogException(Exception)
Sirenix.OdinInspector.Editor.Validation.SceneReference:TryOpenScene(OpenSceneMode, Scene&) (at C:\Sirenix\Sirenix Solution\Sirenix.OdinInspector.Editor\Validation\Validators\SceneReference.cs:119)
Sirenix.OdinValidator.Editor.<ValidateCurrentWorkQueueEnumerator>d__59:MoveNext() (at C:\Sirenix\Sirenix Solution\Sirenix.OdinValidator.Editor\Core\ValidationSession.cs:557)
Sirenix.OdinValidator.Editor.<ValidateEverythingEnumeratorBatched>d__54:MoveNext() (at C:\Sirenix\Sirenix Solution\Sirenix.OdinValidator.Editor\Core\ValidationSession.cs:376)
Sirenix.OdinValidator.Editor.AutomationConfig:RunValidationScan(String, ValidationSetup, Boolean, Action, Boolean, Boolean, Boolean, Boolean, Boolean, Boolean, Boolean, Boolean) (at C:\Sirenix\Sirenix Solution\Sirenix.OdinValidator.Editor\Config\AutomationConfig.cs:305)
Sirenix.OdinValidator.Editor.AutomationConfig:ActuallyInitHooks() (at C:\Sirenix\Sirenix Solution\Sirenix.OdinValidator.Editor\Config\AutomationConfig.cs:186)
Sirenix.OdinValidator.Editor.AutomationConfig:InitHooks() (at C:\Sirenix\Sirenix Solution\Sirenix.OdinValidator.Editor\Config\AutomationConfig.cs:170)
System.Reflection.RuntimeMethodInfo:InternalInvoke(RuntimeMethodInfo, Object, Object[], Exception&)
System.Reflection.RuntimeMethodInfo:Invoke(Object, BindingFlags, Binder, Object[], CultureInfo)
System.Reflection.MethodBase:Invoke(Object, Object[])
UnityEditor.EditorAssemblies:ProcessInitializeOnLoadMethodAttributes()

(Filename: C:/Sirenix/Sirenix Solution/Sirenix.OdinInspector.Editor/Validation/Validators/SceneReference.cs Line: 119)

InvalidOperationException: Calling OpenScene Raisefrom assembly reloading callbacks are not supported.
  at (wrapper managed-to-native) UnityEditor.SceneManagement.EditorSceneManager.OpenScene_Injected(string,UnityEditor.SceneManagement.OpenSceneMode,UnityEngine.SceneManagement.Scene&)
  at UnityEditor.SceneManagement.EditorSceneManager.OpenScene (System.String scenePath, UnityEditor.SceneManagement.OpenSceneMode mode) [0x00000] in <63965ae56af7489797f355b7c1211ab2>:0 
  at Sirenix.OdinInspector.Editor.Validation.SceneReference.TryOpenScene (UnityEditor.SceneManagement.OpenSceneMode mode, UnityEngine.SceneManagement.Scene& scene) [0x00017] in C:\Sirenix\Sirenix Solution\Sirenix.OdinInspector.Editor\Validation\Validators\SceneReference.cs:114 
UnityEngine.DebugLogHandler:Internal_LogException(Exception, Object)
UnityEngine.DebugLogHandler:LogException(Exception, Object)
UnityEngine.Logger:LogException(Exception, Object)
UnityEngine.Debug:LogException(Exception)
Sirenix.OdinInspector.Editor.Validation.SceneReference:TryOpenScene(OpenSceneMode, Scene&) (at C:\Sirenix\Sirenix Solution\Sirenix.OdinInspector.Editor\Validation\Validators\SceneReference.cs:119)
Sirenix.OdinValidator.Editor.<ValidateCurrentWorkQueueEnumerator>d__59:MoveNext() (at C:\Sirenix\Sirenix Solution\Sirenix.OdinValidator.Editor\Core\ValidationSession.cs:557)
Sirenix.OdinValidator.Editor.<ValidateEverythingEnumeratorBatched>d__54:MoveNext() (at C:\Sirenix\Sirenix Solution\Sirenix.OdinValidator.Editor\Core\ValidationSession.cs:376)
Sirenix.OdinValidator.Editor.AutomationConfig:RunValidationScan(String, ValidationSetup, Boolean, Action, Boolean, Boolean, Boolean, Boolean, Boolean, Boolean, Boolean, Boolean) (at C:\Sirenix\Sirenix Solution\Sirenix.OdinValidator.Editor\Config\AutomationConfig.cs:305)
Sirenix.OdinValidator.Editor.AutomationConfig:ActuallyInitHooks() (at C:\Sirenix\Sirenix Solution\Sirenix.OdinValidator.Editor\Config\AutomationConfig.cs:186)
Sirenix.OdinValidator.Editor.AutomationConfig:InitHooks() (at C:\Sirenix\Sirenix Solution\Sirenix.OdinValidator.Editor\Config\AutomationConfig.cs:170)
System.Reflection.RuntimeMethodInfo:InternalInvoke(RuntimeMethodInfo, Object, Object[], Exception&)
System.Reflection.RuntimeMethodInfo:Invoke(Object, BindingFlags, Binder, Object[], CultureInfo)
System.Reflection.MethodBase:Invoke(Object, Object[])
UnityEditor.EditorAssemblies:ProcessInitializeOnLoadMethodAttributes()

(Filename: C:/Sirenix/Sirenix Solution/Sirenix.OdinInspector.Editor/Validation/Validators/SceneReference.cs Line: 119)

InvalidOperationException: Calling OpenScene Raisefrom assembly reloading callbacks are not supported.
  at (wrapper managed-to-native) UnityEditor.SceneManagement.EditorSceneManager.OpenScene_Injected(string,UnityEditor.SceneManagement.OpenSceneMode,UnityEngine.SceneManagement.Scene&)
  at UnityEditor.SceneManagement.EditorSceneManager.OpenScene (System.String scenePath, UnityEditor.SceneManagement.OpenSceneMode mode) [0x00000] in <63965ae56af7489797f355b7c1211ab2>:0 
  at Sirenix.OdinInspector.Editor.Validation.SceneReference.TryOpenScene (UnityEditor.SceneManagement.OpenSceneMode mode, UnityEngine.SceneManagement.Scene& scene) [0x00017] in C:\Sirenix\Sirenix Solution\Sirenix.OdinInspector.Editor\Validation\Validators\SceneReference.cs:114 
UnityEngine.DebugLogHandler:Internal_LogException(Exception, Object)
UnityEngine.DebugLogHandler:LogException(Exception, Object)
UnityEngine.Logger:LogException(Exception, Object)
UnityEngine.Debug:LogException(Exception)
Sirenix.OdinInspector.Editor.Validation.SceneReference:TryOpenScene(OpenSceneMode, Scene&) (at C:\Sirenix\Sirenix Solution\Sirenix.OdinInspector.Editor\Validation\Validators\SceneReference.cs:119)
Sirenix.OdinValidator.Editor.<ValidateCurrentWorkQueueEnumerator>d__59:MoveNext() (at C:\Sirenix\Sirenix Solution\Sirenix.OdinValidator.Editor\Core\ValidationSession.cs:557)
Sirenix.OdinValidator.Editor.<ValidateEverythingEnumeratorBatched>d__54:MoveNext() (at C:\Sirenix\Sirenix Solution\Sirenix.OdinValidator.Editor\Core\ValidationSession.cs:376)
Sirenix.OdinValidator.Editor.AutomationConfig:RunValidationScan(String, ValidationSetup, Boolean, Action, Boolean, Boolean, Boolean, Boolean, Boolean, Boolean, Boolean, Boolean) (at C:\Sirenix\Sirenix Solution\Sirenix.OdinValidator.Editor\Config\AutomationConfig.cs:305)
Sirenix.OdinValidator.Editor.AutomationConfig:ActuallyInitHooks() (at C:\Sirenix\Sirenix Solution\Sirenix.OdinValidator.Editor\Config\AutomationConfig.cs:186)
Sirenix.OdinValidator.Editor.AutomationConfig:InitHooks() (at C:\Sirenix\Sirenix Solution\Sirenix.OdinValidator.Editor\Config\AutomationConfig.cs:170)
System.Reflection.RuntimeMethodInfo:InternalInvoke(RuntimeMethodInfo, Object, Object[], Exception&)
System.Reflection.RuntimeMethodInfo:Invoke(Object, BindingFlags, Binder, Object[], CultureInfo)
System.Reflection.MethodBase:Invoke(Object, Object[])
UnityEditor.EditorAssemblies:ProcessInitializeOnLoadMethodAttributes()

(Filename: C:/Sirenix/Sirenix Solution/Sirenix.OdinInspector.Editor/Validation/Validators/SceneReference.cs Line: 119)

InvalidOperationException: Calling OpenScene Raisefrom assembly reloading callbacks are not supported.
  at (wrapper managed-to-native) UnityEditor.SceneManagement.EditorSceneManager.OpenScene_Injected(string,UnityEditor.SceneManagement.OpenSceneMode,UnityEngine.SceneManagement.Scene&)
  at UnityEditor.SceneManagement.EditorSceneManager.OpenScene (System.String scenePath, UnityEditor.SceneManagement.OpenSceneMode mode) [0x00000] in <63965ae56af7489797f355b7c1211ab2>:0 
  at Sirenix.OdinInspector.Editor.Validation.SceneReference.TryOpenScene (UnityEditor.SceneManagement.OpenSceneMode mode, UnityEngine.SceneManagement.Scene& scene) [0x00017] in C:\Sirenix\Sirenix Solution\Sirenix.OdinInspector.Editor\Validation\Validators\SceneReference.cs:114 
UnityEngine.DebugLogHandler:Internal_LogException(Exception, Object)
UnityEngine.DebugLogHandler:LogException(Exception, Object)
UnityEngine.Logger:LogException(Exception, Object)
UnityEngine.Debug:LogException(Exception)
Sirenix.OdinInspector.Editor.Validation.SceneReference:TryOpenScene(OpenSceneMode, Scene&) (at C:\Sirenix\Sirenix Solution\Sirenix.OdinInspector.Editor\Validation\Validators\SceneReference.cs:119)
Sirenix.OdinValidator.Editor.<ValidateCurrentWorkQueueEnumerator>d__59:MoveNext() (at C:\Sirenix\Sirenix Solution\Sirenix.OdinValidator.Editor\Core\ValidationSession.cs:557)
Sirenix.OdinValidator.Editor.<ValidateEverythingEnumeratorBatched>d__54:MoveNext() (at C:\Sirenix\Sirenix Solution\Sirenix.OdinValidator.Editor\Core\ValidationSession.cs:376)
Sirenix.OdinValidator.Editor.AutomationConfig:RunValidationScan(String, ValidationSetup, Boolean, Action, Boolean, Boolean, Boolean, Boolean, Boolean, Boolean, Boolean, Boolean) (at C:\Sirenix\Sirenix Solution\Sirenix.OdinValidator.Editor\Config\AutomationConfig.cs:305)
Sirenix.OdinValidator.Editor.AutomationConfig:ActuallyInitHooks() (at C:\Sirenix\Sirenix Solution\Sirenix.OdinValidator.Editor\Config\AutomationConfig.cs:186)
Sirenix.OdinValidator.Editor.AutomationConfig:InitHooks() (at C:\Sirenix\Sirenix Solution\Sirenix.OdinValidator.Editor\Config\AutomationConfig.cs:170)
System.Reflection.RuntimeMethodInfo:InternalInvoke(RuntimeMethodInfo, Object, Object[], Exception&)
System.Reflection.RuntimeMethodInfo:Invoke(Object, BindingFlags, Binder, Object[], CultureInfo)
System.Reflection.MethodBase:Invoke(Object, Object[])
UnityEditor.EditorAssemblies:ProcessInitializeOnLoadMethodAttributes()

(Filename: C:/Sirenix/Sirenix Solution/Sirenix.OdinInspector.Editor/Validation/Validators/SceneReference.cs Line: 119)

InvalidOperationException: Calling OpenScene Raisefrom assembly reloading callbacks are not supported.
  at (wrapper managed-to-native) UnityEditor.SceneManagement.EditorSceneManager.OpenScene_Injected(string,UnityEditor.SceneManagement.OpenSceneMode,UnityEngine.SceneManagement.Scene&)
  at UnityEditor.SceneManagement.EditorSceneManager.OpenScene (System.String scenePath, UnityEditor.SceneManagement.OpenSceneMode mode) [0x00000] in <63965ae56af7489797f355b7c1211ab2>:0 
  at Sirenix.OdinInspector.Editor.Validation.SceneReference.TryOpenScene (UnityEditor.SceneManagement.OpenSceneMode mode, UnityEngine.SceneManagement.Scene& scene) [0x00017] in C:\Sirenix\Sirenix Solution\Sirenix.OdinInspector.Editor\Validation\Validators\SceneReference.cs:114 
UnityEngine.DebugLogHandler:Internal_LogException(Exception, Object)
UnityEngine.DebugLogHandler:LogException(Exception, Object)
UnityEngine.Logger:LogException(Exception, Object)
UnityEngine.Debug:LogException(Exception)
Sirenix.OdinInspector.Editor.Validation.SceneReference:TryOpenScene(OpenSceneMode, Scene&) (at C:\Sirenix\Sirenix Solution\Sirenix.OdinInspector.Editor\Validation\Validators\SceneReference.cs:119)
Sirenix.OdinValidator.Editor.<ValidateCurrentWorkQueueEnumerator>d__59:MoveNext() (at C:\Sirenix\Sirenix Solution\Sirenix.OdinValidator.Editor\Core\ValidationSession.cs:557)
Sirenix.OdinValidator.Editor.<ValidateEverythingEnumeratorBatched>d__54:MoveNext() (at C:\Sirenix\Sirenix Solution\Sirenix.OdinValidator.Editor\Core\ValidationSession.cs:376)
Sirenix.OdinValidator.Editor.AutomationConfig:RunValidationScan(String, ValidationSetup, Boolean, Action, Boolean, Boolean, Boolean, Boolean, Boolean, Boolean, Boolean, Boolean) (at C:\Sirenix\Sirenix Solution\Sirenix.OdinValidator.Editor\Config\AutomationConfig.cs:305)
Sirenix.OdinValidator.Editor.AutomationConfig:ActuallyInitHooks() (at C:\Sirenix\Sirenix Solution\Sirenix.OdinValidator.Editor\Config\AutomationConfig.cs:186)
Sirenix.OdinValidator.Editor.AutomationConfig:InitHooks() (at C:\Sirenix\Sirenix Solution\Sirenix.OdinValidator.Editor\Config\AutomationConfig.cs:170)
System.Reflection.RuntimeMethodInfo:InternalInvoke(RuntimeMethodInfo, Object, Object[], Exception&)
System.Reflection.RuntimeMethodInfo:Invoke(Object, BindingFlags, Binder, Object[], CultureInfo)
System.Reflection.MethodBase:Invoke(Object, Object[])
UnityEditor.EditorAssemblies:ProcessInitializeOnLoadMethodAttributes()

(Filename: C:/Sirenix/Sirenix Solution/Sirenix.OdinInspector.Editor/Validation/Validators/SceneReference.cs Line: 119)

InvalidOperationException: Calling OpenScene Raisefrom assembly reloading callbacks are not supported.
  at (wrapper managed-to-native) UnityEditor.SceneManagement.EditorSceneManager.OpenScene_Injected(string,UnityEditor.SceneManagement.OpenSceneMode,UnityEngine.SceneManagement.Scene&)
  at UnityEditor.SceneManagement.EditorSceneManager.OpenScene (System.String scenePath, UnityEditor.SceneManagement.OpenSceneMode mode) [0x00000] in <63965ae56af7489797f355b7c1211ab2>:0 
  at Sirenix.OdinInspector.Editor.Validation.SceneReference.TryOpenScene (UnityEditor.SceneManagement.OpenSceneMode mode, UnityEngine.SceneManagement.Scene& scene) [0x00017] in C:\Sirenix\Sirenix Solution\Sirenix.OdinInspector.Editor\Validation\Validators\SceneReference.cs:114 
UnityEngine.DebugLogHandler:Internal_LogException(Exception, Object)
UnityEngine.DebugLogHandler:LogException(Exception, Object)
UnityEngine.Logger:LogException(Exception, Object)
UnityEngine.Debug:LogException(Exception)
Sirenix.OdinInspector.Editor.Validation.SceneReference:TryOpenScene(OpenSceneMode, Scene&) (at C:\Sirenix\Sirenix Solution\Sirenix.OdinInspector.Editor\Validation\Validators\SceneReference.cs:119)
Sirenix.OdinValidator.Editor.<ValidateCurrentWorkQueueEnumerator>d__59:MoveNext() (at C:\Sirenix\Sirenix Solution\Sirenix.OdinValidator.Editor\Core\ValidationSession.cs:557)
Sirenix.OdinValidator.Editor.<ValidateEverythingEnumeratorBatched>d__54:MoveNext() (at C:\Sirenix\Sirenix Solution\Sirenix.OdinValidator.Editor\Core\ValidationSession.cs:376)
Sirenix.OdinValidator.Editor.AutomationConfig:RunValidationScan(String, ValidationSetup, Boolean, Action, Boolean, Boolean, Boolean, Boolean, Boolean, Boolean, Boolean, Boolean) (at C:\Sirenix\Sirenix Solution\Sirenix.OdinValidator.Editor\Config\AutomationConfig.cs:305)
Sirenix.OdinValidator.Editor.AutomationConfig:ActuallyInitHooks() (at C:\Sirenix\Sirenix Solution\Sirenix.OdinValidator.Editor\Config\AutomationConfig.cs:186)
Sirenix.OdinValidator.Editor.AutomationConfig:InitHooks() (at C:\Sirenix\Sirenix Solution\Sirenix.OdinValidator.Editor\Config\AutomationConfig.cs:170)
System.Reflection.RuntimeMethodInfo:InternalInvoke(RuntimeMethodInfo, Object, Object[], Exception&)
System.Reflection.RuntimeMethodInfo:Invoke(Object, BindingFlags, Binder, Object[], CultureInfo)
System.Reflection.MethodBase:Invoke(Object, Object[])
UnityEditor.EditorAssemblies:ProcessInitializeOnLoadMethodAttributes()

(Filename: C:/Sirenix/Sirenix Solution/Sirenix.OdinInspector.Editor/Validation/Validators/SceneReference.cs Line: 119)

InvalidOperationException: Calling OpenScene Raisefrom assembly reloading callbacks are not supported.
  at (wrapper managed-to-native) UnityEditor.SceneManagement.EditorSceneManager.OpenScene_Injected(string,UnityEditor.SceneManagement.OpenSceneMode,UnityEngine.SceneManagement.Scene&)
  at UnityEditor.SceneManagement.EditorSceneManager.OpenScene (System.String scenePath, UnityEditor.SceneManagement.OpenSceneMode mode) [0x00000] in <63965ae56af7489797f355b7c1211ab2>:0 
  at Sirenix.OdinInspector.Editor.Validation.SceneReference.TryOpenScene (UnityEditor.SceneManagement.OpenSceneMode mode, UnityEngine.SceneManagement.Scene& scene) [0x00017] in C:\Sirenix\Sirenix Solution\Sirenix.OdinInspector.Editor\Validation\Validators\SceneReference.cs:114 
UnityEngine.DebugLogHandler:Internal_LogException(Exception, Object)
UnityEngine.DebugLogHandler:LogException(Exception, Object)
UnityEngine.Logger:LogException(Exception, Object)
UnityEngine.Debug:LogException(Exception)
Sirenix.OdinInspector.Editor.Validation.SceneReference:TryOpenScene(OpenSceneMode, Scene&) (at C:\Sirenix\Sirenix Solution\Sirenix.OdinInspector.Editor\Validation\Validators\SceneReference.cs:119)
Sirenix.OdinValidator.Editor.<ValidateCurrentWorkQueueEnumerator>d__59:MoveNext() (at C:\Sirenix\Sirenix Solution\Sirenix.OdinValidator.Editor\Core\ValidationSession.cs:557)
Sirenix.OdinValidator.Editor.<ValidateEverythingEnumeratorBatched>d__54:MoveNext() (at C:\Sirenix\Sirenix Solution\Sirenix.OdinValidator.Editor\Core\ValidationSession.cs:376)
Sirenix.OdinValidator.Editor.AutomationConfig:RunValidationScan(String, ValidationSetup, Boolean, Action, Boolean, Boolean, Boolean, Boolean, Boolean, Boolean, Boolean, Boolean) (at C:\Sirenix\Sirenix Solution\Sirenix.OdinValidator.Editor\Config\AutomationConfig.cs:305)
Sirenix.OdinValidator.Editor.AutomationConfig:ActuallyInitHooks() (at C:\Sirenix\Sirenix Solution\Sirenix.OdinValidator.Editor\Config\AutomationConfig.cs:186)
Sirenix.OdinValidator.Editor.AutomationConfig:InitHooks() (at C:\Sirenix\Sirenix Solution\Sirenix.OdinValidator.Editor\Config\AutomationConfig.cs:170)
System.Reflection.RuntimeMethodInfo:InternalInvoke(RuntimeMethodInfo, Object, Object[], Exception&)
System.Reflection.RuntimeMethodInfo:Invoke(Object, BindingFlags, Binder, Object[], CultureInfo)
System.Reflection.MethodBase:Invoke(Object, Object[])
UnityEditor.EditorAssemblies:ProcessInitializeOnLoadMethodAttributes()

(Filename: C:/Sirenix/Sirenix Solution/Sirenix.OdinInspector.Editor/Validation/Validators/SceneReference.cs Line: 119)

InvalidOperationException: Calling OpenScene Raisefrom assembly reloading callbacks are not supported.
  at (wrapper managed-to-native) UnityEditor.SceneManagement.EditorSceneManager.OpenScene_Injected(string,UnityEditor.SceneManagement.OpenSceneMode,UnityEngine.SceneManagement.Scene&)
  at UnityEditor.SceneManagement.EditorSceneManager.OpenScene (System.String scenePath, UnityEditor.SceneManagement.OpenSceneMode mode) [0x00000] in <63965ae56af7489797f355b7c1211ab2>:0 
  at Sirenix.OdinInspector.Editor.Validation.SceneReference.TryOpenScene (UnityEditor.SceneManagement.OpenSceneMode mode, UnityEngine.SceneManagement.Scene& scene) [0x00017] in C:\Sirenix\Sirenix Solution\Sirenix.OdinInspector.Editor\Validation\Validators\SceneReference.cs:114 
UnityEngine.DebugLogHandler:Internal_LogException(Exception, Object)
UnityEngine.DebugLogHandler:LogException(Exception, Object)
UnityEngine.Logger:LogException(Exception, Object)
UnityEngine.Debug:LogException(Exception)
Sirenix.OdinInspector.Editor.Validation.SceneReference:TryOpenScene(OpenSceneMode, Scene&) (at C:\Sirenix\Sirenix Solution\Sirenix.OdinInspector.Editor\Validation\Validators\SceneReference.cs:119)
Sirenix.OdinValidator.Editor.<ValidateCurrentWorkQueueEnumerator>d__59:MoveNext() (at C:\Sirenix\Sirenix Solution\Sirenix.OdinValidator.Editor\Core\ValidationSession.cs:557)
Sirenix.OdinValidator.Editor.<ValidateEverythingEnumeratorBatched>d__54:MoveNext() (at C:\Sirenix\Sirenix Solution\Sirenix.OdinValidator.Editor\Core\ValidationSession.cs:376)
Sirenix.OdinValidator.Editor.AutomationConfig:RunValidationScan(String, ValidationSetup, Boolean, Action, Boolean, Boolean, Boolean, Boolean, Boolean, Boolean, Boolean, Boolean) (at C:\Sirenix\Sirenix Solution\Sirenix.OdinValidator.Editor\Config\AutomationConfig.cs:305)
Sirenix.OdinValidator.Editor.AutomationConfig:ActuallyInitHooks() (at C:\Sirenix\Sirenix Solution\Sirenix.OdinValidator.Editor\Config\AutomationConfig.cs:186)
Sirenix.OdinValidator.Editor.AutomationConfig:InitHooks() (at C:\Sirenix\Sirenix Solution\Sirenix.OdinValidator.Editor\Config\AutomationConfig.cs:170)
System.Reflection.RuntimeMethodInfo:InternalInvoke(RuntimeMethodInfo, Object, Object[], Exception&)
System.Reflection.RuntimeMethodInfo:Invoke(Object, BindingFlags, Binder, Object[], CultureInfo)
System.Reflection.MethodBase:Invoke(Object, Object[])
UnityEditor.EditorAssemblies:ProcessInitializeOnLoadMethodAttributes()

(Filename: C:/Sirenix/Sirenix Solution/Sirenix.OdinInspector.Editor/Validation/Validators/SceneReference.cs Line: 119)

InvalidOperationException: Calling OpenScene Raisefrom assembly reloading callbacks are not supported.
  at (wrapper managed-to-native) UnityEditor.SceneManagement.EditorSceneManager.OpenScene_Injected(string,UnityEditor.SceneManagement.OpenSceneMode,UnityEngine.SceneManagement.Scene&)
  at UnityEditor.SceneManagement.EditorSceneManager.OpenScene (System.String scenePath, UnityEditor.SceneManagement.OpenSceneMode mode) [0x00000] in <63965ae56af7489797f355b7c1211ab2>:0 
  at Sirenix.OdinInspector.Editor.Validation.SceneReference.TryOpenScene (UnityEditor.SceneManagement.OpenSceneMode mode, UnityEngine.SceneManagement.Scene& scene) [0x00017] in C:\Sirenix\Sirenix Solution\Sirenix.OdinInspector.Editor\Validation\Validators\SceneReference.cs:114 
UnityEngine.DebugLogHandler:Internal_LogException(Exception, Object)
UnityEngine.DebugLogHandler:LogException(Exception, Object)
UnityEngine.Logger:LogException(Exception, Object)
UnityEngine.Debug:LogException(Exception)
Sirenix.OdinInspector.Editor.Validation.SceneReference:TryOpenScene(OpenSceneMode, Scene&) (at C:\Sirenix\Sirenix Solution\Sirenix.OdinInspector.Editor\Validation\Validators\SceneReference.cs:119)
Sirenix.OdinValidator.Editor.<ValidateCurrentWorkQueueEnumerator>d__59:MoveNext() (at C:\Sirenix\Sirenix Solution\Sirenix.OdinValidator.Editor\Core\ValidationSession.cs:557)
Sirenix.OdinValidator.Editor.<ValidateEverythingEnumeratorBatched>d__54:MoveNext() (at C:\Sirenix\Sirenix Solution\Sirenix.OdinValidator.Editor\Core\ValidationSession.cs:376)
Sirenix.OdinValidator.Editor.AutomationConfig:RunValidationScan(String, ValidationSetup, Boolean, Action, Boolean, Boolean, Boolean, Boolean, Boolean, Boolean, Boolean, Boolean) (at C:\Sirenix\Sirenix Solution\Sirenix.OdinValidator.Editor\Config\AutomationConfig.cs:305)
Sirenix.OdinValidator.Editor.AutomationConfig:ActuallyInitHooks() (at C:\Sirenix\Sirenix Solution\Sirenix.OdinValidator.Editor\Config\AutomationConfig.cs:186)
Sirenix.OdinValidator.Editor.AutomationConfig:InitHooks() (at C:\Sirenix\Sirenix Solution\Sirenix.OdinValidator.Editor\Config\AutomationConfig.cs:170)
System.Reflection.RuntimeMethodInfo:InternalInvoke(RuntimeMethodInfo, Object, Object[], Exception&)
System.Reflection.RuntimeMethodInfo:Invoke(Object, BindingFlags, Binder, Object[], CultureInfo)
System.Reflection.MethodBase:Invoke(Object, Object[])
UnityEditor.EditorAssemblies:ProcessInitializeOnLoadMethodAttributes()

(Filename: C:/Sirenix/Sirenix Solution/Sirenix.OdinInspector.Editor/Validation/Validators/SceneReference.cs Line: 119)

InvalidOperationException: Calling OpenScene Raisefrom assembly reloading callbacks are not supported.
  at (wrapper managed-to-native) UnityEditor.SceneManagement.EditorSceneManager.OpenScene_Injected(string,UnityEditor.SceneManagement.OpenSceneMode,UnityEngine.SceneManagement.Scene&)
  at UnityEditor.SceneManagement.EditorSceneManager.OpenScene (System.String scenePath, UnityEditor.SceneManagement.OpenSceneMode mode) [0x00000] in <63965ae56af7489797f355b7c1211ab2>:0 
  at Sirenix.OdinInspector.Editor.Validation.SceneReference.TryOpenScene (UnityEditor.SceneManagement.OpenSceneMode mode, UnityEngine.SceneManagement.Scene& scene) [0x00017] in C:\Sirenix\Sirenix Solution\Sirenix.OdinInspector.Editor\Validation\Validators\SceneReference.cs:114 
UnityEngine.DebugLogHandler:Internal_LogException(Exception, Object)
UnityEngine.DebugLogHandler:LogException(Exception, Object)
UnityEngine.Logger:LogException(Exception, Object)
UnityEngine.Debug:LogException(Exception)
Sirenix.OdinInspector.Editor.Validation.SceneReference:TryOpenScene(OpenSceneMode, Scene&) (at C:\Sirenix\Sirenix Solution\Sirenix.OdinInspector.Editor\Validation\Validators\SceneReference.cs:119)
Sirenix.OdinValidator.Editor.<ValidateCurrentWorkQueueEnumerator>d__59:MoveNext() (at C:\Sirenix\Sirenix Solution\Sirenix.OdinValidator.Editor\Core\ValidationSession.cs:557)
Sirenix.OdinValidator.Editor.<ValidateEverythingEnumeratorBatched>d__54:MoveNext() (at C:\Sirenix\Sirenix Solution\Sirenix.OdinValidator.Editor\Core\ValidationSession.cs:376)
Sirenix.OdinValidator.Editor.AutomationConfig:RunValidationScan(String, ValidationSetup, Boolean, Action, Boolean, Boolean, Boolean, Boolean, Boolean, Boolean, Boolean, Boolean) (at C:\Sirenix\Sirenix Solution\Sirenix.OdinValidator.Editor\Config\AutomationConfig.cs:305)
Sirenix.OdinValidator.Editor.AutomationConfig:ActuallyInitHooks() (at C:\Sirenix\Sirenix Solution\Sirenix.OdinValidator.Editor\Config\AutomationConfig.cs:186)
Sirenix.OdinValidator.Editor.AutomationConfig:InitHooks() (at C:\Sirenix\Sirenix Solution\Sirenix.OdinValidator.Editor\Config\AutomationConfig.cs:170)
System.Reflection.RuntimeMethodInfo:InternalInvoke(RuntimeMethodInfo, Object, Object[], Exception&)
System.Reflection.RuntimeMethodInfo:Invoke(Object, BindingFlags, Binder, Object[], CultureInfo)
System.Reflection.MethodBase:Invoke(Object, Object[])
UnityEditor.EditorAssemblies:ProcessInitializeOnLoadMethodAttributes()

(Filename: C:/Sirenix/Sirenix Solution/Sirenix.OdinInspector.Editor/Validation/Validators/SceneReference.cs Line: 119)

InvalidOperationException: Calling OpenScene Raisefrom assembly reloading callbacks are not supported.
  at (wrapper managed-to-native) UnityEditor.SceneManagement.EditorSceneManager.OpenScene_Injected(string,UnityEditor.SceneManagement.OpenSceneMode,UnityEngine.SceneManagement.Scene&)
  at UnityEditor.SceneManagement.EditorSceneManager.OpenScene (System.String scenePath, UnityEditor.SceneManagement.OpenSceneMode mode) [0x00000] in <63965ae56af7489797f355b7c1211ab2>:0 
  at Sirenix.OdinInspector.Editor.Validation.SceneReference.TryOpenScene (UnityEditor.SceneManagement.OpenSceneMode mode, UnityEngine.SceneManagement.Scene& scene) [0x00017] in C:\Sirenix\Sirenix Solution\Sirenix.OdinInspector.Editor\Validation\Validators\SceneReference.cs:114 
UnityEngine.DebugLogHandler:Internal_LogException(Exception, Object)
UnityEngine.DebugLogHandler:LogException(Exception, Object)
UnityEngine.Logger:LogException(Exception, Object)
UnityEngine.Debug:LogException(Exception)
Sirenix.OdinInspector.Editor.Validation.SceneReference:TryOpenScene(OpenSceneMode, Scene&) (at C:\Sirenix\Sirenix Solution\Sirenix.OdinInspector.Editor\Validation\Validators\SceneReference.cs:119)
Sirenix.OdinValidator.Editor.<ValidateCurrentWorkQueueEnumerator>d__59:MoveNext() (at C:\Sirenix\Sirenix Solution\Sirenix.OdinValidator.Editor\Core\ValidationSession.cs:557)
Sirenix.OdinValidator.Editor.<ValidateEverythingEnumeratorBatched>d__54:MoveNext() (at C:\Sirenix\Sirenix Solution\Sirenix.OdinValidator.Editor\Core\ValidationSession.cs:376)
Sirenix.OdinValidator.Editor.AutomationConfig:RunValidationScan(String, ValidationSetup, Boolean, Action, Boolean, Boolean, Boolean, Boolean, Boolean, Boolean, Boolean, Boolean) (at C:\Sirenix\Sirenix Solution\Sirenix.OdinValidator.Editor\Config\AutomationConfig.cs:305)
Sirenix.OdinValidator.Editor.AutomationConfig:ActuallyInitHooks() (at C:\Sirenix\Sirenix Solution\Sirenix.OdinValidator.Editor\Config\AutomationConfig.cs:186)
Sirenix.OdinValidator.Editor.AutomationConfig:InitHooks() (at C:\Sirenix\Sirenix Solution\Sirenix.OdinValidator.Editor\Config\AutomationConfig.cs:170)
System.Reflection.RuntimeMethodInfo:InternalInvoke(RuntimeMethodInfo, Object, Object[], Exception&)
System.Reflection.RuntimeMethodInfo:Invoke(Object, BindingFlags, Binder, Object[], CultureInfo)
System.Reflection.MethodBase:Invoke(Object, Object[])
UnityEditor.EditorAssemblies:ProcessInitializeOnLoadMethodAttributes()

(Filename: C:/Sirenix/Sirenix Solution/Sirenix.OdinInspector.Editor/Validation/Validators/SceneReference.cs Line: 119)

InvalidOperationException: Calling OpenScene Raisefrom assembly reloading callbacks are not supported.
  at (wrapper managed-to-native) UnityEditor.SceneManagement.EditorSceneManager.OpenScene_Injected(string,UnityEditor.SceneManagement.OpenSceneMode,UnityEngine.SceneManagement.Scene&)
  at UnityEditor.SceneManagement.EditorSceneManager.OpenScene (System.String scenePath, UnityEditor.SceneManagement.OpenSceneMode mode) [0x00000] in <63965ae56af7489797f355b7c1211ab2>:0 
  at Sirenix.OdinInspector.Editor.Validation.SceneReference.TryOpenScene (UnityEditor.SceneManagement.OpenSceneMode mode, UnityEngine.SceneManagement.Scene& scene) [0x00017] in C:\Sirenix\Sirenix Solution\Sirenix.OdinInspector.Editor\Validation\Validators\SceneReference.cs:114 
UnityEngine.DebugLogHandler:Internal_LogException(Exception, Object)
UnityEngine.DebugLogHandler:LogException(Exception, Object)
UnityEngine.Logger:LogException(Exception, Object)
UnityEngine.Debug:LogException(Exception)
Sirenix.OdinInspector.Editor.Validation.SceneReference:TryOpenScene(OpenSceneMode, Scene&) (at C:\Sirenix\Sirenix Solution\Sirenix.OdinInspector.Editor\Validation\Validators\SceneReference.cs:119)
Sirenix.OdinValidator.Editor.<ValidateCurrentWorkQueueEnumerator>d__59:MoveNext() (at C:\Sirenix\Sirenix Solution\Sirenix.OdinValidator.Editor\Core\ValidationSession.cs:557)
Sirenix.OdinValidator.Editor.<ValidateEverythingEnumeratorBatched>d__54:MoveNext() (at C:\Sirenix\Sirenix Solution\Sirenix.OdinValidator.Editor\Core\ValidationSession.cs:376)
Sirenix.OdinValidator.Editor.AutomationConfig:RunValidationScan(String, ValidationSetup, Boolean, Action, Boolean, Boolean, Boolean, Boolean, Boolean, Boolean, Boolean, Boolean) (at C:\Sirenix\Sirenix Solution\Sirenix.OdinValidator.Editor\Config\AutomationConfig.cs:305)
Sirenix.OdinValidator.Editor.AutomationConfig:ActuallyInitHooks() (at C:\Sirenix\Sirenix Solution\Sirenix.OdinValidator.Editor\Config\AutomationConfig.cs:186)
Sirenix.OdinValidator.Editor.AutomationConfig:InitHooks() (at C:\Sirenix\Sirenix Solution\Sirenix.OdinValidator.Editor\Config\AutomationConfig.cs:170)
System.Reflection.RuntimeMethodInfo:InternalInvoke(RuntimeMethodInfo, Object, Object[], Exception&)
System.Reflection.RuntimeMethodInfo:Invoke(Object, BindingFlags, Binder, Object[], CultureInfo)
System.Reflection.MethodBase:Invoke(Object, Object[])
UnityEditor.EditorAssemblies:ProcessInitializeOnLoadMethodAttributes()

(Filename: C:/Sirenix/Sirenix Solution/Sirenix.OdinInspector.Editor/Validation/Validators/SceneReference.cs Line: 119)

InvalidOperationException: Calling OpenScene Raisefrom assembly reloading callbacks are not supported.
  at (wrapper managed-to-native) UnityEditor.SceneManagement.EditorSceneManager.OpenScene_Injected(string,UnityEditor.SceneManagement.OpenSceneMode,UnityEngine.SceneManagement.Scene&)
  at UnityEditor.SceneManagement.EditorSceneManager.OpenScene (System.String scenePath, UnityEditor.SceneManagement.OpenSceneMode mode) [0x00000] in <63965ae56af7489797f355b7c1211ab2>:0 
  at Sirenix.OdinInspector.Editor.Validation.SceneReference.TryOpenScene (UnityEditor.SceneManagement.OpenSceneMode mode, UnityEngine.SceneManagement.Scene& scene) [0x00017] in C:\Sirenix\Sirenix Solution\Sirenix.OdinInspector.Editor\Validation\Validators\SceneReference.cs:114 
UnityEngine.DebugLogHandler:Internal_LogException(Exception, Object)
UnityEngine.DebugLogHandler:LogException(Exception, Object)
UnityEngine.Logger:LogException(Exception, Object)
UnityEngine.Debug:LogException(Exception)
Sirenix.OdinInspector.Editor.Validation.SceneReference:TryOpenScene(OpenSceneMode, Scene&) (at C:\Sirenix\Sirenix Solution\Sirenix.OdinInspector.Editor\Validation\Validators\SceneReference.cs:119)
Sirenix.OdinValidator.Editor.<ValidateCurrentWorkQueueEnumerator>d__59:MoveNext() (at C:\Sirenix\Sirenix Solution\Sirenix.OdinValidator.Editor\Core\ValidationSession.cs:557)
Sirenix.OdinValidator.Editor.<ValidateEverythingEnumeratorBatched>d__54:MoveNext() (at C:\Sirenix\Sirenix Solution\Sirenix.OdinValidator.Editor\Core\ValidationSession.cs:376)
Sirenix.OdinValidator.Editor.AutomationConfig:RunValidationScan(String, ValidationSetup, Boolean, Action, Boolean, Boolean, Boolean, Boolean, Boolean, Boolean, Boolean, Boolean) (at C:\Sirenix\Sirenix Solution\Sirenix.OdinValidator.Editor\Config\AutomationConfig.cs:305)
Sirenix.OdinValidator.Editor.AutomationConfig:ActuallyInitHooks() (at C:\Sirenix\Sirenix Solution\Sirenix.OdinValidator.Editor\Config\AutomationConfig.cs:186)
Sirenix.OdinValidator.Editor.AutomationConfig:InitHooks() (at C:\Sirenix\Sirenix Solution\Sirenix.OdinValidator.Editor\Config\AutomationConfig.cs:170)
System.Reflection.RuntimeMethodInfo:InternalInvoke(RuntimeMethodInfo, Object, Object[], Exception&)
System.Reflection.RuntimeMethodInfo:Invoke(Object, BindingFlags, Binder, Object[], CultureInfo)
System.Reflection.MethodBase:Invoke(Object, Object[])
UnityEditor.EditorAssemblies:ProcessInitializeOnLoadMethodAttributes()

(Filename: C:/Sirenix/Sirenix Solution/Sirenix.OdinInspector.Editor/Validation/Validators/SceneReference.cs Line: 119)

InvalidOperationException: Calling OpenScene Raisefrom assembly reloading callbacks are not supported.
  at (wrapper managed-to-native) UnityEditor.SceneManagement.EditorSceneManager.OpenScene_Injected(string,UnityEditor.SceneManagement.OpenSceneMode,UnityEngine.SceneManagement.Scene&)
  at UnityEditor.SceneManagement.EditorSceneManager.OpenScene (System.String scenePath, UnityEditor.SceneManagement.OpenSceneMode mode) [0x00000] in <63965ae56af7489797f355b7c1211ab2>:0 
  at Sirenix.OdinInspector.Editor.Validation.SceneReference.TryOpenScene (UnityEditor.SceneManagement.OpenSceneMode mode, UnityEngine.SceneManagement.Scene& scene) [0x00017] in C:\Sirenix\Sirenix Solution\Sirenix.OdinInspector.Editor\Validation\Validators\SceneReference.cs:114 
UnityEngine.DebugLogHandler:Internal_LogException(Exception, Object)
UnityEngine.DebugLogHandler:LogException(Exception, Object)
UnityEngine.Logger:LogException(Exception, Object)
UnityEngine.Debug:LogException(Exception)
Sirenix.OdinInspector.Editor.Validation.SceneReference:TryOpenScene(OpenSceneMode, Scene&) (at C:\Sirenix\Sirenix Solution\Sirenix.OdinInspector.Editor\Validation\Validators\SceneReference.cs:119)
Sirenix.OdinValidator.Editor.<ValidateCurrentWorkQueueEnumerator>d__59:MoveNext() (at C:\Sirenix\Sirenix Solution\Sirenix.OdinValidator.Editor\Core\ValidationSession.cs:557)
Sirenix.OdinValidator.Editor.<ValidateEverythingEnumeratorBatched>d__54:MoveNext() (at C:\Sirenix\Sirenix Solution\Sirenix.OdinValidator.Editor\Core\ValidationSession.cs:376)
Sirenix.OdinValidator.Editor.AutomationConfig:RunValidationScan(String, ValidationSetup, Boolean, Action, Boolean, Boolean, Boolean, Boolean, Boolean, Boolean, Boolean, Boolean) (at C:\Sirenix\Sirenix Solution\Sirenix.OdinValidator.Editor\Config\AutomationConfig.cs:305)
Sirenix.OdinValidator.Editor.AutomationConfig:ActuallyInitHooks() (at C:\Sirenix\Sirenix Solution\Sirenix.OdinValidator.Editor\Config\AutomationConfig.cs:186)
Sirenix.OdinValidator.Editor.AutomationConfig:InitHooks() (at C:\Sirenix\Sirenix Solution\Sirenix.OdinValidator.Editor\Config\AutomationConfig.cs:170)
System.Reflection.RuntimeMethodInfo:InternalInvoke(RuntimeMethodInfo, Object, Object[], Exception&)
System.Reflection.RuntimeMethodInfo:Invoke(Object, BindingFlags, Binder, Object[], CultureInfo)
System.Reflection.MethodBase:Invoke(Object, Object[])
UnityEditor.EditorAssemblies:ProcessInitializeOnLoadMethodAttributes()

(Filename: C:/Sirenix/Sirenix Solution/Sirenix.OdinInspector.Editor/Validation/Validators/SceneReference.cs Line: 119)

InvalidOperationException: Calling OpenScene Raisefrom assembly reloading callbacks are not supported.
  at (wrapper managed-to-native) UnityEditor.SceneManagement.EditorSceneManager.OpenScene_Injected(string,UnityEditor.SceneManagement.OpenSceneMode,UnityEngine.SceneManagement.Scene&)
  at UnityEditor.SceneManagement.EditorSceneManager.OpenScene (System.String scenePath, UnityEditor.SceneManagement.OpenSceneMode mode) [0x00000] in <63965ae56af7489797f355b7c1211ab2>:0 
  at Sirenix.OdinInspector.Editor.Validation.SceneReference.TryOpenScene (UnityEditor.SceneManagement.OpenSceneMode mode, UnityEngine.SceneManagement.Scene& scene) [0x00017] in C:\Sirenix\Sirenix Solution\Sirenix.OdinInspector.Editor\Validation\Validators\SceneReference.cs:114 
UnityEngine.DebugLogHandler:Internal_LogException(Exception, Object)
UnityEngine.DebugLogHandler:LogException(Exception, Object)
UnityEngine.Logger:LogException(Exception, Object)
UnityEngine.Debug:LogException(Exception)
Sirenix.OdinInspector.Editor.Validation.SceneReference:TryOpenScene(OpenSceneMode, Scene&) (at C:\Sirenix\Sirenix Solution\Sirenix.OdinInspector.Editor\Validation\Validators\SceneReference.cs:119)
Sirenix.OdinValidator.Editor.<ValidateCurrentWorkQueueEnumerator>d__59:MoveNext() (at C:\Sirenix\Sirenix Solution\Sirenix.OdinValidator.Editor\Core\ValidationSession.cs:557)
Sirenix.OdinValidator.Editor.<ValidateEverythingEnumeratorBatched>d__54:MoveNext() (at C:\Sirenix\Sirenix Solution\Sirenix.OdinValidator.Editor\Core\ValidationSession.cs:376)
Sirenix.OdinValidator.Editor.AutomationConfig:RunValidationScan(String, ValidationSetup, Boolean, Action, Boolean, Boolean, Boolean, Boolean, Boolean, Boolean, Boolean, Boolean) (at C:\Sirenix\Sirenix Solution\Sirenix.OdinValidator.Editor\Config\AutomationConfig.cs:305)
Sirenix.OdinValidator.Editor.AutomationConfig:ActuallyInitHooks() (at C:\Sirenix\Sirenix Solution\Sirenix.OdinValidator.Editor\Config\AutomationConfig.cs:186)
Sirenix.OdinValidator.Editor.AutomationConfig:InitHooks() (at C:\Sirenix\Sirenix Solution\Sirenix.OdinValidator.Editor\Config\AutomationConfig.cs:170)
System.Reflection.RuntimeMethodInfo:InternalInvoke(RuntimeMethodInfo, Object, Object[], Exception&)
System.Reflection.RuntimeMethodInfo:Invoke(Object, BindingFlags, Binder, Object[], CultureInfo)
System.Reflection.MethodBase:Invoke(Object, Object[])
UnityEditor.EditorAssemblies:ProcessInitializeOnLoadMethodAttributes()

(Filename: C:/Sirenix/Sirenix Solution/Sirenix.OdinInspector.Editor/Validation/Validators/SceneReference.cs Line: 119)

InvalidOperationException: Calling OpenScene Raisefrom assembly reloading callbacks are not supported.
  at (wrapper managed-to-native) UnityEditor.SceneManagement.EditorSceneManager.OpenScene_Injected(string,UnityEditor.SceneManagement.OpenSceneMode,UnityEngine.SceneManagement.Scene&)
  at UnityEditor.SceneManagement.EditorSceneManager.OpenScene (System.String scenePath, UnityEditor.SceneManagement.OpenSceneMode mode) [0x00000] in <63965ae56af7489797f355b7c1211ab2>:0 
  at Sirenix.OdinInspector.Editor.Validation.SceneReference.TryOpenScene (UnityEditor.SceneManagement.OpenSceneMode mode, UnityEngine.SceneManagement.Scene& scene) [0x00017] in C:\Sirenix\Sirenix Solution\Sirenix.OdinInspector.Editor\Validation\Validators\SceneReference.cs:114 
UnityEngine.DebugLogHandler:Internal_LogException(Exception, Object)
UnityEngine.DebugLogHandler:LogException(Exception, Object)
UnityEngine.Logger:LogException(Exception, Object)
UnityEngine.Debug:LogException(Exception)
Sirenix.OdinInspector.Editor.Validation.SceneReference:TryOpenScene(OpenSceneMode, Scene&) (at C:\Sirenix\Sirenix Solution\Sirenix.OdinInspector.Editor\Validation\Validators\SceneReference.cs:119)
Sirenix.OdinValidator.Editor.<ValidateCurrentWorkQueueEnumerator>d__59:MoveNext() (at C:\Sirenix\Sirenix Solution\Sirenix.OdinValidator.Editor\Core\ValidationSession.cs:557)
Sirenix.OdinValidator.Editor.<ValidateEverythingEnumeratorBatched>d__54:MoveNext() (at C:\Sirenix\Sirenix Solution\Sirenix.OdinValidator.Editor\Core\ValidationSession.cs:376)
Sirenix.OdinValidator.Editor.AutomationConfig:RunValidationScan(String, ValidationSetup, Boolean, Action, Boolean, Boolean, Boolean, Boolean, Boolean, Boolean, Boolean, Boolean) (at C:\Sirenix\Sirenix Solution\Sirenix.OdinValidator.Editor\Config\AutomationConfig.cs:305)
Sirenix.OdinValidator.Editor.AutomationConfig:ActuallyInitHooks() (at C:\Sirenix\Sirenix Solution\Sirenix.OdinValidator.Editor\Config\AutomationConfig.cs:186)
Sirenix.OdinValidator.Editor.AutomationConfig:InitHooks() (at C:\Sirenix\Sirenix Solution\Sirenix.OdinValidator.Editor\Config\AutomationConfig.cs:170)
System.Reflection.RuntimeMethodInfo:InternalInvoke(RuntimeMethodInfo, Object, Object[], Exception&)
System.Reflection.RuntimeMethodInfo:Invoke(Object, BindingFlags, Binder, Object[], CultureInfo)
System.Reflection.MethodBase:Invoke(Object, Object[])
UnityEditor.EditorAssemblies:ProcessInitializeOnLoadMethodAttributes()

(Filename: C:/Sirenix/Sirenix Solution/Sirenix.OdinInspector.Editor/Validation/Validators/SceneReference.cs Line: 119)

InvalidOperationException: Calling OpenScene Raisefrom assembly reloading callbacks are not supported.
  at (wrapper managed-to-native) UnityEditor.SceneManagement.EditorSceneManager.OpenScene_Injected(string,UnityEditor.SceneManagement.OpenSceneMode,UnityEngine.SceneManagement.Scene&)
  at UnityEditor.SceneManagement.EditorSceneManager.OpenScene (System.String scenePath, UnityEditor.SceneManagement.OpenSceneMode mode) [0x00000] in <63965ae56af7489797f355b7c1211ab2>:0 
  at Sirenix.OdinInspector.Editor.Validation.SceneReference.TryOpenScene (UnityEditor.SceneManagement.OpenSceneMode mode, UnityEngine.SceneManagement.Scene& scene) [0x00017] in C:\Sirenix\Sirenix Solution\Sirenix.OdinInspector.Editor\Validation\Validators\SceneReference.cs:114 
UnityEngine.DebugLogHandler:Internal_LogException(Exception, Object)
UnityEngine.DebugLogHandler:LogException(Exception, Object)
UnityEngine.Logger:LogException(Exception, Object)
UnityEngine.Debug:LogException(Exception)
Sirenix.OdinInspector.Editor.Validation.SceneReference:TryOpenScene(OpenSceneMode, Scene&) (at C:\Sirenix\Sirenix Solution\Sirenix.OdinInspector.Editor\Validation\Validators\SceneReference.cs:119)
Sirenix.OdinValidator.Editor.<ValidateCurrentWorkQueueEnumerator>d__59:MoveNext() (at C:\Sirenix\Sirenix Solution\Sirenix.OdinValidator.Editor\Core\ValidationSession.cs:557)
Sirenix.OdinValidator.Editor.<ValidateEverythingEnumeratorBatched>d__54:MoveNext() (at C:\Sirenix\Sirenix Solution\Sirenix.OdinValidator.Editor\Core\ValidationSession.cs:376)
Sirenix.OdinValidator.Editor.AutomationConfig:RunValidationScan(String, ValidationSetup, Boolean, Action, Boolean, Boolean, Boolean, Boolean, Boolean, Boolean, Boolean, Boolean) (at C:\Sirenix\Sirenix Solution\Sirenix.OdinValidator.Editor\Config\AutomationConfig.cs:305)
Sirenix.OdinValidator.Editor.AutomationConfig:ActuallyInitHooks() (at C:\Sirenix\Sirenix Solution\Sirenix.OdinValidator.Editor\Config\AutomationConfig.cs:186)
Sirenix.OdinValidator.Editor.AutomationConfig:InitHooks() (at C:\Sirenix\Sirenix Solution\Sirenix.OdinValidator.Editor\Config\AutomationConfig.cs:170)
System.Reflection.RuntimeMethodInfo:InternalInvoke(RuntimeMethodInfo, Object, Object[], Exception&)
System.Reflection.RuntimeMethodInfo:Invoke(Object, BindingFlags, Binder, Object[], CultureInfo)
System.Reflection.MethodBase:Invoke(Object, Object[])
UnityEditor.EditorAssemblies:ProcessInitializeOnLoadMethodAttributes()

(Filename: C:/Sirenix/Sirenix Solution/Sirenix.OdinInspector.Editor/Validation/Validators/SceneReference.cs Line: 119)

InvalidOperationException: Calling OpenScene Raisefrom assembly reloading callbacks are not supported.
  at (wrapper managed-to-native) UnityEditor.SceneManagement.EditorSceneManager.OpenScene_Injected(string,UnityEditor.SceneManagement.OpenSceneMode,UnityEngine.SceneManagement.Scene&)
  at UnityEditor.SceneManagement.EditorSceneManager.OpenScene (System.String scenePath, UnityEditor.SceneManagement.OpenSceneMode mode) [0x00000] in <63965ae56af7489797f355b7c1211ab2>:0 
  at Sirenix.OdinInspector.Editor.Validation.SceneReference.TryOpenScene (UnityEditor.SceneManagement.OpenSceneMode mode, UnityEngine.SceneManagement.Scene& scene) [0x00017] in C:\Sirenix\Sirenix Solution\Sirenix.OdinInspector.Editor\Validation\Validators\SceneReference.cs:114 
UnityEngine.DebugLogHandler:Internal_LogException(Exception, Object)
UnityEngine.DebugLogHandler:LogException(Exception, Object)
UnityEngine.Logger:LogException(Exception, Object)
UnityEngine.Debug:LogException(Exception)
Sirenix.OdinInspector.Editor.Validation.SceneReference:TryOpenScene(OpenSceneMode, Scene&) (at C:\Sirenix\Sirenix Solution\Sirenix.OdinInspector.Editor\Validation\Validators\SceneReference.cs:119)
Sirenix.OdinValidator.Editor.<ValidateCurrentWorkQueueEnumerator>d__59:MoveNext() (at C:\Sirenix\Sirenix Solution\Sirenix.OdinValidator.Editor\Core\ValidationSession.cs:557)
Sirenix.OdinValidator.Editor.<ValidateEverythingEnumeratorBatched>d__54:MoveNext() (at C:\Sirenix\Sirenix Solution\Sirenix.OdinValidator.Editor\Core\ValidationSession.cs:376)
Sirenix.OdinValidator.Editor.AutomationConfig:RunValidationScan(String, ValidationSetup, Boolean, Action, Boolean, Boolean, Boolean, Boolean, Boolean, Boolean, Boolean, Boolean) (at C:\Sirenix\Sirenix Solution\Sirenix.OdinValidator.Editor\Config\AutomationConfig.cs:305)
Sirenix.OdinValidator.Editor.AutomationConfig:ActuallyInitHooks() (at C:\Sirenix\Sirenix Solution\Sirenix.OdinValidator.Editor\Config\AutomationConfig.cs:186)
Sirenix.OdinValidator.Editor.AutomationConfig:InitHooks() (at C:\Sirenix\Sirenix Solution\Sirenix.OdinValidator.Editor\Config\AutomationConfig.cs:170)
System.Reflection.RuntimeMethodInfo:InternalInvoke(RuntimeMethodInfo, Object, Object[], Exception&)
System.Reflection.RuntimeMethodInfo:Invoke(Object, BindingFlags, Binder, Object[], CultureInfo)
System.Reflection.MethodBase:Invoke(Object, Object[])
UnityEditor.EditorAssemblies:ProcessInitializeOnLoadMethodAttributes()

(Filename: C:/Sirenix/Sirenix Solution/Sirenix.OdinInspector.Editor/Validation/Validators/SceneReference.cs Line: 119)

InvalidOperationException: Calling OpenScene Raisefrom assembly reloading callbacks are not supported.
  at (wrapper managed-to-native) UnityEditor.SceneManagement.EditorSceneManager.OpenScene_Injected(string,UnityEditor.SceneManagement.OpenSceneMode,UnityEngine.SceneManagement.Scene&)
  at UnityEditor.SceneManagement.EditorSceneManager.OpenScene (System.String scenePath, UnityEditor.SceneManagement.OpenSceneMode mode) [0x00000] in <63965ae56af7489797f355b7c1211ab2>:0 
  at Sirenix.OdinInspector.Editor.Validation.SceneReference.TryOpenScene (UnityEditor.SceneManagement.OpenSceneMode mode, UnityEngine.SceneManagement.Scene& scene) [0x00017] in C:\Sirenix\Sirenix Solution\Sirenix.OdinInspector.Editor\Validation\Validators\SceneReference.cs:114 
UnityEngine.DebugLogHandler:Internal_LogException(Exception, Object)
UnityEngine.DebugLogHandler:LogException(Exception, Object)
UnityEngine.Logger:LogException(Exception, Object)
UnityEngine.Debug:LogException(Exception)
Sirenix.OdinInspector.Editor.Validation.SceneReference:TryOpenScene(OpenSceneMode, Scene&) (at C:\Sirenix\Sirenix Solution\Sirenix.OdinInspector.Editor\Validation\Validators\SceneReference.cs:119)
Sirenix.OdinValidator.Editor.<ValidateCurrentWorkQueueEnumerator>d__59:MoveNext() (at C:\Sirenix\Sirenix Solution\Sirenix.OdinValidator.Editor\Core\ValidationSession.cs:557)
Sirenix.OdinValidator.Editor.<ValidateEverythingEnumeratorBatched>d__54:MoveNext() (at C:\Sirenix\Sirenix Solution\Sirenix.OdinValidator.Editor\Core\ValidationSession.cs:376)
Sirenix.OdinValidator.Editor.AutomationConfig:RunValidationScan(String, ValidationSetup, Boolean, Action, Boolean, Boolean, Boolean, Boolean, Boolean, Boolean, Boolean, Boolean) (at C:\Sirenix\Sirenix Solution\Sirenix.OdinValidator.Editor\Config\AutomationConfig.cs:305)
Sirenix.OdinValidator.Editor.AutomationConfig:ActuallyInitHooks() (at C:\Sirenix\Sirenix Solution\Sirenix.OdinValidator.Editor\Config\AutomationConfig.cs:186)
Sirenix.OdinValidator.Editor.AutomationConfig:InitHooks() (at C:\Sirenix\Sirenix Solution\Sirenix.OdinValidator.Editor\Config\AutomationConfig.cs:170)
System.Reflection.RuntimeMethodInfo:InternalInvoke(RuntimeMethodInfo, Object, Object[], Exception&)
System.Reflection.RuntimeMethodInfo:Invoke(Object, BindingFlags, Binder, Object[], CultureInfo)
System.Reflection.MethodBase:Invoke(Object, Object[])
UnityEditor.EditorAssemblies:ProcessInitializeOnLoadMethodAttributes()

(Filename: C:/Sirenix/Sirenix Solution/Sirenix.OdinInspector.Editor/Validation/Validators/SceneReference.cs Line: 119)

InvalidOperationException: Calling OpenScene Raisefrom assembly reloading callbacks are not supported.
  at (wrapper managed-to-native) UnityEditor.SceneManagement.EditorSceneManager.OpenScene_Injected(string,UnityEditor.SceneManagement.OpenSceneMode,UnityEngine.SceneManagement.Scene&)
  at UnityEditor.SceneManagement.EditorSceneManager.OpenScene (System.String scenePath, UnityEditor.SceneManagement.OpenSceneMode mode) [0x00000] in <63965ae56af7489797f355b7c1211ab2>:0 
  at Sirenix.OdinInspector.Editor.Validation.SceneReference.TryOpenScene (UnityEditor.SceneManagement.OpenSceneMode mode, UnityEngine.SceneManagement.Scene& scene) [0x00017] in C:\Sirenix\Sirenix Solution\Sirenix.OdinInspector.Editor\Validation\Validators\SceneReference.cs:114 
UnityEngine.DebugLogHandler:Internal_LogException(Exception, Object)
UnityEngine.DebugLogHandler:LogException(Exception, Object)
UnityEngine.Logger:LogException(Exception, Object)
UnityEngine.Debug:LogException(Exception)
Sirenix.OdinInspector.Editor.Validation.SceneReference:TryOpenScene(OpenSceneMode, Scene&) (at C:\Sirenix\Sirenix Solution\Sirenix.OdinInspector.Editor\Validation\Validators\SceneReference.cs:119)
Sirenix.OdinValidator.Editor.<ValidateCurrentWorkQueueEnumerator>d__59:MoveNext() (at C:\Sirenix\Sirenix Solution\Sirenix.OdinValidator.Editor\Core\ValidationSession.cs:557)
Sirenix.OdinValidator.Editor.<ValidateEverythingEnumeratorBatched>d__54:MoveNext() (at C:\Sirenix\Sirenix Solution\Sirenix.OdinValidator.Editor\Core\ValidationSession.cs:376)
Sirenix.OdinValidator.Editor.AutomationConfig:RunValidationScan(String, ValidationSetup, Boolean, Action, Boolean, Boolean, Boolean, Boolean, Boolean, Boolean, Boolean, Boolean) (at C:\Sirenix\Sirenix Solution\Sirenix.OdinValidator.Editor\Config\AutomationConfig.cs:305)
Sirenix.OdinValidator.Editor.AutomationConfig:ActuallyInitHooks() (at C:\Sirenix\Sirenix Solution\Sirenix.OdinValidator.Editor\Config\AutomationConfig.cs:186)
Sirenix.OdinValidator.Editor.AutomationConfig:InitHooks() (at C:\Sirenix\Sirenix Solution\Sirenix.OdinValidator.Editor\Config\AutomationConfig.cs:170)
System.Reflection.RuntimeMethodInfo:InternalInvoke(RuntimeMethodInfo, Object, Object[], Exception&)
System.Reflection.RuntimeMethodInfo:Invoke(Object, BindingFlags, Binder, Object[], CultureInfo)
System.Reflection.MethodBase:Invoke(Object, Object[])
UnityEditor.EditorAssemblies:ProcessInitializeOnLoadMethodAttributes()

(Filename: C:/Sirenix/Sirenix Solution/Sirenix.OdinInspector.Editor/Validation/Validators/SceneReference.cs Line: 119)

InvalidOperationException: Calling OpenScene Raisefrom assembly reloading callbacks are not supported.
  at (wrapper managed-to-native) UnityEditor.SceneManagement.EditorSceneManager.OpenScene_Injected(string,UnityEditor.SceneManagement.OpenSceneMode,UnityEngine.SceneManagement.Scene&)
  at UnityEditor.SceneManagement.EditorSceneManager.OpenScene (System.String scenePath, UnityEditor.SceneManagement.OpenSceneMode mode) [0x00000] in <63965ae56af7489797f355b7c1211ab2>:0 
  at Sirenix.OdinInspector.Editor.Validation.SceneReference.TryOpenScene (UnityEditor.SceneManagement.OpenSceneMode mode, UnityEngine.SceneManagement.Scene& scene) [0x00017] in C:\Sirenix\Sirenix Solution\Sirenix.OdinInspector.Editor\Validation\Validators\SceneReference.cs:114 
UnityEngine.DebugLogHandler:Internal_LogException(Exception, Object)
UnityEngine.DebugLogHandler:LogException(Exception, Object)
UnityEngine.Logger:LogException(Exception, Object)
UnityEngine.Debug:LogException(Exception)
Sirenix.OdinInspector.Editor.Validation.SceneReference:TryOpenScene(OpenSceneMode, Scene&) (at C:\Sirenix\Sirenix Solution\Sirenix.OdinInspector.Editor\Validation\Validators\SceneReference.cs:119)
Sirenix.OdinValidator.Editor.<ValidateCurrentWorkQueueEnumerator>d__59:MoveNext() (at C:\Sirenix\Sirenix Solution\Sirenix.OdinValidator.Editor\Core\ValidationSession.cs:557)
Sirenix.OdinValidator.Editor.<ValidateEverythingEnumeratorBatched>d__54:MoveNext() (at C:\Sirenix\Sirenix Solution\Sirenix.OdinValidator.Editor\Core\ValidationSession.cs:376)
Sirenix.OdinValidator.Editor.AutomationConfig:RunValidationScan(String, ValidationSetup, Boolean, Action, Boolean, Boolean, Boolean, Boolean, Boolean, Boolean, Boolean, Boolean) (at C:\Sirenix\Sirenix Solution\Sirenix.OdinValidator.Editor\Config\AutomationConfig.cs:305)
Sirenix.OdinValidator.Editor.AutomationConfig:ActuallyInitHooks() (at C:\Sirenix\Sirenix Solution\Sirenix.OdinValidator.Editor\Config\AutomationConfig.cs:186)
Sirenix.OdinValidator.Editor.AutomationConfig:InitHooks() (at C:\Sirenix\Sirenix Solution\Sirenix.OdinValidator.Editor\Config\AutomationConfig.cs:170)
System.Reflection.RuntimeMethodInfo:InternalInvoke(RuntimeMethodInfo, Object, Object[], Exception&)
System.Reflection.RuntimeMethodInfo:Invoke(Object, BindingFlags, Binder, Object[], CultureInfo)
System.Reflection.MethodBase:Invoke(Object, Object[])
UnityEditor.EditorAssemblies:ProcessInitializeOnLoadMethodAttributes()

(Filename: C:/Sirenix/Sirenix Solution/Sirenix.OdinInspector.Editor/Validation/Validators/SceneReference.cs Line: 119)

InvalidOperationException: Calling OpenScene Raisefrom assembly reloading callbacks are not supported.
  at (wrapper managed-to-native) UnityEditor.SceneManagement.EditorSceneManager.OpenScene_Injected(string,UnityEditor.SceneManagement.OpenSceneMode,UnityEngine.SceneManagement.Scene&)
  at UnityEditor.SceneManagement.EditorSceneManager.OpenScene (System.String scenePath, UnityEditor.SceneManagement.OpenSceneMode mode) [0x00000] in <63965ae56af7489797f355b7c1211ab2>:0 
  at Sirenix.OdinInspector.Editor.Validation.SceneReference.TryOpenScene (UnityEditor.SceneManagement.OpenSceneMode mode, UnityEngine.SceneManagement.Scene& scene) [0x00017] in C:\Sirenix\Sirenix Solution\Sirenix.OdinInspector.Editor\Validation\Validators\SceneReference.cs:114 
UnityEngine.DebugLogHandler:Internal_LogException(Exception, Object)
UnityEngine.DebugLogHandler:LogException(Exception, Object)
UnityEngine.Logger:LogException(Exception, Object)
UnityEngine.Debug:LogException(Exception)
Sirenix.OdinInspector.Editor.Validation.SceneReference:TryOpenScene(OpenSceneMode, Scene&) (at C:\Sirenix\Sirenix Solution\Sirenix.OdinInspector.Editor\Validation\Validators\SceneReference.cs:119)
Sirenix.OdinValidator.Editor.<ValidateCurrentWorkQueueEnumerator>d__59:MoveNext() (at C:\Sirenix\Sirenix Solution\Sirenix.OdinValidator.Editor\Core\ValidationSession.cs:557)
Sirenix.OdinValidator.Editor.<ValidateEverythingEnumeratorBatched>d__54:MoveNext() (at C:\Sirenix\Sirenix Solution\Sirenix.OdinValidator.Editor\Core\ValidationSession.cs:376)
Sirenix.OdinValidator.Editor.AutomationConfig:RunValidationScan(String, ValidationSetup, Boolean, Action, Boolean, Boolean, Boolean, Boolean, Boolean, Boolean, Boolean, Boolean) (at C:\Sirenix\Sirenix Solution\Sirenix.OdinValidator.Editor\Config\AutomationConfig.cs:305)
Sirenix.OdinValidator.Editor.AutomationConfig:ActuallyInitHooks() (at C:\Sirenix\Sirenix Solution\Sirenix.OdinValidator.Editor\Config\AutomationConfig.cs:186)
Sirenix.OdinValidator.Editor.AutomationConfig:InitHooks() (at C:\Sirenix\Sirenix Solution\Sirenix.OdinValidator.Editor\Config\AutomationConfig.cs:170)
System.Reflection.RuntimeMethodInfo:InternalInvoke(RuntimeMethodInfo, Object, Object[], Exception&)
System.Reflection.RuntimeMethodInfo:Invoke(Object, BindingFlags, Binder, Object[], CultureInfo)
System.Reflection.MethodBase:Invoke(Object, Object[])
UnityEditor.EditorAssemblies:ProcessInitializeOnLoadMethodAttributes()

(Filename: C:/Sirenix/Sirenix Solution/Sirenix.OdinInspector.Editor/Validation/Validators/SceneReference.cs Line: 119)

InvalidOperationException: Calling OpenScene Raisefrom assembly reloading callbacks are not supported.
  at (wrapper managed-to-native) UnityEditor.SceneManagement.EditorSceneManager.OpenScene_Injected(string,UnityEditor.SceneManagement.OpenSceneMode,UnityEngine.SceneManagement.Scene&)
  at UnityEditor.SceneManagement.EditorSceneManager.OpenScene (System.String scenePath, UnityEditor.SceneManagement.OpenSceneMode mode) [0x00000] in <63965ae56af7489797f355b7c1211ab2>:0 
  at Sirenix.OdinInspector.Editor.Validation.SceneReference.TryOpenScene (UnityEditor.SceneManagement.OpenSceneMode mode, UnityEngine.SceneManagement.Scene& scene) [0x00017] in C:\Sirenix\Sirenix Solution\Sirenix.OdinInspector.Editor\Validation\Validators\SceneReference.cs:114 
UnityEngine.DebugLogHandler:Internal_LogException(Exception, Object)
UnityEngine.DebugLogHandler:LogException(Exception, Object)
UnityEngine.Logger:LogException(Exception, Object)
UnityEngine.Debug:LogException(Exception)
Sirenix.OdinInspector.Editor.Validation.SceneReference:TryOpenScene(OpenSceneMode, Scene&) (at C:\Sirenix\Sirenix Solution\Sirenix.OdinInspector.Editor\Validation\Validators\SceneReference.cs:119)
Sirenix.OdinValidator.Editor.<ValidateCurrentWorkQueueEnumerator>d__59:MoveNext() (at C:\Sirenix\Sirenix Solution\Sirenix.OdinValidator.Editor\Core\ValidationSession.cs:557)
Sirenix.OdinValidator.Editor.<ValidateEverythingEnumeratorBatched>d__54:MoveNext() (at C:\Sirenix\Sirenix Solution\Sirenix.OdinValidator.Editor\Core\ValidationSession.cs:376)
Sirenix.OdinValidator.Editor.AutomationConfig:RunValidationScan(String, ValidationSetup, Boolean, Action, Boolean, Boolean, Boolean, Boolean, Boolean, Boolean, Boolean, Boolean) (at C:\Sirenix\Sirenix Solution\Sirenix.OdinValidator.Editor\Config\AutomationConfig.cs:305)
Sirenix.OdinValidator.Editor.AutomationConfig:ActuallyInitHooks() (at C:\Sirenix\Sirenix Solution\Sirenix.OdinValidator.Editor\Config\AutomationConfig.cs:186)
Sirenix.OdinValidator.Editor.AutomationConfig:InitHooks() (at C:\Sirenix\Sirenix Solution\Sirenix.OdinValidator.Editor\Config\AutomationConfig.cs:170)
System.Reflection.RuntimeMethodInfo:InternalInvoke(RuntimeMethodInfo, Object, Object[], Exception&)
System.Reflection.RuntimeMethodInfo:Invoke(Object, BindingFlags, Binder, Object[], CultureInfo)
System.Reflection.MethodBase:Invoke(Object, Object[])
UnityEditor.EditorAssemblies:ProcessInitializeOnLoadMethodAttributes()

(Filename: C:/Sirenix/Sirenix Solution/Sirenix.OdinInspector.Editor/Validation/Validators/SceneReference.cs Line: 119)

InvalidOperationException: Calling OpenScene Raisefrom assembly reloading callbacks are not supported.
  at (wrapper managed-to-native) UnityEditor.SceneManagement.EditorSceneManager.OpenScene_Injected(string,UnityEditor.SceneManagement.OpenSceneMode,UnityEngine.SceneManagement.Scene&)
  at UnityEditor.SceneManagement.EditorSceneManager.OpenScene (System.String scenePath, UnityEditor.SceneManagement.OpenSceneMode mode) [0x00000] in <63965ae56af7489797f355b7c1211ab2>:0 
  at Sirenix.OdinInspector.Editor.Validation.SceneReference.TryOpenScene (UnityEditor.SceneManagement.OpenSceneMode mode, UnityEngine.SceneManagement.Scene& scene) [0x00017] in C:\Sirenix\Sirenix Solution\Sirenix.OdinInspector.Editor\Validation\Validators\SceneReference.cs:114 
UnityEngine.DebugLogHandler:Internal_LogException(Exception, Object)
UnityEngine.DebugLogHandler:LogException(Exception, Object)
UnityEngine.Logger:LogException(Exception, Object)
UnityEngine.Debug:LogException(Exception)
Sirenix.OdinInspector.Editor.Validation.SceneReference:TryOpenScene(OpenSceneMode, Scene&) (at C:\Sirenix\Sirenix Solution\Sirenix.OdinInspector.Editor\Validation\Validators\SceneReference.cs:119)
Sirenix.OdinValidator.Editor.<ValidateCurrentWorkQueueEnumerator>d__59:MoveNext() (at C:\Sirenix\Sirenix Solution\Sirenix.OdinValidator.Editor\Core\ValidationSession.cs:557)
Sirenix.OdinValidator.Editor.<ValidateEverythingEnumeratorBatched>d__54:MoveNext() (at C:\Sirenix\Sirenix Solution\Sirenix.OdinValidator.Editor\Core\ValidationSession.cs:376)
Sirenix.OdinValidator.Editor.AutomationConfig:RunValidationScan(String, ValidationSetup, Boolean, Action, Boolean, Boolean, Boolean, Boolean, Boolean, Boolean, Boolean, Boolean) (at C:\Sirenix\Sirenix Solution\Sirenix.OdinValidator.Editor\Config\AutomationConfig.cs:305)
Sirenix.OdinValidator.Editor.AutomationConfig:ActuallyInitHooks() (at C:\Sirenix\Sirenix Solution\Sirenix.OdinValidator.Editor\Config\AutomationConfig.cs:186)
Sirenix.OdinValidator.Editor.AutomationConfig:InitHooks() (at C:\Sirenix\Sirenix Solution\Sirenix.OdinValidator.Editor\Config\AutomationConfig.cs:170)
System.Reflection.RuntimeMethodInfo:InternalInvoke(RuntimeMethodInfo, Object, Object[], Exception&)
System.Reflection.RuntimeMethodInfo:Invoke(Object, BindingFlags, Binder, Object[], CultureInfo)
System.Reflection.MethodBase:Invoke(Object, Object[])
UnityEditor.EditorAssemblies:ProcessInitializeOnLoadMethodAttributes()

(Filename: C:/Sirenix/Sirenix Solution/Sirenix.OdinInspector.Editor/Validation/Validators/SceneReference.cs Line: 119)

InvalidOperationException: Calling OpenScene Raisefrom assembly reloading callbacks are not supported.
  at (wrapper managed-to-native) UnityEditor.SceneManagement.EditorSceneManager.OpenScene_Injected(string,UnityEditor.SceneManagement.OpenSceneMode,UnityEngine.SceneManagement.Scene&)
  at UnityEditor.SceneManagement.EditorSceneManager.OpenScene (System.String scenePath, UnityEditor.SceneManagement.OpenSceneMode mode) [0x00000] in <63965ae56af7489797f355b7c1211ab2>:0 
  at Sirenix.OdinInspector.Editor.Validation.SceneReference.TryOpenScene (UnityEditor.SceneManagement.OpenSceneMode mode, UnityEngine.SceneManagement.Scene& scene) [0x00017] in C:\Sirenix\Sirenix Solution\Sirenix.OdinInspector.Editor\Validation\Validators\SceneReference.cs:114 
UnityEngine.DebugLogHandler:Internal_LogException(Exception, Object)
UnityEngine.DebugLogHandler:LogException(Exception, Object)
UnityEngine.Logger:LogException(Exception, Object)
UnityEngine.Debug:LogException(Exception)
Sirenix.OdinInspector.Editor.Validation.SceneReference:TryOpenScene(OpenSceneMode, Scene&) (at C:\Sirenix\Sirenix Solution\Sirenix.OdinInspector.Editor\Validation\Validators\SceneReference.cs:119)
Sirenix.OdinValidator.Editor.<ValidateCurrentWorkQueueEnumerator>d__59:MoveNext() (at C:\Sirenix\Sirenix Solution\Sirenix.OdinValidator.Editor\Core\ValidationSession.cs:557)
Sirenix.OdinValidator.Editor.<ValidateEverythingEnumeratorBatched>d__54:MoveNext() (at C:\Sirenix\Sirenix Solution\Sirenix.OdinValidator.Editor\Core\ValidationSession.cs:376)
Sirenix.OdinValidator.Editor.AutomationConfig:RunValidationScan(String, ValidationSetup, Boolean, Action, Boolean, Boolean, Boolean, Boolean, Boolean, Boolean, Boolean, Boolean) (at C:\Sirenix\Sirenix Solution\Sirenix.OdinValidator.Editor\Config\AutomationConfig.cs:305)
Sirenix.OdinValidator.Editor.AutomationConfig:ActuallyInitHooks() (at C:\Sirenix\Sirenix Solution\Sirenix.OdinValidator.Editor\Config\AutomationConfig.cs:186)
Sirenix.OdinValidator.Editor.AutomationConfig:InitHooks() (at C:\Sirenix\Sirenix Solution\Sirenix.OdinValidator.Editor\Config\AutomationConfig.cs:170)
System.Reflection.RuntimeMethodInfo:InternalInvoke(RuntimeMethodInfo, Object, Object[], Exception&)
System.Reflection.RuntimeMethodInfo:Invoke(Object, BindingFlags, Binder, Object[], CultureInfo)
System.Reflection.MethodBase:Invoke(Object, Object[])
UnityEditor.EditorAssemblies:ProcessInitializeOnLoadMethodAttributes()

(Filename: C:/Sirenix/Sirenix Solution/Sirenix.OdinInspector.Editor/Validation/Validators/SceneReference.cs Line: 119)

InvalidOperationException: Calling OpenScene Raisefrom assembly reloading callbacks are not supported.
  at (wrapper managed-to-native) UnityEditor.SceneManagement.EditorSceneManager.OpenScene_Injected(string,UnityEditor.SceneManagement.OpenSceneMode,UnityEngine.SceneManagement.Scene&)
  at UnityEditor.SceneManagement.EditorSceneManager.OpenScene (System.String scenePath, UnityEditor.SceneManagement.OpenSceneMode mode) [0x00000] in <63965ae56af7489797f355b7c1211ab2>:0 
  at Sirenix.OdinInspector.Editor.Validation.SceneReference.TryOpenScene (UnityEditor.SceneManagement.OpenSceneMode mode, UnityEngine.SceneManagement.Scene& scene) [0x00017] in C:\Sirenix\Sirenix Solution\Sirenix.OdinInspector.Editor\Validation\Validators\SceneReference.cs:114 
UnityEngine.DebugLogHandler:Internal_LogException(Exception, Object)
UnityEngine.DebugLogHandler:LogException(Exception, Object)
UnityEngine.Logger:LogException(Exception, Object)
UnityEngine.Debug:LogException(Exception)
Sirenix.OdinInspector.Editor.Validation.SceneReference:TryOpenScene(OpenSceneMode, Scene&) (at C:\Sirenix\Sirenix Solution\Sirenix.OdinInspector.Editor\Validation\Validators\SceneReference.cs:119)
Sirenix.OdinValidator.Editor.<ValidateCurrentWorkQueueEnumerator>d__59:MoveNext() (at C:\Sirenix\Sirenix Solution\Sirenix.OdinValidator.Editor\Core\ValidationSession.cs:557)
Sirenix.OdinValidator.Editor.<ValidateEverythingEnumeratorBatched>d__54:MoveNext() (at C:\Sirenix\Sirenix Solution\Sirenix.OdinValidator.Editor\Core\ValidationSession.cs:376)
Sirenix.OdinValidator.Editor.AutomationConfig:RunValidationScan(String, ValidationSetup, Boolean, Action, Boolean, Boolean, Boolean, Boolean, Boolean, Boolean, Boolean, Boolean) (at C:\Sirenix\Sirenix Solution\Sirenix.OdinValidator.Editor\Config\AutomationConfig.cs:305)
Sirenix.OdinValidator.Editor.AutomationConfig:ActuallyInitHooks() (at C:\Sirenix\Sirenix Solution\Sirenix.OdinValidator.Editor\Config\AutomationConfig.cs:186)
Sirenix.OdinValidator.Editor.AutomationConfig:InitHooks() (at C:\Sirenix\Sirenix Solution\Sirenix.OdinValidator.Editor\Config\AutomationConfig.cs:170)
System.Reflection.RuntimeMethodInfo:InternalInvoke(RuntimeMethodInfo, Object, Object[], Exception&)
System.Reflection.RuntimeMethodInfo:Invoke(Object, BindingFlags, Binder, Object[], CultureInfo)
System.Reflection.MethodBase:Invoke(Object, Object[])
UnityEditor.EditorAssemblies:ProcessInitializeOnLoadMethodAttributes()

(Filename: C:/Sirenix/Sirenix Solution/Sirenix.OdinInspector.Editor/Validation/Validators/SceneReference.cs Line: 119)

InvalidOperationException: Calling OpenScene Raisefrom assembly reloading callbacks are not supported.
  at (wrapper managed-to-native) UnityEditor.SceneManagement.EditorSceneManager.OpenScene_Injected(string,UnityEditor.SceneManagement.OpenSceneMode,UnityEngine.SceneManagement.Scene&)
  at UnityEditor.SceneManagement.EditorSceneManager.OpenScene (System.String scenePath, UnityEditor.SceneManagement.OpenSceneMode mode) [0x00000] in <63965ae56af7489797f355b7c1211ab2>:0 
  at Sirenix.OdinInspector.Editor.Validation.SceneReference.TryOpenScene (UnityEditor.SceneManagement.OpenSceneMode mode, UnityEngine.SceneManagement.Scene& scene) [0x00017] in C:\Sirenix\Sirenix Solution\Sirenix.OdinInspector.Editor\Validation\Validators\SceneReference.cs:114 
UnityEngine.DebugLogHandler:Internal_LogException(Exception, Object)
UnityEngine.DebugLogHandler:LogException(Exception, Object)
UnityEngine.Logger:LogException(Exception, Object)
UnityEngine.Debug:LogException(Exception)
Sirenix.OdinInspector.Editor.Validation.SceneReference:TryOpenScene(OpenSceneMode, Scene&) (at C:\Sirenix\Sirenix Solution\Sirenix.OdinInspector.Editor\Validation\Validators\SceneReference.cs:119)
Sirenix.OdinValidator.Editor.<ValidateCurrentWorkQueueEnumerator>d__59:MoveNext() (at C:\Sirenix\Sirenix Solution\Sirenix.OdinValidator.Editor\Core\ValidationSession.cs:557)
Sirenix.OdinValidator.Editor.<ValidateEverythingEnumeratorBatched>d__54:MoveNext() (at C:\Sirenix\Sirenix Solution\Sirenix.OdinValidator.Editor\Core\ValidationSession.cs:376)
Sirenix.OdinValidator.Editor.AutomationConfig:RunValidationScan(String, ValidationSetup, Boolean, Action, Boolean, Boolean, Boolean, Boolean, Boolean, Boolean, Boolean, Boolean) (at C:\Sirenix\Sirenix Solution\Sirenix.OdinValidator.Editor\Config\AutomationConfig.cs:305)
Sirenix.OdinValidator.Editor.AutomationConfig:ActuallyInitHooks() (at C:\Sirenix\Sirenix Solution\Sirenix.OdinValidator.Editor\Config\AutomationConfig.cs:186)
Sirenix.OdinValidator.Editor.AutomationConfig:InitHooks() (at C:\Sirenix\Sirenix Solution\Sirenix.OdinValidator.Editor\Config\AutomationConfig.cs:170)
System.Reflection.RuntimeMethodInfo:InternalInvoke(RuntimeMethodInfo, Object, Object[], Exception&)
System.Reflection.RuntimeMethodInfo:Invoke(Object, BindingFlags, Binder, Object[], CultureInfo)
System.Reflection.MethodBase:Invoke(Object, Object[])
UnityEditor.EditorAssemblies:ProcessInitializeOnLoadMethodAttributes()

(Filename: C:/Sirenix/Sirenix Solution/Sirenix.OdinInspector.Editor/Validation/Validators/SceneReference.cs Line: 119)

InvalidOperationException: Calling OpenScene Raisefrom assembly reloading callbacks are not supported.
  at (wrapper managed-to-native) UnityEditor.SceneManagement.EditorSceneManager.OpenScene_Injected(string,UnityEditor.SceneManagement.OpenSceneMode,UnityEngine.SceneManagement.Scene&)
  at UnityEditor.SceneManagement.EditorSceneManager.OpenScene (System.String scenePath, UnityEditor.SceneManagement.OpenSceneMode mode) [0x00000] in <63965ae56af7489797f355b7c1211ab2>:0 
  at Sirenix.OdinInspector.Editor.Validation.SceneReference.TryOpenScene (UnityEditor.SceneManagement.OpenSceneMode mode, UnityEngine.SceneManagement.Scene& scene) [0x00017] in C:\Sirenix\Sirenix Solution\Sirenix.OdinInspector.Editor\Validation\Validators\SceneReference.cs:114 
UnityEngine.DebugLogHandler:Internal_LogException(Exception, Object)
UnityEngine.DebugLogHandler:LogException(Exception, Object)
UnityEngine.Logger:LogException(Exception, Object)
UnityEngine.Debug:LogException(Exception)
Sirenix.OdinInspector.Editor.Validation.SceneReference:TryOpenScene(OpenSceneMode, Scene&) (at C:\Sirenix\Sirenix Solution\Sirenix.OdinInspector.Editor\Validation\Validators\SceneReference.cs:119)
Sirenix.OdinValidator.Editor.<ValidateCurrentWorkQueueEnumerator>d__59:MoveNext() (at C:\Sirenix\Sirenix Solution\Sirenix.OdinValidator.Editor\Core\ValidationSession.cs:557)
Sirenix.OdinValidator.Editor.<ValidateEverythingEnumeratorBatched>d__54:MoveNext() (at C:\Sirenix\Sirenix Solution\Sirenix.OdinValidator.Editor\Core\ValidationSession.cs:376)
Sirenix.OdinValidator.Editor.AutomationConfig:RunValidationScan(String, ValidationSetup, Boolean, Action, Boolean, Boolean, Boolean, Boolean, Boolean, Boolean, Boolean, Boolean) (at C:\Sirenix\Sirenix Solution\Sirenix.OdinValidator.Editor\Config\AutomationConfig.cs:305)
Sirenix.OdinValidator.Editor.AutomationConfig:ActuallyInitHooks() (at C:\Sirenix\Sirenix Solution\Sirenix.OdinValidator.Editor\Config\AutomationConfig.cs:186)
Sirenix.OdinValidator.Editor.AutomationConfig:InitHooks() (at C:\Sirenix\Sirenix Solution\Sirenix.OdinValidator.Editor\Config\AutomationConfig.cs:170)
System.Reflection.RuntimeMethodInfo:InternalInvoke(RuntimeMethodInfo, Object, Object[], Exception&)
System.Reflection.RuntimeMethodInfo:Invoke(Object, BindingFlags, Binder, Object[], CultureInfo)
System.Reflection.MethodBase:Invoke(Object, Object[])
UnityEditor.EditorAssemblies:ProcessInitializeOnLoadMethodAttributes()

(Filename: C:/Sirenix/Sirenix Solution/Sirenix.OdinInspector.Editor/Validation/Validators/SceneReference.cs Line: 119)

InvalidOperationException: Calling OpenScene Raisefrom assembly reloading callbacks are not supported.
  at (wrapper managed-to-native) UnityEditor.SceneManagement.EditorSceneManager.OpenScene_Injected(string,UnityEditor.SceneManagement.OpenSceneMode,UnityEngine.SceneManagement.Scene&)
  at UnityEditor.SceneManagement.EditorSceneManager.OpenScene (System.String scenePath, UnityEditor.SceneManagement.OpenSceneMode mode) [0x00000] in <63965ae56af7489797f355b7c1211ab2>:0 
  at Sirenix.OdinInspector.Editor.Validation.SceneReference.TryOpenScene (UnityEditor.SceneManagement.OpenSceneMode mode, UnityEngine.SceneManagement.Scene& scene) [0x00017] in C:\Sirenix\Sirenix Solution\Sirenix.OdinInspector.Editor\Validation\Validators\SceneReference.cs:114 
UnityEngine.DebugLogHandler:Internal_LogException(Exception, Object)
UnityEngine.DebugLogHandler:LogException(Exception, Object)
UnityEngine.Logger:LogException(Exception, Object)
UnityEngine.Debug:LogException(Exception)
Sirenix.OdinInspector.Editor.Validation.SceneReference:TryOpenScene(OpenSceneMode, Scene&) (at C:\Sirenix\Sirenix Solution\Sirenix.OdinInspector.Editor\Validation\Validators\SceneReference.cs:119)
Sirenix.OdinValidator.Editor.<ValidateCurrentWorkQueueEnumerator>d__59:MoveNext() (at C:\Sirenix\Sirenix Solution\Sirenix.OdinValidator.Editor\Core\ValidationSession.cs:557)
Sirenix.OdinValidator.Editor.<ValidateEverythingEnumeratorBatched>d__54:MoveNext() (at C:\Sirenix\Sirenix Solution\Sirenix.OdinValidator.Editor\Core\ValidationSession.cs:376)
Sirenix.OdinValidator.Editor.AutomationConfig:RunValidationScan(String, ValidationSetup, Boolean, Action, Boolean, Boolean, Boolean, Boolean, Boolean, Boolean, Boolean, Boolean) (at C:\Sirenix\Sirenix Solution\Sirenix.OdinValidator.Editor\Config\AutomationConfig.cs:305)
Sirenix.OdinValidator.Editor.AutomationConfig:ActuallyInitHooks() (at C:\Sirenix\Sirenix Solution\Sirenix.OdinValidator.Editor\Config\AutomationConfig.cs:186)
Sirenix.OdinValidator.Editor.AutomationConfig:InitHooks() (at C:\Sirenix\Sirenix Solution\Sirenix.OdinValidator.Editor\Config\AutomationConfig.cs:170)
System.Reflection.RuntimeMethodInfo:InternalInvoke(RuntimeMethodInfo, Object, Object[], Exception&)
System.Reflection.RuntimeMethodInfo:Invoke(Object, BindingFlags, Binder, Object[], CultureInfo)
System.Reflection.MethodBase:Invoke(Object, Object[])
UnityEditor.EditorAssemblies:ProcessInitializeOnLoadMethodAttributes()

(Filename: C:/Sirenix/Sirenix Solution/Sirenix.OdinInspector.Editor/Validation/Validators/SceneReference.cs Line: 119)

InvalidOperationException: Calling OpenScene Raisefrom assembly reloading callbacks are not supported.
  at (wrapper managed-to-native) UnityEditor.SceneManagement.EditorSceneManager.OpenScene_Injected(string,UnityEditor.SceneManagement.OpenSceneMode,UnityEngine.SceneManagement.Scene&)
  at UnityEditor.SceneManagement.EditorSceneManager.OpenScene (System.String scenePath, UnityEditor.SceneManagement.OpenSceneMode mode) [0x00000] in <63965ae56af7489797f355b7c1211ab2>:0 
  at Sirenix.OdinInspector.Editor.Validation.SceneReference.TryOpenScene (UnityEditor.SceneManagement.OpenSceneMode mode, UnityEngine.SceneManagement.Scene& scene) [0x00017] in C:\Sirenix\Sirenix Solution\Sirenix.OdinInspector.Editor\Validation\Validators\SceneReference.cs:114 
UnityEngine.DebugLogHandler:Internal_LogException(Exception, Object)
UnityEngine.DebugLogHandler:LogException(Exception, Object)
UnityEngine.Logger:LogException(Exception, Object)
UnityEngine.Debug:LogException(Exception)
Sirenix.OdinInspector.Editor.Validation.SceneReference:TryOpenScene(OpenSceneMode, Scene&) (at C:\Sirenix\Sirenix Solution\Sirenix.OdinInspector.Editor\Validation\Validators\SceneReference.cs:119)
Sirenix.OdinValidator.Editor.<ValidateCurrentWorkQueueEnumerator>d__59:MoveNext() (at C:\Sirenix\Sirenix Solution\Sirenix.OdinValidator.Editor\Core\ValidationSession.cs:557)
Sirenix.OdinValidator.Editor.<ValidateEverythingEnumeratorBatched>d__54:MoveNext() (at C:\Sirenix\Sirenix Solution\Sirenix.OdinValidator.Editor\Core\ValidationSession.cs:376)
Sirenix.OdinValidator.Editor.AutomationConfig:RunValidationScan(String, ValidationSetup, Boolean, Action, Boolean, Boolean, Boolean, Boolean, Boolean, Boolean, Boolean, Boolean) (at C:\Sirenix\Sirenix Solution\Sirenix.OdinValidator.Editor\Config\AutomationConfig.cs:305)
Sirenix.OdinValidator.Editor.AutomationConfig:ActuallyInitHooks() (at C:\Sirenix\Sirenix Solution\Sirenix.OdinValidator.Editor\Config\AutomationConfig.cs:186)
Sirenix.OdinValidator.Editor.AutomationConfig:InitHooks() (at C:\Sirenix\Sirenix Solution\Sirenix.OdinValidator.Editor\Config\AutomationConfig.cs:170)
System.Reflection.RuntimeMethodInfo:InternalInvoke(RuntimeMethodInfo, Object, Object[], Exception&)
System.Reflection.RuntimeMethodInfo:Invoke(Object, BindingFlags, Binder, Object[], CultureInfo)
System.Reflection.MethodBase:Invoke(Object, Object[])
UnityEditor.EditorAssemblies:ProcessInitializeOnLoadMethodAttributes()

(Filename: C:/Sirenix/Sirenix Solution/Sirenix.OdinInspector.Editor/Validation/Validators/SceneReference.cs Line: 119)

InvalidOperationException: Calling OpenScene Raisefrom assembly reloading callbacks are not supported.
  at (wrapper managed-to-native) UnityEditor.SceneManagement.EditorSceneManager.OpenScene_Injected(string,UnityEditor.SceneManagement.OpenSceneMode,UnityEngine.SceneManagement.Scene&)
  at UnityEditor.SceneManagement.EditorSceneManager.OpenScene (System.String scenePath, UnityEditor.SceneManagement.OpenSceneMode mode) [0x00000] in <63965ae56af7489797f355b7c1211ab2>:0 
  at Sirenix.OdinInspector.Editor.Validation.SceneReference.TryOpenScene (UnityEditor.SceneManagement.OpenSceneMode mode, UnityEngine.SceneManagement.Scene& scene) [0x00017] in C:\Sirenix\Sirenix Solution\Sirenix.OdinInspector.Editor\Validation\Validators\SceneReference.cs:114 
UnityEngine.DebugLogHandler:Internal_LogException(Exception, Object)
UnityEngine.DebugLogHandler:LogException(Exception, Object)
UnityEngine.Logger:LogException(Exception, Object)
UnityEngine.Debug:LogException(Exception)
Sirenix.OdinInspector.Editor.Validation.SceneReference:TryOpenScene(OpenSceneMode, Scene&) (at C:\Sirenix\Sirenix Solution\Sirenix.OdinInspector.Editor\Validation\Validators\SceneReference.cs:119)
Sirenix.OdinValidator.Editor.<ValidateCurrentWorkQueueEnumerator>d__59:MoveNext() (at C:\Sirenix\Sirenix Solution\Sirenix.OdinValidator.Editor\Core\ValidationSession.cs:557)
Sirenix.OdinValidator.Editor.<ValidateEverythingEnumeratorBatched>d__54:MoveNext() (at C:\Sirenix\Sirenix Solution\Sirenix.OdinValidator.Editor\Core\ValidationSession.cs:376)
Sirenix.OdinValidator.Editor.AutomationConfig:RunValidationScan(String, ValidationSetup, Boolean, Action, Boolean, Boolean, Boolean, Boolean, Boolean, Boolean, Boolean, Boolean) (at C:\Sirenix\Sirenix Solution\Sirenix.OdinValidator.Editor\Config\AutomationConfig.cs:305)
Sirenix.OdinValidator.Editor.AutomationConfig:ActuallyInitHooks() (at C:\Sirenix\Sirenix Solution\Sirenix.OdinValidator.Editor\Config\AutomationConfig.cs:186)
Sirenix.OdinValidator.Editor.AutomationConfig:InitHooks() (at C:\Sirenix\Sirenix Solution\Sirenix.OdinValidator.Editor\Config\AutomationConfig.cs:170)
System.Reflection.RuntimeMethodInfo:InternalInvoke(RuntimeMethodInfo, Object, Object[], Exception&)
System.Reflection.RuntimeMethodInfo:Invoke(Object, BindingFlags, Binder, Object[], CultureInfo)
System.Reflection.MethodBase:Invoke(Object, Object[])
UnityEditor.EditorAssemblies:ProcessInitializeOnLoadMethodAttributes()

(Filename: C:/Sirenix/Sirenix Solution/Sirenix.OdinInspector.Editor/Validation/Validators/SceneReference.cs Line: 119)

InvalidOperationException: Calling OpenScene Raisefrom assembly reloading callbacks are not supported.
  at (wrapper managed-to-native) UnityEditor.SceneManagement.EditorSceneManager.OpenScene_Injected(string,UnityEditor.SceneManagement.OpenSceneMode,UnityEngine.SceneManagement.Scene&)
  at UnityEditor.SceneManagement.EditorSceneManager.OpenScene (System.String scenePath, UnityEditor.SceneManagement.OpenSceneMode mode) [0x00000] in <63965ae56af7489797f355b7c1211ab2>:0 
  at Sirenix.OdinInspector.Editor.Validation.SceneReference.TryOpenScene (UnityEditor.SceneManagement.OpenSceneMode mode, UnityEngine.SceneManagement.Scene& scene) [0x00017] in C:\Sirenix\Sirenix Solution\Sirenix.OdinInspector.Editor\Validation\Validators\SceneReference.cs:114 
UnityEngine.DebugLogHandler:Internal_LogException(Exception, Object)
UnityEngine.DebugLogHandler:LogException(Exception, Object)
UnityEngine.Logger:LogException(Exception, Object)
UnityEngine.Debug:LogException(Exception)
Sirenix.OdinInspector.Editor.Validation.SceneReference:TryOpenScene(OpenSceneMode, Scene&) (at C:\Sirenix\Sirenix Solution\Sirenix.OdinInspector.Editor\Validation\Validators\SceneReference.cs:119)
Sirenix.OdinValidator.Editor.<ValidateCurrentWorkQueueEnumerator>d__59:MoveNext() (at C:\Sirenix\Sirenix Solution\Sirenix.OdinValidator.Editor\Core\ValidationSession.cs:557)
Sirenix.OdinValidator.Editor.<ValidateEverythingEnumeratorBatched>d__54:MoveNext() (at C:\Sirenix\Sirenix Solution\Sirenix.OdinValidator.Editor\Core\ValidationSession.cs:376)
Sirenix.OdinValidator.Editor.AutomationConfig:RunValidationScan(String, ValidationSetup, Boolean, Action, Boolean, Boolean, Boolean, Boolean, Boolean, Boolean, Boolean, Boolean) (at C:\Sirenix\Sirenix Solution\Sirenix.OdinValidator.Editor\Config\AutomationConfig.cs:305)
Sirenix.OdinValidator.Editor.AutomationConfig:ActuallyInitHooks() (at C:\Sirenix\Sirenix Solution\Sirenix.OdinValidator.Editor\Config\AutomationConfig.cs:186)
Sirenix.OdinValidator.Editor.AutomationConfig:InitHooks() (at C:\Sirenix\Sirenix Solution\Sirenix.OdinValidator.Editor\Config\AutomationConfig.cs:170)
System.Reflection.RuntimeMethodInfo:InternalInvoke(RuntimeMethodInfo, Object, Object[], Exception&)
System.Reflection.RuntimeMethodInfo:Invoke(Object, BindingFlags, Binder, Object[], CultureInfo)
System.Reflection.MethodBase:Invoke(Object, Object[])
UnityEditor.EditorAssemblies:ProcessInitializeOnLoadMethodAttributes()

(Filename: C:/Sirenix/Sirenix Solution/Sirenix.OdinInspector.Editor/Validation/Validators/SceneReference.cs Line: 119)

InvalidOperationException: Calling OpenScene Raisefrom assembly reloading callbacks are not supported.
  at (wrapper managed-to-native) UnityEditor.SceneManagement.EditorSceneManager.OpenScene_Injected(string,UnityEditor.SceneManagement.OpenSceneMode,UnityEngine.SceneManagement.Scene&)
  at UnityEditor.SceneManagement.EditorSceneManager.OpenScene (System.String scenePath, UnityEditor.SceneManagement.OpenSceneMode mode) [0x00000] in <63965ae56af7489797f355b7c1211ab2>:0 
  at Sirenix.OdinInspector.Editor.Validation.SceneReference.TryOpenScene (UnityEditor.SceneManagement.OpenSceneMode mode, UnityEngine.SceneManagement.Scene& scene) [0x00017] in C:\Sirenix\Sirenix Solution\Sirenix.OdinInspector.Editor\Validation\Validators\SceneReference.cs:114 
UnityEngine.DebugLogHandler:Internal_LogException(Exception, Object)
UnityEngine.DebugLogHandler:LogException(Exception, Object)
UnityEngine.Logger:LogException(Exception, Object)
UnityEngine.Debug:LogException(Exception)
Sirenix.OdinInspector.Editor.Validation.SceneReference:TryOpenScene(OpenSceneMode, Scene&) (at C:\Sirenix\Sirenix Solution\Sirenix.OdinInspector.Editor\Validation\Validators\SceneReference.cs:119)
Sirenix.OdinValidator.Editor.<ValidateCurrentWorkQueueEnumerator>d__59:MoveNext() (at C:\Sirenix\Sirenix Solution\Sirenix.OdinValidator.Editor\Core\ValidationSession.cs:557)
Sirenix.OdinValidator.Editor.<ValidateEverythingEnumeratorBatched>d__54:MoveNext() (at C:\Sirenix\Sirenix Solution\Sirenix.OdinValidator.Editor\Core\ValidationSession.cs:376)
Sirenix.OdinValidator.Editor.AutomationConfig:RunValidationScan(String, ValidationSetup, Boolean, Action, Boolean, Boolean, Boolean, Boolean, Boolean, Boolean, Boolean, Boolean) (at C:\Sirenix\Sirenix Solution\Sirenix.OdinValidator.Editor\Config\AutomationConfig.cs:305)
Sirenix.OdinValidator.Editor.AutomationConfig:ActuallyInitHooks() (at C:\Sirenix\Sirenix Solution\Sirenix.OdinValidator.Editor\Config\AutomationConfig.cs:186)
Sirenix.OdinValidator.Editor.AutomationConfig:InitHooks() (at C:\Sirenix\Sirenix Solution\Sirenix.OdinValidator.Editor\Config\AutomationConfig.cs:170)
System.Reflection.RuntimeMethodInfo:InternalInvoke(RuntimeMethodInfo, Object, Object[], Exception&)
System.Reflection.RuntimeMethodInfo:Invoke(Object, BindingFlags, Binder, Object[], CultureInfo)
System.Reflection.MethodBase:Invoke(Object, Object[])
UnityEditor.EditorAssemblies:ProcessInitializeOnLoadMethodAttributes()

(Filename: C:/Sirenix/Sirenix Solution/Sirenix.OdinInspector.Editor/Validation/Validators/SceneReference.cs Line: 119)

InvalidOperationException: Calling OpenScene Raisefrom assembly reloading callbacks are not supported.
  at (wrapper managed-to-native) UnityEditor.SceneManagement.EditorSceneManager.OpenScene_Injected(string,UnityEditor.SceneManagement.OpenSceneMode,UnityEngine.SceneManagement.Scene&)
  at UnityEditor.SceneManagement.EditorSceneManager.OpenScene (System.String scenePath, UnityEditor.SceneManagement.OpenSceneMode mode) [0x00000] in <63965ae56af7489797f355b7c1211ab2>:0 
  at Sirenix.OdinInspector.Editor.Validation.SceneReference.TryOpenScene (UnityEditor.SceneManagement.OpenSceneMode mode, UnityEngine.SceneManagement.Scene& scene) [0x00017] in C:\Sirenix\Sirenix Solution\Sirenix.OdinInspector.Editor\Validation\Validators\SceneReference.cs:114 
UnityEngine.DebugLogHandler:Internal_LogException(Exception, Object)
UnityEngine.DebugLogHandler:LogException(Exception, Object)
UnityEngine.Logger:LogException(Exception, Object)
UnityEngine.Debug:LogException(Exception)
Sirenix.OdinInspector.Editor.Validation.SceneReference:TryOpenScene(OpenSceneMode, Scene&) (at C:\Sirenix\Sirenix Solution\Sirenix.OdinInspector.Editor\Validation\Validators\SceneReference.cs:119)
Sirenix.OdinValidator.Editor.<ValidateCurrentWorkQueueEnumerator>d__59:MoveNext() (at C:\Sirenix\Sirenix Solution\Sirenix.OdinValidator.Editor\Core\ValidationSession.cs:557)
Sirenix.OdinValidator.Editor.<ValidateEverythingEnumeratorBatched>d__54:MoveNext() (at C:\Sirenix\Sirenix Solution\Sirenix.OdinValidator.Editor\Core\ValidationSession.cs:376)
Sirenix.OdinValidator.Editor.AutomationConfig:RunValidationScan(String, ValidationSetup, Boolean, Action, Boolean, Boolean, Boolean, Boolean, Boolean, Boolean, Boolean, Boolean) (at C:\Sirenix\Sirenix Solution\Sirenix.OdinValidator.Editor\Config\AutomationConfig.cs:305)
Sirenix.OdinValidator.Editor.AutomationConfig:ActuallyInitHooks() (at C:\Sirenix\Sirenix Solution\Sirenix.OdinValidator.Editor\Config\AutomationConfig.cs:186)
Sirenix.OdinValidator.Editor.AutomationConfig:InitHooks() (at C:\Sirenix\Sirenix Solution\Sirenix.OdinValidator.Editor\Config\AutomationConfig.cs:170)
System.Reflection.RuntimeMethodInfo:InternalInvoke(RuntimeMethodInfo, Object, Object[], Exception&)
System.Reflection.RuntimeMethodInfo:Invoke(Object, BindingFlags, Binder, Object[], CultureInfo)
System.Reflection.MethodBase:Invoke(Object, Object[])
UnityEditor.EditorAssemblies:ProcessInitializeOnLoadMethodAttributes()

(Filename: C:/Sirenix/Sirenix Solution/Sirenix.OdinInspector.Editor/Validation/Validators/SceneReference.cs Line: 119)

InvalidOperationException: Calling OpenScene Raisefrom assembly reloading callbacks are not supported.
  at (wrapper managed-to-native) UnityEditor.SceneManagement.EditorSceneManager.OpenScene_Injected(string,UnityEditor.SceneManagement.OpenSceneMode,UnityEngine.SceneManagement.Scene&)
  at UnityEditor.SceneManagement.EditorSceneManager.OpenScene (System.String scenePath, UnityEditor.SceneManagement.OpenSceneMode mode) [0x00000] in <63965ae56af7489797f355b7c1211ab2>:0 
  at Sirenix.OdinInspector.Editor.Validation.SceneReference.TryOpenScene (UnityEditor.SceneManagement.OpenSceneMode mode, UnityEngine.SceneManagement.Scene& scene) [0x00017] in C:\Sirenix\Sirenix Solution\Sirenix.OdinInspector.Editor\Validation\Validators\SceneReference.cs:114 
UnityEngine.DebugLogHandler:Internal_LogException(Exception, Object)
UnityEngine.DebugLogHandler:LogException(Exception, Object)
UnityEngine.Logger:LogException(Exception, Object)
UnityEngine.Debug:LogException(Exception)
Sirenix.OdinInspector.Editor.Validation.SceneReference:TryOpenScene(OpenSceneMode, Scene&) (at C:\Sirenix\Sirenix Solution\Sirenix.OdinInspector.Editor\Validation\Validators\SceneReference.cs:119)
Sirenix.OdinValidator.Editor.<ValidateCurrentWorkQueueEnumerator>d__59:MoveNext() (at C:\Sirenix\Sirenix Solution\Sirenix.OdinValidator.Editor\Core\ValidationSession.cs:557)
Sirenix.OdinValidator.Editor.<ValidateEverythingEnumeratorBatched>d__54:MoveNext() (at C:\Sirenix\Sirenix Solution\Sirenix.OdinValidator.Editor\Core\ValidationSession.cs:376)
Sirenix.OdinValidator.Editor.AutomationConfig:RunValidationScan(String, ValidationSetup, Boolean, Action, Boolean, Boolean, Boolean, Boolean, Boolean, Boolean, Boolean, Boolean) (at C:\Sirenix\Sirenix Solution\Sirenix.OdinValidator.Editor\Config\AutomationConfig.cs:305)
Sirenix.OdinValidator.Editor.AutomationConfig:ActuallyInitHooks() (at C:\Sirenix\Sirenix Solution\Sirenix.OdinValidator.Editor\Config\AutomationConfig.cs:186)
Sirenix.OdinValidator.Editor.AutomationConfig:InitHooks() (at C:\Sirenix\Sirenix Solution\Sirenix.OdinValidator.Editor\Config\AutomationConfig.cs:170)
System.Reflection.RuntimeMethodInfo:InternalInvoke(RuntimeMethodInfo, Object, Object[], Exception&)
System.Reflection.RuntimeMethodInfo:Invoke(Object, BindingFlags, Binder, Object[], CultureInfo)
System.Reflection.MethodBase:Invoke(Object, Object[])
UnityEditor.EditorAssemblies:ProcessInitializeOnLoadMethodAttributes()

(Filename: C:/Sirenix/Sirenix Solution/Sirenix.OdinInspector.Editor/Validation/Validators/SceneReference.cs Line: 119)

InvalidOperationException: Calling OpenScene Raisefrom assembly reloading callbacks are not supported.
  at (wrapper managed-to-native) UnityEditor.SceneManagement.EditorSceneManager.OpenScene_Injected(string,UnityEditor.SceneManagement.OpenSceneMode,UnityEngine.SceneManagement.Scene&)
  at UnityEditor.SceneManagement.EditorSceneManager.OpenScene (System.String scenePath, UnityEditor.SceneManagement.OpenSceneMode mode) [0x00000] in <63965ae56af7489797f355b7c1211ab2>:0 
  at Sirenix.OdinInspector.Editor.Validation.SceneReference.TryOpenScene (UnityEditor.SceneManagement.OpenSceneMode mode, UnityEngine.SceneManagement.Scene& scene) [0x00017] in C:\Sirenix\Sirenix Solution\Sirenix.OdinInspector.Editor\Validation\Validators\SceneReference.cs:114 
UnityEngine.DebugLogHandler:Internal_LogException(Exception, Object)
UnityEngine.DebugLogHandler:LogException(Exception, Object)
UnityEngine.Logger:LogException(Exception, Object)
UnityEngine.Debug:LogException(Exception)
Sirenix.OdinInspector.Editor.Validation.SceneReference:TryOpenScene(OpenSceneMode, Scene&) (at C:\Sirenix\Sirenix Solution\Sirenix.OdinInspector.Editor\Validation\Validators\SceneReference.cs:119)
Sirenix.OdinValidator.Editor.<ValidateCurrentWorkQueueEnumerator>d__59:MoveNext() (at C:\Sirenix\Sirenix Solution\Sirenix.OdinValidator.Editor\Core\ValidationSession.cs:557)
Sirenix.OdinValidator.Editor.<ValidateEverythingEnumeratorBatched>d__54:MoveNext() (at C:\Sirenix\Sirenix Solution\Sirenix.OdinValidator.Editor\Core\ValidationSession.cs:376)
Sirenix.OdinValidator.Editor.AutomationConfig:RunValidationScan(String, ValidationSetup, Boolean, Action, Boolean, Boolean, Boolean, Boolean, Boolean, Boolean, Boolean, Boolean) (at C:\Sirenix\Sirenix Solution\Sirenix.OdinValidator.Editor\Config\AutomationConfig.cs:305)
Sirenix.OdinValidator.Editor.AutomationConfig:ActuallyInitHooks() (at C:\Sirenix\Sirenix Solution\Sirenix.OdinValidator.Editor\Config\AutomationConfig.cs:186)
Sirenix.OdinValidator.Editor.AutomationConfig:InitHooks() (at C:\Sirenix\Sirenix Solution\Sirenix.OdinValidator.Editor\Config\AutomationConfig.cs:170)
System.Reflection.RuntimeMethodInfo:InternalInvoke(RuntimeMethodInfo, Object, Object[], Exception&)
System.Reflection.RuntimeMethodInfo:Invoke(Object, BindingFlags, Binder, Object[], CultureInfo)
System.Reflection.MethodBase:Invoke(Object, Object[])
UnityEditor.EditorAssemblies:ProcessInitializeOnLoadMethodAttributes()

(Filename: C:/Sirenix/Sirenix Solution/Sirenix.OdinInspector.Editor/Validation/Validators/SceneReference.cs Line: 119)

InvalidOperationException: Calling OpenScene Raisefrom assembly reloading callbacks are not supported.
  at (wrapper managed-to-native) UnityEditor.SceneManagement.EditorSceneManager.OpenScene_Injected(string,UnityEditor.SceneManagement.OpenSceneMode,UnityEngine.SceneManagement.Scene&)
  at UnityEditor.SceneManagement.EditorSceneManager.OpenScene (System.String scenePath, UnityEditor.SceneManagement.OpenSceneMode mode) [0x00000] in <63965ae56af7489797f355b7c1211ab2>:0 
  at Sirenix.OdinInspector.Editor.Validation.SceneReference.TryOpenScene (UnityEditor.SceneManagement.OpenSceneMode mode, UnityEngine.SceneManagement.Scene& scene) [0x00017] in C:\Sirenix\Sirenix Solution\Sirenix.OdinInspector.Editor\Validation\Validators\SceneReference.cs:114 
UnityEngine.DebugLogHandler:Internal_LogException(Exception, Object)
UnityEngine.DebugLogHandler:LogException(Exception, Object)
UnityEngine.Logger:LogException(Exception, Object)
UnityEngine.Debug:LogException(Exception)
Sirenix.OdinInspector.Editor.Validation.SceneReference:TryOpenScene(OpenSceneMode, Scene&) (at C:\Sirenix\Sirenix Solution\Sirenix.OdinInspector.Editor\Validation\Validators\SceneReference.cs:119)
Sirenix.OdinValidator.Editor.<ValidateCurrentWorkQueueEnumerator>d__59:MoveNext() (at C:\Sirenix\Sirenix Solution\Sirenix.OdinValidator.Editor\Core\ValidationSession.cs:557)
Sirenix.OdinValidator.Editor.<ValidateEverythingEnumeratorBatched>d__54:MoveNext() (at C:\Sirenix\Sirenix Solution\Sirenix.OdinValidator.Editor\Core\ValidationSession.cs:376)
Sirenix.OdinValidator.Editor.AutomationConfig:RunValidationScan(String, ValidationSetup, Boolean, Action, Boolean, Boolean, Boolean, Boolean, Boolean, Boolean, Boolean, Boolean) (at C:\Sirenix\Sirenix Solution\Sirenix.OdinValidator.Editor\Config\AutomationConfig.cs:305)
Sirenix.OdinValidator.Editor.AutomationConfig:ActuallyInitHooks() (at C:\Sirenix\Sirenix Solution\Sirenix.OdinValidator.Editor\Config\AutomationConfig.cs:186)
Sirenix.OdinValidator.Editor.AutomationConfig:InitHooks() (at C:\Sirenix\Sirenix Solution\Sirenix.OdinValidator.Editor\Config\AutomationConfig.cs:170)
System.Reflection.RuntimeMethodInfo:InternalInvoke(RuntimeMethodInfo, Object, Object[], Exception&)
System.Reflection.RuntimeMethodInfo:Invoke(Object, BindingFlags, Binder, Object[], CultureInfo)
System.Reflection.MethodBase:Invoke(Object, Object[])
UnityEditor.EditorAssemblies:ProcessInitializeOnLoadMethodAttributes()

(Filename: C:/Sirenix/Sirenix Solution/Sirenix.OdinInspector.Editor/Validation/Validators/SceneReference.cs Line: 119)

InvalidOperationException: Calling OpenScene Raisefrom assembly reloading callbacks are not supported.
  at (wrapper managed-to-native) UnityEditor.SceneManagement.EditorSceneManager.OpenScene_Injected(string,UnityEditor.SceneManagement.OpenSceneMode,UnityEngine.SceneManagement.Scene&)
  at UnityEditor.SceneManagement.EditorSceneManager.OpenScene (System.String scenePath, UnityEditor.SceneManagement.OpenSceneMode mode) [0x00000] in <63965ae56af7489797f355b7c1211ab2>:0 
  at Sirenix.OdinInspector.Editor.Validation.SceneReference.TryOpenScene (UnityEditor.SceneManagement.OpenSceneMode mode, UnityEngine.SceneManagement.Scene& scene) [0x00017] in C:\Sirenix\Sirenix Solution\Sirenix.OdinInspector.Editor\Validation\Validators\SceneReference.cs:114 
UnityEngine.DebugLogHandler:Internal_LogException(Exception, Object)
UnityEngine.DebugLogHandler:LogException(Exception, Object)
UnityEngine.Logger:LogException(Exception, Object)
UnityEngine.Debug:LogException(Exception)
Sirenix.OdinInspector.Editor.Validation.SceneReference:TryOpenScene(OpenSceneMode, Scene&) (at C:\Sirenix\Sirenix Solution\Sirenix.OdinInspector.Editor\Validation\Validators\SceneReference.cs:119)
Sirenix.OdinValidator.Editor.<ValidateCurrentWorkQueueEnumerator>d__59:MoveNext() (at C:\Sirenix\Sirenix Solution\Sirenix.OdinValidator.Editor\Core\ValidationSession.cs:557)
Sirenix.OdinValidator.Editor.<ValidateEverythingEnumeratorBatched>d__54:MoveNext() (at C:\Sirenix\Sirenix Solution\Sirenix.OdinValidator.Editor\Core\ValidationSession.cs:376)
Sirenix.OdinValidator.Editor.AutomationConfig:RunValidationScan(String, ValidationSetup, Boolean, Action, Boolean, Boolean, Boolean, Boolean, Boolean, Boolean, Boolean, Boolean) (at C:\Sirenix\Sirenix Solution\Sirenix.OdinValidator.Editor\Config\AutomationConfig.cs:305)
Sirenix.OdinValidator.Editor.AutomationConfig:ActuallyInitHooks() (at C:\Sirenix\Sirenix Solution\Sirenix.OdinValidator.Editor\Config\AutomationConfig.cs:186)
Sirenix.OdinValidator.Editor.AutomationConfig:InitHooks() (at C:\Sirenix\Sirenix Solution\Sirenix.OdinValidator.Editor\Config\AutomationConfig.cs:170)
System.Reflection.RuntimeMethodInfo:InternalInvoke(RuntimeMethodInfo, Object, Object[], Exception&)
System.Reflection.RuntimeMethodInfo:Invoke(Object, BindingFlags, Binder, Object[], CultureInfo)
System.Reflection.MethodBase:Invoke(Object, Object[])
UnityEditor.EditorAssemblies:ProcessInitializeOnLoadMethodAttributes()

(Filename: C:/Sirenix/Sirenix Solution/Sirenix.OdinInspector.Editor/Validation/Validators/SceneReference.cs Line: 119)

InvalidOperationException: Calling OpenScene Raisefrom assembly reloading callbacks are not supported.
  at (wrapper managed-to-native) UnityEditor.SceneManagement.EditorSceneManager.OpenScene_Injected(string,UnityEditor.SceneManagement.OpenSceneMode,UnityEngine.SceneManagement.Scene&)
  at UnityEditor.SceneManagement.EditorSceneManager.OpenScene (System.String scenePath, UnityEditor.SceneManagement.OpenSceneMode mode) [0x00000] in <63965ae56af7489797f355b7c1211ab2>:0 
  at Sirenix.OdinInspector.Editor.Validation.SceneReference.TryOpenScene (UnityEditor.SceneManagement.OpenSceneMode mode, UnityEngine.SceneManagement.Scene& scene) [0x00017] in C:\Sirenix\Sirenix Solution\Sirenix.OdinInspector.Editor\Validation\Validators\SceneReference.cs:114 
UnityEngine.DebugLogHandler:Internal_LogException(Exception, Object)
UnityEngine.DebugLogHandler:LogException(Exception, Object)
UnityEngine.Logger:LogException(Exception, Object)
UnityEngine.Debug:LogException(Exception)
Sirenix.OdinInspector.Editor.Validation.SceneReference:TryOpenScene(OpenSceneMode, Scene&) (at C:\Sirenix\Sirenix Solution\Sirenix.OdinInspector.Editor\Validation\Validators\SceneReference.cs:119)
Sirenix.OdinValidator.Editor.<ValidateCurrentWorkQueueEnumerator>d__59:MoveNext() (at C:\Sirenix\Sirenix Solution\Sirenix.OdinValidator.Editor\Core\ValidationSession.cs:557)
Sirenix.OdinValidator.Editor.<ValidateEverythingEnumeratorBatched>d__54:MoveNext() (at C:\Sirenix\Sirenix Solution\Sirenix.OdinValidator.Editor\Core\ValidationSession.cs:376)
Sirenix.OdinValidator.Editor.AutomationConfig:RunValidationScan(String, ValidationSetup, Boolean, Action, Boolean, Boolean, Boolean, Boolean, Boolean, Boolean, Boolean, Boolean) (at C:\Sirenix\Sirenix Solution\Sirenix.OdinValidator.Editor\Config\AutomationConfig.cs:305)
Sirenix.OdinValidator.Editor.AutomationConfig:ActuallyInitHooks() (at C:\Sirenix\Sirenix Solution\Sirenix.OdinValidator.Editor\Config\AutomationConfig.cs:186)
Sirenix.OdinValidator.Editor.AutomationConfig:InitHooks() (at C:\Sirenix\Sirenix Solution\Sirenix.OdinValidator.Editor\Config\AutomationConfig.cs:170)
System.Reflection.RuntimeMethodInfo:InternalInvoke(RuntimeMethodInfo, Object, Object[], Exception&)
System.Reflection.RuntimeMethodInfo:Invoke(Object, BindingFlags, Binder, Object[], CultureInfo)
System.Reflection.MethodBase:Invoke(Object, Object[])
UnityEditor.EditorAssemblies:ProcessInitializeOnLoadMethodAttributes()

(Filename: C:/Sirenix/Sirenix Solution/Sirenix.OdinInspector.Editor/Validation/Validators/SceneReference.cs Line: 119)

InvalidOperationException: Calling OpenScene Raisefrom assembly reloading callbacks are not supported.
  at (wrapper managed-to-native) UnityEditor.SceneManagement.EditorSceneManager.OpenScene_Injected(string,UnityEditor.SceneManagement.OpenSceneMode,UnityEngine.SceneManagement.Scene&)
  at UnityEditor.SceneManagement.EditorSceneManager.OpenScene (System.String scenePath, UnityEditor.SceneManagement.OpenSceneMode mode) [0x00000] in <63965ae56af7489797f355b7c1211ab2>:0 
  at Sirenix.OdinInspector.Editor.Validation.SceneReference.TryOpenScene (UnityEditor.SceneManagement.OpenSceneMode mode, UnityEngine.SceneManagement.Scene& scene) [0x00017] in C:\Sirenix\Sirenix Solution\Sirenix.OdinInspector.Editor\Validation\Validators\SceneReference.cs:114 
UnityEngine.DebugLogHandler:Internal_LogException(Exception, Object)
UnityEngine.DebugLogHandler:LogException(Exception, Object)
UnityEngine.Logger:LogException(Exception, Object)
UnityEngine.Debug:LogException(Exception)
Sirenix.OdinInspector.Editor.Validation.SceneReference:TryOpenScene(OpenSceneMode, Scene&) (at C:\Sirenix\Sirenix Solution\Sirenix.OdinInspector.Editor\Validation\Validators\SceneReference.cs:119)
Sirenix.OdinValidator.Editor.<ValidateCurrentWorkQueueEnumerator>d__59:MoveNext() (at C:\Sirenix\Sirenix Solution\Sirenix.OdinValidator.Editor\Core\ValidationSession.cs:557)
Sirenix.OdinValidator.Editor.<ValidateEverythingEnumeratorBatched>d__54:MoveNext() (at C:\Sirenix\Sirenix Solution\Sirenix.OdinValidator.Editor\Core\ValidationSession.cs:376)
Sirenix.OdinValidator.Editor.AutomationConfig:RunValidationScan(String, ValidationSetup, Boolean, Action, Boolean, Boolean, Boolean, Boolean, Boolean, Boolean, Boolean, Boolean) (at C:\Sirenix\Sirenix Solution\Sirenix.OdinValidator.Editor\Config\AutomationConfig.cs:305)
Sirenix.OdinValidator.Editor.AutomationConfig:ActuallyInitHooks() (at C:\Sirenix\Sirenix Solution\Sirenix.OdinValidator.Editor\Config\AutomationConfig.cs:186)
Sirenix.OdinValidator.Editor.AutomationConfig:InitHooks() (at C:\Sirenix\Sirenix Solution\Sirenix.OdinValidator.Editor\Config\AutomationConfig.cs:170)
System.Reflection.RuntimeMethodInfo:InternalInvoke(RuntimeMethodInfo, Object, Object[], Exception&)
System.Reflection.RuntimeMethodInfo:Invoke(Object, BindingFlags, Binder, Object[], CultureInfo)
System.Reflection.MethodBase:Invoke(Object, Object[])
UnityEditor.EditorAssemblies:ProcessInitializeOnLoadMethodAttributes()

(Filename: C:/Sirenix/Sirenix Solution/Sirenix.OdinInspector.Editor/Validation/Validators/SceneReference.cs Line: 119)

InvalidOperationException: Calling OpenScene Raisefrom assembly reloading callbacks are not supported.
  at (wrapper managed-to-native) UnityEditor.SceneManagement.EditorSceneManager.OpenScene_Injected(string,UnityEditor.SceneManagement.OpenSceneMode,UnityEngine.SceneManagement.Scene&)
  at UnityEditor.SceneManagement.EditorSceneManager.OpenScene (System.String scenePath, UnityEditor.SceneManagement.OpenSceneMode mode) [0x00000] in <63965ae56af7489797f355b7c1211ab2>:0 
  at Sirenix.OdinInspector.Editor.Validation.SceneReference.TryOpenScene (UnityEditor.SceneManagement.OpenSceneMode mode, UnityEngine.SceneManagement.Scene& scene) [0x00017] in C:\Sirenix\Sirenix Solution\Sirenix.OdinInspector.Editor\Validation\Validators\SceneReference.cs:114 
UnityEngine.DebugLogHandler:Internal_LogException(Exception, Object)
UnityEngine.DebugLogHandler:LogException(Exception, Object)
UnityEngine.Logger:LogException(Exception, Object)
UnityEngine.Debug:LogException(Exception)
Sirenix.OdinInspector.Editor.Validation.SceneReference:TryOpenScene(OpenSceneMode, Scene&) (at C:\Sirenix\Sirenix Solution\Sirenix.OdinInspector.Editor\Validation\Validators\SceneReference.cs:119)
Sirenix.OdinValidator.Editor.<ValidateCurrentWorkQueueEnumerator>d__59:MoveNext() (at C:\Sirenix\Sirenix Solution\Sirenix.OdinValidator.Editor\Core\ValidationSession.cs:557)
Sirenix.OdinValidator.Editor.<ValidateEverythingEnumeratorBatched>d__54:MoveNext() (at C:\Sirenix\Sirenix Solution\Sirenix.OdinValidator.Editor\Core\ValidationSession.cs:376)
Sirenix.OdinValidator.Editor.AutomationConfig:RunValidationScan(String, ValidationSetup, Boolean, Action, Boolean, Boolean, Boolean, Boolean, Boolean, Boolean, Boolean, Boolean) (at C:\Sirenix\Sirenix Solution\Sirenix.OdinValidator.Editor\Config\AutomationConfig.cs:305)
Sirenix.OdinValidator.Editor.AutomationConfig:ActuallyInitHooks() (at C:\Sirenix\Sirenix Solution\Sirenix.OdinValidator.Editor\Config\AutomationConfig.cs:186)
Sirenix.OdinValidator.Editor.AutomationConfig:InitHooks() (at C:\Sirenix\Sirenix Solution\Sirenix.OdinValidator.Editor\Config\AutomationConfig.cs:170)
System.Reflection.RuntimeMethodInfo:InternalInvoke(RuntimeMethodInfo, Object, Object[], Exception&)
System.Reflection.RuntimeMethodInfo:Invoke(Object, BindingFlags, Binder, Object[], CultureInfo)
System.Reflection.MethodBase:Invoke(Object, Object[])
UnityEditor.EditorAssemblies:ProcessInitializeOnLoadMethodAttributes()

(Filename: C:/Sirenix/Sirenix Solution/Sirenix.OdinInspector.Editor/Validation/Validators/SceneReference.cs Line: 119)

InvalidOperationException: Calling OpenScene Raisefrom assembly reloading callbacks are not supported.
  at (wrapper managed-to-native) UnityEditor.SceneManagement.EditorSceneManager.OpenScene_Injected(string,UnityEditor.SceneManagement.OpenSceneMode,UnityEngine.SceneManagement.Scene&)
  at UnityEditor.SceneManagement.EditorSceneManager.OpenScene (System.String scenePath, UnityEditor.SceneManagement.OpenSceneMode mode) [0x00000] in <63965ae56af7489797f355b7c1211ab2>:0 
  at Sirenix.OdinInspector.Editor.Validation.SceneReference.TryOpenScene (UnityEditor.SceneManagement.OpenSceneMode mode, UnityEngine.SceneManagement.Scene& scene) [0x00017] in C:\Sirenix\Sirenix Solution\Sirenix.OdinInspector.Editor\Validation\Validators\SceneReference.cs:114 
UnityEngine.DebugLogHandler:Internal_LogException(Exception, Object)
UnityEngine.DebugLogHandler:LogException(Exception, Object)
UnityEngine.Logger:LogException(Exception, Object)
UnityEngine.Debug:LogException(Exception)
Sirenix.OdinInspector.Editor.Validation.SceneReference:TryOpenScene(OpenSceneMode, Scene&) (at C:\Sirenix\Sirenix Solution\Sirenix.OdinInspector.Editor\Validation\Validators\SceneReference.cs:119)
Sirenix.OdinValidator.Editor.<ValidateCurrentWorkQueueEnumerator>d__59:MoveNext() (at C:\Sirenix\Sirenix Solution\Sirenix.OdinValidator.Editor\Core\ValidationSession.cs:557)
Sirenix.OdinValidator.Editor.<ValidateEverythingEnumeratorBatched>d__54:MoveNext() (at C:\Sirenix\Sirenix Solution\Sirenix.OdinValidator.Editor\Core\ValidationSession.cs:376)
Sirenix.OdinValidator.Editor.AutomationConfig:RunValidationScan(String, ValidationSetup, Boolean, Action, Boolean, Boolean, Boolean, Boolean, Boolean, Boolean, Boolean, Boolean) (at C:\Sirenix\Sirenix Solution\Sirenix.OdinValidator.Editor\Config\AutomationConfig.cs:305)
Sirenix.OdinValidator.Editor.AutomationConfig:ActuallyInitHooks() (at C:\Sirenix\Sirenix Solution\Sirenix.OdinValidator.Editor\Config\AutomationConfig.cs:186)
Sirenix.OdinValidator.Editor.AutomationConfig:InitHooks() (at C:\Sirenix\Sirenix Solution\Sirenix.OdinValidator.Editor\Config\AutomationConfig.cs:170)
System.Reflection.RuntimeMethodInfo:InternalInvoke(RuntimeMethodInfo, Object, Object[], Exception&)
System.Reflection.RuntimeMethodInfo:Invoke(Object, BindingFlags, Binder, Object[], CultureInfo)
System.Reflection.MethodBase:Invoke(Object, Object[])
UnityEditor.EditorAssemblies:ProcessInitializeOnLoadMethodAttributes()

(Filename: C:/Sirenix/Sirenix Solution/Sirenix.OdinInspector.Editor/Validation/Validators/SceneReference.cs Line: 119)

InvalidOperationException: Calling OpenScene Raisefrom assembly reloading callbacks are not supported.
  at (wrapper managed-to-native) UnityEditor.SceneManagement.EditorSceneManager.OpenScene_Injected(string,UnityEditor.SceneManagement.OpenSceneMode,UnityEngine.SceneManagement.Scene&)
  at UnityEditor.SceneManagement.EditorSceneManager.OpenScene (System.String scenePath, UnityEditor.SceneManagement.OpenSceneMode mode) [0x00000] in <63965ae56af7489797f355b7c1211ab2>:0 
  at Sirenix.OdinInspector.Editor.Validation.SceneReference.TryOpenScene (UnityEditor.SceneManagement.OpenSceneMode mode, UnityEngine.SceneManagement.Scene& scene) [0x00017] in C:\Sirenix\Sirenix Solution\Sirenix.OdinInspector.Editor\Validation\Validators\SceneReference.cs:114 
UnityEngine.DebugLogHandler:Internal_LogException(Exception, Object)
UnityEngine.DebugLogHandler:LogException(Exception, Object)
UnityEngine.Logger:LogException(Exception, Object)
UnityEngine.Debug:LogException(Exception)
Sirenix.OdinInspector.Editor.Validation.SceneReference:TryOpenScene(OpenSceneMode, Scene&) (at C:\Sirenix\Sirenix Solution\Sirenix.OdinInspector.Editor\Validation\Validators\SceneReference.cs:119)
Sirenix.OdinValidator.Editor.<ValidateCurrentWorkQueueEnumerator>d__59:MoveNext() (at C:\Sirenix\Sirenix Solution\Sirenix.OdinValidator.Editor\Core\ValidationSession.cs:557)
Sirenix.OdinValidator.Editor.<ValidateEverythingEnumeratorBatched>d__54:MoveNext() (at C:\Sirenix\Sirenix Solution\Sirenix.OdinValidator.Editor\Core\ValidationSession.cs:376)
Sirenix.OdinValidator.Editor.AutomationConfig:RunValidationScan(String, ValidationSetup, Boolean, Action, Boolean, Boolean, Boolean, Boolean, Boolean, Boolean, Boolean, Boolean) (at C:\Sirenix\Sirenix Solution\Sirenix.OdinValidator.Editor\Config\AutomationConfig.cs:305)
Sirenix.OdinValidator.Editor.AutomationConfig:ActuallyInitHooks() (at C:\Sirenix\Sirenix Solution\Sirenix.OdinValidator.Editor\Config\AutomationConfig.cs:186)
Sirenix.OdinValidator.Editor.AutomationConfig:InitHooks() (at C:\Sirenix\Sirenix Solution\Sirenix.OdinValidator.Editor\Config\AutomationConfig.cs:170)
System.Reflection.RuntimeMethodInfo:InternalInvoke(RuntimeMethodInfo, Object, Object[], Exception&)
System.Reflection.RuntimeMethodInfo:Invoke(Object, BindingFlags, Binder, Object[], CultureInfo)
System.Reflection.MethodBase:Invoke(Object, Object[])
UnityEditor.EditorAssemblies:ProcessInitializeOnLoadMethodAttributes()

(Filename: C:/Sirenix/Sirenix Solution/Sirenix.OdinInspector.Editor/Validation/Validators/SceneReference.cs Line: 119)

InvalidOperationException: Calling OpenScene Raisefrom assembly reloading callbacks are not supported.
  at (wrapper managed-to-native) UnityEditor.SceneManagement.EditorSceneManager.OpenScene_Injected(string,UnityEditor.SceneManagement.OpenSceneMode,UnityEngine.SceneManagement.Scene&)
  at UnityEditor.SceneManagement.EditorSceneManager.OpenScene (System.String scenePath, UnityEditor.SceneManagement.OpenSceneMode mode) [0x00000] in <63965ae56af7489797f355b7c1211ab2>:0 
  at Sirenix.OdinInspector.Editor.Validation.SceneReference.TryOpenScene (UnityEditor.SceneManagement.OpenSceneMode mode, UnityEngine.SceneManagement.Scene& scene) [0x00017] in C:\Sirenix\Sirenix Solution\Sirenix.OdinInspector.Editor\Validation\Validators\SceneReference.cs:114 
UnityEngine.DebugLogHandler:Internal_LogException(Exception, Object)
UnityEngine.DebugLogHandler:LogException(Exception, Object)
UnityEngine.Logger:LogException(Exception, Object)
UnityEngine.Debug:LogException(Exception)
Sirenix.OdinInspector.Editor.Validation.SceneReference:TryOpenScene(OpenSceneMode, Scene&) (at C:\Sirenix\Sirenix Solution\Sirenix.OdinInspector.Editor\Validation\Validators\SceneReference.cs:119)
Sirenix.OdinValidator.Editor.<ValidateCurrentWorkQueueEnumerator>d__59:MoveNext() (at C:\Sirenix\Sirenix Solution\Sirenix.OdinValidator.Editor\Core\ValidationSession.cs:557)
Sirenix.OdinValidator.Editor.<ValidateEverythingEnumeratorBatched>d__54:MoveNext() (at C:\Sirenix\Sirenix Solution\Sirenix.OdinValidator.Editor\Core\ValidationSession.cs:376)
Sirenix.OdinValidator.Editor.AutomationConfig:RunValidationScan(String, ValidationSetup, Boolean, Action, Boolean, Boolean, Boolean, Boolean, Boolean, Boolean, Boolean, Boolean) (at C:\Sirenix\Sirenix Solution\Sirenix.OdinValidator.Editor\Config\AutomationConfig.cs:305)
Sirenix.OdinValidator.Editor.AutomationConfig:ActuallyInitHooks() (at C:\Sirenix\Sirenix Solution\Sirenix.OdinValidator.Editor\Config\AutomationConfig.cs:186)
Sirenix.OdinValidator.Editor.AutomationConfig:InitHooks() (at C:\Sirenix\Sirenix Solution\Sirenix.OdinValidator.Editor\Config\AutomationConfig.cs:170)
System.Reflection.RuntimeMethodInfo:InternalInvoke(RuntimeMethodInfo, Object, Object[], Exception&)
System.Reflection.RuntimeMethodInfo:Invoke(Object, BindingFlags, Binder, Object[], CultureInfo)
System.Reflection.MethodBase:Invoke(Object, Object[])
UnityEditor.EditorAssemblies:ProcessInitializeOnLoadMethodAttributes()

(Filename: C:/Sirenix/Sirenix Solution/Sirenix.OdinInspector.Editor/Validation/Validators/SceneReference.cs Line: 119)

InvalidOperationException: Calling OpenScene Raisefrom assembly reloading callbacks are not supported.
  at (wrapper managed-to-native) UnityEditor.SceneManagement.EditorSceneManager.OpenScene_Injected(string,UnityEditor.SceneManagement.OpenSceneMode,UnityEngine.SceneManagement.Scene&)
  at UnityEditor.SceneManagement.EditorSceneManager.OpenScene (System.String scenePath, UnityEditor.SceneManagement.OpenSceneMode mode) [0x00000] in <63965ae56af7489797f355b7c1211ab2>:0 
  at Sirenix.OdinInspector.Editor.Validation.SceneReference.TryOpenScene (UnityEditor.SceneManagement.OpenSceneMode mode, UnityEngine.SceneManagement.Scene& scene) [0x00017] in C:\Sirenix\Sirenix Solution\Sirenix.OdinInspector.Editor\Validation\Validators\SceneReference.cs:114 
UnityEngine.DebugLogHandler:Internal_LogException(Exception, Object)
UnityEngine.DebugLogHandler:LogException(Exception, Object)
UnityEngine.Logger:LogException(Exception, Object)
UnityEngine.Debug:LogException(Exception)
Sirenix.OdinInspector.Editor.Validation.SceneReference:TryOpenScene(OpenSceneMode, Scene&) (at C:\Sirenix\Sirenix Solution\Sirenix.OdinInspector.Editor\Validation\Validators\SceneReference.cs:119)
Sirenix.OdinValidator.Editor.<ValidateCurrentWorkQueueEnumerator>d__59:MoveNext() (at C:\Sirenix\Sirenix Solution\Sirenix.OdinValidator.Editor\Core\ValidationSession.cs:557)
Sirenix.OdinValidator.Editor.<ValidateEverythingEnumeratorBatched>d__54:MoveNext() (at C:\Sirenix\Sirenix Solution\Sirenix.OdinValidator.Editor\Core\ValidationSession.cs:376)
Sirenix.OdinValidator.Editor.AutomationConfig:RunValidationScan(String, ValidationSetup, Boolean, Action, Boolean, Boolean, Boolean, Boolean, Boolean, Boolean, Boolean, Boolean) (at C:\Sirenix\Sirenix Solution\Sirenix.OdinValidator.Editor\Config\AutomationConfig.cs:305)
Sirenix.OdinValidator.Editor.AutomationConfig:ActuallyInitHooks() (at C:\Sirenix\Sirenix Solution\Sirenix.OdinValidator.Editor\Config\AutomationConfig.cs:186)
Sirenix.OdinValidator.Editor.AutomationConfig:InitHooks() (at C:\Sirenix\Sirenix Solution\Sirenix.OdinValidator.Editor\Config\AutomationConfig.cs:170)
System.Reflection.RuntimeMethodInfo:InternalInvoke(RuntimeMethodInfo, Object, Object[], Exception&)
System.Reflection.RuntimeMethodInfo:Invoke(Object, BindingFlags, Binder, Object[], CultureInfo)
System.Reflection.MethodBase:Invoke(Object, Object[])
UnityEditor.EditorAssemblies:ProcessInitializeOnLoadMethodAttributes()

(Filename: C:/Sirenix/Sirenix Solution/Sirenix.OdinInspector.Editor/Validation/Validators/SceneReference.cs Line: 119)

InvalidOperationException: Calling OpenScene Raisefrom assembly reloading callbacks are not supported.
  at (wrapper managed-to-native) UnityEditor.SceneManagement.EditorSceneManager.OpenScene_Injected(string,UnityEditor.SceneManagement.OpenSceneMode,UnityEngine.SceneManagement.Scene&)
  at UnityEditor.SceneManagement.EditorSceneManager.OpenScene (System.String scenePath, UnityEditor.SceneManagement.OpenSceneMode mode) [0x00000] in <63965ae56af7489797f355b7c1211ab2>:0 
  at Sirenix.OdinInspector.Editor.Validation.SceneReference.TryOpenScene (UnityEditor.SceneManagement.OpenSceneMode mode, UnityEngine.SceneManagement.Scene& scene) [0x00017] in C:\Sirenix\Sirenix Solution\Sirenix.OdinInspector.Editor\Validation\Validators\SceneReference.cs:114 
UnityEngine.DebugLogHandler:Internal_LogException(Exception, Object)
UnityEngine.DebugLogHandler:LogException(Exception, Object)
UnityEngine.Logger:LogException(Exception, Object)
UnityEngine.Debug:LogException(Exception)
Sirenix.OdinInspector.Editor.Validation.SceneReference:TryOpenScene(OpenSceneMode, Scene&) (at C:\Sirenix\Sirenix Solution\Sirenix.OdinInspector.Editor\Validation\Validators\SceneReference.cs:119)
Sirenix.OdinValidator.Editor.<ValidateCurrentWorkQueueEnumerator>d__59:MoveNext() (at C:\Sirenix\Sirenix Solution\Sirenix.OdinValidator.Editor\Core\ValidationSession.cs:557)
Sirenix.OdinValidator.Editor.<ValidateEverythingEnumeratorBatched>d__54:MoveNext() (at C:\Sirenix\Sirenix Solution\Sirenix.OdinValidator.Editor\Core\ValidationSession.cs:376)
Sirenix.OdinValidator.Editor.AutomationConfig:RunValidationScan(String, ValidationSetup, Boolean, Action, Boolean, Boolean, Boolean, Boolean, Boolean, Boolean, Boolean, Boolean) (at C:\Sirenix\Sirenix Solution\Sirenix.OdinValidator.Editor\Config\AutomationConfig.cs:305)
Sirenix.OdinValidator.Editor.AutomationConfig:ActuallyInitHooks() (at C:\Sirenix\Sirenix Solution\Sirenix.OdinValidator.Editor\Config\AutomationConfig.cs:186)
Sirenix.OdinValidator.Editor.AutomationConfig:InitHooks() (at C:\Sirenix\Sirenix Solution\Sirenix.OdinValidator.Editor\Config\AutomationConfig.cs:170)
System.Reflection.RuntimeMethodInfo:InternalInvoke(RuntimeMethodInfo, Object, Object[], Exception&)
System.Reflection.RuntimeMethodInfo:Invoke(Object, BindingFlags, Binder, Object[], CultureInfo)
System.Reflection.MethodBase:Invoke(Object, Object[])
UnityEditor.EditorAssemblies:ProcessInitializeOnLoadMethodAttributes()

(Filename: C:/Sirenix/Sirenix Solution/Sirenix.OdinInspector.Editor/Validation/Validators/SceneReference.cs Line: 119)

InvalidOperationException: Calling OpenScene Raisefrom assembly reloading callbacks are not supported.
  at (wrapper managed-to-native) UnityEditor.SceneManagement.EditorSceneManager.OpenScene_Injected(string,UnityEditor.SceneManagement.OpenSceneMode,UnityEngine.SceneManagement.Scene&)
  at UnityEditor.SceneManagement.EditorSceneManager.OpenScene (System.String scenePath, UnityEditor.SceneManagement.OpenSceneMode mode) [0x00000] in <63965ae56af7489797f355b7c1211ab2>:0 
  at Sirenix.OdinInspector.Editor.Validation.SceneReference.TryOpenScene (UnityEditor.SceneManagement.OpenSceneMode mode, UnityEngine.SceneManagement.Scene& scene) [0x00017] in C:\Sirenix\Sirenix Solution\Sirenix.OdinInspector.Editor\Validation\Validators\SceneReference.cs:114 
UnityEngine.DebugLogHandler:Internal_LogException(Exception, Object)
UnityEngine.DebugLogHandler:LogException(Exception, Object)
UnityEngine.Logger:LogException(Exception, Object)
UnityEngine.Debug:LogException(Exception)
Sirenix.OdinInspector.Editor.Validation.SceneReference:TryOpenScene(OpenSceneMode, Scene&) (at C:\Sirenix\Sirenix Solution\Sirenix.OdinInspector.Editor\Validation\Validators\SceneReference.cs:119)
Sirenix.OdinValidator.Editor.<ValidateCurrentWorkQueueEnumerator>d__59:MoveNext() (at C:\Sirenix\Sirenix Solution\Sirenix.OdinValidator.Editor\Core\ValidationSession.cs:557)
Sirenix.OdinValidator.Editor.<ValidateEverythingEnumeratorBatched>d__54:MoveNext() (at C:\Sirenix\Sirenix Solution\Sirenix.OdinValidator.Editor\Core\ValidationSession.cs:376)
Sirenix.OdinValidator.Editor.AutomationConfig:RunValidationScan(String, ValidationSetup, Boolean, Action, Boolean, Boolean, Boolean, Boolean, Boolean, Boolean, Boolean, Boolean) (at C:\Sirenix\Sirenix Solution\Sirenix.OdinValidator.Editor\Config\AutomationConfig.cs:305)
Sirenix.OdinValidator.Editor.AutomationConfig:ActuallyInitHooks() (at C:\Sirenix\Sirenix Solution\Sirenix.OdinValidator.Editor\Config\AutomationConfig.cs:186)
Sirenix.OdinValidator.Editor.AutomationConfig:InitHooks() (at C:\Sirenix\Sirenix Solution\Sirenix.OdinValidator.Editor\Config\AutomationConfig.cs:170)
System.Reflection.RuntimeMethodInfo:InternalInvoke(RuntimeMethodInfo, Object, Object[], Exception&)
System.Reflection.RuntimeMethodInfo:Invoke(Object, BindingFlags, Binder, Object[], CultureInfo)
System.Reflection.MethodBase:Invoke(Object, Object[])
UnityEditor.EditorAssemblies:ProcessInitializeOnLoadMethodAttributes()

(Filename: C:/Sirenix/Sirenix Solution/Sirenix.OdinInspector.Editor/Validation/Validators/SceneReference.cs Line: 119)

InvalidOperationException: Calling OpenScene Raisefrom assembly reloading callbacks are not supported.
  at (wrapper managed-to-native) UnityEditor.SceneManagement.EditorSceneManager.OpenScene_Injected(string,UnityEditor.SceneManagement.OpenSceneMode,UnityEngine.SceneManagement.Scene&)
  at UnityEditor.SceneManagement.EditorSceneManager.OpenScene (System.String scenePath, UnityEditor.SceneManagement.OpenSceneMode mode) [0x00000] in <63965ae56af7489797f355b7c1211ab2>:0 
  at Sirenix.OdinInspector.Editor.Validation.SceneReference.TryOpenScene (UnityEditor.SceneManagement.OpenSceneMode mode, UnityEngine.SceneManagement.Scene& scene) [0x00017] in C:\Sirenix\Sirenix Solution\Sirenix.OdinInspector.Editor\Validation\Validators\SceneReference.cs:114 
UnityEngine.DebugLogHandler:Internal_LogException(Exception, Object)
UnityEngine.DebugLogHandler:LogException(Exception, Object)
UnityEngine.Logger:LogException(Exception, Object)
UnityEngine.Debug:LogException(Exception)
Sirenix.OdinInspector.Editor.Validation.SceneReference:TryOpenScene(OpenSceneMode, Scene&) (at C:\Sirenix\Sirenix Solution\Sirenix.OdinInspector.Editor\Validation\Validators\SceneReference.cs:119)
Sirenix.OdinValidator.Editor.<ValidateCurrentWorkQueueEnumerator>d__59:MoveNext() (at C:\Sirenix\Sirenix Solution\Sirenix.OdinValidator.Editor\Core\ValidationSession.cs:557)
Sirenix.OdinValidator.Editor.<ValidateEverythingEnumeratorBatched>d__54:MoveNext() (at C:\Sirenix\Sirenix Solution\Sirenix.OdinValidator.Editor\Core\ValidationSession.cs:376)
Sirenix.OdinValidator.Editor.AutomationConfig:RunValidationScan(String, ValidationSetup, Boolean, Action, Boolean, Boolean, Boolean, Boolean, Boolean, Boolean, Boolean, Boolean) (at C:\Sirenix\Sirenix Solution\Sirenix.OdinValidator.Editor\Config\AutomationConfig.cs:305)
Sirenix.OdinValidator.Editor.AutomationConfig:ActuallyInitHooks() (at C:\Sirenix\Sirenix Solution\Sirenix.OdinValidator.Editor\Config\AutomationConfig.cs:186)
Sirenix.OdinValidator.Editor.AutomationConfig:InitHooks() (at C:\Sirenix\Sirenix Solution\Sirenix.OdinValidator.Editor\Config\AutomationConfig.cs:170)
System.Reflection.RuntimeMethodInfo:InternalInvoke(RuntimeMethodInfo, Object, Object[], Exception&)
System.Reflection.RuntimeMethodInfo:Invoke(Object, BindingFlags, Binder, Object[], CultureInfo)
System.Reflection.MethodBase:Invoke(Object, Object[])
UnityEditor.EditorAssemblies:ProcessInitializeOnLoadMethodAttributes()

(Filename: C:/Sirenix/Sirenix Solution/Sirenix.OdinInspector.Editor/Validation/Validators/SceneReference.cs Line: 119)

InvalidOperationException: Calling OpenScene Raisefrom assembly reloading callbacks are not supported.
  at (wrapper managed-to-native) UnityEditor.SceneManagement.EditorSceneManager.OpenScene_Injected(string,UnityEditor.SceneManagement.OpenSceneMode,UnityEngine.SceneManagement.Scene&)
  at UnityEditor.SceneManagement.EditorSceneManager.OpenScene (System.String scenePath, UnityEditor.SceneManagement.OpenSceneMode mode) [0x00000] in <63965ae56af7489797f355b7c1211ab2>:0 
  at Sirenix.OdinInspector.Editor.Validation.SceneReference.TryOpenScene (UnityEditor.SceneManagement.OpenSceneMode mode, UnityEngine.SceneManagement.Scene& scene) [0x00017] in C:\Sirenix\Sirenix Solution\Sirenix.OdinInspector.Editor\Validation\Validators\SceneReference.cs:114 
UnityEngine.DebugLogHandler:Internal_LogException(Exception, Object)
UnityEngine.DebugLogHandler:LogException(Exception, Object)
UnityEngine.Logger:LogException(Exception, Object)
UnityEngine.Debug:LogException(Exception)
Sirenix.OdinInspector.Editor.Validation.SceneReference:TryOpenScene(OpenSceneMode, Scene&) (at C:\Sirenix\Sirenix Solution\Sirenix.OdinInspector.Editor\Validation\Validators\SceneReference.cs:119)
Sirenix.OdinValidator.Editor.<ValidateCurrentWorkQueueEnumerator>d__59:MoveNext() (at C:\Sirenix\Sirenix Solution\Sirenix.OdinValidator.Editor\Core\ValidationSession.cs:557)
Sirenix.OdinValidator.Editor.<ValidateEverythingEnumeratorBatched>d__54:MoveNext() (at C:\Sirenix\Sirenix Solution\Sirenix.OdinValidator.Editor\Core\ValidationSession.cs:376)
Sirenix.OdinValidator.Editor.AutomationConfig:RunValidationScan(String, ValidationSetup, Boolean, Action, Boolean, Boolean, Boolean, Boolean, Boolean, Boolean, Boolean, Boolean) (at C:\Sirenix\Sirenix Solution\Sirenix.OdinValidator.Editor\Config\AutomationConfig.cs:305)
Sirenix.OdinValidator.Editor.AutomationConfig:ActuallyInitHooks() (at C:\Sirenix\Sirenix Solution\Sirenix.OdinValidator.Editor\Config\AutomationConfig.cs:186)
Sirenix.OdinValidator.Editor.AutomationConfig:InitHooks() (at C:\Sirenix\Sirenix Solution\Sirenix.OdinValidator.Editor\Config\AutomationConfig.cs:170)
System.Reflection.RuntimeMethodInfo:InternalInvoke(RuntimeMethodInfo, Object, Object[], Exception&)
System.Reflection.RuntimeMethodInfo:Invoke(Object, BindingFlags, Binder, Object[], CultureInfo)
System.Reflection.MethodBase:Invoke(Object, Object[])
UnityEditor.EditorAssemblies:ProcessInitializeOnLoadMethodAttributes()

(Filename: C:/Sirenix/Sirenix Solution/Sirenix.OdinInspector.Editor/Validation/Validators/SceneReference.cs Line: 119)

InvalidOperationException: Calling OpenScene Raisefrom assembly reloading callbacks are not supported.
  at (wrapper managed-to-native) UnityEditor.SceneManagement.EditorSceneManager.OpenScene_Injected(string,UnityEditor.SceneManagement.OpenSceneMode,UnityEngine.SceneManagement.Scene&)
  at UnityEditor.SceneManagement.EditorSceneManager.OpenScene (System.String scenePath, UnityEditor.SceneManagement.OpenSceneMode mode) [0x00000] in <63965ae56af7489797f355b7c1211ab2>:0 
  at Sirenix.OdinInspector.Editor.Validation.SceneReference.TryOpenScene (UnityEditor.SceneManagement.OpenSceneMode mode, UnityEngine.SceneManagement.Scene& scene) [0x00017] in C:\Sirenix\Sirenix Solution\Sirenix.OdinInspector.Editor\Validation\Validators\SceneReference.cs:114 
UnityEngine.DebugLogHandler:Internal_LogException(Exception, Object)
UnityEngine.DebugLogHandler:LogException(Exception, Object)
UnityEngine.Logger:LogException(Exception, Object)
UnityEngine.Debug:LogException(Exception)
Sirenix.OdinInspector.Editor.Validation.SceneReference:TryOpenScene(OpenSceneMode, Scene&) (at C:\Sirenix\Sirenix Solution\Sirenix.OdinInspector.Editor\Validation\Validators\SceneReference.cs:119)
Sirenix.OdinValidator.Editor.<ValidateCurrentWorkQueueEnumerator>d__59:MoveNext() (at C:\Sirenix\Sirenix Solution\Sirenix.OdinValidator.Editor\Core\ValidationSession.cs:557)
Sirenix.OdinValidator.Editor.<ValidateEverythingEnumeratorBatched>d__54:MoveNext() (at C:\Sirenix\Sirenix Solution\Sirenix.OdinValidator.Editor\Core\ValidationSession.cs:376)
Sirenix.OdinValidator.Editor.AutomationConfig:RunValidationScan(String, ValidationSetup, Boolean, Action, Boolean, Boolean, Boolean, Boolean, Boolean, Boolean, Boolean, Boolean) (at C:\Sirenix\Sirenix Solution\Sirenix.OdinValidator.Editor\Config\AutomationConfig.cs:305)
Sirenix.OdinValidator.Editor.AutomationConfig:ActuallyInitHooks() (at C:\Sirenix\Sirenix Solution\Sirenix.OdinValidator.Editor\Config\AutomationConfig.cs:186)
Sirenix.OdinValidator.Editor.AutomationConfig:InitHooks() (at C:\Sirenix\Sirenix Solution\Sirenix.OdinValidator.Editor\Config\AutomationConfig.cs:170)
System.Reflection.RuntimeMethodInfo:InternalInvoke(RuntimeMethodInfo, Object, Object[], Exception&)
System.Reflection.RuntimeMethodInfo:Invoke(Object, BindingFlags, Binder, Object[], CultureInfo)
System.Reflection.MethodBase:Invoke(Object, Object[])
UnityEditor.EditorAssemblies:ProcessInitializeOnLoadMethodAttributes()

(Filename: C:/Sirenix/Sirenix Solution/Sirenix.OdinInspector.Editor/Validation/Validators/SceneReference.cs Line: 119)

InvalidOperationException: Calling OpenScene Raisefrom assembly reloading callbacks are not supported.
  at (wrapper managed-to-native) UnityEditor.SceneManagement.EditorSceneManager.OpenScene_Injected(string,UnityEditor.SceneManagement.OpenSceneMode,UnityEngine.SceneManagement.Scene&)
  at UnityEditor.SceneManagement.EditorSceneManager.OpenScene (System.String scenePath, UnityEditor.SceneManagement.OpenSceneMode mode) [0x00000] in <63965ae56af7489797f355b7c1211ab2>:0 
  at Sirenix.OdinInspector.Editor.Validation.SceneReference.TryOpenScene (UnityEditor.SceneManagement.OpenSceneMode mode, UnityEngine.SceneManagement.Scene& scene) [0x00017] in C:\Sirenix\Sirenix Solution\Sirenix.OdinInspector.Editor\Validation\Validators\SceneReference.cs:114 
UnityEngine.DebugLogHandler:Internal_LogException(Exception, Object)
UnityEngine.DebugLogHandler:LogException(Exception, Object)
UnityEngine.Logger:LogException(Exception, Object)
UnityEngine.Debug:LogException(Exception)
Sirenix.OdinInspector.Editor.Validation.SceneReference:TryOpenScene(OpenSceneMode, Scene&) (at C:\Sirenix\Sirenix Solution\Sirenix.OdinInspector.Editor\Validation\Validators\SceneReference.cs:119)
Sirenix.OdinValidator.Editor.<ValidateCurrentWorkQueueEnumerator>d__59:MoveNext() (at C:\Sirenix\Sirenix Solution\Sirenix.OdinValidator.Editor\Core\ValidationSession.cs:557)
Sirenix.OdinValidator.Editor.<ValidateEverythingEnumeratorBatched>d__54:MoveNext() (at C:\Sirenix\Sirenix Solution\Sirenix.OdinValidator.Editor\Core\ValidationSession.cs:376)
Sirenix.OdinValidator.Editor.AutomationConfig:RunValidationScan(String, ValidationSetup, Boolean, Action, Boolean, Boolean, Boolean, Boolean, Boolean, Boolean, Boolean, Boolean) (at C:\Sirenix\Sirenix Solution\Sirenix.OdinValidator.Editor\Config\AutomationConfig.cs:305)
Sirenix.OdinValidator.Editor.AutomationConfig:ActuallyInitHooks() (at C:\Sirenix\Sirenix Solution\Sirenix.OdinValidator.Editor\Config\AutomationConfig.cs:186)
Sirenix.OdinValidator.Editor.AutomationConfig:InitHooks() (at C:\Sirenix\Sirenix Solution\Sirenix.OdinValidator.Editor\Config\AutomationConfig.cs:170)
System.Reflection.RuntimeMethodInfo:InternalInvoke(RuntimeMethodInfo, Object, Object[], Exception&)
System.Reflection.RuntimeMethodInfo:Invoke(Object, BindingFlags, Binder, Object[], CultureInfo)
System.Reflection.MethodBase:Invoke(Object, Object[])
UnityEditor.EditorAssemblies:ProcessInitializeOnLoadMethodAttributes()

(Filename: C:/Sirenix/Sirenix Solution/Sirenix.OdinInspector.Editor/Validation/Validators/SceneReference.cs Line: 119)

Completed validating 11 values in 0.2817846 seconds.
UnityEngine.StackTraceUtility:ExtractStackTrace ()
UnityEngine.DebugLogHandler:LogFormat (UnityEngine.LogType,UnityEngine.Object,string,object[])
UnityEngine.Logger:Log (UnityEngine.LogType,object)
UnityEngine.Debug:Log (object)
Sirenix.OdinValidator.Editor.ValidationSession/<ValidateEverythingEnumeratorBatched>d__54:<>m__Finally1 () (at C:/Sirenix/Sirenix Solution/Sirenix.OdinValidator.Editor/Core/ValidationSession.cs:433)
Sirenix.OdinValidator.Editor.ValidationSession/<ValidateEverythingEnumeratorBatched>d__54:System.IDisposable.Dispose ()
Sirenix.OdinValidator.Editor.AutomationConfig:RunValidationScan (string,Sirenix.OdinValidator.Editor.AutomationConfig/ValidationSetup,bool,System.Action,bool,bool,bool,bool,bool,bool,bool,bool) (at C:/Sirenix/Sirenix Solution/Sirenix.OdinValidator.Editor/Config/AutomationConfig.cs:305)
Sirenix.OdinValidator.Editor.AutomationConfig:ActuallyInitHooks () (at C:/Sirenix/Sirenix Solution/Sirenix.OdinValidator.Editor/Config/AutomationConfig.cs:186)
Sirenix.OdinValidator.Editor.AutomationConfig:InitHooks () (at C:/Sirenix/Sirenix Solution/Sirenix.OdinValidator.Editor/Config/AutomationConfig.cs:170)
System.Reflection.RuntimeMethodInfo:Invoke (object,System.Reflection.BindingFlags,System.Reflection.Binder,object[],System.Globalization.CultureInfo)
System.Reflection.MethodBase:Invoke (object,object[])
UnityEditor.EditorAssemblies:ProcessInitializeOnLoadMethodAttributes ()

(Filename: C:/Sirenix/Sirenix Solution/Sirenix.OdinValidator.Editor/Core/ValidationSession.cs Line: 433)

Mono: successfully reloaded assembly
- Completed reload, in  1.934 seconds
Domain Reload Profiling:
	ReloadAssembly (1935ms)
		BeginReloadAssembly (223ms)
			ExecutionOrderSort (0ms)
			DisableScriptedObjects (5ms)
			BackupInstance (0ms)
			ReleaseScriptingObjects (0ms)
			CreateAndSetChildDomain (128ms)
		EndReloadAssembly (1604ms)
			LoadAssemblies (105ms)
			RebuildTransferFunctionScriptingTraits (0ms)
			SetupTypeCache (260ms)
			ReleaseScriptCaches (1ms)
			RebuildScriptCaches (69ms)
			SetupLoadedEditorAssemblies (1136ms)
				LogAssemblyErrors (0ms)
				InitializePlatformSupportModulesInManaged (13ms)
				SetLoadedEditorAssemblies (0ms)
				RefreshPlugins (72ms)
				BeforeProcessingInitializeOnLoad (93ms)
				ProcessInitializeOnLoadAttributes (504ms)
				ProcessInitializeOnLoadMethodAttributes (451ms)
				AfterProcessingInitializeOnLoad (2ms)
				EditorAssembliesLoaded (0ms)
			ExecutionOrderSort2 (0ms)
			AwakeInstancesAfterBackupRestoration (6ms)
Platform modules already initialized, skipping
========================================================================
Worker process is ready to serve import requests
Launched and connected shader compiler UnityShaderCompiler.exe after 0.04 seconds
Refreshing native plugins compatible for Editor in 1.82 ms, found 2 plugins.
Preloading 0 native plugins for Editor in 0.00 ms.
Unloading 4539 Unused Serialized files (Serialized files now loaded: 0)
Unloading 129 unused Assets / (1.6 MB). Loaded Objects now: 5016.
Memory consumption went from 294.2 MB to 292.6 MB.
Total: 23.517100 ms (FindLiveObjects: 0.537500 ms CreateObjectMapping: 0.649900 ms MarkObjects: 21.909400 ms  DeleteObjects: 0.419000 ms)

Unloading 0 Unused Serialized files (Serialized files now loaded: 0)
Unloading 0 unused Assets / (1.5 MB). Loaded Objects now: 5016.
Memory consumption went from 292.5 MB to 291.0 MB.
Total: 21.882300 ms (FindLiveObjects: 0.444100 ms CreateObjectMapping: 0.400000 ms MarkObjects: 20.956800 ms  DeleteObjects: 0.080000 ms)

AssetImportParameters requested are different than current active one (requested -> active):
  custom:video-decoder-ogg-theora: a1e56fd34408186e4bbccfd4996cb3dc -> 
  custom:container-muxer-webm: aa71ff27fc2769a1b78a27578f13a17b -> 
  custom:container-demuxer-webm: 4f35f7cbe854078d1ac9338744f61a02 -> 
  custom:video-encoder-webm-vp8: eb34c28f22e8b96e1ab97ce403110664 -> 
  custom:video-codec-MediaFoundation-h265: 746d11721c4dcdbdad8f713fa42b33f4 -> 
  custom:audio-encoder-webm-vorbis: bf7c407c2cedff20999df2af8eb42d56 -> 
  custom:framework-win-MediaFoundation: 216162199b28c13a410421893ffa2e32 -> 
  custom:container-demuxer-ogg: 62fdf1f143b41e24485cea50d1cbac27 -> 
  custom:video-decoder-webm-vp8: 9c59270c3fd7afecdb556c50c9e8de78 -> 
  custom:audio-decoder-ogg-vorbis: bf7c407c2cedff20999df2af8eb42d56 -> 
========================================================================
Received Import Request.
  Time since last request: 26878.150547 seconds.
  path: Assets/Recursos/Dark UI/New Icons/White Controls.png
  artifactKey: Guid(baeb018aa1f4d7d47beb433793486c76) Importer(815301076,1909f56bfc062723c751e8b465ee728b)
Start importing Assets/Recursos/Dark UI/New Icons/White Controls.png using Guid(baeb018aa1f4d7d47beb433793486c76) Importer(815301076,1909f56bfc062723c751e8b465ee728b)  -> (artifact id: '54a06607d69af3ed1b4b61b6c134f0d7') in 0.170028 seconds 
========================================================================
Received Import Request.
  Time since last request: 0.000018 seconds.
  path: Assets/Recursos/Dark UI/New Icons/White Crown 1.png
  artifactKey: Guid(d46c9ba111b274d4c906685a3f86b6af) Importer(815301076,1909f56bfc062723c751e8b465ee728b)
Start importing Assets/Recursos/Dark UI/New Icons/White Crown 1.png using Guid(d46c9ba111b274d4c906685a3f86b6af) Importer(815301076,1909f56bfc062723c751e8b465ee728b)  -> (artifact id: 'e0620df0c61fd2ae2b464c93e3e2b124') in 0.031363 seconds 
========================================================================
Received Import Request.
  Time since last request: 0.000037 seconds.
  path: Assets/Recursos/Dark UI/New Icons/White Device Vibration.png
  artifactKey: Guid(ddff5c531fde7eb4da016e8783618b28) Importer(815301076,1909f56bfc062723c751e8b465ee728b)
Start importing Assets/Recursos/Dark UI/New Icons/White Device Vibration.png using Guid(ddff5c531fde7eb4da016e8783618b28) Importer(815301076,1909f56bfc062723c751e8b465ee728b)  -> (artifact id: '2b4d2b0f63268bae8328ed9be80897d6') in 0.033155 seconds 
========================================================================
Received Import Request.
  Time since last request: 0.000017 seconds.
  path: Assets/Recursos/Dark UI/New Icons/White DropDown.png
  artifactKey: Guid(a4ef5a9e4bbba9d489d341e91123f518) Importer(815301076,1909f56bfc062723c751e8b465ee728b)
Start importing Assets/Recursos/Dark UI/New Icons/White DropDown.png using Guid(a4ef5a9e4bbba9d489d341e91123f518) Importer(815301076,1909f56bfc062723c751e8b465ee728b)  -> (artifact id: 'a5f7d88ab458e12bf309e480f21b50f8') in 0.034789 seconds 
========================================================================
Received Import Request.
  Time since last request: 0.000019 seconds.
  path: Assets/Recursos/Dark UI/New Icons/White Cross Swords.png
  artifactKey: Guid(3913229a660ff0f4e842bbb278a76672) Importer(815301076,1909f56bfc062723c751e8b465ee728b)
Start importing Assets/Recursos/Dark UI/New Icons/White Cross Swords.png using Guid(3913229a660ff0f4e842bbb278a76672) Importer(815301076,1909f56bfc062723c751e8b465ee728b)  -> (artifact id: '3e47a055837c43f088345e1fe77ac2aa') in 0.036763 seconds 
========================================================================
Received Import Request.
  Time since last request: 0.000028 seconds.
  path: Assets/Recursos/Dark UI/New Icons/White Cross Arows.png
  artifactKey: Guid(033b53303ba57294d8c7ed106be23d97) Importer(815301076,1909f56bfc062723c751e8b465ee728b)
Start importing Assets/Recursos/Dark UI/New Icons/White Cross Arows.png using Guid(033b53303ba57294d8c7ed106be23d97) Importer(815301076,1909f56bfc062723c751e8b465ee728b)  -> (artifact id: '016fafacfcec1b6b7c475807ba392df9') in 0.033293 seconds 
========================================================================
Received Import Request.
  Time since last request: 0.753112 seconds.
  path: Assets/Recursos/Dark UI/New Icons/White Energy.png
  artifactKey: Guid(9b03d0e2a9247694d920c0e8d27668d6) Importer(815301076,1909f56bfc062723c751e8b465ee728b)
Start importing Assets/Recursos/Dark UI/New Icons/White Energy.png using Guid(9b03d0e2a9247694d920c0e8d27668d6) Importer(815301076,1909f56bfc062723c751e8b465ee728b)  -> (artifact id: '41c1892eec0cb4960c5bebe796eeeeee') in 0.031307 seconds 
========================================================================
Received Import Request.
  Time since last request: 0.000021 seconds.
  path: Assets/Recursos/Dark UI/New Icons/White Gem 2.png
  artifactKey: Guid(d51bf16180dfdf3418a9d16a2d857e6b) Importer(815301076,1909f56bfc062723c751e8b465ee728b)
Start importing Assets/Recursos/Dark UI/New Icons/White Gem 2.png using Guid(d51bf16180dfdf3418a9d16a2d857e6b) Importer(815301076,1909f56bfc062723c751e8b465ee728b)  -> (artifact id: 'd937ab9744b9ea6816910b535636238c') in 0.029033 seconds 
========================================================================
Received Import Request.
  Time since last request: 0.000018 seconds.
  path: Assets/Recursos/Dark UI/New Icons/White Gun.png
  artifactKey: Guid(6f96056f07249b54c9829d5de7c61021) Importer(815301076,1909f56bfc062723c751e8b465ee728b)
Start importing Assets/Recursos/Dark UI/New Icons/White Gun.png using Guid(6f96056f07249b54c9829d5de7c61021) Importer(815301076,1909f56bfc062723c751e8b465ee728b)  -> (artifact id: '6a7cb4112dce25212bb00e541759f7ef') in 0.028586 seconds 
========================================================================
Received Import Request.
  Time since last request: 0.000018 seconds.
  path: Assets/Recursos/Dark UI/New Icons/White Forward.png
  artifactKey: Guid(097d531661742334fa8fa4dde46ff6b9) Importer(815301076,1909f56bfc062723c751e8b465ee728b)
Start importing Assets/Recursos/Dark UI/New Icons/White Forward.png using Guid(097d531661742334fa8fa4dde46ff6b9) Importer(815301076,1909f56bfc062723c751e8b465ee728b)  -> (artifact id: '58c88376d586d3c65a9ca987cfed2a22') in 0.027808 seconds 
========================================================================
Received Import Request.
  Time since last request: 0.000023 seconds.
  path: Assets/Recursos/Dark UI/New Icons/White Information.png
  artifactKey: Guid(46712e23d71a3994d906c3660e5f528c) Importer(815301076,1909f56bfc062723c751e8b465ee728b)
Start importing Assets/Recursos/Dark UI/New Icons/White Information.png using Guid(46712e23d71a3994d906c3660e5f528c) Importer(815301076,1909f56bfc062723c751e8b465ee728b)  -> (artifact id: '1a18efd6ab452d33ec0b61be8ea47a58') in 0.026089 seconds 
========================================================================
Received Import Request.
  Time since last request: 0.000021 seconds.
  path: Assets/Recursos/Dark UI/New Icons/White Fish 2.png
  artifactKey: Guid(4ed054b89ed50074cbc9fc2e896ab9a5) Importer(815301076,1909f56bfc062723c751e8b465ee728b)
Start importing Assets/Recursos/Dark UI/New Icons/White Fish 2.png using Guid(4ed054b89ed50074cbc9fc2e896ab9a5) Importer(815301076,1909f56bfc062723c751e8b465ee728b)  -> (artifact id: '77b0ec6e51111de0367de81ad6cc8b40') in 0.027016 seconds 
========================================================================
Received Import Request.
  Time since last request: 0.000017 seconds.
  path: Assets/Recursos/Dark UI/New Icons/White Gear 1.png
  artifactKey: Guid(4b94d7f6694c89540b680526f83dcfdc) Importer(815301076,1909f56bfc062723c751e8b465ee728b)
Start importing Assets/Recursos/Dark UI/New Icons/White Gear 1.png using Guid(4b94d7f6694c89540b680526f83dcfdc) Importer(815301076,1909f56bfc062723c751e8b465ee728b)  -> (artifact id: '84e17210244e68f0b7bd4c80cd7d1f84') in 0.027513 seconds 
========================================================================
Received Import Request.
  Time since last request: 0.000015 seconds.
  path: Assets/Recursos/Dark UI/New Icons/White Link.png
  artifactKey: Guid(c184c23d6a6a4284e966e60b5449887a) Importer(815301076,1909f56bfc062723c751e8b465ee728b)
Start importing Assets/Recursos/Dark UI/New Icons/White Link.png using Guid(c184c23d6a6a4284e966e60b5449887a) Importer(815301076,1909f56bfc062723c751e8b465ee728b)  -> (artifact id: '62ceec08a5888ec1dd8926b43b28fd44') in 0.029823 seconds 
========================================================================
Received Import Request.
  Time since last request: 0.000019 seconds.
  path: Assets/Recursos/Dark UI/New Icons/White Gem 1.png
  artifactKey: Guid(228d69029e457c443a5eb0f973e92089) Importer(815301076,1909f56bfc062723c751e8b465ee728b)
Start importing Assets/Recursos/Dark UI/New Icons/White Gem 1.png using Guid(228d69029e457c443a5eb0f973e92089) Importer(815301076,1909f56bfc062723c751e8b465ee728b)  -> (artifact id: 'cc904aa2dd951f5b215024a679ec564b') in 0.029171 seconds 
========================================================================
Received Import Request.
  Time since last request: 0.000016 seconds.
  path: Assets/Recursos/Dark UI/New Icons/White Infinite Symbol.png
  artifactKey: Guid(99bb95cd1d5a33244be1710d440a5d50) Importer(815301076,1909f56bfc062723c751e8b465ee728b)
Start importing Assets/Recursos/Dark UI/New Icons/White Infinite Symbol.png using Guid(99bb95cd1d5a33244be1710d440a5d50) Importer(815301076,1909f56bfc062723c751e8b465ee728b)  -> (artifact id: 'e6568414405cc364babc94805fe911f6') in 0.032439 seconds 
========================================================================
Received Import Request.
  Time since last request: 0.000024 seconds.
  path: Assets/Recursos/Dark UI/New Icons/White Gift.png
  artifactKey: Guid(0a9348ff9de6b7c4db0399ea17e32017) Importer(815301076,1909f56bfc062723c751e8b465ee728b)
Start importing Assets/Recursos/Dark UI/New Icons/White Gift.png using Guid(0a9348ff9de6b7c4db0399ea17e32017) Importer(815301076,1909f56bfc062723c751e8b465ee728b)  -> (artifact id: '11d4364419cc77f9721dc91b742267a5') in 0.029789 seconds 
========================================================================
Received Import Request.
  Time since last request: 0.000025 seconds.
  path: Assets/Recursos/Dark UI/New Icons/White Hammer 2.png
  artifactKey: Guid(e9eb87fd4962a704faf3ec8c2912c635) Importer(815301076,1909f56bfc062723c751e8b465ee728b)
Start importing Assets/Recursos/Dark UI/New Icons/White Hammer 2.png using Guid(e9eb87fd4962a704faf3ec8c2912c635) Importer(815301076,1909f56bfc062723c751e8b465ee728b)  -> (artifact id: '361512ce39d2faddb41a4fae0f26c6ee') in 0.037841 seconds 
========================================================================
Received Import Request.
  Time since last request: 0.000029 seconds.
  path: Assets/Recursos/Dark UI/New Icons/White Left.png
  artifactKey: Guid(594213794742f464abbdfe38f0fdcaf6) Importer(815301076,1909f56bfc062723c751e8b465ee728b)
Start importing Assets/Recursos/Dark UI/New Icons/White Left.png using Guid(594213794742f464abbdfe38f0fdcaf6) Importer(815301076,1909f56bfc062723c751e8b465ee728b)  -> (artifact id: '5615ba043e2a39d1fedff31cc980d816') in 0.027564 seconds 
========================================================================
Received Import Request.
  Time since last request: 0.000020 seconds.
  path: Assets/Recursos/Dark UI/New Icons/White Feather.png
  artifactKey: Guid(5827327d95b75294ba5cde457a00ac62) Importer(815301076,1909f56bfc062723c751e8b465ee728b)
Start importing Assets/Recursos/Dark UI/New Icons/White Feather.png using Guid(5827327d95b75294ba5cde457a00ac62) Importer(815301076,1909f56bfc062723c751e8b465ee728b)  -> (artifact id: '92fa0244eb8fae891ddae04934ced032') in 0.030851 seconds 
========================================================================
Received Import Request.
  Time since last request: 0.000018 seconds.
  path: Assets/Recursos/Dark UI/New Icons/White Gun 2.png
  artifactKey: Guid(7715a24bf5febe24aabc3b995d76ee6d) Importer(815301076,1909f56bfc062723c751e8b465ee728b)
Start importing Assets/Recursos/Dark UI/New Icons/White Gun 2.png using Guid(7715a24bf5febe24aabc3b995d76ee6d) Importer(815301076,1909f56bfc062723c751e8b465ee728b)  -> (artifact id: '69e9722af7fab28b59116263ee52403c') in 0.031165 seconds 
========================================================================
Received Import Request.
  Time since last request: 0.000023 seconds.
  path: Assets/Recursos/Dark UI/New Icons/White Horse Shoe.png
  artifactKey: Guid(2b572e084229b8c43b8422ecc261c484) Importer(815301076,1909f56bfc062723c751e8b465ee728b)
Start importing Assets/Recursos/Dark UI/New Icons/White Horse Shoe.png using Guid(2b572e084229b8c43b8422ecc261c484) Importer(815301076,1909f56bfc062723c751e8b465ee728b)  -> (artifact id: '2087d8a38a066eb0086241fcbae44d1e') in 0.029596 seconds 
========================================================================
Received Import Request.
  Time since last request: 0.000016 seconds.
  path: Assets/Recursos/Dark UI/New Icons/White Friends.png
  artifactKey: Guid(9e0254e4371b102419781fb0aeb42a17) Importer(815301076,1909f56bfc062723c751e8b465ee728b)
Start importing Assets/Recursos/Dark UI/New Icons/White Friends.png using Guid(9e0254e4371b102419781fb0aeb42a17) Importer(815301076,1909f56bfc062723c751e8b465ee728b)  -> (artifact id: 'd49ab09bef7b4268fcd020f852c512e4') in 0.030152 seconds 
========================================================================
Received Import Request.
  Time since last request: 0.000017 seconds.
  path: Assets/Recursos/Dark UI/New Icons/White Home.png
  artifactKey: Guid(83c65dcb40aa76c4c83e56e61f0fa50a) Importer(815301076,1909f56bfc062723c751e8b465ee728b)
Start importing Assets/Recursos/Dark UI/New Icons/White Home.png using Guid(83c65dcb40aa76c4c83e56e61f0fa50a) Importer(815301076,1909f56bfc062723c751e8b465ee728b)  -> (artifact id: '60e88c15785ca927d1901971c16d8ada') in 0.029486 seconds 
========================================================================
Received Import Request.
  Time since last request: 0.000024 seconds.
  path: Assets/Recursos/Dark UI/New Icons/White Folder.png
  artifactKey: Guid(cdb651cb1bd63fe42ba8ce7c3d2ab8e1) Importer(815301076,1909f56bfc062723c751e8b465ee728b)
Start importing Assets/Recursos/Dark UI/New Icons/White Folder.png using Guid(cdb651cb1bd63fe42ba8ce7c3d2ab8e1) Importer(815301076,1909f56bfc062723c751e8b465ee728b)  -> (artifact id: 'e9311fb2f19949637b1636bee9acf20b') in 0.030738 seconds 
========================================================================
Received Import Request.
  Time since last request: 0.000034 seconds.
  path: Assets/Recursos/Dark UI/New Icons/White Flow Sysmbol.png
  artifactKey: Guid(c6d46eb39cf9ea0478439055ee01b726) Importer(815301076,1909f56bfc062723c751e8b465ee728b)
Start importing Assets/Recursos/Dark UI/New Icons/White Flow Sysmbol.png using Guid(c6d46eb39cf9ea0478439055ee01b726) Importer(815301076,1909f56bfc062723c751e8b465ee728b)  -> (artifact id: '5ff8dcfd63d7232f109f550166c92fc4') in 0.032037 seconds 
========================================================================
Received Import Request.
  Time since last request: 0.000020 seconds.
  path: Assets/Recursos/Dark UI/New Icons/White Layers Round.png
  artifactKey: Guid(3084343a249bfc843a73a93266c25310) Importer(815301076,1909f56bfc062723c751e8b465ee728b)
Start importing Assets/Recursos/Dark UI/New Icons/White Layers Round.png using Guid(3084343a249bfc843a73a93266c25310) Importer(815301076,1909f56bfc062723c751e8b465ee728b)  -> (artifact id: '2b80229e35c9002f145873a8912e10b6') in 0.031873 seconds 
========================================================================
Received Import Request.
  Time since last request: 0.000023 seconds.
  path: Assets/Recursos/Dark UI/New Icons/White Fish 1.png
  artifactKey: Guid(1428e5efa3ec7b04c82a6a89209d8b2d) Importer(815301076,1909f56bfc062723c751e8b465ee728b)
Start importing Assets/Recursos/Dark UI/New Icons/White Fish 1.png using Guid(1428e5efa3ec7b04c82a6a89209d8b2d) Importer(815301076,1909f56bfc062723c751e8b465ee728b)  -> (artifact id: 'ce46b1f0017e15ec24276aba27fafa94') in 0.031044 seconds 
========================================================================
Received Import Request.
  Time since last request: 0.000027 seconds.
  path: Assets/Recursos/Dark UI/New Icons/White Helmet 2.png
  artifactKey: Guid(545e606a1b3e77d4999432262b993f7a) Importer(815301076,1909f56bfc062723c751e8b465ee728b)
Start importing Assets/Recursos/Dark UI/New Icons/White Helmet 2.png using Guid(545e606a1b3e77d4999432262b993f7a) Importer(815301076,1909f56bfc062723c751e8b465ee728b)  -> (artifact id: 'e22b45371499e284d62a0c9043355885') in 0.032741 seconds 
========================================================================
Received Import Request.
  Time since last request: 0.000023 seconds.
  path: Assets/Recursos/Dark UI/New Icons/White Gear 2.png
  artifactKey: Guid(8152721df6350f74b920a9565a5aecb4) Importer(815301076,1909f56bfc062723c751e8b465ee728b)
Start importing Assets/Recursos/Dark UI/New Icons/White Gear 2.png using Guid(8152721df6350f74b920a9565a5aecb4) Importer(815301076,1909f56bfc062723c751e8b465ee728b)  -> (artifact id: 'b1f9c8d0960113aac7119c86c66729e0') in 0.034998 seconds 
========================================================================
Received Import Request.
  Time since last request: 0.000028 seconds.
  path: Assets/Recursos/Dark UI/New Icons/White Find.png
  artifactKey: Guid(3eae76878c07dea4fb91e571976ca514) Importer(815301076,1909f56bfc062723c751e8b465ee728b)
Start importing Assets/Recursos/Dark UI/New Icons/White Find.png using Guid(3eae76878c07dea4fb91e571976ca514) Importer(815301076,1909f56bfc062723c751e8b465ee728b)  -> (artifact id: '2c14ba1a315ddf9586174a9c370fe9f9') in 0.029380 seconds 
========================================================================
Received Import Request.
  Time since last request: 0.000023 seconds.
  path: Assets/Recursos/Dark UI/New Icons/White Leaf.png
  artifactKey: Guid(ef38a985d8530104184a2a4ded6fb3f9) Importer(815301076,1909f56bfc062723c751e8b465ee728b)
Start importing Assets/Recursos/Dark UI/New Icons/White Leaf.png using Guid(ef38a985d8530104184a2a4ded6fb3f9) Importer(815301076,1909f56bfc062723c751e8b465ee728b)  -> (artifact id: 'c1a7eaa6d77bc72d6b0e2a797d332b9e') in 0.029460 seconds 
========================================================================
Received Import Request.
  Time since last request: 0.000032 seconds.
  path: Assets/Recursos/Dark UI/New Icons/White Heart Arrow.png
  artifactKey: Guid(8fef4bbb630501a4aafaabdd9da48f64) Importer(815301076,1909f56bfc062723c751e8b465ee728b)
Start importing Assets/Recursos/Dark UI/New Icons/White Heart Arrow.png using Guid(8fef4bbb630501a4aafaabdd9da48f64) Importer(815301076,1909f56bfc062723c751e8b465ee728b)  -> (artifact id: '747567429fd14c562ce6536812721466') in 0.029281 seconds 
========================================================================
Received Import Request.
  Time since last request: 0.000018 seconds.
  path: Assets/Recursos/Dark UI/New Icons/White Forward 2.png
  artifactKey: Guid(c41764f0b53023446b4246340f64381b) Importer(815301076,1909f56bfc062723c751e8b465ee728b)
Start importing Assets/Recursos/Dark UI/New Icons/White Forward 2.png using Guid(c41764f0b53023446b4246340f64381b) Importer(815301076,1909f56bfc062723c751e8b465ee728b)  -> (artifact id: 'f0f74d7f9202dce6fb4f39e6d6459ef3') in 0.028648 seconds 
========================================================================
Received Import Request.
  Time since last request: 0.000017 seconds.
  path: Assets/Recursos/Dark UI/New Icons/White Female.png
  artifactKey: Guid(4bd8ae77366ad574d8cc527e83e746e6) Importer(815301076,1909f56bfc062723c751e8b465ee728b)
Start importing Assets/Recursos/Dark UI/New Icons/White Female.png using Guid(4bd8ae77366ad574d8cc527e83e746e6) Importer(815301076,1909f56bfc062723c751e8b465ee728b)  -> (artifact id: 'ab2b3037444aa7feed9d3d5e9e9fd787') in 0.028202 seconds 
========================================================================
Received Import Request.
  Time since last request: 0.000015 seconds.
  path: Assets/Recursos/Dark UI/New Icons/White Knight.png
  artifactKey: Guid(9127bb7b525b8424fb967ef6627e220c) Importer(815301076,1909f56bfc062723c751e8b465ee728b)
Start importing Assets/Recursos/Dark UI/New Icons/White Knight.png using Guid(9127bb7b525b8424fb967ef6627e220c) Importer(815301076,1909f56bfc062723c751e8b465ee728b)  -> (artifact id: 'a216ee3f0d9ce040329e3e51ad20c806') in 0.028621 seconds 
========================================================================
Received Import Request.
  Time since last request: 2.785565 seconds.
  path: Assets/Recursos/Dark UI/New Icons/White Location 2.png
  artifactKey: Guid(59b7a785c5485854ea61bcef09c2548b) Importer(815301076,1909f56bfc062723c751e8b465ee728b)
Start importing Assets/Recursos/Dark UI/New Icons/White Location 2.png using Guid(59b7a785c5485854ea61bcef09c2548b) Importer(815301076,1909f56bfc062723c751e8b465ee728b)  -> (artifact id: '56507fa3f7a417a7fbd7770af426e701') in 0.034602 seconds 
========================================================================
Received Import Request.
  Time since last request: 0.000017 seconds.
  path: Assets/Recursos/Dark UI/New Icons/White Media Folder.png
  artifactKey: Guid(61b813bc36c05e349afdff9f861c13db) Importer(815301076,1909f56bfc062723c751e8b465ee728b)
Start importing Assets/Recursos/Dark UI/New Icons/White Media Folder.png using Guid(61b813bc36c05e349afdff9f861c13db) Importer(815301076,1909f56bfc062723c751e8b465ee728b)  -> (artifact id: '3d3f267d5821301977417ca0df7680e9') in 0.033801 seconds 
========================================================================
Received Import Request.
  Time since last request: 0.000024 seconds.
  path: Assets/Recursos/Dark UI/New Icons/White Menu 1.png
  artifactKey: Guid(2a1e1464824789b44ab28ecf35058069) Importer(815301076,1909f56bfc062723c751e8b465ee728b)
Start importing Assets/Recursos/Dark UI/New Icons/White Menu 1.png using Guid(2a1e1464824789b44ab28ecf35058069) Importer(815301076,1909f56bfc062723c751e8b465ee728b)  -> (artifact id: 'ca812fa89378b01afd2942050fbb20b0') in 0.036660 seconds 
========================================================================
Received Import Request.
  Time since last request: 0.000027 seconds.
  path: Assets/Recursos/Dark UI/New Icons/White Menu 3.png
  artifactKey: Guid(773d54018f715d74a8a79de354bac817) Importer(815301076,1909f56bfc062723c751e8b465ee728b)
Start importing Assets/Recursos/Dark UI/New Icons/White Menu 3.png using Guid(773d54018f715d74a8a79de354bac817) Importer(815301076,1909f56bfc062723c751e8b465ee728b)  -> (artifact id: '5b9f403dcfefa0b0e8e59b9837db460c') in 0.032726 seconds 
========================================================================
Received Import Request.
  Time since last request: 0.000043 seconds.
  path: Assets/Recursos/Dark UI/New Icons/White Menu 2.png
  artifactKey: Guid(8dce6b83a1bc84447b30d011580848e5) Importer(815301076,1909f56bfc062723c751e8b465ee728b)
Start importing Assets/Recursos/Dark UI/New Icons/White Menu 2.png using Guid(8dce6b83a1bc84447b30d011580848e5) Importer(815301076,1909f56bfc062723c751e8b465ee728b)  -> (artifact id: '86da0054567d16b28f9875110671bb97') in 0.033197 seconds 
========================================================================
Received Import Request.
  Time since last request: 0.000018 seconds.
  path: Assets/Recursos/Dark UI/New Icons/White Male.png
  artifactKey: Guid(005d996db1592d14ab9211c69d836f7b) Importer(815301076,1909f56bfc062723c751e8b465ee728b)
Start importing Assets/Recursos/Dark UI/New Icons/White Male.png using Guid(005d996db1592d14ab9211c69d836f7b) Importer(815301076,1909f56bfc062723c751e8b465ee728b)  -> (artifact id: '0facba946bd3a0f8f17566e3bdda9267') in 0.038955 seconds 
========================================================================
Received Import Request.
  Time since last request: 0.000019 seconds.
  path: Assets/Recursos/Dark UI/New Icons/White Lock.png
  artifactKey: Guid(2195e314e582f924e919ee41f06894bb) Importer(815301076,1909f56bfc062723c751e8b465ee728b)
Start importing Assets/Recursos/Dark UI/New Icons/White Lock.png using Guid(2195e314e582f924e919ee41f06894bb) Importer(815301076,1909f56bfc062723c751e8b465ee728b)  -> (artifact id: '6920bcb7cd1d70aa86cd32901335c2fd') in 0.033635 seconds 
========================================================================
Received Import Request.
  Time since last request: 0.000019 seconds.
  path: Assets/Recursos/Dark UI/New Icons/White Map.png
  artifactKey: Guid(d2fedebafbc90dd4687c05798b9e399f) Importer(815301076,1909f56bfc062723c751e8b465ee728b)
Start importing Assets/Recursos/Dark UI/New Icons/White Map.png using Guid(d2fedebafbc90dd4687c05798b9e399f) Importer(815301076,1909f56bfc062723c751e8b465ee728b)  -> (artifact id: '7e7dfc593325235ef8cf8adfa6b9a248') in 0.028388 seconds 
========================================================================
Received Import Request.
  Time since last request: 0.285565 seconds.
  path: Assets/Recursos/Dark UI/New Icons/White Minus.png
  artifactKey: Guid(7ac938c7a6eb8284ca8f3519a27dd66f) Importer(815301076,1909f56bfc062723c751e8b465ee728b)
Start importing Assets/Recursos/Dark UI/New Icons/White Minus.png using Guid(7ac938c7a6eb8284ca8f3519a27dd66f) Importer(815301076,1909f56bfc062723c751e8b465ee728b)  -> (artifact id: '48967f7130ddc2ca611b62d6ce74f37f') in 0.029080 seconds 
========================================================================
Received Import Request.
  Time since last request: 0.000018 seconds.
  path: Assets/Recursos/Dark UI/New Icons/White Move LeftRight.png
  artifactKey: Guid(fe79327cfcd3b5b48af90aa371100725) Importer(815301076,1909f56bfc062723c751e8b465ee728b)
Start importing Assets/Recursos/Dark UI/New Icons/White Move LeftRight.png using Guid(fe79327cfcd3b5b48af90aa371100725) Importer(815301076,1909f56bfc062723c751e8b465ee728b)  -> (artifact id: '52d184406461c0a30d9abb51227a888e') in 0.033638 seconds 
========================================================================
Received Import Request.
  Time since last request: 0.000016 seconds.
  path: Assets/Recursos/Dark UI/New Icons/White Move Up.png
  artifactKey: Guid(36bda6e11a324274d82ad68797ec4f63) Importer(815301076,1909f56bfc062723c751e8b465ee728b)
Start importing Assets/Recursos/Dark UI/New Icons/White Move Up.png using Guid(36bda6e11a324274d82ad68797ec4f63) Importer(815301076,1909f56bfc062723c751e8b465ee728b)  -> (artifact id: '02080fa60fad31061bd1215eb3126ca8') in 0.033833 seconds 
========================================================================
Received Import Request.
  Time since last request: 0.000020 seconds.
  path: Assets/Recursos/Dark UI/New Icons/White Music.png
  artifactKey: Guid(06a16cb520d0f2449a999572cae2cf97) Importer(815301076,1909f56bfc062723c751e8b465ee728b)
Start importing Assets/Recursos/Dark UI/New Icons/White Music.png using Guid(06a16cb520d0f2449a999572cae2cf97) Importer(815301076,1909f56bfc062723c751e8b465ee728b)  -> (artifact id: 'b07403b5c1807d9dbadf5c98a274a8a8') in 0.032767 seconds 
========================================================================
Received Import Request.
  Time since last request: 0.000018 seconds.
  path: Assets/Recursos/Dark UI/New Icons/White Pen 3.png
  artifactKey: Guid(8c692c044905f4b41986747104e4cae4) Importer(815301076,1909f56bfc062723c751e8b465ee728b)
Start importing Assets/Recursos/Dark UI/New Icons/White Pen 3.png using Guid(8c692c044905f4b41986747104e4cae4) Importer(815301076,1909f56bfc062723c751e8b465ee728b)  -> (artifact id: '96a3346f634ee7d5f29d12f249f8d027') in 0.029790 seconds 
========================================================================
Received Import Request.
  Time since last request: 0.000029 seconds.
  path: Assets/Recursos/Dark UI/New Icons/White Open File.png
  artifactKey: Guid(93c1eb9de3166864aa165eba44e73edb) Importer(815301076,1909f56bfc062723c751e8b465ee728b)
Start importing Assets/Recursos/Dark UI/New Icons/White Open File.png using Guid(93c1eb9de3166864aa165eba44e73edb) Importer(815301076,1909f56bfc062723c751e8b465ee728b)  -> (artifact id: '95261baf3c878207942a647015072bb2') in 0.030755 seconds 
========================================================================
Received Import Request.
  Time since last request: 0.000030 seconds.
  path: Assets/Recursos/Dark UI/New Icons/White Person 2.png
  artifactKey: Guid(cb3974267d11c8d428640f8fadfd9414) Importer(815301076,1909f56bfc062723c751e8b465ee728b)
Start importing Assets/Recursos/Dark UI/New Icons/White Person 2.png using Guid(cb3974267d11c8d428640f8fadfd9414) Importer(815301076,1909f56bfc062723c751e8b465ee728b)  -> (artifact id: '86a3b8d8ef8b86816e05bfd747870274') in 0.035777 seconds 
========================================================================
Received Import Request.
  Time since last request: 0.000029 seconds.
  path: Assets/Recursos/Dark UI/New Icons/White Music Note.png
  artifactKey: Guid(343ccedab88230f4596d167280dc7d5f) Importer(815301076,1909f56bfc062723c751e8b465ee728b)
Start importing Assets/Recursos/Dark UI/New Icons/White Music Note.png using Guid(343ccedab88230f4596d167280dc7d5f) Importer(815301076,1909f56bfc062723c751e8b465ee728b)  -> (artifact id: 'ca053559c19125af03102904328b617b') in 0.034853 seconds 
========================================================================
Received Import Request.
  Time since last request: 0.000030 seconds.
  path: Assets/Recursos/Dark UI/New Icons/White Pen 2.png
  artifactKey: Guid(c99c6c33ed98b2742bb329bbbdc0b31d) Importer(815301076,1909f56bfc062723c751e8b465ee728b)
Start importing Assets/Recursos/Dark UI/New Icons/White Pen 2.png using Guid(c99c6c33ed98b2742bb329bbbdc0b31d) Importer(815301076,1909f56bfc062723c751e8b465ee728b)  -> (artifact id: 'f18cbfce930f3331d24d0e74f30304ad') in 0.040730 seconds 
========================================================================
Received Import Request.
  Time since last request: 0.000025 seconds.
  path: Assets/Recursos/Dark UI/New Icons/White Paint.png
  artifactKey: Guid(b795dce29ba01ab4fa6ed88e24e65043) Importer(815301076,1909f56bfc062723c751e8b465ee728b)
Start importing Assets/Recursos/Dark UI/New Icons/White Paint.png using Guid(b795dce29ba01ab4fa6ed88e24e65043) Importer(815301076,1909f56bfc062723c751e8b465ee728b)  -> (artifact id: '730b7277f1189f93966d54d777b66afd') in 0.045005 seconds 
========================================================================
Received Import Request.
  Time since last request: 0.000025 seconds.
  path: Assets/Recursos/Dark UI/New Icons/White Paws.png
  artifactKey: Guid(765e32fcbc2432949b49e08b2d5499dc) Importer(815301076,1909f56bfc062723c751e8b465ee728b)
Start importing Assets/Recursos/Dark UI/New Icons/White Paws.png using Guid(765e32fcbc2432949b49e08b2d5499dc) Importer(815301076,1909f56bfc062723c751e8b465ee728b)  -> (artifact id: '4f5ce94b98ab9b8c654141c7bbeda8db') in 0.036048 seconds 
========================================================================
Received Import Request.
  Time since last request: 0.187216 seconds.
  path: Assets/Recursos/Dark UI/New Icons/White Pie Chart.png
  artifactKey: Guid(36bb148c6f5777247965a52be667ffbd) Importer(815301076,1909f56bfc062723c751e8b465ee728b)
Start importing Assets/Recursos/Dark UI/New Icons/White Pie Chart.png using Guid(36bb148c6f5777247965a52be667ffbd) Importer(815301076,1909f56bfc062723c751e8b465ee728b)  -> (artifact id: '5eff4cfdfca14f3ff483189c73f67a66') in 0.034448 seconds 
========================================================================
Received Import Request.
  Time since last request: 0.000024 seconds.
  path: Assets/Recursos/Dark UI/New Icons/White Plug.png
  artifactKey: Guid(8e195898cf1979a419a5a7e85fab55f6) Importer(815301076,1909f56bfc062723c751e8b465ee728b)
Start importing Assets/Recursos/Dark UI/New Icons/White Plug.png using Guid(8e195898cf1979a419a5a7e85fab55f6) Importer(815301076,1909f56bfc062723c751e8b465ee728b)  -> (artifact id: '34d13c1db41c39cb3bc6c521c1c958e3') in 0.031978 seconds 
========================================================================
Received Import Request.
  Time since last request: 0.000027 seconds.
  path: Assets/Recursos/Dark UI/New Icons/White Playstore.png
  artifactKey: Guid(b341f40805b35f14fa548ad8539f33ae) Importer(815301076,1909f56bfc062723c751e8b465ee728b)
Start importing Assets/Recursos/Dark UI/New Icons/White Playstore.png using Guid(b341f40805b35f14fa548ad8539f33ae) Importer(815301076,1909f56bfc062723c751e8b465ee728b)  -> (artifact id: 'fce48f19d0234d117fa1495776d295d8') in 0.028308 seconds 
========================================================================
Received Import Request.
  Time since last request: 0.000026 seconds.
  path: Assets/Recursos/Dark UI/New Icons/White Plus.png
  artifactKey: Guid(c8f0ee3738f14cf4ba9523f1e85cd893) Importer(815301076,1909f56bfc062723c751e8b465ee728b)
Start importing Assets/Recursos/Dark UI/New Icons/White Plus.png using Guid(c8f0ee3738f14cf4ba9523f1e85cd893) Importer(815301076,1909f56bfc062723c751e8b465ee728b)  -> (artifact id: '4ba11f0ee7b070204c2aa3904fd3ccae') in 0.036180 seconds 
========================================================================
Received Import Request.
  Time since last request: 0.000024 seconds.
  path: Assets/Recursos/Dark UI/New Icons/White Pound.png
  artifactKey: Guid(fd85014f8f48ade4c8deaaef9467e85a) Importer(815301076,1909f56bfc062723c751e8b465ee728b)
Start importing Assets/Recursos/Dark UI/New Icons/White Pound.png using Guid(fd85014f8f48ade4c8deaaef9467e85a) Importer(815301076,1909f56bfc062723c751e8b465ee728b)  -> (artifact id: '8b05d1dc0797fa49a32e741b88873cb1') in 0.032702 seconds 
========================================================================
Received Import Request.
  Time since last request: 0.000022 seconds.
  path: Assets/Recursos/Dark UI/New Icons/White Print.png
  artifactKey: Guid(5d5b2ca7b604b2446a73432e660fbd6c) Importer(815301076,1909f56bfc062723c751e8b465ee728b)
Start importing Assets/Recursos/Dark UI/New Icons/White Print.png using Guid(5d5b2ca7b604b2446a73432e660fbd6c) Importer(815301076,1909f56bfc062723c751e8b465ee728b)  -> (artifact id: 'db21b1919875dec3c3ca7caee8d57daf') in 0.030405 seconds 
========================================================================
Received Import Request.
  Time since last request: 0.000024 seconds.
  path: Assets/Recursos/Dark UI/New Icons/White Rank.png
  artifactKey: Guid(aae7fb6dbd42e0a4cb58d3a93643339e) Importer(815301076,1909f56bfc062723c751e8b465ee728b)
Start importing Assets/Recursos/Dark UI/New Icons/White Rank.png using Guid(aae7fb6dbd42e0a4cb58d3a93643339e) Importer(815301076,1909f56bfc062723c751e8b465ee728b)  -> (artifact id: 'ba052ede724d6d194852d021b1c2fc86') in 0.029661 seconds 
========================================================================
Received Import Request.
  Time since last request: 0.000027 seconds.
  path: Assets/Recursos/Dark UI/New Icons/White Queen.png
  artifactKey: Guid(2b5e1f27bb41f3f408211c4643d8f247) Importer(815301076,1909f56bfc062723c751e8b465ee728b)
Start importing Assets/Recursos/Dark UI/New Icons/White Queen.png using Guid(2b5e1f27bb41f3f408211c4643d8f247) Importer(815301076,1909f56bfc062723c751e8b465ee728b)  -> (artifact id: '8d245f8d21d539fc8fe38aeb0dbdd8ad') in 0.029648 seconds 
========================================================================
Received Import Request.
  Time since last request: 0.000037 seconds.
  path: Assets/Recursos/Dark UI/New Icons/White Pumpkin.png
  artifactKey: Guid(8f31f7b4e0bdab94182af78c52249983) Importer(815301076,1909f56bfc062723c751e8b465ee728b)
Start importing Assets/Recursos/Dark UI/New Icons/White Pumpkin.png using Guid(8f31f7b4e0bdab94182af78c52249983) Importer(815301076,1909f56bfc062723c751e8b465ee728b)  -> (artifact id: '0a7e0cefd29279a3c0730913954cb73a') in 0.035248 seconds 
========================================================================
Received Import Request.
  Time since last request: 0.000036 seconds.
  path: Assets/Recursos/Dark UI/New Icons/White Puzzle Piece.png
  artifactKey: Guid(539d21f35f0888b4a96fbbe6bd703478) Importer(815301076,1909f56bfc062723c751e8b465ee728b)
Start importing Assets/Recursos/Dark UI/New Icons/White Puzzle Piece.png using Guid(539d21f35f0888b4a96fbbe6bd703478) Importer(815301076,1909f56bfc062723c751e8b465ee728b)  -> (artifact id: 'f6b27a04ab6149591b76e680a3724445') in 0.031450 seconds 
========================================================================
Received Import Request.
  Time since last request: 0.355476 seconds.
  path: Assets/Recursos/Dark UI/New Icons/White Return.png
  artifactKey: Guid(cb186d85a860f3348acfd63ce4bb1a68) Importer(815301076,1909f56bfc062723c751e8b465ee728b)
Start importing Assets/Recursos/Dark UI/New Icons/White Return.png using Guid(cb186d85a860f3348acfd63ce4bb1a68) Importer(815301076,1909f56bfc062723c751e8b465ee728b)  -> (artifact id: '8612c93b5d2249791c4aa963041d2bb8') in 0.034219 seconds 
========================================================================
Received Import Request.
  Time since last request: 0.000026 seconds.
  path: Assets/Recursos/Dark UI/New Icons/White Ribbon 3.png
  artifactKey: Guid(60111edb209b3784599b3c7d3b4fe3ee) Importer(815301076,1909f56bfc062723c751e8b465ee728b)
Start importing Assets/Recursos/Dark UI/New Icons/White Ribbon 3.png using Guid(60111edb209b3784599b3c7d3b4fe3ee) Importer(815301076,1909f56bfc062723c751e8b465ee728b)  -> (artifact id: '06f08484dfa8bdfbdafbd3474a0501fb') in 0.034564 seconds 
========================================================================
Received Import Request.
  Time since last request: 0.000036 seconds.
  path: Assets/Recursos/Dark UI/New Icons/White Scroll.png
  artifactKey: Guid(cbdc230c22f89f245a4cdafd5a9e1701) Importer(815301076,1909f56bfc062723c751e8b465ee728b)
Start importing Assets/Recursos/Dark UI/New Icons/White Scroll.png using Guid(cbdc230c22f89f245a4cdafd5a9e1701) Importer(815301076,1909f56bfc062723c751e8b465ee728b)  -> (artifact id: '6c6ec71ddcfe775ad260de3f46ca4689') in 0.033556 seconds 
========================================================================
Received Import Request.
  Time since last request: 0.000020 seconds.
  path: Assets/Recursos/Dark UI/New Icons/White ScrewDriver.png
  artifactKey: Guid(25c0d8702947c8949b6593f764399b5a) Importer(815301076,1909f56bfc062723c751e8b465ee728b)
Start importing Assets/Recursos/Dark UI/New Icons/White ScrewDriver.png using Guid(25c0d8702947c8949b6593f764399b5a) Importer(815301076,1909f56bfc062723c751e8b465ee728b)  -> (artifact id: 'f2eafed0ee616aad2c946e62643d2604') in 0.038931 seconds 
========================================================================
Received Import Request.
  Time since last request: 0.000017 seconds.
  path: Assets/Recursos/Dark UI/New Icons/White Rocket.png
  artifactKey: Guid(689575f4d614a954ea41a8329a1e0c84) Importer(815301076,1909f56bfc062723c751e8b465ee728b)
Start importing Assets/Recursos/Dark UI/New Icons/White Rocket.png using Guid(689575f4d614a954ea41a8329a1e0c84) Importer(815301076,1909f56bfc062723c751e8b465ee728b)  -> (artifact id: '15db1db983d945e97eb1c1ba50f7ef4b') in 0.035381 seconds 
========================================================================
Received Import Request.
  Time since last request: 0.000024 seconds.
  path: Assets/Recursos/Dark UI/New Icons/White Right.png
  artifactKey: Guid(008cf15178552a240954abd842946aec) Importer(815301076,1909f56bfc062723c751e8b465ee728b)
Start importing Assets/Recursos/Dark UI/New Icons/White Right.png using Guid(008cf15178552a240954abd842946aec) Importer(815301076,1909f56bfc062723c751e8b465ee728b)  -> (artifact id: '65a7d4a3eae4b7a13810b24dfd2aa109') in 0.041713 seconds 
========================================================================
Received Import Request.
  Time since last request: 0.000017 seconds.
  path: Assets/Recursos/Dark UI/New Icons/White Shield 2.png
  artifactKey: Guid(95225b98114fcf245b8992aab7f4ea5e) Importer(815301076,1909f56bfc062723c751e8b465ee728b)
Start importing Assets/Recursos/Dark UI/New Icons/White Shield 2.png using Guid(95225b98114fcf245b8992aab7f4ea5e) Importer(815301076,1909f56bfc062723c751e8b465ee728b)  -> (artifact id: '64488914869ae2dd10c5b17e6055ac8f') in 0.037851 seconds 
========================================================================
Received Import Request.
  Time since last request: 0.000028 seconds.
  path: Assets/Recursos/Dark UI/New Icons/White Shop 1.png
  artifactKey: Guid(d304fbf923c9f8945b12c6402d3e25f2) Importer(815301076,1909f56bfc062723c751e8b465ee728b)
Start importing Assets/Recursos/Dark UI/New Icons/White Shop 1.png using Guid(d304fbf923c9f8945b12c6402d3e25f2) Importer(815301076,1909f56bfc062723c751e8b465ee728b)  -> (artifact id: 'a24ca07e588c9637b819fde7027a4be0') in 0.037844 seconds 
========================================================================
Received Import Request.
  Time since last request: 0.000036 seconds.
  path: Assets/Recursos/Dark UI/New Icons/White Sad 1.png
  artifactKey: Guid(c66141a215c08e347882017d498f50e1) Importer(815301076,1909f56bfc062723c751e8b465ee728b)
Start importing Assets/Recursos/Dark UI/New Icons/White Sad 1.png using Guid(c66141a215c08e347882017d498f50e1) Importer(815301076,1909f56bfc062723c751e8b465ee728b)  -> (artifact id: 'df9b8e64f5cbb155691e3a65e82417d6') in 0.035001 seconds 
========================================================================
Received Import Request.
  Time since last request: 0.000026 seconds.
  path: Assets/Recursos/Dark UI/New Icons/White Slider 2.png
  artifactKey: Guid(e9915a0ce44e3ce4595b2349fdfe1ecd) Importer(815301076,1909f56bfc062723c751e8b465ee728b)
Start importing Assets/Recursos/Dark UI/New Icons/White Slider 2.png using Guid(e9915a0ce44e3ce4595b2349fdfe1ecd) Importer(815301076,1909f56bfc062723c751e8b465ee728b)  -> (artifact id: '898bdb0142f6e828428d6740f4bbb40d') in 0.032396 seconds 
========================================================================
Received Import Request.
  Time since last request: 0.210794 seconds.
  path: Assets/Recursos/Dark UI/New Icons/White Snow Globe 1.png
  artifactKey: Guid(9cf1960b5a0ca9547ba5ba2c1f1d7914) Importer(815301076,1909f56bfc062723c751e8b465ee728b)
Start importing Assets/Recursos/Dark UI/New Icons/White Snow Globe 1.png using Guid(9cf1960b5a0ca9547ba5ba2c1f1d7914) Importer(815301076,1909f56bfc062723c751e8b465ee728b)  -> (artifact id: 'cab25fe344b6826e00909f8fcbf6a36d') in 0.028836 seconds 
========================================================================
Received Import Request.
  Time since last request: 0.000020 seconds.
  path: Assets/Recursos/Dark UI/New Icons/White Star Hollow.png
  artifactKey: Guid(ae66b3efeee4f39428cfdcfa0699c733) Importer(815301076,1909f56bfc062723c751e8b465ee728b)
Start importing Assets/Recursos/Dark UI/New Icons/White Star Hollow.png using Guid(ae66b3efeee4f39428cfdcfa0699c733) Importer(815301076,1909f56bfc062723c751e8b465ee728b)  -> (artifact id: 'e2d46257995e2e082107e55942a7212a') in 0.031010 seconds 
========================================================================
Received Import Request.
  Time since last request: 0.000023 seconds.
  path: Assets/Recursos/Dark UI/New Icons/White Symbol 7.png
  artifactKey: Guid(84e0a6e338d7eb644b4f7326c6ca582f) Importer(815301076,1909f56bfc062723c751e8b465ee728b)
Start importing Assets/Recursos/Dark UI/New Icons/White Symbol 7.png using Guid(84e0a6e338d7eb644b4f7326c6ca582f) Importer(815301076,1909f56bfc062723c751e8b465ee728b)  -> (artifact id: '9e7a251ce3b8378fb96104e0429e5ef9') in 0.027679 seconds 
========================================================================
Received Import Request.
  Time since last request: 0.000029 seconds.
  path: Assets/Recursos/Dark UI/New Icons/White Sound Off 2.png
  artifactKey: Guid(d7f4f52e0d03f214b8b9ff47d92ab909) Importer(815301076,1909f56bfc062723c751e8b465ee728b)
Start importing Assets/Recursos/Dark UI/New Icons/White Sound Off 2.png using Guid(d7f4f52e0d03f214b8b9ff47d92ab909) Importer(815301076,1909f56bfc062723c751e8b465ee728b)  -> (artifact id: '9758dcb53c945694d5f553263c38c8ed') in 0.030425 seconds 
========================================================================
Received Import Request.
  Time since last request: 0.000025 seconds.
  path: Assets/Recursos/Dark UI/New Icons/White Speed Boost.png
  artifactKey: Guid(76d890b0d68a3b74a9a373c651c9f6d9) Importer(815301076,1909f56bfc062723c751e8b465ee728b)
Start importing Assets/Recursos/Dark UI/New Icons/White Speed Boost.png using Guid(76d890b0d68a3b74a9a373c651c9f6d9) Importer(815301076,1909f56bfc062723c751e8b465ee728b)  -> (artifact id: '3ce8b51f4fc7ae18785f0df0ff7848f5') in 0.030467 seconds 
========================================================================
Received Import Request.
  Time since last request: 0.000041 seconds.
  path: Assets/Recursos/Dark UI/New Icons/White Sound Off.png
  artifactKey: Guid(0bdf73acc8139174494a96cd50f61ec2) Importer(815301076,1909f56bfc062723c751e8b465ee728b)
Start importing Assets/Recursos/Dark UI/New Icons/White Sound Off.png using Guid(0bdf73acc8139174494a96cd50f61ec2) Importer(815301076,1909f56bfc062723c751e8b465ee728b)  -> (artifact id: 'da5543f1a67855ca3bbb1396e7d1d63d') in 0.032704 seconds 
========================================================================
Received Import Request.
  Time since last request: 0.000027 seconds.
  path: Assets/Recursos/Dark UI/New Icons/White Store.png
  artifactKey: Guid(a904c54a953d9ab47b70d69f609e1d81) Importer(815301076,1909f56bfc062723c751e8b465ee728b)
Start importing Assets/Recursos/Dark UI/New Icons/White Store.png using Guid(a904c54a953d9ab47b70d69f609e1d81) Importer(815301076,1909f56bfc062723c751e8b465ee728b)  -> (artifact id: 'e2b1c012d70dd94bed213b95e5b15d09') in 0.032121 seconds 
========================================================================
Received Import Request.
  Time since last request: 0.000019 seconds.
  path: Assets/Recursos/Dark UI/New Icons/White Star.png
  artifactKey: Guid(549111a49c8214749bbef8520be1612a) Importer(815301076,1909f56bfc062723c751e8b465ee728b)
Start importing Assets/Recursos/Dark UI/New Icons/White Star.png using Guid(549111a49c8214749bbef8520be1612a) Importer(815301076,1909f56bfc062723c751e8b465ee728b)  -> (artifact id: '696677ca3c80204e6bb70fefc3b49428') in 0.032978 seconds 
========================================================================
Received Import Request.
  Time since last request: 0.000026 seconds.
  path: Assets/Recursos/Dark UI/New Icons/White Sound Icom.png
  artifactKey: Guid(2896697aee29fec4eae8809b364feeb0) Importer(815301076,1909f56bfc062723c751e8b465ee728b)
Start importing Assets/Recursos/Dark UI/New Icons/White Sound Icom.png using Guid(2896697aee29fec4eae8809b364feeb0) Importer(815301076,1909f56bfc062723c751e8b465ee728b)  -> (artifact id: 'e6d4c0098434a54a0151702e286d575d') in 0.031698 seconds 
========================================================================
Received Import Request.
  Time since last request: 0.000019 seconds.
  path: Assets/Recursos/Dark UI/New Icons/White Speed.png
  artifactKey: Guid(f8b09dc77316b2a47b70781598722ed2) Importer(815301076,1909f56bfc062723c751e8b465ee728b)
Start importing Assets/Recursos/Dark UI/New Icons/White Speed.png using Guid(f8b09dc77316b2a47b70781598722ed2) Importer(815301076,1909f56bfc062723c751e8b465ee728b)  -> (artifact id: 'dc5256d6fcb1d718572a5b27f485d77c') in 0.034414 seconds 
========================================================================
Received Import Request.
  Time since last request: 0.220745 seconds.
  path: Assets/Recursos/Dark UI/New Icons/White Symbol 12.png
  artifactKey: Guid(8b966e6a0f0c58a4895972f2da2eb54b) Importer(815301076,1909f56bfc062723c751e8b465ee728b)
Start importing Assets/Recursos/Dark UI/New Icons/White Symbol 12.png using Guid(8b966e6a0f0c58a4895972f2da2eb54b) Importer(815301076,1909f56bfc062723c751e8b465ee728b)  -> (artifact id: 'fdaf2c114852a41c1d56b9a4a646e783') in 0.043807 seconds 
========================================================================
Received Import Request.
  Time since last request: 0.000026 seconds.
  path: Assets/Recursos/Dark UI/New Icons/White Target 1.png
  artifactKey: Guid(fbfbf4e278b075544975b8a7cfc45f65) Importer(815301076,1909f56bfc062723c751e8b465ee728b)
Start importing Assets/Recursos/Dark UI/New Icons/White Target 1.png using Guid(fbfbf4e278b075544975b8a7cfc45f65) Importer(815301076,1909f56bfc062723c751e8b465ee728b)  -> (artifact id: 'a0e41b2466b83765f358f37235d85cae') in 0.038123 seconds 
========================================================================
Received Import Request.
  Time since last request: 0.000021 seconds.
  path: Assets/Recursos/Dark UI/New Icons/White Symbol 18.png
  artifactKey: Guid(d82329b5d9f370d4e814fe7e8c02ec35) Importer(815301076,1909f56bfc062723c751e8b465ee728b)
Start importing Assets/Recursos/Dark UI/New Icons/White Symbol 18.png using Guid(d82329b5d9f370d4e814fe7e8c02ec35) Importer(815301076,1909f56bfc062723c751e8b465ee728b)  -> (artifact id: '2e4a9e9bfe22f8fbeb342583aeabcc61') in 0.031461 seconds 
========================================================================
Received Import Request.
  Time since last request: 0.000018 seconds.
  path: Assets/Recursos/Dark UI/New Icons/White Symbol 16.png
  artifactKey: Guid(66da243c423dc5a43b6a0c8bc5ecd121) Importer(815301076,1909f56bfc062723c751e8b465ee728b)
Start importing Assets/Recursos/Dark UI/New Icons/White Symbol 16.png using Guid(66da243c423dc5a43b6a0c8bc5ecd121) Importer(815301076,1909f56bfc062723c751e8b465ee728b)  -> (artifact id: '643bf4a03af2e485e89cfac2f9042283') in 0.031966 seconds 
========================================================================
Received Import Request.
  Time since last request: 0.000023 seconds.
  path: Assets/Recursos/Dark UI/New Icons/White Symbol 19.png
  artifactKey: Guid(42d324cf88b799a49b30d25353398f7a) Importer(815301076,1909f56bfc062723c751e8b465ee728b)
Start importing Assets/Recursos/Dark UI/New Icons/White Symbol 19.png using Guid(42d324cf88b799a49b30d25353398f7a) Importer(815301076,1909f56bfc062723c751e8b465ee728b)  -> (artifact id: '93265884aba5f6ded511f39c58e6a1d1') in 0.029432 seconds 
========================================================================
Received Import Request.
  Time since last request: 0.196991 seconds.
  path: Assets/Recursos/Dark UI/New Icons/White Television.png
  artifactKey: Guid(81b63570c39519e40b1ae8344942546b) Importer(815301076,1909f56bfc062723c751e8b465ee728b)
Start importing Assets/Recursos/Dark UI/New Icons/White Television.png using Guid(81b63570c39519e40b1ae8344942546b) Importer(815301076,1909f56bfc062723c751e8b465ee728b)  -> (artifact id: '244b7ebac06cfb9cc7f58669750d539a') in 0.028977 seconds 
========================================================================
Received Import Request.
  Time since last request: 0.000023 seconds.
  path: Assets/Recursos/Dark UI/New Icons/White Trophy.png
  artifactKey: Guid(e2adbf29c766b42468aa462579f209c1) Importer(815301076,1909f56bfc062723c751e8b465ee728b)
Start importing Assets/Recursos/Dark UI/New Icons/White Trophy.png using Guid(e2adbf29c766b42468aa462579f209c1) Importer(815301076,1909f56bfc062723c751e8b465ee728b)  -> (artifact id: '5653126696c422d23e788f7da85b3cc5') in 0.031543 seconds 
========================================================================
Received Import Request.
  Time since last request: 0.000032 seconds.
  path: Assets/Recursos/Dark UI/New Icons/White Wifi On.png
  artifactKey: Guid(1c3eb93d6c5639844a7e1587d15720d2) Importer(815301076,1909f56bfc062723c751e8b465ee728b)
Start importing Assets/Recursos/Dark UI/New Icons/White Wifi On.png using Guid(1c3eb93d6c5639844a7e1587d15720d2) Importer(815301076,1909f56bfc062723c751e8b465ee728b)  -> (artifact id: '3c186fb18ba88af35cb1c38609456ab7') in 0.034503 seconds 
========================================================================
Received Import Request.
  Time since last request: 0.000021 seconds.
  path: Assets/Recursos/Dark UI/New Icons/White Wifi Off.png
  artifactKey: Guid(1aff3340ed7e926428aa6c62c17c0320) Importer(815301076,1909f56bfc062723c751e8b465ee728b)
Start importing Assets/Recursos/Dark UI/New Icons/White Wifi Off.png using Guid(1aff3340ed7e926428aa6c62c17c0320) Importer(815301076,1909f56bfc062723c751e8b465ee728b)  -> (artifact id: '9c222bf6acf02aceae811545f556c90f') in 0.031659 seconds 
========================================================================
Received Import Request.
  Time since last request: 0.000025 seconds.
  path: Assets/Recursos/Dark UI/New Icons/White Wand 2.png
  artifactKey: Guid(4f750aed725dbab45a8fd4c00af41df0) Importer(815301076,1909f56bfc062723c751e8b465ee728b)
Start importing Assets/Recursos/Dark UI/New Icons/White Wand 2.png using Guid(4f750aed725dbab45a8fd4c00af41df0) Importer(815301076,1909f56bfc062723c751e8b465ee728b)  -> (artifact id: '6cf7694d634336c7b79ff21c850553e0') in 0.029984 seconds 
========================================================================
Received Import Request.
  Time since last request: 0.000024 seconds.
  path: Assets/Recursos/Dark UI/New Icons/White Wheel.png
  artifactKey: Guid(ce9f6c745bf1a554ca9586a7a2cb01ec) Importer(815301076,1909f56bfc062723c751e8b465ee728b)
Start importing Assets/Recursos/Dark UI/New Icons/White Wheel.png using Guid(ce9f6c745bf1a554ca9586a7a2cb01ec) Importer(815301076,1909f56bfc062723c751e8b465ee728b)  -> (artifact id: '9c50ce936b08f7bc04beed3818d8a912') in 0.033845 seconds 
========================================================================
Received Import Request.
  Time since last request: 0.000027 seconds.
  path: Assets/Recursos/Dark UI/New Icons/White Wrench.png
  artifactKey: Guid(1333badfea706264bad28da964e37890) Importer(815301076,1909f56bfc062723c751e8b465ee728b)
Start importing Assets/Recursos/Dark UI/New Icons/White Wrench.png using Guid(1333badfea706264bad28da964e37890) Importer(815301076,1909f56bfc062723c751e8b465ee728b)  -> (artifact id: '19181fda2b7af24f861b011d75ac5bdb') in 0.031815 seconds 
========================================================================
Received Import Request.
  Time since last request: 0.000031 seconds.
  path: Assets/Recursos/Dark UI/New Icons/White Trash Can.png
  artifactKey: Guid(f24ffe951cc9dc740886f725bd5f12bb) Importer(815301076,1909f56bfc062723c751e8b465ee728b)
Start importing Assets/Recursos/Dark UI/New Icons/White Trash Can.png using Guid(f24ffe951cc9dc740886f725bd5f12bb) Importer(815301076,1909f56bfc062723c751e8b465ee728b)  -> (artifact id: '9a9a771aebec758c9d2bfa416677e18a') in 0.030547 seconds 
========================================================================
Received Import Request.
  Time since last request: 0.000027 seconds.
  path: Assets/Recursos/Dark UI/New Icons/White Water Droplet.png
  artifactKey: Guid(80fdc1f66d932cf48b96b6b1c28d2272) Importer(815301076,1909f56bfc062723c751e8b465ee728b)
Start importing Assets/Recursos/Dark UI/New Icons/White Water Droplet.png using Guid(80fdc1f66d932cf48b96b6b1c28d2272) Importer(815301076,1909f56bfc062723c751e8b465ee728b)  -> (artifact id: 'b33bcc6b44a45b05d77e514024d596f1') in 0.032795 seconds 
========================================================================
Received Import Request.
  Time since last request: 0.000032 seconds.
  path: Assets/Recursos/Dark UI/New Icons/White Wind.png
  artifactKey: Guid(18c2b2835adc9af449c20657c11ad67d) Importer(815301076,1909f56bfc062723c751e8b465ee728b)
Start importing Assets/Recursos/Dark UI/New Icons/White Wind.png using Guid(18c2b2835adc9af449c20657c11ad67d) Importer(815301076,1909f56bfc062723c751e8b465ee728b)  -> (artifact id: '2bc869dc06f42fc435c9c2978ce447a2') in 0.030861 seconds 
========================================================================
Received Import Request.
  Time since last request: 0.000027 seconds.
  path: Assets/Recursos/Dark UI/New Icons/White Warning.png
  artifactKey: Guid(4c73403134d9eb3458d9c495a33c2c13) Importer(815301076,1909f56bfc062723c751e8b465ee728b)
Start importing Assets/Recursos/Dark UI/New Icons/White Warning.png using Guid(4c73403134d9eb3458d9c495a33c2c13) Importer(815301076,1909f56bfc062723c751e8b465ee728b)  -> (artifact id: 'ea81979b4c5ff9d402c51962629f4646') in 0.032312 seconds 
========================================================================
Received Import Request.
  Time since last request: 5.482043 seconds.
  path: Assets/Recursos/Dark UI/Ribbons/Ribbon 2.prefab
  artifactKey: Guid(f279c1e1c7205ae4d92b035d3f45f1e4) Importer(815301076,1909f56bfc062723c751e8b465ee728b)
Start importing Assets/Recursos/Dark UI/Ribbons/Ribbon 2.prefab using Guid(f279c1e1c7205ae4d92b035d3f45f1e4) Importer(815301076,1909f56bfc062723c751e8b465ee728b)  -> (artifact id: '2199717ef11904a14d665faf281bbd65') in 0.026334 seconds 
========================================================================
Received Import Request.
  Time since last request: 0.000021 seconds.
  path: Assets/Recursos/Dark UI/Ribbons/Ribbon 6.prefab
  artifactKey: Guid(d64cee1a02ba90147b6a1e8045004d93) Importer(815301076,1909f56bfc062723c751e8b465ee728b)
Start importing Assets/Recursos/Dark UI/Ribbons/Ribbon 6.prefab using Guid(d64cee1a02ba90147b6a1e8045004d93) Importer(815301076,1909f56bfc062723c751e8b465ee728b)  -> (artifact id: '7243ebc4a0f1718ae69650f1844a8b3f') in 0.012020 seconds 
========================================================================
Received Import Request.
  Time since last request: 0.000023 seconds.
  path: Assets/Recursos/Dark UI/Ribbons/Ribbon 7.prefab
  artifactKey: Guid(c761bc3ecfca93d4b9225d03c28e043c) Importer(815301076,1909f56bfc062723c751e8b465ee728b)
Start importing Assets/Recursos/Dark UI/Ribbons/Ribbon 7.prefab using Guid(c761bc3ecfca93d4b9225d03c28e043c) Importer(815301076,1909f56bfc062723c751e8b465ee728b)  -> (artifact id: 'de5f7ad1c6db03d5e74c90bda452923c') in 0.012234 seconds 
========================================================================
Received Import Request.
  Time since last request: 0.000017 seconds.
  path: Assets/Recursos/Dark UI/Ribbons/Ribbon 5.prefab
  artifactKey: Guid(43ad17a9cdd11a8468368a4aea54d375) Importer(815301076,1909f56bfc062723c751e8b465ee728b)
Start importing Assets/Recursos/Dark UI/Ribbons/Ribbon 5.prefab using Guid(43ad17a9cdd11a8468368a4aea54d375) Importer(815301076,1909f56bfc062723c751e8b465ee728b)  -> (artifact id: '344810f457955d487031ce51929b20bc') in 0.011589 seconds 
========================================================================
Received Prepare
Registering precompiled user dll's ...
Registered in 0.015074 seconds.
Begin MonoManager ReloadAssembly
Symbol file LoadedFromMemory is not a mono symbol file
Native extension for UWP target not found
Native extension for LinuxStandalone target not found
Native extension for WindowsStandalone target not found
Native extension for Android target not found
Native extension for OSXStandalone target not found
Native extension for WebGL target not found
Refreshing native plugins compatible for Editor in 1.15 ms, found 2 plugins.
Preloading 0 native plugins for Editor in 0.00 ms.
Unable to write to 'ProjectSettings\GvhProjectSettings.xml' (System.IO.IOException: Sharing violation on path C:\Users\jerem\OneDrive\Documentos\WeasUnity\KTA\ProjectSettings\GvhProjectSettings.xml
  at System.IO.FileStream..ctor (System.String path, System.IO.FileMode mode, System.IO.FileAccess access, System.IO.FileShare share, System.Int32 bufferSize, System.Boolean anonymous, System.IO.FileOptions options) [0x0019e] in <d6232873609549b8a045fa15811a5bd3>:0 
  at System.IO.FileStream..ctor (System.String path, System.IO.FileMode mode, System.IO.FileAccess access, System.IO.FileShare share, System.Int32 bufferSize, System.IO.FileOptions options) [0x00000] in <d6232873609549b8a045fa15811a5bd3>:0 
  at System.IO.FileStream..ctor (System.String path, System.IO.FileMode mode, System.IO.FileAccess access, System.IO.FileShare share, System.Int32 bufferSize, System.Boolean useAsync) [0x00000] in <d6232873609549b8a045fa15811a5bd3>:0 
  at (wrapper remoting-invoke-with-check) System.IO.FileStream..ctor(string,System.IO.FileMode,System.IO.FileAccess,System.IO.FileShare,int,bool)
  at System.Xml.XmlWriterSettings.CreateWriter (System.String outputFileName) [0x00051] in <0313f29eb857419498961dc39155d5eb>:0 
  at System.Xml.XmlWriter.Create (System.String outputFileName, System.Xml.XmlWriterSettings settings) [0x0000a] in <0313f29eb857419498961dc39155d5eb>:0 
  at Google.ProjectSettings.Save () [0x0006d] in /Users/chkuang/Workspace/git/unity-jar-resolver/source/VersionHandlerImpl/src/ProjectSettings.cs:821 , Project settings were not saved!
UnityEngine.StackTraceUtility:ExtractStackTrace ()
UnityEngine.DebugLogHandler:LogFormat (UnityEngine.LogType,UnityEngine.Object,string,object[])
UnityEngine.Logger:Log (UnityEngine.LogType,object)
UnityEngine.Debug:LogError (object)
Google.Logger:Log (string,Google.LogLevel) (at /Users/chkuang/Workspace/git/unity-jar-resolver/source/VersionHandlerImpl/src/Logger.cs:136)
Google.ProjectSettings:Save () (at /Users/chkuang/Workspace/git/unity-jar-resolver/source/VersionHandlerImpl/src/ProjectSettings.cs:844)
Google.ProjectSettings:SetBool (string,bool,Google.SettingsLocation) (at /Users/chkuang/Workspace/git/unity-jar-resolver/source/VersionHandlerImpl/src/ProjectSettings.cs:485)
Google.ProjectSettings:SetBool (string,bool) (at /Users/chkuang/Workspace/git/unity-jar-resolver/source/VersionHandlerImpl/src/ProjectSettings.cs:497)
Google.IOSResolver:set_VerboseLoggingEnabled (bool) (at /Users/chkuang/Workspace/git/unity-jar-resolver/source/IOSResolver/src/IOSResolver.cs:998)
Google.IOSResolver:.cctor () (at /Users/chkuang/Workspace/git/unity-jar-resolver/source/IOSResolver/src/IOSResolver.cs:692)
System.Runtime.CompilerServices.RuntimeHelpers:RunClassConstructor (System.RuntimeTypeHandle)
UnityEditor.EditorAssemblies:ProcessInitializeOnLoadAttributes (System.Type[])

(Filename: /Users/chkuang/Workspace/git/unity-jar-resolver/source/VersionHandlerImpl/src/ProjectSettings.cs Line: 844)

GPGSUpgrader start
UnityEngine.StackTraceUtility:ExtractStackTrace ()
UnityEngine.DebugLogHandler:LogFormat (UnityEngine.LogType,UnityEngine.Object,string,object[])
UnityEngine.Logger:Log (UnityEngine.LogType,object)
UnityEngine.Debug:Log (object)
GooglePlayGames.Editor.GPGSUpgrader:.cctor () (at Assets/GooglePlayGames/com.google.play.games/Editor/GPGSUpgrader.cs:38)
System.Runtime.CompilerServices.RuntimeHelpers:RunClassConstructor (System.RuntimeTypeHandle)
UnityEditor.EditorAssemblies:ProcessInitializeOnLoadAttributes (System.Type[])

(Filename: Assets/GooglePlayGames/com.google.play.games/Editor/GPGSUpgrader.cs Line: 38)

GPGSUpgrader done
UnityEngine.StackTraceUtility:ExtractStackTrace ()
UnityEngine.DebugLogHandler:LogFormat (UnityEngine.LogType,UnityEngine.Object,string,object[])
UnityEngine.Logger:Log (UnityEngine.LogType,object)
UnityEngine.Debug:Log (object)
GooglePlayGames.Editor.GPGSUpgrader:.cctor () (at Assets/GooglePlayGames/com.google.play.games/Editor/GPGSUpgrader.cs:57)
System.Runtime.CompilerServices.RuntimeHelpers:RunClassConstructor (System.RuntimeTypeHandle)
UnityEditor.EditorAssemblies:ProcessInitializeOnLoadAttributes (System.Type[])

(Filename: Assets/GooglePlayGames/com.google.play.games/Editor/GPGSUpgrader.cs Line: 57)

Mono: successfully reloaded assembly
- Completed reload, in  1.641 seconds
Domain Reload Profiling:
	ReloadAssembly (1642ms)
		BeginReloadAssembly (168ms)
			ExecutionOrderSort (0ms)
			DisableScriptedObjects (4ms)
			BackupInstance (0ms)
			ReleaseScriptingObjects (0ms)
			CreateAndSetChildDomain (55ms)
		EndReloadAssembly (1381ms)
			LoadAssemblies (123ms)
			RebuildTransferFunctionScriptingTraits (0ms)
			SetupTypeCache (277ms)
			ReleaseScriptCaches (2ms)
			RebuildScriptCaches (51ms)
			SetupLoadedEditorAssemblies (895ms)
				LogAssemblyErrors (0ms)
				InitializePlatformSupportModulesInManaged (23ms)
				SetLoadedEditorAssemblies (0ms)
				RefreshPlugins (1ms)
				BeforeProcessingInitializeOnLoad (78ms)
				ProcessInitializeOnLoadAttributes (676ms)
				ProcessInitializeOnLoadMethodAttributes (115ms)
				AfterProcessingInitializeOnLoad (2ms)
				EditorAssembliesLoaded (0ms)
			ExecutionOrderSort2 (0ms)
			AwakeInstancesAfterBackupRestoration (8ms)
Platform modules already initialized, skipping
Refreshing native plugins compatible for Editor in 12.02 ms, found 2 plugins.
Preloading 0 native plugins for Editor in 0.00 ms.
Unloading 4315 Unused Serialized files (Serialized files now loaded: 0)
Unloading 106 unused Assets / (1.6 MB). Loaded Objects now: 5032.
Memory consumption went from 279.2 MB to 277.6 MB.
Total: 20.575900 ms (FindLiveObjects: 0.371600 ms CreateObjectMapping: 0.328400 ms MarkObjects: 19.373000 ms  DeleteObjects: 0.501700 ms)

AssetImportParameters requested are different than current active one (requested -> active):
  custom:video-decoder-ogg-theora: a1e56fd34408186e4bbccfd4996cb3dc -> 
  custom:container-muxer-webm: aa71ff27fc2769a1b78a27578f13a17b -> 
  custom:container-demuxer-webm: 4f35f7cbe854078d1ac9338744f61a02 -> 
  custom:video-encoder-webm-vp8: eb34c28f22e8b96e1ab97ce403110664 -> 
  custom:video-codec-MediaFoundation-h265: 746d11721c4dcdbdad8f713fa42b33f4 -> 
  custom:audio-encoder-webm-vorbis: bf7c407c2cedff20999df2af8eb42d56 -> 
  custom:framework-win-MediaFoundation: 216162199b28c13a410421893ffa2e32 -> 
  custom:container-demuxer-ogg: 62fdf1f143b41e24485cea50d1cbac27 -> 
  custom:video-decoder-webm-vp8: 9c59270c3fd7afecdb556c50c9e8de78 -> 
  custom:audio-decoder-ogg-vorbis: bf7c407c2cedff20999df2af8eb42d56 -> 
========================================================================
Received Prepare
Registering precompiled user dll's ...
Registered in 0.014350 seconds.
Begin MonoManager ReloadAssembly
Symbol file LoadedFromMemory is not a mono symbol file
Native extension for UWP target not found
Native extension for LinuxStandalone target not found
Native extension for WindowsStandalone target not found
Native extension for Android target not found
Native extension for OSXStandalone target not found
Native extension for WebGL target not found
Refreshing native plugins compatible for Editor in 1.22 ms, found 2 plugins.
Preloading 0 native plugins for Editor in 0.00 ms.
Unable to write to 'ProjectSettings\GvhProjectSettings.xml' (System.IO.IOException: Sharing violation on path C:\Users\jerem\OneDrive\Documentos\WeasUnity\KTA\ProjectSettings\GvhProjectSettings.xml
  at System.IO.FileStream..ctor (System.String path, System.IO.FileMode mode, System.IO.FileAccess access, System.IO.FileShare share, System.Int32 bufferSize, System.Boolean anonymous, System.IO.FileOptions options) [0x0019e] in <d6232873609549b8a045fa15811a5bd3>:0 
  at System.IO.FileStream..ctor (System.String path, System.IO.FileMode mode, System.IO.FileAccess access, System.IO.FileShare share, System.Int32 bufferSize, System.IO.FileOptions options) [0x00000] in <d6232873609549b8a045fa15811a5bd3>:0 
  at System.IO.FileStream..ctor (System.String path, System.IO.FileMode mode, System.IO.FileAccess access, System.IO.FileShare share, System.Int32 bufferSize, System.Boolean useAsync) [0x00000] in <d6232873609549b8a045fa15811a5bd3>:0 
  at (wrapper remoting-invoke-with-check) System.IO.FileStream..ctor(string,System.IO.FileMode,System.IO.FileAccess,System.IO.FileShare,int,bool)
  at System.Xml.XmlWriterSettings.CreateWriter (System.String outputFileName) [0x00051] in <0313f29eb857419498961dc39155d5eb>:0 
  at System.Xml.XmlWriter.Create (System.String outputFileName, System.Xml.XmlWriterSettings settings) [0x0000a] in <0313f29eb857419498961dc39155d5eb>:0 
  at Google.ProjectSettings.Save () [0x0006d] in /Users/chkuang/Workspace/git/unity-jar-resolver/source/VersionHandlerImpl/src/ProjectSettings.cs:821 , Project settings were not saved!
UnityEngine.StackTraceUtility:ExtractStackTrace ()
UnityEngine.DebugLogHandler:LogFormat (UnityEngine.LogType,UnityEngine.Object,string,object[])
UnityEngine.Logger:Log (UnityEngine.LogType,object)
UnityEngine.Debug:LogError (object)
Google.Logger:Log (string,Google.LogLevel) (at /Users/chkuang/Workspace/git/unity-jar-resolver/source/VersionHandlerImpl/src/Logger.cs:136)
Google.ProjectSettings:Save () (at /Users/chkuang/Workspace/git/unity-jar-resolver/source/VersionHandlerImpl/src/ProjectSettings.cs:844)
Google.ProjectSettings:SetBool (string,bool,Google.SettingsLocation) (at /Users/chkuang/Workspace/git/unity-jar-resolver/source/VersionHandlerImpl/src/ProjectSettings.cs:485)
Google.ProjectSettings:SetBool (string,bool) (at /Users/chkuang/Workspace/git/unity-jar-resolver/source/VersionHandlerImpl/src/ProjectSettings.cs:497)
Google.IOSResolver:set_VerboseLoggingEnabled (bool) (at /Users/chkuang/Workspace/git/unity-jar-resolver/source/IOSResolver/src/IOSResolver.cs:998)
Google.IOSResolver:.cctor () (at /Users/chkuang/Workspace/git/unity-jar-resolver/source/IOSResolver/src/IOSResolver.cs:692)
System.Runtime.CompilerServices.RuntimeHelpers:RunClassConstructor (System.RuntimeTypeHandle)
UnityEditor.EditorAssemblies:ProcessInitializeOnLoadAttributes (System.Type[])

(Filename: /Users/chkuang/Workspace/git/unity-jar-resolver/source/VersionHandlerImpl/src/ProjectSettings.cs Line: 844)

GPGSUpgrader start
UnityEngine.StackTraceUtility:ExtractStackTrace ()
UnityEngine.DebugLogHandler:LogFormat (UnityEngine.LogType,UnityEngine.Object,string,object[])
UnityEngine.Logger:Log (UnityEngine.LogType,object)
UnityEngine.Debug:Log (object)
GooglePlayGames.Editor.GPGSUpgrader:.cctor () (at Assets/GooglePlayGames/com.google.play.games/Editor/GPGSUpgrader.cs:38)
System.Runtime.CompilerServices.RuntimeHelpers:RunClassConstructor (System.RuntimeTypeHandle)
UnityEditor.EditorAssemblies:ProcessInitializeOnLoadAttributes (System.Type[])

(Filename: Assets/GooglePlayGames/com.google.play.games/Editor/GPGSUpgrader.cs Line: 38)

GPGSUpgrader done
UnityEngine.StackTraceUtility:ExtractStackTrace ()
UnityEngine.DebugLogHandler:LogFormat (UnityEngine.LogType,UnityEngine.Object,string,object[])
UnityEngine.Logger:Log (UnityEngine.LogType,object)
UnityEngine.Debug:Log (object)
GooglePlayGames.Editor.GPGSUpgrader:.cctor () (at Assets/GooglePlayGames/com.google.play.games/Editor/GPGSUpgrader.cs:57)
System.Runtime.CompilerServices.RuntimeHelpers:RunClassConstructor (System.RuntimeTypeHandle)
UnityEditor.EditorAssemblies:ProcessInitializeOnLoadAttributes (System.Type[])

(Filename: Assets/GooglePlayGames/com.google.play.games/Editor/GPGSUpgrader.cs Line: 57)

Mono: successfully reloaded assembly
- Completed reload, in  1.473 seconds
Domain Reload Profiling:
	ReloadAssembly (1474ms)
		BeginReloadAssembly (163ms)
			ExecutionOrderSort (0ms)
			DisableScriptedObjects (4ms)
			BackupInstance (0ms)
			ReleaseScriptingObjects (0ms)
			CreateAndSetChildDomain (44ms)
		EndReloadAssembly (1203ms)
			LoadAssemblies (136ms)
			RebuildTransferFunctionScriptingTraits (0ms)
			SetupTypeCache (263ms)
			ReleaseScriptCaches (2ms)
			RebuildScriptCaches (54ms)
			SetupLoadedEditorAssemblies (741ms)
				LogAssemblyErrors (0ms)
				InitializePlatformSupportModulesInManaged (23ms)
				SetLoadedEditorAssemblies (0ms)
				RefreshPlugins (1ms)
				BeforeProcessingInitializeOnLoad (81ms)
				ProcessInitializeOnLoadAttributes (538ms)
				ProcessInitializeOnLoadMethodAttributes (94ms)
				AfterProcessingInitializeOnLoad (2ms)
				EditorAssembliesLoaded (0ms)
			ExecutionOrderSort2 (0ms)
			AwakeInstancesAfterBackupRestoration (6ms)
Platform modules already initialized, skipping
Refreshing native plugins compatible for Editor in 8.37 ms, found 2 plugins.
Preloading 0 native plugins for Editor in 0.00 ms.
Unloading 4310 Unused Serialized files (Serialized files now loaded: 0)
Unloading 104 unused Assets / (1.6 MB). Loaded Objects now: 5043.
Memory consumption went from 279.1 MB to 277.4 MB.
Total: 13.983700 ms (FindLiveObjects: 0.296100 ms CreateObjectMapping: 0.232400 ms MarkObjects: 13.167500 ms  DeleteObjects: 0.286800 ms)

AssetImportParameters requested are different than current active one (requested -> active):
  custom:video-decoder-ogg-theora: a1e56fd34408186e4bbccfd4996cb3dc -> 
  custom:container-muxer-webm: aa71ff27fc2769a1b78a27578f13a17b -> 
  custom:container-demuxer-webm: 4f35f7cbe854078d1ac9338744f61a02 -> 
  custom:video-encoder-webm-vp8: eb34c28f22e8b96e1ab97ce403110664 -> 
  custom:video-codec-MediaFoundation-h265: 746d11721c4dcdbdad8f713fa42b33f4 -> 
  custom:audio-encoder-webm-vorbis: bf7c407c2cedff20999df2af8eb42d56 -> 
  custom:framework-win-MediaFoundation: 216162199b28c13a410421893ffa2e32 -> 
  custom:container-demuxer-ogg: 62fdf1f143b41e24485cea50d1cbac27 -> 
  custom:video-decoder-webm-vp8: 9c59270c3fd7afecdb556c50c9e8de78 -> 
  custom:audio-decoder-ogg-vorbis: bf7c407c2cedff20999df2af8eb42d56 -> 
========================================================================
Received Import Request.
  Time since last request: 414.758477 seconds.
  path: Assets/TextMesh Pro/Resources/Fonts & Materials/LiberationSans SDF.asset
  artifactKey: Guid(8f586378b4e144a9851e7b34d9b748ee) Importer(815301076,1909f56bfc062723c751e8b465ee728b)
Start importing Assets/TextMesh Pro/Resources/Fonts & Materials/LiberationSans SDF.asset using Guid(8f586378b4e144a9851e7b34d9b748ee) Importer(815301076,1909f56bfc062723c751e8b465ee728b)  -> (artifact id: '5fea8528ef22cdf4d86e10f979bebc8f') in 0.213018 seconds 
Editor requested this worker to shutdown with reason: Scaling down because of idle timeout
AssetImportWorker is now disconnected from the server
Process exiting
Exiting without the bug reporter. Application will terminate with return code 0