Using pre-set license
Built from '2021.3/staging' branch; Version is '2021.3.15f1 (e8e88683f834) revision 15263878'; Using compiler version '192829333'; Build Type 'Release'
OS: 'Windows 11  (10.0.26120) 64bit Professional' Language: 'en' Physical Memory: 16322 MB
BatchMode: 1, IsHumanControllingUs: 0, StartBugReporterOnCrash: 0, Is64bit: 1, IsPro: 1

COMMAND LINE ARGUMENTS:
D:\Unity\2021.3.15f1\Editor\Unity.exe
-adb2
-batchMode
-noUpm
-name
AssetImportWorker12
-projectPath
C:/Users/jerem/OneDrive/Documentos/WeasUnity/KTA
-logFile
Logs/AssetImportWorker12.log
-srvPort
57041
Successfully changed project path to: C:/Users/jerem/OneDrive/Documentos/WeasUnity/KTA
C:/Users/jerem/OneDrive/Documentos/WeasUnity/KTA
[UnityMemory] Configuration Parameters - Can be set up in boot.config
    "memorysetup-bucket-allocator-granularity=16"
    "memorysetup-bucket-allocator-bucket-count=8"
    "memorysetup-bucket-allocator-block-size=33554432"
    "memorysetup-bucket-allocator-block-count=8"
    "memorysetup-main-allocator-block-size=16777216"
    "memorysetup-thread-allocator-block-size=16777216"
    "memorysetup-gfx-main-allocator-block-size=16777216"
    "memorysetup-gfx-thread-allocator-block-size=16777216"
    "memorysetup-cache-allocator-block-size=4194304"
    "memorysetup-typetree-allocator-block-size=2097152"
    "memorysetup-profiler-bucket-allocator-granularity=16"
    "memorysetup-profiler-bucket-allocator-bucket-count=8"
    "memorysetup-profiler-bucket-allocator-block-size=33554432"
    "memorysetup-profiler-bucket-allocator-block-count=8"
    "memorysetup-profiler-allocator-block-size=16777216"
    "memorysetup-profiler-editor-allocator-block-size=1048576"
    "memorysetup-temp-allocator-size-main=16777216"
    "memorysetup-job-temp-allocator-block-size=2097152"
    "memorysetup-job-temp-allocator-block-size-background=1048576"
    "memorysetup-job-temp-allocator-reduction-small-platforms=262144"
    "memorysetup-temp-allocator-size-background-worker=32768"
    "memorysetup-temp-allocator-size-job-worker=262144"
    "memorysetup-temp-allocator-size-preload-manager=33554432"
    "memorysetup-temp-allocator-size-nav-mesh-worker=65536"
    "memorysetup-temp-allocator-size-audio-worker=65536"
    "memorysetup-temp-allocator-size-cloud-worker=32768"
    "memorysetup-temp-allocator-size-gi-baking-worker=262144"
    "memorysetup-temp-allocator-size-gfx=262144"
Player connection [31572] Host "[IP] 172.19.176.1 [Port] 0 [Flags] 2 [Guid] 3193391058 [EditorId] 3193391058 [Version] 1048832 [Id] WindowsEditor(7,Desktop-BBP14QM) [Debug] 1 [PackageName] WindowsEditor [ProjectName] Editor" joined multi-casting on [225.0.0.222:54997]...

Player connection [31572] Host "[IP] 172.19.176.1 [Port] 0 [Flags] 2 [Guid] 3193391058 [EditorId] 3193391058 [Version] 1048832 [Id] WindowsEditor(7,Desktop-BBP14QM) [Debug] 1 [PackageName] WindowsEditor [ProjectName] Editor" joined alternative multi-casting on [225.0.0.222:34997]...

Refreshing native plugins compatible for Editor in 92.07 ms, found 2 plugins.
Preloading 0 native plugins for Editor in 0.00 ms.
Initialize engine version: 2021.3.15f1 (e8e88683f834)
[Subsystems] Discovering subsystems at path D:/Unity/2021.3.15f1/Editor/Data/Resources/UnitySubsystems
[Subsystems] Discovering subsystems at path C:/Users/jerem/OneDrive/Documentos/WeasUnity/KTA/Assets
GfxDevice: creating device client; threaded=0; jobified=0
Direct3D:
    Version:  Direct3D 11.0 [level 11.1]
    Renderer: NVIDIA GeForce RTX 4060 (ID=0x2882)
    Vendor:   NVIDIA
    VRAM:     7957 MB
    Driver:   32.0.15.8115
Initialize mono
Mono path[0] = 'D:/Unity/2021.3.15f1/Editor/Data/Managed'
Mono path[1] = 'D:/Unity/2021.3.15f1/Editor/Data/MonoBleedingEdge/lib/mono/unityjit-win32'
Mono config path = 'D:/Unity/2021.3.15f1/Editor/Data/MonoBleedingEdge/etc'
Using monoOptions --debugger-agent=transport=dt_socket,embedding=1,server=y,suspend=n,address=127.0.0.1:56152
Begin MonoManager ReloadAssembly
Registering precompiled unity dll's ...
Register platform support module: D:/Unity/2021.3.15f1/Editor/Data/PlaybackEngines/WebGLSupport/UnityEditor.WebGL.Extensions.dll
Register platform support module: D:/Unity/2021.3.15f1/Editor/Data/PlaybackEngines/MacStandaloneSupport/UnityEditor.OSXStandalone.Extensions.dll
Register platform support module: D:/Unity/2021.3.15f1/Editor/Data/PlaybackEngines/AndroidPlayer/UnityEditor.Android.Extensions.dll
Register platform support module: D:/Unity/2021.3.15f1/Editor/Data/PlaybackEngines/WindowsStandaloneSupport/UnityEditor.WindowsStandalone.Extensions.dll
Register platform support module: D:/Unity/2021.3.15f1/Editor/Data/PlaybackEngines/LinuxStandaloneSupport/UnityEditor.LinuxStandalone.Extensions.dll
Register platform support module: D:/Unity/2021.3.15f1/Editor/Data/PlaybackEngines/MetroSupport/UnityEditor.UWP.Extensions.dll
Registered in 0.125912 seconds.
Native extension for UWP target not found
Native extension for LinuxStandalone target not found
Native extension for WindowsStandalone target not found
Native extension for Android target not found
Native extension for OSXStandalone target not found
Native extension for WebGL target not found
Refreshing native plugins compatible for Editor in 73.23 ms, found 2 plugins.
Preloading 0 native plugins for Editor in 0.00 ms.
Mono: successfully reloaded assembly
- Completed reload, in  1.831 seconds
Domain Reload Profiling:
	ReloadAssembly (1831ms)
		BeginReloadAssembly (831ms)
			ExecutionOrderSort (0ms)
			DisableScriptedObjects (0ms)
			BackupInstance (0ms)
			ReleaseScriptingObjects (0ms)
			CreateAndSetChildDomain (1ms)
		EndReloadAssembly (772ms)
			LoadAssemblies (883ms)
			RebuildTransferFunctionScriptingTraits (0ms)
			SetupTypeCache (162ms)
			ReleaseScriptCaches (0ms)
			RebuildScriptCaches (26ms)
			SetupLoadedEditorAssemblies (485ms)
				LogAssemblyErrors (0ms)
				InitializePlatformSupportModulesInManaged (269ms)
				SetLoadedEditorAssemblies (0ms)
				RefreshPlugins (73ms)
				BeforeProcessingInitializeOnLoad (1ms)
				ProcessInitializeOnLoadAttributes (88ms)
				ProcessInitializeOnLoadMethodAttributes (53ms)
				AfterProcessingInitializeOnLoad (0ms)
				EditorAssembliesLoaded (0ms)
			ExecutionOrderSort2 (0ms)
			AwakeInstancesAfterBackupRestoration (0ms)
Platform modules already initialized, skipping
Registering precompiled user dll's ...
Registered in 0.015048 seconds.
Begin MonoManager ReloadAssembly
Symbol file LoadedFromMemory is not a mono symbol file
Native extension for UWP target not found
Native extension for LinuxStandalone target not found
Native extension for WindowsStandalone target not found
Native extension for Android target not found
Native extension for OSXStandalone target not found
Native extension for WebGL target not found
Refreshing native plugins compatible for Editor in 71.38 ms, found 2 plugins.
Preloading 0 native plugins for Editor in 0.00 ms.
GPGSUpgrader start
UnityEngine.StackTraceUtility:ExtractStackTrace ()
UnityEngine.DebugLogHandler:LogFormat (UnityEngine.LogType,UnityEngine.Object,string,object[])
UnityEngine.Logger:Log (UnityEngine.LogType,object)
UnityEngine.Debug:Log (object)
GooglePlayGames.Editor.GPGSUpgrader:.cctor () (at Assets/GooglePlayGames/com.google.play.games/Editor/GPGSUpgrader.cs:38)
System.Runtime.CompilerServices.RuntimeHelpers:RunClassConstructor (System.RuntimeTypeHandle)
UnityEditor.EditorAssemblies:ProcessInitializeOnLoadAttributes (System.Type[])

(Filename: Assets/GooglePlayGames/com.google.play.games/Editor/GPGSUpgrader.cs Line: 38)

GPGSUpgrader done
UnityEngine.StackTraceUtility:ExtractStackTrace ()
UnityEngine.DebugLogHandler:LogFormat (UnityEngine.LogType,UnityEngine.Object,string,object[])
UnityEngine.Logger:Log (UnityEngine.LogType,object)
UnityEngine.Debug:Log (object)
GooglePlayGames.Editor.GPGSUpgrader:.cctor () (at Assets/GooglePlayGames/com.google.play.games/Editor/GPGSUpgrader.cs:57)
System.Runtime.CompilerServices.RuntimeHelpers:RunClassConstructor (System.RuntimeTypeHandle)
UnityEditor.EditorAssemblies:ProcessInitializeOnLoadAttributes (System.Type[])

(Filename: Assets/GooglePlayGames/com.google.play.games/Editor/GPGSUpgrader.cs Line: 57)

Running On Project Startup validation hook...
UnityEngine.StackTraceUtility:ExtractStackTrace ()
UnityEngine.DebugLogHandler:LogFormat (UnityEngine.LogType,UnityEngine.Object,string,object[])
UnityEngine.Logger:Log (UnityEngine.LogType,object)
UnityEngine.Debug:Log (object)
Sirenix.OdinValidator.Editor.AutomationConfig:RunValidationScan (string,Sirenix.OdinValidator.Editor.AutomationConfig/ValidationSetup,bool,System.Action,bool,bool,bool,bool,bool,bool,bool,bool) (at C:/Sirenix/Sirenix Solution/Sirenix.OdinValidator.Editor/Config/AutomationConfig.cs:282)
Sirenix.OdinValidator.Editor.AutomationConfig:ActuallyInitHooks () (at C:/Sirenix/Sirenix Solution/Sirenix.OdinValidator.Editor/Config/AutomationConfig.cs:186)
Sirenix.OdinValidator.Editor.AutomationConfig:InitHooks () (at C:/Sirenix/Sirenix Solution/Sirenix.OdinValidator.Editor/Config/AutomationConfig.cs:170)
System.Reflection.RuntimeMethodInfo:Invoke (object,System.Reflection.BindingFlags,System.Reflection.Binder,object[],System.Globalization.CultureInfo)
System.Reflection.MethodBase:Invoke (object,object[])
UnityEditor.EditorAssemblies:ProcessInitializeOnLoadMethodAttributes ()

(Filename: C:/Sirenix/Sirenix Solution/Sirenix.OdinValidator.Editor/Config/AutomationConfig.cs Line: 282)

InvalidOperationException: Calling OpenScene Raisefrom assembly reloading callbacks are not supported.
  at (wrapper managed-to-native) UnityEditor.SceneManagement.EditorSceneManager.OpenScene_Injected(string,UnityEditor.SceneManagement.OpenSceneMode,UnityEngine.SceneManagement.Scene&)
  at UnityEditor.SceneManagement.EditorSceneManager.OpenScene (System.String scenePath, UnityEditor.SceneManagement.OpenSceneMode mode) [0x00000] in <63965ae56af7489797f355b7c1211ab2>:0 
  at Sirenix.OdinInspector.Editor.Validation.SceneReference.TryOpenScene (UnityEditor.SceneManagement.OpenSceneMode mode, UnityEngine.SceneManagement.Scene& scene) [0x00017] in C:\Sirenix\Sirenix Solution\Sirenix.OdinInspector.Editor\Validation\Validators\SceneReference.cs:114 
UnityEngine.DebugLogHandler:Internal_LogException(Exception, Object)
UnityEngine.DebugLogHandler:LogException(Exception, Object)
UnityEngine.Logger:LogException(Exception, Object)
UnityEngine.Debug:LogException(Exception)
Sirenix.OdinInspector.Editor.Validation.SceneReference:TryOpenScene(OpenSceneMode, Scene&) (at C:\Sirenix\Sirenix Solution\Sirenix.OdinInspector.Editor\Validation\Validators\SceneReference.cs:119)
Sirenix.OdinValidator.Editor.<ValidateCurrentWorkQueueEnumerator>d__59:MoveNext() (at C:\Sirenix\Sirenix Solution\Sirenix.OdinValidator.Editor\Core\ValidationSession.cs:557)
Sirenix.OdinValidator.Editor.<ValidateEverythingEnumeratorBatched>d__54:MoveNext() (at C:\Sirenix\Sirenix Solution\Sirenix.OdinValidator.Editor\Core\ValidationSession.cs:376)
Sirenix.OdinValidator.Editor.AutomationConfig:RunValidationScan(String, ValidationSetup, Boolean, Action, Boolean, Boolean, Boolean, Boolean, Boolean, Boolean, Boolean, Boolean) (at C:\Sirenix\Sirenix Solution\Sirenix.OdinValidator.Editor\Config\AutomationConfig.cs:305)
Sirenix.OdinValidator.Editor.AutomationConfig:ActuallyInitHooks() (at C:\Sirenix\Sirenix Solution\Sirenix.OdinValidator.Editor\Config\AutomationConfig.cs:186)
Sirenix.OdinValidator.Editor.AutomationConfig:InitHooks() (at C:\Sirenix\Sirenix Solution\Sirenix.OdinValidator.Editor\Config\AutomationConfig.cs:170)
System.Reflection.RuntimeMethodInfo:InternalInvoke(RuntimeMethodInfo, Object, Object[], Exception&)
System.Reflection.RuntimeMethodInfo:Invoke(Object, BindingFlags, Binder, Object[], CultureInfo)
System.Reflection.MethodBase:Invoke(Object, Object[])
UnityEditor.EditorAssemblies:ProcessInitializeOnLoadMethodAttributes()

(Filename: C:/Sirenix/Sirenix Solution/Sirenix.OdinInspector.Editor/Validation/Validators/SceneReference.cs Line: 119)

InvalidOperationException: Calling OpenScene Raisefrom assembly reloading callbacks are not supported.
  at (wrapper managed-to-native) UnityEditor.SceneManagement.EditorSceneManager.OpenScene_Injected(string,UnityEditor.SceneManagement.OpenSceneMode,UnityEngine.SceneManagement.Scene&)
  at UnityEditor.SceneManagement.EditorSceneManager.OpenScene (System.String scenePath, UnityEditor.SceneManagement.OpenSceneMode mode) [0x00000] in <63965ae56af7489797f355b7c1211ab2>:0 
  at Sirenix.OdinInspector.Editor.Validation.SceneReference.TryOpenScene (UnityEditor.SceneManagement.OpenSceneMode mode, UnityEngine.SceneManagement.Scene& scene) [0x00017] in C:\Sirenix\Sirenix Solution\Sirenix.OdinInspector.Editor\Validation\Validators\SceneReference.cs:114 
UnityEngine.DebugLogHandler:Internal_LogException(Exception, Object)
UnityEngine.DebugLogHandler:LogException(Exception, Object)
UnityEngine.Logger:LogException(Exception, Object)
UnityEngine.Debug:LogException(Exception)
Sirenix.OdinInspector.Editor.Validation.SceneReference:TryOpenScene(OpenSceneMode, Scene&) (at C:\Sirenix\Sirenix Solution\Sirenix.OdinInspector.Editor\Validation\Validators\SceneReference.cs:119)
Sirenix.OdinValidator.Editor.<ValidateCurrentWorkQueueEnumerator>d__59:MoveNext() (at C:\Sirenix\Sirenix Solution\Sirenix.OdinValidator.Editor\Core\ValidationSession.cs:557)
Sirenix.OdinValidator.Editor.<ValidateEverythingEnumeratorBatched>d__54:MoveNext() (at C:\Sirenix\Sirenix Solution\Sirenix.OdinValidator.Editor\Core\ValidationSession.cs:376)
Sirenix.OdinValidator.Editor.AutomationConfig:RunValidationScan(String, ValidationSetup, Boolean, Action, Boolean, Boolean, Boolean, Boolean, Boolean, Boolean, Boolean, Boolean) (at C:\Sirenix\Sirenix Solution\Sirenix.OdinValidator.Editor\Config\AutomationConfig.cs:305)
Sirenix.OdinValidator.Editor.AutomationConfig:ActuallyInitHooks() (at C:\Sirenix\Sirenix Solution\Sirenix.OdinValidator.Editor\Config\AutomationConfig.cs:186)
Sirenix.OdinValidator.Editor.AutomationConfig:InitHooks() (at C:\Sirenix\Sirenix Solution\Sirenix.OdinValidator.Editor\Config\AutomationConfig.cs:170)
System.Reflection.RuntimeMethodInfo:InternalInvoke(RuntimeMethodInfo, Object, Object[], Exception&)
System.Reflection.RuntimeMethodInfo:Invoke(Object, BindingFlags, Binder, Object[], CultureInfo)
System.Reflection.MethodBase:Invoke(Object, Object[])
UnityEditor.EditorAssemblies:ProcessInitializeOnLoadMethodAttributes()

(Filename: C:/Sirenix/Sirenix Solution/Sirenix.OdinInspector.Editor/Validation/Validators/SceneReference.cs Line: 119)

InvalidOperationException: Calling OpenScene Raisefrom assembly reloading callbacks are not supported.
  at (wrapper managed-to-native) UnityEditor.SceneManagement.EditorSceneManager.OpenScene_Injected(string,UnityEditor.SceneManagement.OpenSceneMode,UnityEngine.SceneManagement.Scene&)
  at UnityEditor.SceneManagement.EditorSceneManager.OpenScene (System.String scenePath, UnityEditor.SceneManagement.OpenSceneMode mode) [0x00000] in <63965ae56af7489797f355b7c1211ab2>:0 
  at Sirenix.OdinInspector.Editor.Validation.SceneReference.TryOpenScene (UnityEditor.SceneManagement.OpenSceneMode mode, UnityEngine.SceneManagement.Scene& scene) [0x00017] in C:\Sirenix\Sirenix Solution\Sirenix.OdinInspector.Editor\Validation\Validators\SceneReference.cs:114 
UnityEngine.DebugLogHandler:Internal_LogException(Exception, Object)
UnityEngine.DebugLogHandler:LogException(Exception, Object)
UnityEngine.Logger:LogException(Exception, Object)
UnityEngine.Debug:LogException(Exception)
Sirenix.OdinInspector.Editor.Validation.SceneReference:TryOpenScene(OpenSceneMode, Scene&) (at C:\Sirenix\Sirenix Solution\Sirenix.OdinInspector.Editor\Validation\Validators\SceneReference.cs:119)
Sirenix.OdinValidator.Editor.<ValidateCurrentWorkQueueEnumerator>d__59:MoveNext() (at C:\Sirenix\Sirenix Solution\Sirenix.OdinValidator.Editor\Core\ValidationSession.cs:557)
Sirenix.OdinValidator.Editor.<ValidateEverythingEnumeratorBatched>d__54:MoveNext() (at C:\Sirenix\Sirenix Solution\Sirenix.OdinValidator.Editor\Core\ValidationSession.cs:376)
Sirenix.OdinValidator.Editor.AutomationConfig:RunValidationScan(String, ValidationSetup, Boolean, Action, Boolean, Boolean, Boolean, Boolean, Boolean, Boolean, Boolean, Boolean) (at C:\Sirenix\Sirenix Solution\Sirenix.OdinValidator.Editor\Config\AutomationConfig.cs:305)
Sirenix.OdinValidator.Editor.AutomationConfig:ActuallyInitHooks() (at C:\Sirenix\Sirenix Solution\Sirenix.OdinValidator.Editor\Config\AutomationConfig.cs:186)
Sirenix.OdinValidator.Editor.AutomationConfig:InitHooks() (at C:\Sirenix\Sirenix Solution\Sirenix.OdinValidator.Editor\Config\AutomationConfig.cs:170)
System.Reflection.RuntimeMethodInfo:InternalInvoke(RuntimeMethodInfo, Object, Object[], Exception&)
System.Reflection.RuntimeMethodInfo:Invoke(Object, BindingFlags, Binder, Object[], CultureInfo)
System.Reflection.MethodBase:Invoke(Object, Object[])
UnityEditor.EditorAssemblies:ProcessInitializeOnLoadMethodAttributes()

(Filename: C:/Sirenix/Sirenix Solution/Sirenix.OdinInspector.Editor/Validation/Validators/SceneReference.cs Line: 119)

InvalidOperationException: Calling OpenScene Raisefrom assembly reloading callbacks are not supported.
  at (wrapper managed-to-native) UnityEditor.SceneManagement.EditorSceneManager.OpenScene_Injected(string,UnityEditor.SceneManagement.OpenSceneMode,UnityEngine.SceneManagement.Scene&)
  at UnityEditor.SceneManagement.EditorSceneManager.OpenScene (System.String scenePath, UnityEditor.SceneManagement.OpenSceneMode mode) [0x00000] in <63965ae56af7489797f355b7c1211ab2>:0 
  at Sirenix.OdinInspector.Editor.Validation.SceneReference.TryOpenScene (UnityEditor.SceneManagement.OpenSceneMode mode, UnityEngine.SceneManagement.Scene& scene) [0x00017] in C:\Sirenix\Sirenix Solution\Sirenix.OdinInspector.Editor\Validation\Validators\SceneReference.cs:114 
UnityEngine.DebugLogHandler:Internal_LogException(Exception, Object)
UnityEngine.DebugLogHandler:LogException(Exception, Object)
UnityEngine.Logger:LogException(Exception, Object)
UnityEngine.Debug:LogException(Exception)
Sirenix.OdinInspector.Editor.Validation.SceneReference:TryOpenScene(OpenSceneMode, Scene&) (at C:\Sirenix\Sirenix Solution\Sirenix.OdinInspector.Editor\Validation\Validators\SceneReference.cs:119)
Sirenix.OdinValidator.Editor.<ValidateCurrentWorkQueueEnumerator>d__59:MoveNext() (at C:\Sirenix\Sirenix Solution\Sirenix.OdinValidator.Editor\Core\ValidationSession.cs:557)
Sirenix.OdinValidator.Editor.<ValidateEverythingEnumeratorBatched>d__54:MoveNext() (at C:\Sirenix\Sirenix Solution\Sirenix.OdinValidator.Editor\Core\ValidationSession.cs:376)
Sirenix.OdinValidator.Editor.AutomationConfig:RunValidationScan(String, ValidationSetup, Boolean, Action, Boolean, Boolean, Boolean, Boolean, Boolean, Boolean, Boolean, Boolean) (at C:\Sirenix\Sirenix Solution\Sirenix.OdinValidator.Editor\Config\AutomationConfig.cs:305)
Sirenix.OdinValidator.Editor.AutomationConfig:ActuallyInitHooks() (at C:\Sirenix\Sirenix Solution\Sirenix.OdinValidator.Editor\Config\AutomationConfig.cs:186)
Sirenix.OdinValidator.Editor.AutomationConfig:InitHooks() (at C:\Sirenix\Sirenix Solution\Sirenix.OdinValidator.Editor\Config\AutomationConfig.cs:170)
System.Reflection.RuntimeMethodInfo:InternalInvoke(RuntimeMethodInfo, Object, Object[], Exception&)
System.Reflection.RuntimeMethodInfo:Invoke(Object, BindingFlags, Binder, Object[], CultureInfo)
System.Reflection.MethodBase:Invoke(Object, Object[])
UnityEditor.EditorAssemblies:ProcessInitializeOnLoadMethodAttributes()

(Filename: C:/Sirenix/Sirenix Solution/Sirenix.OdinInspector.Editor/Validation/Validators/SceneReference.cs Line: 119)

InvalidOperationException: Calling OpenScene Raisefrom assembly reloading callbacks are not supported.
  at (wrapper managed-to-native) UnityEditor.SceneManagement.EditorSceneManager.OpenScene_Injected(string,UnityEditor.SceneManagement.OpenSceneMode,UnityEngine.SceneManagement.Scene&)
  at UnityEditor.SceneManagement.EditorSceneManager.OpenScene (System.String scenePath, UnityEditor.SceneManagement.OpenSceneMode mode) [0x00000] in <63965ae56af7489797f355b7c1211ab2>:0 
  at Sirenix.OdinInspector.Editor.Validation.SceneReference.TryOpenScene (UnityEditor.SceneManagement.OpenSceneMode mode, UnityEngine.SceneManagement.Scene& scene) [0x00017] in C:\Sirenix\Sirenix Solution\Sirenix.OdinInspector.Editor\Validation\Validators\SceneReference.cs:114 
UnityEngine.DebugLogHandler:Internal_LogException(Exception, Object)
UnityEngine.DebugLogHandler:LogException(Exception, Object)
UnityEngine.Logger:LogException(Exception, Object)
UnityEngine.Debug:LogException(Exception)
Sirenix.OdinInspector.Editor.Validation.SceneReference:TryOpenScene(OpenSceneMode, Scene&) (at C:\Sirenix\Sirenix Solution\Sirenix.OdinInspector.Editor\Validation\Validators\SceneReference.cs:119)
Sirenix.OdinValidator.Editor.<ValidateCurrentWorkQueueEnumerator>d__59:MoveNext() (at C:\Sirenix\Sirenix Solution\Sirenix.OdinValidator.Editor\Core\ValidationSession.cs:557)
Sirenix.OdinValidator.Editor.<ValidateEverythingEnumeratorBatched>d__54:MoveNext() (at C:\Sirenix\Sirenix Solution\Sirenix.OdinValidator.Editor\Core\ValidationSession.cs:376)
Sirenix.OdinValidator.Editor.AutomationConfig:RunValidationScan(String, ValidationSetup, Boolean, Action, Boolean, Boolean, Boolean, Boolean, Boolean, Boolean, Boolean, Boolean) (at C:\Sirenix\Sirenix Solution\Sirenix.OdinValidator.Editor\Config\AutomationConfig.cs:305)
Sirenix.OdinValidator.Editor.AutomationConfig:ActuallyInitHooks() (at C:\Sirenix\Sirenix Solution\Sirenix.OdinValidator.Editor\Config\AutomationConfig.cs:186)
Sirenix.OdinValidator.Editor.AutomationConfig:InitHooks() (at C:\Sirenix\Sirenix Solution\Sirenix.OdinValidator.Editor\Config\AutomationConfig.cs:170)
System.Reflection.RuntimeMethodInfo:InternalInvoke(RuntimeMethodInfo, Object, Object[], Exception&)
System.Reflection.RuntimeMethodInfo:Invoke(Object, BindingFlags, Binder, Object[], CultureInfo)
System.Reflection.MethodBase:Invoke(Object, Object[])
UnityEditor.EditorAssemblies:ProcessInitializeOnLoadMethodAttributes()

(Filename: C:/Sirenix/Sirenix Solution/Sirenix.OdinInspector.Editor/Validation/Validators/SceneReference.cs Line: 119)

InvalidOperationException: Calling OpenScene Raisefrom assembly reloading callbacks are not supported.
  at (wrapper managed-to-native) UnityEditor.SceneManagement.EditorSceneManager.OpenScene_Injected(string,UnityEditor.SceneManagement.OpenSceneMode,UnityEngine.SceneManagement.Scene&)
  at UnityEditor.SceneManagement.EditorSceneManager.OpenScene (System.String scenePath, UnityEditor.SceneManagement.OpenSceneMode mode) [0x00000] in <63965ae56af7489797f355b7c1211ab2>:0 
  at Sirenix.OdinInspector.Editor.Validation.SceneReference.TryOpenScene (UnityEditor.SceneManagement.OpenSceneMode mode, UnityEngine.SceneManagement.Scene& scene) [0x00017] in C:\Sirenix\Sirenix Solution\Sirenix.OdinInspector.Editor\Validation\Validators\SceneReference.cs:114 
UnityEngine.DebugLogHandler:Internal_LogException(Exception, Object)
UnityEngine.DebugLogHandler:LogException(Exception, Object)
UnityEngine.Logger:LogException(Exception, Object)
UnityEngine.Debug:LogException(Exception)
Sirenix.OdinInspector.Editor.Validation.SceneReference:TryOpenScene(OpenSceneMode, Scene&) (at C:\Sirenix\Sirenix Solution\Sirenix.OdinInspector.Editor\Validation\Validators\SceneReference.cs:119)
Sirenix.OdinValidator.Editor.<ValidateCurrentWorkQueueEnumerator>d__59:MoveNext() (at C:\Sirenix\Sirenix Solution\Sirenix.OdinValidator.Editor\Core\ValidationSession.cs:557)
Sirenix.OdinValidator.Editor.<ValidateEverythingEnumeratorBatched>d__54:MoveNext() (at C:\Sirenix\Sirenix Solution\Sirenix.OdinValidator.Editor\Core\ValidationSession.cs:376)
Sirenix.OdinValidator.Editor.AutomationConfig:RunValidationScan(String, ValidationSetup, Boolean, Action, Boolean, Boolean, Boolean, Boolean, Boolean, Boolean, Boolean, Boolean) (at C:\Sirenix\Sirenix Solution\Sirenix.OdinValidator.Editor\Config\AutomationConfig.cs:305)
Sirenix.OdinValidator.Editor.AutomationConfig:ActuallyInitHooks() (at C:\Sirenix\Sirenix Solution\Sirenix.OdinValidator.Editor\Config\AutomationConfig.cs:186)
Sirenix.OdinValidator.Editor.AutomationConfig:InitHooks() (at C:\Sirenix\Sirenix Solution\Sirenix.OdinValidator.Editor\Config\AutomationConfig.cs:170)
System.Reflection.RuntimeMethodInfo:InternalInvoke(RuntimeMethodInfo, Object, Object[], Exception&)
System.Reflection.RuntimeMethodInfo:Invoke(Object, BindingFlags, Binder, Object[], CultureInfo)
System.Reflection.MethodBase:Invoke(Object, Object[])
UnityEditor.EditorAssemblies:ProcessInitializeOnLoadMethodAttributes()

(Filename: C:/Sirenix/Sirenix Solution/Sirenix.OdinInspector.Editor/Validation/Validators/SceneReference.cs Line: 119)

InvalidOperationException: Calling OpenScene Raisefrom assembly reloading callbacks are not supported.
  at (wrapper managed-to-native) UnityEditor.SceneManagement.EditorSceneManager.OpenScene_Injected(string,UnityEditor.SceneManagement.OpenSceneMode,UnityEngine.SceneManagement.Scene&)
  at UnityEditor.SceneManagement.EditorSceneManager.OpenScene (System.String scenePath, UnityEditor.SceneManagement.OpenSceneMode mode) [0x00000] in <63965ae56af7489797f355b7c1211ab2>:0 
  at Sirenix.OdinInspector.Editor.Validation.SceneReference.TryOpenScene (UnityEditor.SceneManagement.OpenSceneMode mode, UnityEngine.SceneManagement.Scene& scene) [0x00017] in C:\Sirenix\Sirenix Solution\Sirenix.OdinInspector.Editor\Validation\Validators\SceneReference.cs:114 
UnityEngine.DebugLogHandler:Internal_LogException(Exception, Object)
UnityEngine.DebugLogHandler:LogException(Exception, Object)
UnityEngine.Logger:LogException(Exception, Object)
UnityEngine.Debug:LogException(Exception)
Sirenix.OdinInspector.Editor.Validation.SceneReference:TryOpenScene(OpenSceneMode, Scene&) (at C:\Sirenix\Sirenix Solution\Sirenix.OdinInspector.Editor\Validation\Validators\SceneReference.cs:119)
Sirenix.OdinValidator.Editor.<ValidateCurrentWorkQueueEnumerator>d__59:MoveNext() (at C:\Sirenix\Sirenix Solution\Sirenix.OdinValidator.Editor\Core\ValidationSession.cs:557)
Sirenix.OdinValidator.Editor.<ValidateEverythingEnumeratorBatched>d__54:MoveNext() (at C:\Sirenix\Sirenix Solution\Sirenix.OdinValidator.Editor\Core\ValidationSession.cs:376)
Sirenix.OdinValidator.Editor.AutomationConfig:RunValidationScan(String, ValidationSetup, Boolean, Action, Boolean, Boolean, Boolean, Boolean, Boolean, Boolean, Boolean, Boolean) (at C:\Sirenix\Sirenix Solution\Sirenix.OdinValidator.Editor\Config\AutomationConfig.cs:305)
Sirenix.OdinValidator.Editor.AutomationConfig:ActuallyInitHooks() (at C:\Sirenix\Sirenix Solution\Sirenix.OdinValidator.Editor\Config\AutomationConfig.cs:186)
Sirenix.OdinValidator.Editor.AutomationConfig:InitHooks() (at C:\Sirenix\Sirenix Solution\Sirenix.OdinValidator.Editor\Config\AutomationConfig.cs:170)
System.Reflection.RuntimeMethodInfo:InternalInvoke(RuntimeMethodInfo, Object, Object[], Exception&)
System.Reflection.RuntimeMethodInfo:Invoke(Object, BindingFlags, Binder, Object[], CultureInfo)
System.Reflection.MethodBase:Invoke(Object, Object[])
UnityEditor.EditorAssemblies:ProcessInitializeOnLoadMethodAttributes()

(Filename: C:/Sirenix/Sirenix Solution/Sirenix.OdinInspector.Editor/Validation/Validators/SceneReference.cs Line: 119)

InvalidOperationException: Calling OpenScene Raisefrom assembly reloading callbacks are not supported.
  at (wrapper managed-to-native) UnityEditor.SceneManagement.EditorSceneManager.OpenScene_Injected(string,UnityEditor.SceneManagement.OpenSceneMode,UnityEngine.SceneManagement.Scene&)
  at UnityEditor.SceneManagement.EditorSceneManager.OpenScene (System.String scenePath, UnityEditor.SceneManagement.OpenSceneMode mode) [0x00000] in <63965ae56af7489797f355b7c1211ab2>:0 
  at Sirenix.OdinInspector.Editor.Validation.SceneReference.TryOpenScene (UnityEditor.SceneManagement.OpenSceneMode mode, UnityEngine.SceneManagement.Scene& scene) [0x00017] in C:\Sirenix\Sirenix Solution\Sirenix.OdinInspector.Editor\Validation\Validators\SceneReference.cs:114 
UnityEngine.DebugLogHandler:Internal_LogException(Exception, Object)
UnityEngine.DebugLogHandler:LogException(Exception, Object)
UnityEngine.Logger:LogException(Exception, Object)
UnityEngine.Debug:LogException(Exception)
Sirenix.OdinInspector.Editor.Validation.SceneReference:TryOpenScene(OpenSceneMode, Scene&) (at C:\Sirenix\Sirenix Solution\Sirenix.OdinInspector.Editor\Validation\Validators\SceneReference.cs:119)
Sirenix.OdinValidator.Editor.<ValidateCurrentWorkQueueEnumerator>d__59:MoveNext() (at C:\Sirenix\Sirenix Solution\Sirenix.OdinValidator.Editor\Core\ValidationSession.cs:557)
Sirenix.OdinValidator.Editor.<ValidateEverythingEnumeratorBatched>d__54:MoveNext() (at C:\Sirenix\Sirenix Solution\Sirenix.OdinValidator.Editor\Core\ValidationSession.cs:376)
Sirenix.OdinValidator.Editor.AutomationConfig:RunValidationScan(String, ValidationSetup, Boolean, Action, Boolean, Boolean, Boolean, Boolean, Boolean, Boolean, Boolean, Boolean) (at C:\Sirenix\Sirenix Solution\Sirenix.OdinValidator.Editor\Config\AutomationConfig.cs:305)
Sirenix.OdinValidator.Editor.AutomationConfig:ActuallyInitHooks() (at C:\Sirenix\Sirenix Solution\Sirenix.OdinValidator.Editor\Config\AutomationConfig.cs:186)
Sirenix.OdinValidator.Editor.AutomationConfig:InitHooks() (at C:\Sirenix\Sirenix Solution\Sirenix.OdinValidator.Editor\Config\AutomationConfig.cs:170)
System.Reflection.RuntimeMethodInfo:InternalInvoke(RuntimeMethodInfo, Object, Object[], Exception&)
System.Reflection.RuntimeMethodInfo:Invoke(Object, BindingFlags, Binder, Object[], CultureInfo)
System.Reflection.MethodBase:Invoke(Object, Object[])
UnityEditor.EditorAssemblies:ProcessInitializeOnLoadMethodAttributes()

(Filename: C:/Sirenix/Sirenix Solution/Sirenix.OdinInspector.Editor/Validation/Validators/SceneReference.cs Line: 119)

InvalidOperationException: Calling OpenScene Raisefrom assembly reloading callbacks are not supported.
  at (wrapper managed-to-native) UnityEditor.SceneManagement.EditorSceneManager.OpenScene_Injected(string,UnityEditor.SceneManagement.OpenSceneMode,UnityEngine.SceneManagement.Scene&)
  at UnityEditor.SceneManagement.EditorSceneManager.OpenScene (System.String scenePath, UnityEditor.SceneManagement.OpenSceneMode mode) [0x00000] in <63965ae56af7489797f355b7c1211ab2>:0 
  at Sirenix.OdinInspector.Editor.Validation.SceneReference.TryOpenScene (UnityEditor.SceneManagement.OpenSceneMode mode, UnityEngine.SceneManagement.Scene& scene) [0x00017] in C:\Sirenix\Sirenix Solution\Sirenix.OdinInspector.Editor\Validation\Validators\SceneReference.cs:114 
UnityEngine.DebugLogHandler:Internal_LogException(Exception, Object)
UnityEngine.DebugLogHandler:LogException(Exception, Object)
UnityEngine.Logger:LogException(Exception, Object)
UnityEngine.Debug:LogException(Exception)
Sirenix.OdinInspector.Editor.Validation.SceneReference:TryOpenScene(OpenSceneMode, Scene&) (at C:\Sirenix\Sirenix Solution\Sirenix.OdinInspector.Editor\Validation\Validators\SceneReference.cs:119)
Sirenix.OdinValidator.Editor.<ValidateCurrentWorkQueueEnumerator>d__59:MoveNext() (at C:\Sirenix\Sirenix Solution\Sirenix.OdinValidator.Editor\Core\ValidationSession.cs:557)
Sirenix.OdinValidator.Editor.<ValidateEverythingEnumeratorBatched>d__54:MoveNext() (at C:\Sirenix\Sirenix Solution\Sirenix.OdinValidator.Editor\Core\ValidationSession.cs:376)
Sirenix.OdinValidator.Editor.AutomationConfig:RunValidationScan(String, ValidationSetup, Boolean, Action, Boolean, Boolean, Boolean, Boolean, Boolean, Boolean, Boolean, Boolean) (at C:\Sirenix\Sirenix Solution\Sirenix.OdinValidator.Editor\Config\AutomationConfig.cs:305)
Sirenix.OdinValidator.Editor.AutomationConfig:ActuallyInitHooks() (at C:\Sirenix\Sirenix Solution\Sirenix.OdinValidator.Editor\Config\AutomationConfig.cs:186)
Sirenix.OdinValidator.Editor.AutomationConfig:InitHooks() (at C:\Sirenix\Sirenix Solution\Sirenix.OdinValidator.Editor\Config\AutomationConfig.cs:170)
System.Reflection.RuntimeMethodInfo:InternalInvoke(RuntimeMethodInfo, Object, Object[], Exception&)
System.Reflection.RuntimeMethodInfo:Invoke(Object, BindingFlags, Binder, Object[], CultureInfo)
System.Reflection.MethodBase:Invoke(Object, Object[])
UnityEditor.EditorAssemblies:ProcessInitializeOnLoadMethodAttributes()

(Filename: C:/Sirenix/Sirenix Solution/Sirenix.OdinInspector.Editor/Validation/Validators/SceneReference.cs Line: 119)

InvalidOperationException: Calling OpenScene Raisefrom assembly reloading callbacks are not supported.
  at (wrapper managed-to-native) UnityEditor.SceneManagement.EditorSceneManager.OpenScene_Injected(string,UnityEditor.SceneManagement.OpenSceneMode,UnityEngine.SceneManagement.Scene&)
  at UnityEditor.SceneManagement.EditorSceneManager.OpenScene (System.String scenePath, UnityEditor.SceneManagement.OpenSceneMode mode) [0x00000] in <63965ae56af7489797f355b7c1211ab2>:0 
  at Sirenix.OdinInspector.Editor.Validation.SceneReference.TryOpenScene (UnityEditor.SceneManagement.OpenSceneMode mode, UnityEngine.SceneManagement.Scene& scene) [0x00017] in C:\Sirenix\Sirenix Solution\Sirenix.OdinInspector.Editor\Validation\Validators\SceneReference.cs:114 
UnityEngine.DebugLogHandler:Internal_LogException(Exception, Object)
UnityEngine.DebugLogHandler:LogException(Exception, Object)
UnityEngine.Logger:LogException(Exception, Object)
UnityEngine.Debug:LogException(Exception)
Sirenix.OdinInspector.Editor.Validation.SceneReference:TryOpenScene(OpenSceneMode, Scene&) (at C:\Sirenix\Sirenix Solution\Sirenix.OdinInspector.Editor\Validation\Validators\SceneReference.cs:119)
Sirenix.OdinValidator.Editor.<ValidateCurrentWorkQueueEnumerator>d__59:MoveNext() (at C:\Sirenix\Sirenix Solution\Sirenix.OdinValidator.Editor\Core\ValidationSession.cs:557)
Sirenix.OdinValidator.Editor.<ValidateEverythingEnumeratorBatched>d__54:MoveNext() (at C:\Sirenix\Sirenix Solution\Sirenix.OdinValidator.Editor\Core\ValidationSession.cs:376)
Sirenix.OdinValidator.Editor.AutomationConfig:RunValidationScan(String, ValidationSetup, Boolean, Action, Boolean, Boolean, Boolean, Boolean, Boolean, Boolean, Boolean, Boolean) (at C:\Sirenix\Sirenix Solution\Sirenix.OdinValidator.Editor\Config\AutomationConfig.cs:305)
Sirenix.OdinValidator.Editor.AutomationConfig:ActuallyInitHooks() (at C:\Sirenix\Sirenix Solution\Sirenix.OdinValidator.Editor\Config\AutomationConfig.cs:186)
Sirenix.OdinValidator.Editor.AutomationConfig:InitHooks() (at C:\Sirenix\Sirenix Solution\Sirenix.OdinValidator.Editor\Config\AutomationConfig.cs:170)
System.Reflection.RuntimeMethodInfo:InternalInvoke(RuntimeMethodInfo, Object, Object[], Exception&)
System.Reflection.RuntimeMethodInfo:Invoke(Object, BindingFlags, Binder, Object[], CultureInfo)
System.Reflection.MethodBase:Invoke(Object, Object[])
UnityEditor.EditorAssemblies:ProcessInitializeOnLoadMethodAttributes()

(Filename: C:/Sirenix/Sirenix Solution/Sirenix.OdinInspector.Editor/Validation/Validators/SceneReference.cs Line: 119)

InvalidOperationException: Calling OpenScene Raisefrom assembly reloading callbacks are not supported.
  at (wrapper managed-to-native) UnityEditor.SceneManagement.EditorSceneManager.OpenScene_Injected(string,UnityEditor.SceneManagement.OpenSceneMode,UnityEngine.SceneManagement.Scene&)
  at UnityEditor.SceneManagement.EditorSceneManager.OpenScene (System.String scenePath, UnityEditor.SceneManagement.OpenSceneMode mode) [0x00000] in <63965ae56af7489797f355b7c1211ab2>:0 
  at Sirenix.OdinInspector.Editor.Validation.SceneReference.TryOpenScene (UnityEditor.SceneManagement.OpenSceneMode mode, UnityEngine.SceneManagement.Scene& scene) [0x00017] in C:\Sirenix\Sirenix Solution\Sirenix.OdinInspector.Editor\Validation\Validators\SceneReference.cs:114 
UnityEngine.DebugLogHandler:Internal_LogException(Exception, Object)
UnityEngine.DebugLogHandler:LogException(Exception, Object)
UnityEngine.Logger:LogException(Exception, Object)
UnityEngine.Debug:LogException(Exception)
Sirenix.OdinInspector.Editor.Validation.SceneReference:TryOpenScene(OpenSceneMode, Scene&) (at C:\Sirenix\Sirenix Solution\Sirenix.OdinInspector.Editor\Validation\Validators\SceneReference.cs:119)
Sirenix.OdinValidator.Editor.<ValidateCurrentWorkQueueEnumerator>d__59:MoveNext() (at C:\Sirenix\Sirenix Solution\Sirenix.OdinValidator.Editor\Core\ValidationSession.cs:557)
Sirenix.OdinValidator.Editor.<ValidateEverythingEnumeratorBatched>d__54:MoveNext() (at C:\Sirenix\Sirenix Solution\Sirenix.OdinValidator.Editor\Core\ValidationSession.cs:376)
Sirenix.OdinValidator.Editor.AutomationConfig:RunValidationScan(String, ValidationSetup, Boolean, Action, Boolean, Boolean, Boolean, Boolean, Boolean, Boolean, Boolean, Boolean) (at C:\Sirenix\Sirenix Solution\Sirenix.OdinValidator.Editor\Config\AutomationConfig.cs:305)
Sirenix.OdinValidator.Editor.AutomationConfig:ActuallyInitHooks() (at C:\Sirenix\Sirenix Solution\Sirenix.OdinValidator.Editor\Config\AutomationConfig.cs:186)
Sirenix.OdinValidator.Editor.AutomationConfig:InitHooks() (at C:\Sirenix\Sirenix Solution\Sirenix.OdinValidator.Editor\Config\AutomationConfig.cs:170)
System.Reflection.RuntimeMethodInfo:InternalInvoke(RuntimeMethodInfo, Object, Object[], Exception&)
System.Reflection.RuntimeMethodInfo:Invoke(Object, BindingFlags, Binder, Object[], CultureInfo)
System.Reflection.MethodBase:Invoke(Object, Object[])
UnityEditor.EditorAssemblies:ProcessInitializeOnLoadMethodAttributes()

(Filename: C:/Sirenix/Sirenix Solution/Sirenix.OdinInspector.Editor/Validation/Validators/SceneReference.cs Line: 119)

InvalidOperationException: Calling OpenScene Raisefrom assembly reloading callbacks are not supported.
  at (wrapper managed-to-native) UnityEditor.SceneManagement.EditorSceneManager.OpenScene_Injected(string,UnityEditor.SceneManagement.OpenSceneMode,UnityEngine.SceneManagement.Scene&)
  at UnityEditor.SceneManagement.EditorSceneManager.OpenScene (System.String scenePath, UnityEditor.SceneManagement.OpenSceneMode mode) [0x00000] in <63965ae56af7489797f355b7c1211ab2>:0 
  at Sirenix.OdinInspector.Editor.Validation.SceneReference.TryOpenScene (UnityEditor.SceneManagement.OpenSceneMode mode, UnityEngine.SceneManagement.Scene& scene) [0x00017] in C:\Sirenix\Sirenix Solution\Sirenix.OdinInspector.Editor\Validation\Validators\SceneReference.cs:114 
UnityEngine.DebugLogHandler:Internal_LogException(Exception, Object)
UnityEngine.DebugLogHandler:LogException(Exception, Object)
UnityEngine.Logger:LogException(Exception, Object)
UnityEngine.Debug:LogException(Exception)
Sirenix.OdinInspector.Editor.Validation.SceneReference:TryOpenScene(OpenSceneMode, Scene&) (at C:\Sirenix\Sirenix Solution\Sirenix.OdinInspector.Editor\Validation\Validators\SceneReference.cs:119)
Sirenix.OdinValidator.Editor.<ValidateCurrentWorkQueueEnumerator>d__59:MoveNext() (at C:\Sirenix\Sirenix Solution\Sirenix.OdinValidator.Editor\Core\ValidationSession.cs:557)
Sirenix.OdinValidator.Editor.<ValidateEverythingEnumeratorBatched>d__54:MoveNext() (at C:\Sirenix\Sirenix Solution\Sirenix.OdinValidator.Editor\Core\ValidationSession.cs:376)
Sirenix.OdinValidator.Editor.AutomationConfig:RunValidationScan(String, ValidationSetup, Boolean, Action, Boolean, Boolean, Boolean, Boolean, Boolean, Boolean, Boolean, Boolean) (at C:\Sirenix\Sirenix Solution\Sirenix.OdinValidator.Editor\Config\AutomationConfig.cs:305)
Sirenix.OdinValidator.Editor.AutomationConfig:ActuallyInitHooks() (at C:\Sirenix\Sirenix Solution\Sirenix.OdinValidator.Editor\Config\AutomationConfig.cs:186)
Sirenix.OdinValidator.Editor.AutomationConfig:InitHooks() (at C:\Sirenix\Sirenix Solution\Sirenix.OdinValidator.Editor\Config\AutomationConfig.cs:170)
System.Reflection.RuntimeMethodInfo:InternalInvoke(RuntimeMethodInfo, Object, Object[], Exception&)
System.Reflection.RuntimeMethodInfo:Invoke(Object, BindingFlags, Binder, Object[], CultureInfo)
System.Reflection.MethodBase:Invoke(Object, Object[])
UnityEditor.EditorAssemblies:ProcessInitializeOnLoadMethodAttributes()

(Filename: C:/Sirenix/Sirenix Solution/Sirenix.OdinInspector.Editor/Validation/Validators/SceneReference.cs Line: 119)

InvalidOperationException: Calling OpenScene Raisefrom assembly reloading callbacks are not supported.
  at (wrapper managed-to-native) UnityEditor.SceneManagement.EditorSceneManager.OpenScene_Injected(string,UnityEditor.SceneManagement.OpenSceneMode,UnityEngine.SceneManagement.Scene&)
  at UnityEditor.SceneManagement.EditorSceneManager.OpenScene (System.String scenePath, UnityEditor.SceneManagement.OpenSceneMode mode) [0x00000] in <63965ae56af7489797f355b7c1211ab2>:0 
  at Sirenix.OdinInspector.Editor.Validation.SceneReference.TryOpenScene (UnityEditor.SceneManagement.OpenSceneMode mode, UnityEngine.SceneManagement.Scene& scene) [0x00017] in C:\Sirenix\Sirenix Solution\Sirenix.OdinInspector.Editor\Validation\Validators\SceneReference.cs:114 
UnityEngine.DebugLogHandler:Internal_LogException(Exception, Object)
UnityEngine.DebugLogHandler:LogException(Exception, Object)
UnityEngine.Logger:LogException(Exception, Object)
UnityEngine.Debug:LogException(Exception)
Sirenix.OdinInspector.Editor.Validation.SceneReference:TryOpenScene(OpenSceneMode, Scene&) (at C:\Sirenix\Sirenix Solution\Sirenix.OdinInspector.Editor\Validation\Validators\SceneReference.cs:119)
Sirenix.OdinValidator.Editor.<ValidateCurrentWorkQueueEnumerator>d__59:MoveNext() (at C:\Sirenix\Sirenix Solution\Sirenix.OdinValidator.Editor\Core\ValidationSession.cs:557)
Sirenix.OdinValidator.Editor.<ValidateEverythingEnumeratorBatched>d__54:MoveNext() (at C:\Sirenix\Sirenix Solution\Sirenix.OdinValidator.Editor\Core\ValidationSession.cs:376)
Sirenix.OdinValidator.Editor.AutomationConfig:RunValidationScan(String, ValidationSetup, Boolean, Action, Boolean, Boolean, Boolean, Boolean, Boolean, Boolean, Boolean, Boolean) (at C:\Sirenix\Sirenix Solution\Sirenix.OdinValidator.Editor\Config\AutomationConfig.cs:305)
Sirenix.OdinValidator.Editor.AutomationConfig:ActuallyInitHooks() (at C:\Sirenix\Sirenix Solution\Sirenix.OdinValidator.Editor\Config\AutomationConfig.cs:186)
Sirenix.OdinValidator.Editor.AutomationConfig:InitHooks() (at C:\Sirenix\Sirenix Solution\Sirenix.OdinValidator.Editor\Config\AutomationConfig.cs:170)
System.Reflection.RuntimeMethodInfo:InternalInvoke(RuntimeMethodInfo, Object, Object[], Exception&)
System.Reflection.RuntimeMethodInfo:Invoke(Object, BindingFlags, Binder, Object[], CultureInfo)
System.Reflection.MethodBase:Invoke(Object, Object[])
UnityEditor.EditorAssemblies:ProcessInitializeOnLoadMethodAttributes()

(Filename: C:/Sirenix/Sirenix Solution/Sirenix.OdinInspector.Editor/Validation/Validators/SceneReference.cs Line: 119)

InvalidOperationException: Calling OpenScene Raisefrom assembly reloading callbacks are not supported.
  at (wrapper managed-to-native) UnityEditor.SceneManagement.EditorSceneManager.OpenScene_Injected(string,UnityEditor.SceneManagement.OpenSceneMode,UnityEngine.SceneManagement.Scene&)
  at UnityEditor.SceneManagement.EditorSceneManager.OpenScene (System.String scenePath, UnityEditor.SceneManagement.OpenSceneMode mode) [0x00000] in <63965ae56af7489797f355b7c1211ab2>:0 
  at Sirenix.OdinInspector.Editor.Validation.SceneReference.TryOpenScene (UnityEditor.SceneManagement.OpenSceneMode mode, UnityEngine.SceneManagement.Scene& scene) [0x00017] in C:\Sirenix\Sirenix Solution\Sirenix.OdinInspector.Editor\Validation\Validators\SceneReference.cs:114 
UnityEngine.DebugLogHandler:Internal_LogException(Exception, Object)
UnityEngine.DebugLogHandler:LogException(Exception, Object)
UnityEngine.Logger:LogException(Exception, Object)
UnityEngine.Debug:LogException(Exception)
Sirenix.OdinInspector.Editor.Validation.SceneReference:TryOpenScene(OpenSceneMode, Scene&) (at C:\Sirenix\Sirenix Solution\Sirenix.OdinInspector.Editor\Validation\Validators\SceneReference.cs:119)
Sirenix.OdinValidator.Editor.<ValidateCurrentWorkQueueEnumerator>d__59:MoveNext() (at C:\Sirenix\Sirenix Solution\Sirenix.OdinValidator.Editor\Core\ValidationSession.cs:557)
Sirenix.OdinValidator.Editor.<ValidateEverythingEnumeratorBatched>d__54:MoveNext() (at C:\Sirenix\Sirenix Solution\Sirenix.OdinValidator.Editor\Core\ValidationSession.cs:376)
Sirenix.OdinValidator.Editor.AutomationConfig:RunValidationScan(String, ValidationSetup, Boolean, Action, Boolean, Boolean, Boolean, Boolean, Boolean, Boolean, Boolean, Boolean) (at C:\Sirenix\Sirenix Solution\Sirenix.OdinValidator.Editor\Config\AutomationConfig.cs:305)
Sirenix.OdinValidator.Editor.AutomationConfig:ActuallyInitHooks() (at C:\Sirenix\Sirenix Solution\Sirenix.OdinValidator.Editor\Config\AutomationConfig.cs:186)
Sirenix.OdinValidator.Editor.AutomationConfig:InitHooks() (at C:\Sirenix\Sirenix Solution\Sirenix.OdinValidator.Editor\Config\AutomationConfig.cs:170)
System.Reflection.RuntimeMethodInfo:InternalInvoke(RuntimeMethodInfo, Object, Object[], Exception&)
System.Reflection.RuntimeMethodInfo:Invoke(Object, BindingFlags, Binder, Object[], CultureInfo)
System.Reflection.MethodBase:Invoke(Object, Object[])
UnityEditor.EditorAssemblies:ProcessInitializeOnLoadMethodAttributes()

(Filename: C:/Sirenix/Sirenix Solution/Sirenix.OdinInspector.Editor/Validation/Validators/SceneReference.cs Line: 119)

InvalidOperationException: Calling OpenScene Raisefrom assembly reloading callbacks are not supported.
  at (wrapper managed-to-native) UnityEditor.SceneManagement.EditorSceneManager.OpenScene_Injected(string,UnityEditor.SceneManagement.OpenSceneMode,UnityEngine.SceneManagement.Scene&)
  at UnityEditor.SceneManagement.EditorSceneManager.OpenScene (System.String scenePath, UnityEditor.SceneManagement.OpenSceneMode mode) [0x00000] in <63965ae56af7489797f355b7c1211ab2>:0 
  at Sirenix.OdinInspector.Editor.Validation.SceneReference.TryOpenScene (UnityEditor.SceneManagement.OpenSceneMode mode, UnityEngine.SceneManagement.Scene& scene) [0x00017] in C:\Sirenix\Sirenix Solution\Sirenix.OdinInspector.Editor\Validation\Validators\SceneReference.cs:114 
UnityEngine.DebugLogHandler:Internal_LogException(Exception, Object)
UnityEngine.DebugLogHandler:LogException(Exception, Object)
UnityEngine.Logger:LogException(Exception, Object)
UnityEngine.Debug:LogException(Exception)
Sirenix.OdinInspector.Editor.Validation.SceneReference:TryOpenScene(OpenSceneMode, Scene&) (at C:\Sirenix\Sirenix Solution\Sirenix.OdinInspector.Editor\Validation\Validators\SceneReference.cs:119)
Sirenix.OdinValidator.Editor.<ValidateCurrentWorkQueueEnumerator>d__59:MoveNext() (at C:\Sirenix\Sirenix Solution\Sirenix.OdinValidator.Editor\Core\ValidationSession.cs:557)
Sirenix.OdinValidator.Editor.<ValidateEverythingEnumeratorBatched>d__54:MoveNext() (at C:\Sirenix\Sirenix Solution\Sirenix.OdinValidator.Editor\Core\ValidationSession.cs:376)
Sirenix.OdinValidator.Editor.AutomationConfig:RunValidationScan(String, ValidationSetup, Boolean, Action, Boolean, Boolean, Boolean, Boolean, Boolean, Boolean, Boolean, Boolean) (at C:\Sirenix\Sirenix Solution\Sirenix.OdinValidator.Editor\Config\AutomationConfig.cs:305)
Sirenix.OdinValidator.Editor.AutomationConfig:ActuallyInitHooks() (at C:\Sirenix\Sirenix Solution\Sirenix.OdinValidator.Editor\Config\AutomationConfig.cs:186)
Sirenix.OdinValidator.Editor.AutomationConfig:InitHooks() (at C:\Sirenix\Sirenix Solution\Sirenix.OdinValidator.Editor\Config\AutomationConfig.cs:170)
System.Reflection.RuntimeMethodInfo:InternalInvoke(RuntimeMethodInfo, Object, Object[], Exception&)
System.Reflection.RuntimeMethodInfo:Invoke(Object, BindingFlags, Binder, Object[], CultureInfo)
System.Reflection.MethodBase:Invoke(Object, Object[])
UnityEditor.EditorAssemblies:ProcessInitializeOnLoadMethodAttributes()

(Filename: C:/Sirenix/Sirenix Solution/Sirenix.OdinInspector.Editor/Validation/Validators/SceneReference.cs Line: 119)

InvalidOperationException: Calling OpenScene Raisefrom assembly reloading callbacks are not supported.
  at (wrapper managed-to-native) UnityEditor.SceneManagement.EditorSceneManager.OpenScene_Injected(string,UnityEditor.SceneManagement.OpenSceneMode,UnityEngine.SceneManagement.Scene&)
  at UnityEditor.SceneManagement.EditorSceneManager.OpenScene (System.String scenePath, UnityEditor.SceneManagement.OpenSceneMode mode) [0x00000] in <63965ae56af7489797f355b7c1211ab2>:0 
  at Sirenix.OdinInspector.Editor.Validation.SceneReference.TryOpenScene (UnityEditor.SceneManagement.OpenSceneMode mode, UnityEngine.SceneManagement.Scene& scene) [0x00017] in C:\Sirenix\Sirenix Solution\Sirenix.OdinInspector.Editor\Validation\Validators\SceneReference.cs:114 
UnityEngine.DebugLogHandler:Internal_LogException(Exception, Object)
UnityEngine.DebugLogHandler:LogException(Exception, Object)
UnityEngine.Logger:LogException(Exception, Object)
UnityEngine.Debug:LogException(Exception)
Sirenix.OdinInspector.Editor.Validation.SceneReference:TryOpenScene(OpenSceneMode, Scene&) (at C:\Sirenix\Sirenix Solution\Sirenix.OdinInspector.Editor\Validation\Validators\SceneReference.cs:119)
Sirenix.OdinValidator.Editor.<ValidateCurrentWorkQueueEnumerator>d__59:MoveNext() (at C:\Sirenix\Sirenix Solution\Sirenix.OdinValidator.Editor\Core\ValidationSession.cs:557)
Sirenix.OdinValidator.Editor.<ValidateEverythingEnumeratorBatched>d__54:MoveNext() (at C:\Sirenix\Sirenix Solution\Sirenix.OdinValidator.Editor\Core\ValidationSession.cs:376)
Sirenix.OdinValidator.Editor.AutomationConfig:RunValidationScan(String, ValidationSetup, Boolean, Action, Boolean, Boolean, Boolean, Boolean, Boolean, Boolean, Boolean, Boolean) (at C:\Sirenix\Sirenix Solution\Sirenix.OdinValidator.Editor\Config\AutomationConfig.cs:305)
Sirenix.OdinValidator.Editor.AutomationConfig:ActuallyInitHooks() (at C:\Sirenix\Sirenix Solution\Sirenix.OdinValidator.Editor\Config\AutomationConfig.cs:186)
Sirenix.OdinValidator.Editor.AutomationConfig:InitHooks() (at C:\Sirenix\Sirenix Solution\Sirenix.OdinValidator.Editor\Config\AutomationConfig.cs:170)
System.Reflection.RuntimeMethodInfo:InternalInvoke(RuntimeMethodInfo, Object, Object[], Exception&)
System.Reflection.RuntimeMethodInfo:Invoke(Object, BindingFlags, Binder, Object[], CultureInfo)
System.Reflection.MethodBase:Invoke(Object, Object[])
UnityEditor.EditorAssemblies:ProcessInitializeOnLoadMethodAttributes()

(Filename: C:/Sirenix/Sirenix Solution/Sirenix.OdinInspector.Editor/Validation/Validators/SceneReference.cs Line: 119)

InvalidOperationException: Calling OpenScene Raisefrom assembly reloading callbacks are not supported.
  at (wrapper managed-to-native) UnityEditor.SceneManagement.EditorSceneManager.OpenScene_Injected(string,UnityEditor.SceneManagement.OpenSceneMode,UnityEngine.SceneManagement.Scene&)
  at UnityEditor.SceneManagement.EditorSceneManager.OpenScene (System.String scenePath, UnityEditor.SceneManagement.OpenSceneMode mode) [0x00000] in <63965ae56af7489797f355b7c1211ab2>:0 
  at Sirenix.OdinInspector.Editor.Validation.SceneReference.TryOpenScene (UnityEditor.SceneManagement.OpenSceneMode mode, UnityEngine.SceneManagement.Scene& scene) [0x00017] in C:\Sirenix\Sirenix Solution\Sirenix.OdinInspector.Editor\Validation\Validators\SceneReference.cs:114 
UnityEngine.DebugLogHandler:Internal_LogException(Exception, Object)
UnityEngine.DebugLogHandler:LogException(Exception, Object)
UnityEngine.Logger:LogException(Exception, Object)
UnityEngine.Debug:LogException(Exception)
Sirenix.OdinInspector.Editor.Validation.SceneReference:TryOpenScene(OpenSceneMode, Scene&) (at C:\Sirenix\Sirenix Solution\Sirenix.OdinInspector.Editor\Validation\Validators\SceneReference.cs:119)
Sirenix.OdinValidator.Editor.<ValidateCurrentWorkQueueEnumerator>d__59:MoveNext() (at C:\Sirenix\Sirenix Solution\Sirenix.OdinValidator.Editor\Core\ValidationSession.cs:557)
Sirenix.OdinValidator.Editor.<ValidateEverythingEnumeratorBatched>d__54:MoveNext() (at C:\Sirenix\Sirenix Solution\Sirenix.OdinValidator.Editor\Core\ValidationSession.cs:376)
Sirenix.OdinValidator.Editor.AutomationConfig:RunValidationScan(String, ValidationSetup, Boolean, Action, Boolean, Boolean, Boolean, Boolean, Boolean, Boolean, Boolean, Boolean) (at C:\Sirenix\Sirenix Solution\Sirenix.OdinValidator.Editor\Config\AutomationConfig.cs:305)
Sirenix.OdinValidator.Editor.AutomationConfig:ActuallyInitHooks() (at C:\Sirenix\Sirenix Solution\Sirenix.OdinValidator.Editor\Config\AutomationConfig.cs:186)
Sirenix.OdinValidator.Editor.AutomationConfig:InitHooks() (at C:\Sirenix\Sirenix Solution\Sirenix.OdinValidator.Editor\Config\AutomationConfig.cs:170)
System.Reflection.RuntimeMethodInfo:InternalInvoke(RuntimeMethodInfo, Object, Object[], Exception&)
System.Reflection.RuntimeMethodInfo:Invoke(Object, BindingFlags, Binder, Object[], CultureInfo)
System.Reflection.MethodBase:Invoke(Object, Object[])
UnityEditor.EditorAssemblies:ProcessInitializeOnLoadMethodAttributes()

(Filename: C:/Sirenix/Sirenix Solution/Sirenix.OdinInspector.Editor/Validation/Validators/SceneReference.cs Line: 119)

InvalidOperationException: Calling OpenScene Raisefrom assembly reloading callbacks are not supported.
  at (wrapper managed-to-native) UnityEditor.SceneManagement.EditorSceneManager.OpenScene_Injected(string,UnityEditor.SceneManagement.OpenSceneMode,UnityEngine.SceneManagement.Scene&)
  at UnityEditor.SceneManagement.EditorSceneManager.OpenScene (System.String scenePath, UnityEditor.SceneManagement.OpenSceneMode mode) [0x00000] in <63965ae56af7489797f355b7c1211ab2>:0 
  at Sirenix.OdinInspector.Editor.Validation.SceneReference.TryOpenScene (UnityEditor.SceneManagement.OpenSceneMode mode, UnityEngine.SceneManagement.Scene& scene) [0x00017] in C:\Sirenix\Sirenix Solution\Sirenix.OdinInspector.Editor\Validation\Validators\SceneReference.cs:114 
UnityEngine.DebugLogHandler:Internal_LogException(Exception, Object)
UnityEngine.DebugLogHandler:LogException(Exception, Object)
UnityEngine.Logger:LogException(Exception, Object)
UnityEngine.Debug:LogException(Exception)
Sirenix.OdinInspector.Editor.Validation.SceneReference:TryOpenScene(OpenSceneMode, Scene&) (at C:\Sirenix\Sirenix Solution\Sirenix.OdinInspector.Editor\Validation\Validators\SceneReference.cs:119)
Sirenix.OdinValidator.Editor.<ValidateCurrentWorkQueueEnumerator>d__59:MoveNext() (at C:\Sirenix\Sirenix Solution\Sirenix.OdinValidator.Editor\Core\ValidationSession.cs:557)
Sirenix.OdinValidator.Editor.<ValidateEverythingEnumeratorBatched>d__54:MoveNext() (at C:\Sirenix\Sirenix Solution\Sirenix.OdinValidator.Editor\Core\ValidationSession.cs:376)
Sirenix.OdinValidator.Editor.AutomationConfig:RunValidationScan(String, ValidationSetup, Boolean, Action, Boolean, Boolean, Boolean, Boolean, Boolean, Boolean, Boolean, Boolean) (at C:\Sirenix\Sirenix Solution\Sirenix.OdinValidator.Editor\Config\AutomationConfig.cs:305)
Sirenix.OdinValidator.Editor.AutomationConfig:ActuallyInitHooks() (at C:\Sirenix\Sirenix Solution\Sirenix.OdinValidator.Editor\Config\AutomationConfig.cs:186)
Sirenix.OdinValidator.Editor.AutomationConfig:InitHooks() (at C:\Sirenix\Sirenix Solution\Sirenix.OdinValidator.Editor\Config\AutomationConfig.cs:170)
System.Reflection.RuntimeMethodInfo:InternalInvoke(RuntimeMethodInfo, Object, Object[], Exception&)
System.Reflection.RuntimeMethodInfo:Invoke(Object, BindingFlags, Binder, Object[], CultureInfo)
System.Reflection.MethodBase:Invoke(Object, Object[])
UnityEditor.EditorAssemblies:ProcessInitializeOnLoadMethodAttributes()

(Filename: C:/Sirenix/Sirenix Solution/Sirenix.OdinInspector.Editor/Validation/Validators/SceneReference.cs Line: 119)

InvalidOperationException: Calling OpenScene Raisefrom assembly reloading callbacks are not supported.
  at (wrapper managed-to-native) UnityEditor.SceneManagement.EditorSceneManager.OpenScene_Injected(string,UnityEditor.SceneManagement.OpenSceneMode,UnityEngine.SceneManagement.Scene&)
  at UnityEditor.SceneManagement.EditorSceneManager.OpenScene (System.String scenePath, UnityEditor.SceneManagement.OpenSceneMode mode) [0x00000] in <63965ae56af7489797f355b7c1211ab2>:0 
  at Sirenix.OdinInspector.Editor.Validation.SceneReference.TryOpenScene (UnityEditor.SceneManagement.OpenSceneMode mode, UnityEngine.SceneManagement.Scene& scene) [0x00017] in C:\Sirenix\Sirenix Solution\Sirenix.OdinInspector.Editor\Validation\Validators\SceneReference.cs:114 
UnityEngine.DebugLogHandler:Internal_LogException(Exception, Object)
UnityEngine.DebugLogHandler:LogException(Exception, Object)
UnityEngine.Logger:LogException(Exception, Object)
UnityEngine.Debug:LogException(Exception)
Sirenix.OdinInspector.Editor.Validation.SceneReference:TryOpenScene(OpenSceneMode, Scene&) (at C:\Sirenix\Sirenix Solution\Sirenix.OdinInspector.Editor\Validation\Validators\SceneReference.cs:119)
Sirenix.OdinValidator.Editor.<ValidateCurrentWorkQueueEnumerator>d__59:MoveNext() (at C:\Sirenix\Sirenix Solution\Sirenix.OdinValidator.Editor\Core\ValidationSession.cs:557)
Sirenix.OdinValidator.Editor.<ValidateEverythingEnumeratorBatched>d__54:MoveNext() (at C:\Sirenix\Sirenix Solution\Sirenix.OdinValidator.Editor\Core\ValidationSession.cs:376)
Sirenix.OdinValidator.Editor.AutomationConfig:RunValidationScan(String, ValidationSetup, Boolean, Action, Boolean, Boolean, Boolean, Boolean, Boolean, Boolean, Boolean, Boolean) (at C:\Sirenix\Sirenix Solution\Sirenix.OdinValidator.Editor\Config\AutomationConfig.cs:305)
Sirenix.OdinValidator.Editor.AutomationConfig:ActuallyInitHooks() (at C:\Sirenix\Sirenix Solution\Sirenix.OdinValidator.Editor\Config\AutomationConfig.cs:186)
Sirenix.OdinValidator.Editor.AutomationConfig:InitHooks() (at C:\Sirenix\Sirenix Solution\Sirenix.OdinValidator.Editor\Config\AutomationConfig.cs:170)
System.Reflection.RuntimeMethodInfo:InternalInvoke(RuntimeMethodInfo, Object, Object[], Exception&)
System.Reflection.RuntimeMethodInfo:Invoke(Object, BindingFlags, Binder, Object[], CultureInfo)
System.Reflection.MethodBase:Invoke(Object, Object[])
UnityEditor.EditorAssemblies:ProcessInitializeOnLoadMethodAttributes()

(Filename: C:/Sirenix/Sirenix Solution/Sirenix.OdinInspector.Editor/Validation/Validators/SceneReference.cs Line: 119)

InvalidOperationException: Calling OpenScene Raisefrom assembly reloading callbacks are not supported.
  at (wrapper managed-to-native) UnityEditor.SceneManagement.EditorSceneManager.OpenScene_Injected(string,UnityEditor.SceneManagement.OpenSceneMode,UnityEngine.SceneManagement.Scene&)
  at UnityEditor.SceneManagement.EditorSceneManager.OpenScene (System.String scenePath, UnityEditor.SceneManagement.OpenSceneMode mode) [0x00000] in <63965ae56af7489797f355b7c1211ab2>:0 
  at Sirenix.OdinInspector.Editor.Validation.SceneReference.TryOpenScene (UnityEditor.SceneManagement.OpenSceneMode mode, UnityEngine.SceneManagement.Scene& scene) [0x00017] in C:\Sirenix\Sirenix Solution\Sirenix.OdinInspector.Editor\Validation\Validators\SceneReference.cs:114 
UnityEngine.DebugLogHandler:Internal_LogException(Exception, Object)
UnityEngine.DebugLogHandler:LogException(Exception, Object)
UnityEngine.Logger:LogException(Exception, Object)
UnityEngine.Debug:LogException(Exception)
Sirenix.OdinInspector.Editor.Validation.SceneReference:TryOpenScene(OpenSceneMode, Scene&) (at C:\Sirenix\Sirenix Solution\Sirenix.OdinInspector.Editor\Validation\Validators\SceneReference.cs:119)
Sirenix.OdinValidator.Editor.<ValidateCurrentWorkQueueEnumerator>d__59:MoveNext() (at C:\Sirenix\Sirenix Solution\Sirenix.OdinValidator.Editor\Core\ValidationSession.cs:557)
Sirenix.OdinValidator.Editor.<ValidateEverythingEnumeratorBatched>d__54:MoveNext() (at C:\Sirenix\Sirenix Solution\Sirenix.OdinValidator.Editor\Core\ValidationSession.cs:376)
Sirenix.OdinValidator.Editor.AutomationConfig:RunValidationScan(String, ValidationSetup, Boolean, Action, Boolean, Boolean, Boolean, Boolean, Boolean, Boolean, Boolean, Boolean) (at C:\Sirenix\Sirenix Solution\Sirenix.OdinValidator.Editor\Config\AutomationConfig.cs:305)
Sirenix.OdinValidator.Editor.AutomationConfig:ActuallyInitHooks() (at C:\Sirenix\Sirenix Solution\Sirenix.OdinValidator.Editor\Config\AutomationConfig.cs:186)
Sirenix.OdinValidator.Editor.AutomationConfig:InitHooks() (at C:\Sirenix\Sirenix Solution\Sirenix.OdinValidator.Editor\Config\AutomationConfig.cs:170)
System.Reflection.RuntimeMethodInfo:InternalInvoke(RuntimeMethodInfo, Object, Object[], Exception&)
System.Reflection.RuntimeMethodInfo:Invoke(Object, BindingFlags, Binder, Object[], CultureInfo)
System.Reflection.MethodBase:Invoke(Object, Object[])
UnityEditor.EditorAssemblies:ProcessInitializeOnLoadMethodAttributes()

(Filename: C:/Sirenix/Sirenix Solution/Sirenix.OdinInspector.Editor/Validation/Validators/SceneReference.cs Line: 119)

InvalidOperationException: Calling OpenScene Raisefrom assembly reloading callbacks are not supported.
  at (wrapper managed-to-native) UnityEditor.SceneManagement.EditorSceneManager.OpenScene_Injected(string,UnityEditor.SceneManagement.OpenSceneMode,UnityEngine.SceneManagement.Scene&)
  at UnityEditor.SceneManagement.EditorSceneManager.OpenScene (System.String scenePath, UnityEditor.SceneManagement.OpenSceneMode mode) [0x00000] in <63965ae56af7489797f355b7c1211ab2>:0 
  at Sirenix.OdinInspector.Editor.Validation.SceneReference.TryOpenScene (UnityEditor.SceneManagement.OpenSceneMode mode, UnityEngine.SceneManagement.Scene& scene) [0x00017] in C:\Sirenix\Sirenix Solution\Sirenix.OdinInspector.Editor\Validation\Validators\SceneReference.cs:114 
UnityEngine.DebugLogHandler:Internal_LogException(Exception, Object)
UnityEngine.DebugLogHandler:LogException(Exception, Object)
UnityEngine.Logger:LogException(Exception, Object)
UnityEngine.Debug:LogException(Exception)
Sirenix.OdinInspector.Editor.Validation.SceneReference:TryOpenScene(OpenSceneMode, Scene&) (at C:\Sirenix\Sirenix Solution\Sirenix.OdinInspector.Editor\Validation\Validators\SceneReference.cs:119)
Sirenix.OdinValidator.Editor.<ValidateCurrentWorkQueueEnumerator>d__59:MoveNext() (at C:\Sirenix\Sirenix Solution\Sirenix.OdinValidator.Editor\Core\ValidationSession.cs:557)
Sirenix.OdinValidator.Editor.<ValidateEverythingEnumeratorBatched>d__54:MoveNext() (at C:\Sirenix\Sirenix Solution\Sirenix.OdinValidator.Editor\Core\ValidationSession.cs:376)
Sirenix.OdinValidator.Editor.AutomationConfig:RunValidationScan(String, ValidationSetup, Boolean, Action, Boolean, Boolean, Boolean, Boolean, Boolean, Boolean, Boolean, Boolean) (at C:\Sirenix\Sirenix Solution\Sirenix.OdinValidator.Editor\Config\AutomationConfig.cs:305)
Sirenix.OdinValidator.Editor.AutomationConfig:ActuallyInitHooks() (at C:\Sirenix\Sirenix Solution\Sirenix.OdinValidator.Editor\Config\AutomationConfig.cs:186)
Sirenix.OdinValidator.Editor.AutomationConfig:InitHooks() (at C:\Sirenix\Sirenix Solution\Sirenix.OdinValidator.Editor\Config\AutomationConfig.cs:170)
System.Reflection.RuntimeMethodInfo:InternalInvoke(RuntimeMethodInfo, Object, Object[], Exception&)
System.Reflection.RuntimeMethodInfo:Invoke(Object, BindingFlags, Binder, Object[], CultureInfo)
System.Reflection.MethodBase:Invoke(Object, Object[])
UnityEditor.EditorAssemblies:ProcessInitializeOnLoadMethodAttributes()

(Filename: C:/Sirenix/Sirenix Solution/Sirenix.OdinInspector.Editor/Validation/Validators/SceneReference.cs Line: 119)

InvalidOperationException: Calling OpenScene Raisefrom assembly reloading callbacks are not supported.
  at (wrapper managed-to-native) UnityEditor.SceneManagement.EditorSceneManager.OpenScene_Injected(string,UnityEditor.SceneManagement.OpenSceneMode,UnityEngine.SceneManagement.Scene&)
  at UnityEditor.SceneManagement.EditorSceneManager.OpenScene (System.String scenePath, UnityEditor.SceneManagement.OpenSceneMode mode) [0x00000] in <63965ae56af7489797f355b7c1211ab2>:0 
  at Sirenix.OdinInspector.Editor.Validation.SceneReference.TryOpenScene (UnityEditor.SceneManagement.OpenSceneMode mode, UnityEngine.SceneManagement.Scene& scene) [0x00017] in C:\Sirenix\Sirenix Solution\Sirenix.OdinInspector.Editor\Validation\Validators\SceneReference.cs:114 
UnityEngine.DebugLogHandler:Internal_LogException(Exception, Object)
UnityEngine.DebugLogHandler:LogException(Exception, Object)
UnityEngine.Logger:LogException(Exception, Object)
UnityEngine.Debug:LogException(Exception)
Sirenix.OdinInspector.Editor.Validation.SceneReference:TryOpenScene(OpenSceneMode, Scene&) (at C:\Sirenix\Sirenix Solution\Sirenix.OdinInspector.Editor\Validation\Validators\SceneReference.cs:119)
Sirenix.OdinValidator.Editor.<ValidateCurrentWorkQueueEnumerator>d__59:MoveNext() (at C:\Sirenix\Sirenix Solution\Sirenix.OdinValidator.Editor\Core\ValidationSession.cs:557)
Sirenix.OdinValidator.Editor.<ValidateEverythingEnumeratorBatched>d__54:MoveNext() (at C:\Sirenix\Sirenix Solution\Sirenix.OdinValidator.Editor\Core\ValidationSession.cs:376)
Sirenix.OdinValidator.Editor.AutomationConfig:RunValidationScan(String, ValidationSetup, Boolean, Action, Boolean, Boolean, Boolean, Boolean, Boolean, Boolean, Boolean, Boolean) (at C:\Sirenix\Sirenix Solution\Sirenix.OdinValidator.Editor\Config\AutomationConfig.cs:305)
Sirenix.OdinValidator.Editor.AutomationConfig:ActuallyInitHooks() (at C:\Sirenix\Sirenix Solution\Sirenix.OdinValidator.Editor\Config\AutomationConfig.cs:186)
Sirenix.OdinValidator.Editor.AutomationConfig:InitHooks() (at C:\Sirenix\Sirenix Solution\Sirenix.OdinValidator.Editor\Config\AutomationConfig.cs:170)
System.Reflection.RuntimeMethodInfo:InternalInvoke(RuntimeMethodInfo, Object, Object[], Exception&)
System.Reflection.RuntimeMethodInfo:Invoke(Object, BindingFlags, Binder, Object[], CultureInfo)
System.Reflection.MethodBase:Invoke(Object, Object[])
UnityEditor.EditorAssemblies:ProcessInitializeOnLoadMethodAttributes()

(Filename: C:/Sirenix/Sirenix Solution/Sirenix.OdinInspector.Editor/Validation/Validators/SceneReference.cs Line: 119)

InvalidOperationException: Calling OpenScene Raisefrom assembly reloading callbacks are not supported.
  at (wrapper managed-to-native) UnityEditor.SceneManagement.EditorSceneManager.OpenScene_Injected(string,UnityEditor.SceneManagement.OpenSceneMode,UnityEngine.SceneManagement.Scene&)
  at UnityEditor.SceneManagement.EditorSceneManager.OpenScene (System.String scenePath, UnityEditor.SceneManagement.OpenSceneMode mode) [0x00000] in <63965ae56af7489797f355b7c1211ab2>:0 
  at Sirenix.OdinInspector.Editor.Validation.SceneReference.TryOpenScene (UnityEditor.SceneManagement.OpenSceneMode mode, UnityEngine.SceneManagement.Scene& scene) [0x00017] in C:\Sirenix\Sirenix Solution\Sirenix.OdinInspector.Editor\Validation\Validators\SceneReference.cs:114 
UnityEngine.DebugLogHandler:Internal_LogException(Exception, Object)
UnityEngine.DebugLogHandler:LogException(Exception, Object)
UnityEngine.Logger:LogException(Exception, Object)
UnityEngine.Debug:LogException(Exception)
Sirenix.OdinInspector.Editor.Validation.SceneReference:TryOpenScene(OpenSceneMode, Scene&) (at C:\Sirenix\Sirenix Solution\Sirenix.OdinInspector.Editor\Validation\Validators\SceneReference.cs:119)
Sirenix.OdinValidator.Editor.<ValidateCurrentWorkQueueEnumerator>d__59:MoveNext() (at C:\Sirenix\Sirenix Solution\Sirenix.OdinValidator.Editor\Core\ValidationSession.cs:557)
Sirenix.OdinValidator.Editor.<ValidateEverythingEnumeratorBatched>d__54:MoveNext() (at C:\Sirenix\Sirenix Solution\Sirenix.OdinValidator.Editor\Core\ValidationSession.cs:376)
Sirenix.OdinValidator.Editor.AutomationConfig:RunValidationScan(String, ValidationSetup, Boolean, Action, Boolean, Boolean, Boolean, Boolean, Boolean, Boolean, Boolean, Boolean) (at C:\Sirenix\Sirenix Solution\Sirenix.OdinValidator.Editor\Config\AutomationConfig.cs:305)
Sirenix.OdinValidator.Editor.AutomationConfig:ActuallyInitHooks() (at C:\Sirenix\Sirenix Solution\Sirenix.OdinValidator.Editor\Config\AutomationConfig.cs:186)
Sirenix.OdinValidator.Editor.AutomationConfig:InitHooks() (at C:\Sirenix\Sirenix Solution\Sirenix.OdinValidator.Editor\Config\AutomationConfig.cs:170)
System.Reflection.RuntimeMethodInfo:InternalInvoke(RuntimeMethodInfo, Object, Object[], Exception&)
System.Reflection.RuntimeMethodInfo:Invoke(Object, BindingFlags, Binder, Object[], CultureInfo)
System.Reflection.MethodBase:Invoke(Object, Object[])
UnityEditor.EditorAssemblies:ProcessInitializeOnLoadMethodAttributes()

(Filename: C:/Sirenix/Sirenix Solution/Sirenix.OdinInspector.Editor/Validation/Validators/SceneReference.cs Line: 119)

InvalidOperationException: Calling OpenScene Raisefrom assembly reloading callbacks are not supported.
  at (wrapper managed-to-native) UnityEditor.SceneManagement.EditorSceneManager.OpenScene_Injected(string,UnityEditor.SceneManagement.OpenSceneMode,UnityEngine.SceneManagement.Scene&)
  at UnityEditor.SceneManagement.EditorSceneManager.OpenScene (System.String scenePath, UnityEditor.SceneManagement.OpenSceneMode mode) [0x00000] in <63965ae56af7489797f355b7c1211ab2>:0 
  at Sirenix.OdinInspector.Editor.Validation.SceneReference.TryOpenScene (UnityEditor.SceneManagement.OpenSceneMode mode, UnityEngine.SceneManagement.Scene& scene) [0x00017] in C:\Sirenix\Sirenix Solution\Sirenix.OdinInspector.Editor\Validation\Validators\SceneReference.cs:114 
UnityEngine.DebugLogHandler:Internal_LogException(Exception, Object)
UnityEngine.DebugLogHandler:LogException(Exception, Object)
UnityEngine.Logger:LogException(Exception, Object)
UnityEngine.Debug:LogException(Exception)
Sirenix.OdinInspector.Editor.Validation.SceneReference:TryOpenScene(OpenSceneMode, Scene&) (at C:\Sirenix\Sirenix Solution\Sirenix.OdinInspector.Editor\Validation\Validators\SceneReference.cs:119)
Sirenix.OdinValidator.Editor.<ValidateCurrentWorkQueueEnumerator>d__59:MoveNext() (at C:\Sirenix\Sirenix Solution\Sirenix.OdinValidator.Editor\Core\ValidationSession.cs:557)
Sirenix.OdinValidator.Editor.<ValidateEverythingEnumeratorBatched>d__54:MoveNext() (at C:\Sirenix\Sirenix Solution\Sirenix.OdinValidator.Editor\Core\ValidationSession.cs:376)
Sirenix.OdinValidator.Editor.AutomationConfig:RunValidationScan(String, ValidationSetup, Boolean, Action, Boolean, Boolean, Boolean, Boolean, Boolean, Boolean, Boolean, Boolean) (at C:\Sirenix\Sirenix Solution\Sirenix.OdinValidator.Editor\Config\AutomationConfig.cs:305)
Sirenix.OdinValidator.Editor.AutomationConfig:ActuallyInitHooks() (at C:\Sirenix\Sirenix Solution\Sirenix.OdinValidator.Editor\Config\AutomationConfig.cs:186)
Sirenix.OdinValidator.Editor.AutomationConfig:InitHooks() (at C:\Sirenix\Sirenix Solution\Sirenix.OdinValidator.Editor\Config\AutomationConfig.cs:170)
System.Reflection.RuntimeMethodInfo:InternalInvoke(RuntimeMethodInfo, Object, Object[], Exception&)
System.Reflection.RuntimeMethodInfo:Invoke(Object, BindingFlags, Binder, Object[], CultureInfo)
System.Reflection.MethodBase:Invoke(Object, Object[])
UnityEditor.EditorAssemblies:ProcessInitializeOnLoadMethodAttributes()

(Filename: C:/Sirenix/Sirenix Solution/Sirenix.OdinInspector.Editor/Validation/Validators/SceneReference.cs Line: 119)

InvalidOperationException: Calling OpenScene Raisefrom assembly reloading callbacks are not supported.
  at (wrapper managed-to-native) UnityEditor.SceneManagement.EditorSceneManager.OpenScene_Injected(string,UnityEditor.SceneManagement.OpenSceneMode,UnityEngine.SceneManagement.Scene&)
  at UnityEditor.SceneManagement.EditorSceneManager.OpenScene (System.String scenePath, UnityEditor.SceneManagement.OpenSceneMode mode) [0x00000] in <63965ae56af7489797f355b7c1211ab2>:0 
  at Sirenix.OdinInspector.Editor.Validation.SceneReference.TryOpenScene (UnityEditor.SceneManagement.OpenSceneMode mode, UnityEngine.SceneManagement.Scene& scene) [0x00017] in C:\Sirenix\Sirenix Solution\Sirenix.OdinInspector.Editor\Validation\Validators\SceneReference.cs:114 
UnityEngine.DebugLogHandler:Internal_LogException(Exception, Object)
UnityEngine.DebugLogHandler:LogException(Exception, Object)
UnityEngine.Logger:LogException(Exception, Object)
UnityEngine.Debug:LogException(Exception)
Sirenix.OdinInspector.Editor.Validation.SceneReference:TryOpenScene(OpenSceneMode, Scene&) (at C:\Sirenix\Sirenix Solution\Sirenix.OdinInspector.Editor\Validation\Validators\SceneReference.cs:119)
Sirenix.OdinValidator.Editor.<ValidateCurrentWorkQueueEnumerator>d__59:MoveNext() (at C:\Sirenix\Sirenix Solution\Sirenix.OdinValidator.Editor\Core\ValidationSession.cs:557)
Sirenix.OdinValidator.Editor.<ValidateEverythingEnumeratorBatched>d__54:MoveNext() (at C:\Sirenix\Sirenix Solution\Sirenix.OdinValidator.Editor\Core\ValidationSession.cs:376)
Sirenix.OdinValidator.Editor.AutomationConfig:RunValidationScan(String, ValidationSetup, Boolean, Action, Boolean, Boolean, Boolean, Boolean, Boolean, Boolean, Boolean, Boolean) (at C:\Sirenix\Sirenix Solution\Sirenix.OdinValidator.Editor\Config\AutomationConfig.cs:305)
Sirenix.OdinValidator.Editor.AutomationConfig:ActuallyInitHooks() (at C:\Sirenix\Sirenix Solution\Sirenix.OdinValidator.Editor\Config\AutomationConfig.cs:186)
Sirenix.OdinValidator.Editor.AutomationConfig:InitHooks() (at C:\Sirenix\Sirenix Solution\Sirenix.OdinValidator.Editor\Config\AutomationConfig.cs:170)
System.Reflection.RuntimeMethodInfo:InternalInvoke(RuntimeMethodInfo, Object, Object[], Exception&)
System.Reflection.RuntimeMethodInfo:Invoke(Object, BindingFlags, Binder, Object[], CultureInfo)
System.Reflection.MethodBase:Invoke(Object, Object[])
UnityEditor.EditorAssemblies:ProcessInitializeOnLoadMethodAttributes()

(Filename: C:/Sirenix/Sirenix Solution/Sirenix.OdinInspector.Editor/Validation/Validators/SceneReference.cs Line: 119)

InvalidOperationException: Calling OpenScene Raisefrom assembly reloading callbacks are not supported.
  at (wrapper managed-to-native) UnityEditor.SceneManagement.EditorSceneManager.OpenScene_Injected(string,UnityEditor.SceneManagement.OpenSceneMode,UnityEngine.SceneManagement.Scene&)
  at UnityEditor.SceneManagement.EditorSceneManager.OpenScene (System.String scenePath, UnityEditor.SceneManagement.OpenSceneMode mode) [0x00000] in <63965ae56af7489797f355b7c1211ab2>:0 
  at Sirenix.OdinInspector.Editor.Validation.SceneReference.TryOpenScene (UnityEditor.SceneManagement.OpenSceneMode mode, UnityEngine.SceneManagement.Scene& scene) [0x00017] in C:\Sirenix\Sirenix Solution\Sirenix.OdinInspector.Editor\Validation\Validators\SceneReference.cs:114 
UnityEngine.DebugLogHandler:Internal_LogException(Exception, Object)
UnityEngine.DebugLogHandler:LogException(Exception, Object)
UnityEngine.Logger:LogException(Exception, Object)
UnityEngine.Debug:LogException(Exception)
Sirenix.OdinInspector.Editor.Validation.SceneReference:TryOpenScene(OpenSceneMode, Scene&) (at C:\Sirenix\Sirenix Solution\Sirenix.OdinInspector.Editor\Validation\Validators\SceneReference.cs:119)
Sirenix.OdinValidator.Editor.<ValidateCurrentWorkQueueEnumerator>d__59:MoveNext() (at C:\Sirenix\Sirenix Solution\Sirenix.OdinValidator.Editor\Core\ValidationSession.cs:557)
Sirenix.OdinValidator.Editor.<ValidateEverythingEnumeratorBatched>d__54:MoveNext() (at C:\Sirenix\Sirenix Solution\Sirenix.OdinValidator.Editor\Core\ValidationSession.cs:376)
Sirenix.OdinValidator.Editor.AutomationConfig:RunValidationScan(String, ValidationSetup, Boolean, Action, Boolean, Boolean, Boolean, Boolean, Boolean, Boolean, Boolean, Boolean) (at C:\Sirenix\Sirenix Solution\Sirenix.OdinValidator.Editor\Config\AutomationConfig.cs:305)
Sirenix.OdinValidator.Editor.AutomationConfig:ActuallyInitHooks() (at C:\Sirenix\Sirenix Solution\Sirenix.OdinValidator.Editor\Config\AutomationConfig.cs:186)
Sirenix.OdinValidator.Editor.AutomationConfig:InitHooks() (at C:\Sirenix\Sirenix Solution\Sirenix.OdinValidator.Editor\Config\AutomationConfig.cs:170)
System.Reflection.RuntimeMethodInfo:InternalInvoke(RuntimeMethodInfo, Object, Object[], Exception&)
System.Reflection.RuntimeMethodInfo:Invoke(Object, BindingFlags, Binder, Object[], CultureInfo)
System.Reflection.MethodBase:Invoke(Object, Object[])
UnityEditor.EditorAssemblies:ProcessInitializeOnLoadMethodAttributes()

(Filename: C:/Sirenix/Sirenix Solution/Sirenix.OdinInspector.Editor/Validation/Validators/SceneReference.cs Line: 119)

InvalidOperationException: Calling OpenScene Raisefrom assembly reloading callbacks are not supported.
  at (wrapper managed-to-native) UnityEditor.SceneManagement.EditorSceneManager.OpenScene_Injected(string,UnityEditor.SceneManagement.OpenSceneMode,UnityEngine.SceneManagement.Scene&)
  at UnityEditor.SceneManagement.EditorSceneManager.OpenScene (System.String scenePath, UnityEditor.SceneManagement.OpenSceneMode mode) [0x00000] in <63965ae56af7489797f355b7c1211ab2>:0 
  at Sirenix.OdinInspector.Editor.Validation.SceneReference.TryOpenScene (UnityEditor.SceneManagement.OpenSceneMode mode, UnityEngine.SceneManagement.Scene& scene) [0x00017] in C:\Sirenix\Sirenix Solution\Sirenix.OdinInspector.Editor\Validation\Validators\SceneReference.cs:114 
UnityEngine.DebugLogHandler:Internal_LogException(Exception, Object)
UnityEngine.DebugLogHandler:LogException(Exception, Object)
UnityEngine.Logger:LogException(Exception, Object)
UnityEngine.Debug:LogException(Exception)
Sirenix.OdinInspector.Editor.Validation.SceneReference:TryOpenScene(OpenSceneMode, Scene&) (at C:\Sirenix\Sirenix Solution\Sirenix.OdinInspector.Editor\Validation\Validators\SceneReference.cs:119)
Sirenix.OdinValidator.Editor.<ValidateCurrentWorkQueueEnumerator>d__59:MoveNext() (at C:\Sirenix\Sirenix Solution\Sirenix.OdinValidator.Editor\Core\ValidationSession.cs:557)
Sirenix.OdinValidator.Editor.<ValidateEverythingEnumeratorBatched>d__54:MoveNext() (at C:\Sirenix\Sirenix Solution\Sirenix.OdinValidator.Editor\Core\ValidationSession.cs:376)
Sirenix.OdinValidator.Editor.AutomationConfig:RunValidationScan(String, ValidationSetup, Boolean, Action, Boolean, Boolean, Boolean, Boolean, Boolean, Boolean, Boolean, Boolean) (at C:\Sirenix\Sirenix Solution\Sirenix.OdinValidator.Editor\Config\AutomationConfig.cs:305)
Sirenix.OdinValidator.Editor.AutomationConfig:ActuallyInitHooks() (at C:\Sirenix\Sirenix Solution\Sirenix.OdinValidator.Editor\Config\AutomationConfig.cs:186)
Sirenix.OdinValidator.Editor.AutomationConfig:InitHooks() (at C:\Sirenix\Sirenix Solution\Sirenix.OdinValidator.Editor\Config\AutomationConfig.cs:170)
System.Reflection.RuntimeMethodInfo:InternalInvoke(RuntimeMethodInfo, Object, Object[], Exception&)
System.Reflection.RuntimeMethodInfo:Invoke(Object, BindingFlags, Binder, Object[], CultureInfo)
System.Reflection.MethodBase:Invoke(Object, Object[])
UnityEditor.EditorAssemblies:ProcessInitializeOnLoadMethodAttributes()

(Filename: C:/Sirenix/Sirenix Solution/Sirenix.OdinInspector.Editor/Validation/Validators/SceneReference.cs Line: 119)

InvalidOperationException: Calling OpenScene Raisefrom assembly reloading callbacks are not supported.
  at (wrapper managed-to-native) UnityEditor.SceneManagement.EditorSceneManager.OpenScene_Injected(string,UnityEditor.SceneManagement.OpenSceneMode,UnityEngine.SceneManagement.Scene&)
  at UnityEditor.SceneManagement.EditorSceneManager.OpenScene (System.String scenePath, UnityEditor.SceneManagement.OpenSceneMode mode) [0x00000] in <63965ae56af7489797f355b7c1211ab2>:0 
  at Sirenix.OdinInspector.Editor.Validation.SceneReference.TryOpenScene (UnityEditor.SceneManagement.OpenSceneMode mode, UnityEngine.SceneManagement.Scene& scene) [0x00017] in C:\Sirenix\Sirenix Solution\Sirenix.OdinInspector.Editor\Validation\Validators\SceneReference.cs:114 
UnityEngine.DebugLogHandler:Internal_LogException(Exception, Object)
UnityEngine.DebugLogHandler:LogException(Exception, Object)
UnityEngine.Logger:LogException(Exception, Object)
UnityEngine.Debug:LogException(Exception)
Sirenix.OdinInspector.Editor.Validation.SceneReference:TryOpenScene(OpenSceneMode, Scene&) (at C:\Sirenix\Sirenix Solution\Sirenix.OdinInspector.Editor\Validation\Validators\SceneReference.cs:119)
Sirenix.OdinValidator.Editor.<ValidateCurrentWorkQueueEnumerator>d__59:MoveNext() (at C:\Sirenix\Sirenix Solution\Sirenix.OdinValidator.Editor\Core\ValidationSession.cs:557)
Sirenix.OdinValidator.Editor.<ValidateEverythingEnumeratorBatched>d__54:MoveNext() (at C:\Sirenix\Sirenix Solution\Sirenix.OdinValidator.Editor\Core\ValidationSession.cs:376)
Sirenix.OdinValidator.Editor.AutomationConfig:RunValidationScan(String, ValidationSetup, Boolean, Action, Boolean, Boolean, Boolean, Boolean, Boolean, Boolean, Boolean, Boolean) (at C:\Sirenix\Sirenix Solution\Sirenix.OdinValidator.Editor\Config\AutomationConfig.cs:305)
Sirenix.OdinValidator.Editor.AutomationConfig:ActuallyInitHooks() (at C:\Sirenix\Sirenix Solution\Sirenix.OdinValidator.Editor\Config\AutomationConfig.cs:186)
Sirenix.OdinValidator.Editor.AutomationConfig:InitHooks() (at C:\Sirenix\Sirenix Solution\Sirenix.OdinValidator.Editor\Config\AutomationConfig.cs:170)
System.Reflection.RuntimeMethodInfo:InternalInvoke(RuntimeMethodInfo, Object, Object[], Exception&)
System.Reflection.RuntimeMethodInfo:Invoke(Object, BindingFlags, Binder, Object[], CultureInfo)
System.Reflection.MethodBase:Invoke(Object, Object[])
UnityEditor.EditorAssemblies:ProcessInitializeOnLoadMethodAttributes()

(Filename: C:/Sirenix/Sirenix Solution/Sirenix.OdinInspector.Editor/Validation/Validators/SceneReference.cs Line: 119)

InvalidOperationException: Calling OpenScene Raisefrom assembly reloading callbacks are not supported.
  at (wrapper managed-to-native) UnityEditor.SceneManagement.EditorSceneManager.OpenScene_Injected(string,UnityEditor.SceneManagement.OpenSceneMode,UnityEngine.SceneManagement.Scene&)
  at UnityEditor.SceneManagement.EditorSceneManager.OpenScene (System.String scenePath, UnityEditor.SceneManagement.OpenSceneMode mode) [0x00000] in <63965ae56af7489797f355b7c1211ab2>:0 
  at Sirenix.OdinInspector.Editor.Validation.SceneReference.TryOpenScene (UnityEditor.SceneManagement.OpenSceneMode mode, UnityEngine.SceneManagement.Scene& scene) [0x00017] in C:\Sirenix\Sirenix Solution\Sirenix.OdinInspector.Editor\Validation\Validators\SceneReference.cs:114 
UnityEngine.DebugLogHandler:Internal_LogException(Exception, Object)
UnityEngine.DebugLogHandler:LogException(Exception, Object)
UnityEngine.Logger:LogException(Exception, Object)
UnityEngine.Debug:LogException(Exception)
Sirenix.OdinInspector.Editor.Validation.SceneReference:TryOpenScene(OpenSceneMode, Scene&) (at C:\Sirenix\Sirenix Solution\Sirenix.OdinInspector.Editor\Validation\Validators\SceneReference.cs:119)
Sirenix.OdinValidator.Editor.<ValidateCurrentWorkQueueEnumerator>d__59:MoveNext() (at C:\Sirenix\Sirenix Solution\Sirenix.OdinValidator.Editor\Core\ValidationSession.cs:557)
Sirenix.OdinValidator.Editor.<ValidateEverythingEnumeratorBatched>d__54:MoveNext() (at C:\Sirenix\Sirenix Solution\Sirenix.OdinValidator.Editor\Core\ValidationSession.cs:376)
Sirenix.OdinValidator.Editor.AutomationConfig:RunValidationScan(String, ValidationSetup, Boolean, Action, Boolean, Boolean, Boolean, Boolean, Boolean, Boolean, Boolean, Boolean) (at C:\Sirenix\Sirenix Solution\Sirenix.OdinValidator.Editor\Config\AutomationConfig.cs:305)
Sirenix.OdinValidator.Editor.AutomationConfig:ActuallyInitHooks() (at C:\Sirenix\Sirenix Solution\Sirenix.OdinValidator.Editor\Config\AutomationConfig.cs:186)
Sirenix.OdinValidator.Editor.AutomationConfig:InitHooks() (at C:\Sirenix\Sirenix Solution\Sirenix.OdinValidator.Editor\Config\AutomationConfig.cs:170)
System.Reflection.RuntimeMethodInfo:InternalInvoke(RuntimeMethodInfo, Object, Object[], Exception&)
System.Reflection.RuntimeMethodInfo:Invoke(Object, BindingFlags, Binder, Object[], CultureInfo)
System.Reflection.MethodBase:Invoke(Object, Object[])
UnityEditor.EditorAssemblies:ProcessInitializeOnLoadMethodAttributes()

(Filename: C:/Sirenix/Sirenix Solution/Sirenix.OdinInspector.Editor/Validation/Validators/SceneReference.cs Line: 119)

InvalidOperationException: Calling OpenScene Raisefrom assembly reloading callbacks are not supported.
  at (wrapper managed-to-native) UnityEditor.SceneManagement.EditorSceneManager.OpenScene_Injected(string,UnityEditor.SceneManagement.OpenSceneMode,UnityEngine.SceneManagement.Scene&)
  at UnityEditor.SceneManagement.EditorSceneManager.OpenScene (System.String scenePath, UnityEditor.SceneManagement.OpenSceneMode mode) [0x00000] in <63965ae56af7489797f355b7c1211ab2>:0 
  at Sirenix.OdinInspector.Editor.Validation.SceneReference.TryOpenScene (UnityEditor.SceneManagement.OpenSceneMode mode, UnityEngine.SceneManagement.Scene& scene) [0x00017] in C:\Sirenix\Sirenix Solution\Sirenix.OdinInspector.Editor\Validation\Validators\SceneReference.cs:114 
UnityEngine.DebugLogHandler:Internal_LogException(Exception, Object)
UnityEngine.DebugLogHandler:LogException(Exception, Object)
UnityEngine.Logger:LogException(Exception, Object)
UnityEngine.Debug:LogException(Exception)
Sirenix.OdinInspector.Editor.Validation.SceneReference:TryOpenScene(OpenSceneMode, Scene&) (at C:\Sirenix\Sirenix Solution\Sirenix.OdinInspector.Editor\Validation\Validators\SceneReference.cs:119)
Sirenix.OdinValidator.Editor.<ValidateCurrentWorkQueueEnumerator>d__59:MoveNext() (at C:\Sirenix\Sirenix Solution\Sirenix.OdinValidator.Editor\Core\ValidationSession.cs:557)
Sirenix.OdinValidator.Editor.<ValidateEverythingEnumeratorBatched>d__54:MoveNext() (at C:\Sirenix\Sirenix Solution\Sirenix.OdinValidator.Editor\Core\ValidationSession.cs:376)
Sirenix.OdinValidator.Editor.AutomationConfig:RunValidationScan(String, ValidationSetup, Boolean, Action, Boolean, Boolean, Boolean, Boolean, Boolean, Boolean, Boolean, Boolean) (at C:\Sirenix\Sirenix Solution\Sirenix.OdinValidator.Editor\Config\AutomationConfig.cs:305)
Sirenix.OdinValidator.Editor.AutomationConfig:ActuallyInitHooks() (at C:\Sirenix\Sirenix Solution\Sirenix.OdinValidator.Editor\Config\AutomationConfig.cs:186)
Sirenix.OdinValidator.Editor.AutomationConfig:InitHooks() (at C:\Sirenix\Sirenix Solution\Sirenix.OdinValidator.Editor\Config\AutomationConfig.cs:170)
System.Reflection.RuntimeMethodInfo:InternalInvoke(RuntimeMethodInfo, Object, Object[], Exception&)
System.Reflection.RuntimeMethodInfo:Invoke(Object, BindingFlags, Binder, Object[], CultureInfo)
System.Reflection.MethodBase:Invoke(Object, Object[])
UnityEditor.EditorAssemblies:ProcessInitializeOnLoadMethodAttributes()

(Filename: C:/Sirenix/Sirenix Solution/Sirenix.OdinInspector.Editor/Validation/Validators/SceneReference.cs Line: 119)

InvalidOperationException: Calling OpenScene Raisefrom assembly reloading callbacks are not supported.
  at (wrapper managed-to-native) UnityEditor.SceneManagement.EditorSceneManager.OpenScene_Injected(string,UnityEditor.SceneManagement.OpenSceneMode,UnityEngine.SceneManagement.Scene&)
  at UnityEditor.SceneManagement.EditorSceneManager.OpenScene (System.String scenePath, UnityEditor.SceneManagement.OpenSceneMode mode) [0x00000] in <63965ae56af7489797f355b7c1211ab2>:0 
  at Sirenix.OdinInspector.Editor.Validation.SceneReference.TryOpenScene (UnityEditor.SceneManagement.OpenSceneMode mode, UnityEngine.SceneManagement.Scene& scene) [0x00017] in C:\Sirenix\Sirenix Solution\Sirenix.OdinInspector.Editor\Validation\Validators\SceneReference.cs:114 
UnityEngine.DebugLogHandler:Internal_LogException(Exception, Object)
UnityEngine.DebugLogHandler:LogException(Exception, Object)
UnityEngine.Logger:LogException(Exception, Object)
UnityEngine.Debug:LogException(Exception)
Sirenix.OdinInspector.Editor.Validation.SceneReference:TryOpenScene(OpenSceneMode, Scene&) (at C:\Sirenix\Sirenix Solution\Sirenix.OdinInspector.Editor\Validation\Validators\SceneReference.cs:119)
Sirenix.OdinValidator.Editor.<ValidateCurrentWorkQueueEnumerator>d__59:MoveNext() (at C:\Sirenix\Sirenix Solution\Sirenix.OdinValidator.Editor\Core\ValidationSession.cs:557)
Sirenix.OdinValidator.Editor.<ValidateEverythingEnumeratorBatched>d__54:MoveNext() (at C:\Sirenix\Sirenix Solution\Sirenix.OdinValidator.Editor\Core\ValidationSession.cs:376)
Sirenix.OdinValidator.Editor.AutomationConfig:RunValidationScan(String, ValidationSetup, Boolean, Action, Boolean, Boolean, Boolean, Boolean, Boolean, Boolean, Boolean, Boolean) (at C:\Sirenix\Sirenix Solution\Sirenix.OdinValidator.Editor\Config\AutomationConfig.cs:305)
Sirenix.OdinValidator.Editor.AutomationConfig:ActuallyInitHooks() (at C:\Sirenix\Sirenix Solution\Sirenix.OdinValidator.Editor\Config\AutomationConfig.cs:186)
Sirenix.OdinValidator.Editor.AutomationConfig:InitHooks() (at C:\Sirenix\Sirenix Solution\Sirenix.OdinValidator.Editor\Config\AutomationConfig.cs:170)
System.Reflection.RuntimeMethodInfo:InternalInvoke(RuntimeMethodInfo, Object, Object[], Exception&)
System.Reflection.RuntimeMethodInfo:Invoke(Object, BindingFlags, Binder, Object[], CultureInfo)
System.Reflection.MethodBase:Invoke(Object, Object[])
UnityEditor.EditorAssemblies:ProcessInitializeOnLoadMethodAttributes()

(Filename: C:/Sirenix/Sirenix Solution/Sirenix.OdinInspector.Editor/Validation/Validators/SceneReference.cs Line: 119)

InvalidOperationException: Calling OpenScene Raisefrom assembly reloading callbacks are not supported.
  at (wrapper managed-to-native) UnityEditor.SceneManagement.EditorSceneManager.OpenScene_Injected(string,UnityEditor.SceneManagement.OpenSceneMode,UnityEngine.SceneManagement.Scene&)
  at UnityEditor.SceneManagement.EditorSceneManager.OpenScene (System.String scenePath, UnityEditor.SceneManagement.OpenSceneMode mode) [0x00000] in <63965ae56af7489797f355b7c1211ab2>:0 
  at Sirenix.OdinInspector.Editor.Validation.SceneReference.TryOpenScene (UnityEditor.SceneManagement.OpenSceneMode mode, UnityEngine.SceneManagement.Scene& scene) [0x00017] in C:\Sirenix\Sirenix Solution\Sirenix.OdinInspector.Editor\Validation\Validators\SceneReference.cs:114 
UnityEngine.DebugLogHandler:Internal_LogException(Exception, Object)
UnityEngine.DebugLogHandler:LogException(Exception, Object)
UnityEngine.Logger:LogException(Exception, Object)
UnityEngine.Debug:LogException(Exception)
Sirenix.OdinInspector.Editor.Validation.SceneReference:TryOpenScene(OpenSceneMode, Scene&) (at C:\Sirenix\Sirenix Solution\Sirenix.OdinInspector.Editor\Validation\Validators\SceneReference.cs:119)
Sirenix.OdinValidator.Editor.<ValidateCurrentWorkQueueEnumerator>d__59:MoveNext() (at C:\Sirenix\Sirenix Solution\Sirenix.OdinValidator.Editor\Core\ValidationSession.cs:557)
Sirenix.OdinValidator.Editor.<ValidateEverythingEnumeratorBatched>d__54:MoveNext() (at C:\Sirenix\Sirenix Solution\Sirenix.OdinValidator.Editor\Core\ValidationSession.cs:376)
Sirenix.OdinValidator.Editor.AutomationConfig:RunValidationScan(String, ValidationSetup, Boolean, Action, Boolean, Boolean, Boolean, Boolean, Boolean, Boolean, Boolean, Boolean) (at C:\Sirenix\Sirenix Solution\Sirenix.OdinValidator.Editor\Config\AutomationConfig.cs:305)
Sirenix.OdinValidator.Editor.AutomationConfig:ActuallyInitHooks() (at C:\Sirenix\Sirenix Solution\Sirenix.OdinValidator.Editor\Config\AutomationConfig.cs:186)
Sirenix.OdinValidator.Editor.AutomationConfig:InitHooks() (at C:\Sirenix\Sirenix Solution\Sirenix.OdinValidator.Editor\Config\AutomationConfig.cs:170)
System.Reflection.RuntimeMethodInfo:InternalInvoke(RuntimeMethodInfo, Object, Object[], Exception&)
System.Reflection.RuntimeMethodInfo:Invoke(Object, BindingFlags, Binder, Object[], CultureInfo)
System.Reflection.MethodBase:Invoke(Object, Object[])
UnityEditor.EditorAssemblies:ProcessInitializeOnLoadMethodAttributes()

(Filename: C:/Sirenix/Sirenix Solution/Sirenix.OdinInspector.Editor/Validation/Validators/SceneReference.cs Line: 119)

InvalidOperationException: Calling OpenScene Raisefrom assembly reloading callbacks are not supported.
  at (wrapper managed-to-native) UnityEditor.SceneManagement.EditorSceneManager.OpenScene_Injected(string,UnityEditor.SceneManagement.OpenSceneMode,UnityEngine.SceneManagement.Scene&)
  at UnityEditor.SceneManagement.EditorSceneManager.OpenScene (System.String scenePath, UnityEditor.SceneManagement.OpenSceneMode mode) [0x00000] in <63965ae56af7489797f355b7c1211ab2>:0 
  at Sirenix.OdinInspector.Editor.Validation.SceneReference.TryOpenScene (UnityEditor.SceneManagement.OpenSceneMode mode, UnityEngine.SceneManagement.Scene& scene) [0x00017] in C:\Sirenix\Sirenix Solution\Sirenix.OdinInspector.Editor\Validation\Validators\SceneReference.cs:114 
UnityEngine.DebugLogHandler:Internal_LogException(Exception, Object)
UnityEngine.DebugLogHandler:LogException(Exception, Object)
UnityEngine.Logger:LogException(Exception, Object)
UnityEngine.Debug:LogException(Exception)
Sirenix.OdinInspector.Editor.Validation.SceneReference:TryOpenScene(OpenSceneMode, Scene&) (at C:\Sirenix\Sirenix Solution\Sirenix.OdinInspector.Editor\Validation\Validators\SceneReference.cs:119)
Sirenix.OdinValidator.Editor.<ValidateCurrentWorkQueueEnumerator>d__59:MoveNext() (at C:\Sirenix\Sirenix Solution\Sirenix.OdinValidator.Editor\Core\ValidationSession.cs:557)
Sirenix.OdinValidator.Editor.<ValidateEverythingEnumeratorBatched>d__54:MoveNext() (at C:\Sirenix\Sirenix Solution\Sirenix.OdinValidator.Editor\Core\ValidationSession.cs:376)
Sirenix.OdinValidator.Editor.AutomationConfig:RunValidationScan(String, ValidationSetup, Boolean, Action, Boolean, Boolean, Boolean, Boolean, Boolean, Boolean, Boolean, Boolean) (at C:\Sirenix\Sirenix Solution\Sirenix.OdinValidator.Editor\Config\AutomationConfig.cs:305)
Sirenix.OdinValidator.Editor.AutomationConfig:ActuallyInitHooks() (at C:\Sirenix\Sirenix Solution\Sirenix.OdinValidator.Editor\Config\AutomationConfig.cs:186)
Sirenix.OdinValidator.Editor.AutomationConfig:InitHooks() (at C:\Sirenix\Sirenix Solution\Sirenix.OdinValidator.Editor\Config\AutomationConfig.cs:170)
System.Reflection.RuntimeMethodInfo:InternalInvoke(RuntimeMethodInfo, Object, Object[], Exception&)
System.Reflection.RuntimeMethodInfo:Invoke(Object, BindingFlags, Binder, Object[], CultureInfo)
System.Reflection.MethodBase:Invoke(Object, Object[])
UnityEditor.EditorAssemblies:ProcessInitializeOnLoadMethodAttributes()

(Filename: C:/Sirenix/Sirenix Solution/Sirenix.OdinInspector.Editor/Validation/Validators/SceneReference.cs Line: 119)

InvalidOperationException: Calling OpenScene Raisefrom assembly reloading callbacks are not supported.
  at (wrapper managed-to-native) UnityEditor.SceneManagement.EditorSceneManager.OpenScene_Injected(string,UnityEditor.SceneManagement.OpenSceneMode,UnityEngine.SceneManagement.Scene&)
  at UnityEditor.SceneManagement.EditorSceneManager.OpenScene (System.String scenePath, UnityEditor.SceneManagement.OpenSceneMode mode) [0x00000] in <63965ae56af7489797f355b7c1211ab2>:0 
  at Sirenix.OdinInspector.Editor.Validation.SceneReference.TryOpenScene (UnityEditor.SceneManagement.OpenSceneMode mode, UnityEngine.SceneManagement.Scene& scene) [0x00017] in C:\Sirenix\Sirenix Solution\Sirenix.OdinInspector.Editor\Validation\Validators\SceneReference.cs:114 
UnityEngine.DebugLogHandler:Internal_LogException(Exception, Object)
UnityEngine.DebugLogHandler:LogException(Exception, Object)
UnityEngine.Logger:LogException(Exception, Object)
UnityEngine.Debug:LogException(Exception)
Sirenix.OdinInspector.Editor.Validation.SceneReference:TryOpenScene(OpenSceneMode, Scene&) (at C:\Sirenix\Sirenix Solution\Sirenix.OdinInspector.Editor\Validation\Validators\SceneReference.cs:119)
Sirenix.OdinValidator.Editor.<ValidateCurrentWorkQueueEnumerator>d__59:MoveNext() (at C:\Sirenix\Sirenix Solution\Sirenix.OdinValidator.Editor\Core\ValidationSession.cs:557)
Sirenix.OdinValidator.Editor.<ValidateEverythingEnumeratorBatched>d__54:MoveNext() (at C:\Sirenix\Sirenix Solution\Sirenix.OdinValidator.Editor\Core\ValidationSession.cs:376)
Sirenix.OdinValidator.Editor.AutomationConfig:RunValidationScan(String, ValidationSetup, Boolean, Action, Boolean, Boolean, Boolean, Boolean, Boolean, Boolean, Boolean, Boolean) (at C:\Sirenix\Sirenix Solution\Sirenix.OdinValidator.Editor\Config\AutomationConfig.cs:305)
Sirenix.OdinValidator.Editor.AutomationConfig:ActuallyInitHooks() (at C:\Sirenix\Sirenix Solution\Sirenix.OdinValidator.Editor\Config\AutomationConfig.cs:186)
Sirenix.OdinValidator.Editor.AutomationConfig:InitHooks() (at C:\Sirenix\Sirenix Solution\Sirenix.OdinValidator.Editor\Config\AutomationConfig.cs:170)
System.Reflection.RuntimeMethodInfo:InternalInvoke(RuntimeMethodInfo, Object, Object[], Exception&)
System.Reflection.RuntimeMethodInfo:Invoke(Object, BindingFlags, Binder, Object[], CultureInfo)
System.Reflection.MethodBase:Invoke(Object, Object[])
UnityEditor.EditorAssemblies:ProcessInitializeOnLoadMethodAttributes()

(Filename: C:/Sirenix/Sirenix Solution/Sirenix.OdinInspector.Editor/Validation/Validators/SceneReference.cs Line: 119)

InvalidOperationException: Calling OpenScene Raisefrom assembly reloading callbacks are not supported.
  at (wrapper managed-to-native) UnityEditor.SceneManagement.EditorSceneManager.OpenScene_Injected(string,UnityEditor.SceneManagement.OpenSceneMode,UnityEngine.SceneManagement.Scene&)
  at UnityEditor.SceneManagement.EditorSceneManager.OpenScene (System.String scenePath, UnityEditor.SceneManagement.OpenSceneMode mode) [0x00000] in <63965ae56af7489797f355b7c1211ab2>:0 
  at Sirenix.OdinInspector.Editor.Validation.SceneReference.TryOpenScene (UnityEditor.SceneManagement.OpenSceneMode mode, UnityEngine.SceneManagement.Scene& scene) [0x00017] in C:\Sirenix\Sirenix Solution\Sirenix.OdinInspector.Editor\Validation\Validators\SceneReference.cs:114 
UnityEngine.DebugLogHandler:Internal_LogException(Exception, Object)
UnityEngine.DebugLogHandler:LogException(Exception, Object)
UnityEngine.Logger:LogException(Exception, Object)
UnityEngine.Debug:LogException(Exception)
Sirenix.OdinInspector.Editor.Validation.SceneReference:TryOpenScene(OpenSceneMode, Scene&) (at C:\Sirenix\Sirenix Solution\Sirenix.OdinInspector.Editor\Validation\Validators\SceneReference.cs:119)
Sirenix.OdinValidator.Editor.<ValidateCurrentWorkQueueEnumerator>d__59:MoveNext() (at C:\Sirenix\Sirenix Solution\Sirenix.OdinValidator.Editor\Core\ValidationSession.cs:557)
Sirenix.OdinValidator.Editor.<ValidateEverythingEnumeratorBatched>d__54:MoveNext() (at C:\Sirenix\Sirenix Solution\Sirenix.OdinValidator.Editor\Core\ValidationSession.cs:376)
Sirenix.OdinValidator.Editor.AutomationConfig:RunValidationScan(String, ValidationSetup, Boolean, Action, Boolean, Boolean, Boolean, Boolean, Boolean, Boolean, Boolean, Boolean) (at C:\Sirenix\Sirenix Solution\Sirenix.OdinValidator.Editor\Config\AutomationConfig.cs:305)
Sirenix.OdinValidator.Editor.AutomationConfig:ActuallyInitHooks() (at C:\Sirenix\Sirenix Solution\Sirenix.OdinValidator.Editor\Config\AutomationConfig.cs:186)
Sirenix.OdinValidator.Editor.AutomationConfig:InitHooks() (at C:\Sirenix\Sirenix Solution\Sirenix.OdinValidator.Editor\Config\AutomationConfig.cs:170)
System.Reflection.RuntimeMethodInfo:InternalInvoke(RuntimeMethodInfo, Object, Object[], Exception&)
System.Reflection.RuntimeMethodInfo:Invoke(Object, BindingFlags, Binder, Object[], CultureInfo)
System.Reflection.MethodBase:Invoke(Object, Object[])
UnityEditor.EditorAssemblies:ProcessInitializeOnLoadMethodAttributes()

(Filename: C:/Sirenix/Sirenix Solution/Sirenix.OdinInspector.Editor/Validation/Validators/SceneReference.cs Line: 119)

InvalidOperationException: Calling OpenScene Raisefrom assembly reloading callbacks are not supported.
  at (wrapper managed-to-native) UnityEditor.SceneManagement.EditorSceneManager.OpenScene_Injected(string,UnityEditor.SceneManagement.OpenSceneMode,UnityEngine.SceneManagement.Scene&)
  at UnityEditor.SceneManagement.EditorSceneManager.OpenScene (System.String scenePath, UnityEditor.SceneManagement.OpenSceneMode mode) [0x00000] in <63965ae56af7489797f355b7c1211ab2>:0 
  at Sirenix.OdinInspector.Editor.Validation.SceneReference.TryOpenScene (UnityEditor.SceneManagement.OpenSceneMode mode, UnityEngine.SceneManagement.Scene& scene) [0x00017] in C:\Sirenix\Sirenix Solution\Sirenix.OdinInspector.Editor\Validation\Validators\SceneReference.cs:114 
UnityEngine.DebugLogHandler:Internal_LogException(Exception, Object)
UnityEngine.DebugLogHandler:LogException(Exception, Object)
UnityEngine.Logger:LogException(Exception, Object)
UnityEngine.Debug:LogException(Exception)
Sirenix.OdinInspector.Editor.Validation.SceneReference:TryOpenScene(OpenSceneMode, Scene&) (at C:\Sirenix\Sirenix Solution\Sirenix.OdinInspector.Editor\Validation\Validators\SceneReference.cs:119)
Sirenix.OdinValidator.Editor.<ValidateCurrentWorkQueueEnumerator>d__59:MoveNext() (at C:\Sirenix\Sirenix Solution\Sirenix.OdinValidator.Editor\Core\ValidationSession.cs:557)
Sirenix.OdinValidator.Editor.<ValidateEverythingEnumeratorBatched>d__54:MoveNext() (at C:\Sirenix\Sirenix Solution\Sirenix.OdinValidator.Editor\Core\ValidationSession.cs:376)
Sirenix.OdinValidator.Editor.AutomationConfig:RunValidationScan(String, ValidationSetup, Boolean, Action, Boolean, Boolean, Boolean, Boolean, Boolean, Boolean, Boolean, Boolean) (at C:\Sirenix\Sirenix Solution\Sirenix.OdinValidator.Editor\Config\AutomationConfig.cs:305)
Sirenix.OdinValidator.Editor.AutomationConfig:ActuallyInitHooks() (at C:\Sirenix\Sirenix Solution\Sirenix.OdinValidator.Editor\Config\AutomationConfig.cs:186)
Sirenix.OdinValidator.Editor.AutomationConfig:InitHooks() (at C:\Sirenix\Sirenix Solution\Sirenix.OdinValidator.Editor\Config\AutomationConfig.cs:170)
System.Reflection.RuntimeMethodInfo:InternalInvoke(RuntimeMethodInfo, Object, Object[], Exception&)
System.Reflection.RuntimeMethodInfo:Invoke(Object, BindingFlags, Binder, Object[], CultureInfo)
System.Reflection.MethodBase:Invoke(Object, Object[])
UnityEditor.EditorAssemblies:ProcessInitializeOnLoadMethodAttributes()

(Filename: C:/Sirenix/Sirenix Solution/Sirenix.OdinInspector.Editor/Validation/Validators/SceneReference.cs Line: 119)

InvalidOperationException: Calling OpenScene Raisefrom assembly reloading callbacks are not supported.
  at (wrapper managed-to-native) UnityEditor.SceneManagement.EditorSceneManager.OpenScene_Injected(string,UnityEditor.SceneManagement.OpenSceneMode,UnityEngine.SceneManagement.Scene&)
  at UnityEditor.SceneManagement.EditorSceneManager.OpenScene (System.String scenePath, UnityEditor.SceneManagement.OpenSceneMode mode) [0x00000] in <63965ae56af7489797f355b7c1211ab2>:0 
  at Sirenix.OdinInspector.Editor.Validation.SceneReference.TryOpenScene (UnityEditor.SceneManagement.OpenSceneMode mode, UnityEngine.SceneManagement.Scene& scene) [0x00017] in C:\Sirenix\Sirenix Solution\Sirenix.OdinInspector.Editor\Validation\Validators\SceneReference.cs:114 
UnityEngine.DebugLogHandler:Internal_LogException(Exception, Object)
UnityEngine.DebugLogHandler:LogException(Exception, Object)
UnityEngine.Logger:LogException(Exception, Object)
UnityEngine.Debug:LogException(Exception)
Sirenix.OdinInspector.Editor.Validation.SceneReference:TryOpenScene(OpenSceneMode, Scene&) (at C:\Sirenix\Sirenix Solution\Sirenix.OdinInspector.Editor\Validation\Validators\SceneReference.cs:119)
Sirenix.OdinValidator.Editor.<ValidateCurrentWorkQueueEnumerator>d__59:MoveNext() (at C:\Sirenix\Sirenix Solution\Sirenix.OdinValidator.Editor\Core\ValidationSession.cs:557)
Sirenix.OdinValidator.Editor.<ValidateEverythingEnumeratorBatched>d__54:MoveNext() (at C:\Sirenix\Sirenix Solution\Sirenix.OdinValidator.Editor\Core\ValidationSession.cs:376)
Sirenix.OdinValidator.Editor.AutomationConfig:RunValidationScan(String, ValidationSetup, Boolean, Action, Boolean, Boolean, Boolean, Boolean, Boolean, Boolean, Boolean, Boolean) (at C:\Sirenix\Sirenix Solution\Sirenix.OdinValidator.Editor\Config\AutomationConfig.cs:305)
Sirenix.OdinValidator.Editor.AutomationConfig:ActuallyInitHooks() (at C:\Sirenix\Sirenix Solution\Sirenix.OdinValidator.Editor\Config\AutomationConfig.cs:186)
Sirenix.OdinValidator.Editor.AutomationConfig:InitHooks() (at C:\Sirenix\Sirenix Solution\Sirenix.OdinValidator.Editor\Config\AutomationConfig.cs:170)
System.Reflection.RuntimeMethodInfo:InternalInvoke(RuntimeMethodInfo, Object, Object[], Exception&)
System.Reflection.RuntimeMethodInfo:Invoke(Object, BindingFlags, Binder, Object[], CultureInfo)
System.Reflection.MethodBase:Invoke(Object, Object[])
UnityEditor.EditorAssemblies:ProcessInitializeOnLoadMethodAttributes()

(Filename: C:/Sirenix/Sirenix Solution/Sirenix.OdinInspector.Editor/Validation/Validators/SceneReference.cs Line: 119)

InvalidOperationException: Calling OpenScene Raisefrom assembly reloading callbacks are not supported.
  at (wrapper managed-to-native) UnityEditor.SceneManagement.EditorSceneManager.OpenScene_Injected(string,UnityEditor.SceneManagement.OpenSceneMode,UnityEngine.SceneManagement.Scene&)
  at UnityEditor.SceneManagement.EditorSceneManager.OpenScene (System.String scenePath, UnityEditor.SceneManagement.OpenSceneMode mode) [0x00000] in <63965ae56af7489797f355b7c1211ab2>:0 
  at Sirenix.OdinInspector.Editor.Validation.SceneReference.TryOpenScene (UnityEditor.SceneManagement.OpenSceneMode mode, UnityEngine.SceneManagement.Scene& scene) [0x00017] in C:\Sirenix\Sirenix Solution\Sirenix.OdinInspector.Editor\Validation\Validators\SceneReference.cs:114 
UnityEngine.DebugLogHandler:Internal_LogException(Exception, Object)
UnityEngine.DebugLogHandler:LogException(Exception, Object)
UnityEngine.Logger:LogException(Exception, Object)
UnityEngine.Debug:LogException(Exception)
Sirenix.OdinInspector.Editor.Validation.SceneReference:TryOpenScene(OpenSceneMode, Scene&) (at C:\Sirenix\Sirenix Solution\Sirenix.OdinInspector.Editor\Validation\Validators\SceneReference.cs:119)
Sirenix.OdinValidator.Editor.<ValidateCurrentWorkQueueEnumerator>d__59:MoveNext() (at C:\Sirenix\Sirenix Solution\Sirenix.OdinValidator.Editor\Core\ValidationSession.cs:557)
Sirenix.OdinValidator.Editor.<ValidateEverythingEnumeratorBatched>d__54:MoveNext() (at C:\Sirenix\Sirenix Solution\Sirenix.OdinValidator.Editor\Core\ValidationSession.cs:376)
Sirenix.OdinValidator.Editor.AutomationConfig:RunValidationScan(String, ValidationSetup, Boolean, Action, Boolean, Boolean, Boolean, Boolean, Boolean, Boolean, Boolean, Boolean) (at C:\Sirenix\Sirenix Solution\Sirenix.OdinValidator.Editor\Config\AutomationConfig.cs:305)
Sirenix.OdinValidator.Editor.AutomationConfig:ActuallyInitHooks() (at C:\Sirenix\Sirenix Solution\Sirenix.OdinValidator.Editor\Config\AutomationConfig.cs:186)
Sirenix.OdinValidator.Editor.AutomationConfig:InitHooks() (at C:\Sirenix\Sirenix Solution\Sirenix.OdinValidator.Editor\Config\AutomationConfig.cs:170)
System.Reflection.RuntimeMethodInfo:InternalInvoke(RuntimeMethodInfo, Object, Object[], Exception&)
System.Reflection.RuntimeMethodInfo:Invoke(Object, BindingFlags, Binder, Object[], CultureInfo)
System.Reflection.MethodBase:Invoke(Object, Object[])
UnityEditor.EditorAssemblies:ProcessInitializeOnLoadMethodAttributes()

(Filename: C:/Sirenix/Sirenix Solution/Sirenix.OdinInspector.Editor/Validation/Validators/SceneReference.cs Line: 119)

InvalidOperationException: Calling OpenScene Raisefrom assembly reloading callbacks are not supported.
  at (wrapper managed-to-native) UnityEditor.SceneManagement.EditorSceneManager.OpenScene_Injected(string,UnityEditor.SceneManagement.OpenSceneMode,UnityEngine.SceneManagement.Scene&)
  at UnityEditor.SceneManagement.EditorSceneManager.OpenScene (System.String scenePath, UnityEditor.SceneManagement.OpenSceneMode mode) [0x00000] in <63965ae56af7489797f355b7c1211ab2>:0 
  at Sirenix.OdinInspector.Editor.Validation.SceneReference.TryOpenScene (UnityEditor.SceneManagement.OpenSceneMode mode, UnityEngine.SceneManagement.Scene& scene) [0x00017] in C:\Sirenix\Sirenix Solution\Sirenix.OdinInspector.Editor\Validation\Validators\SceneReference.cs:114 
UnityEngine.DebugLogHandler:Internal_LogException(Exception, Object)
UnityEngine.DebugLogHandler:LogException(Exception, Object)
UnityEngine.Logger:LogException(Exception, Object)
UnityEngine.Debug:LogException(Exception)
Sirenix.OdinInspector.Editor.Validation.SceneReference:TryOpenScene(OpenSceneMode, Scene&) (at C:\Sirenix\Sirenix Solution\Sirenix.OdinInspector.Editor\Validation\Validators\SceneReference.cs:119)
Sirenix.OdinValidator.Editor.<ValidateCurrentWorkQueueEnumerator>d__59:MoveNext() (at C:\Sirenix\Sirenix Solution\Sirenix.OdinValidator.Editor\Core\ValidationSession.cs:557)
Sirenix.OdinValidator.Editor.<ValidateEverythingEnumeratorBatched>d__54:MoveNext() (at C:\Sirenix\Sirenix Solution\Sirenix.OdinValidator.Editor\Core\ValidationSession.cs:376)
Sirenix.OdinValidator.Editor.AutomationConfig:RunValidationScan(String, ValidationSetup, Boolean, Action, Boolean, Boolean, Boolean, Boolean, Boolean, Boolean, Boolean, Boolean) (at C:\Sirenix\Sirenix Solution\Sirenix.OdinValidator.Editor\Config\AutomationConfig.cs:305)
Sirenix.OdinValidator.Editor.AutomationConfig:ActuallyInitHooks() (at C:\Sirenix\Sirenix Solution\Sirenix.OdinValidator.Editor\Config\AutomationConfig.cs:186)
Sirenix.OdinValidator.Editor.AutomationConfig:InitHooks() (at C:\Sirenix\Sirenix Solution\Sirenix.OdinValidator.Editor\Config\AutomationConfig.cs:170)
System.Reflection.RuntimeMethodInfo:InternalInvoke(RuntimeMethodInfo, Object, Object[], Exception&)
System.Reflection.RuntimeMethodInfo:Invoke(Object, BindingFlags, Binder, Object[], CultureInfo)
System.Reflection.MethodBase:Invoke(Object, Object[])
UnityEditor.EditorAssemblies:ProcessInitializeOnLoadMethodAttributes()

(Filename: C:/Sirenix/Sirenix Solution/Sirenix.OdinInspector.Editor/Validation/Validators/SceneReference.cs Line: 119)

InvalidOperationException: Calling OpenScene Raisefrom assembly reloading callbacks are not supported.
  at (wrapper managed-to-native) UnityEditor.SceneManagement.EditorSceneManager.OpenScene_Injected(string,UnityEditor.SceneManagement.OpenSceneMode,UnityEngine.SceneManagement.Scene&)
  at UnityEditor.SceneManagement.EditorSceneManager.OpenScene (System.String scenePath, UnityEditor.SceneManagement.OpenSceneMode mode) [0x00000] in <63965ae56af7489797f355b7c1211ab2>:0 
  at Sirenix.OdinInspector.Editor.Validation.SceneReference.TryOpenScene (UnityEditor.SceneManagement.OpenSceneMode mode, UnityEngine.SceneManagement.Scene& scene) [0x00017] in C:\Sirenix\Sirenix Solution\Sirenix.OdinInspector.Editor\Validation\Validators\SceneReference.cs:114 
UnityEngine.DebugLogHandler:Internal_LogException(Exception, Object)
UnityEngine.DebugLogHandler:LogException(Exception, Object)
UnityEngine.Logger:LogException(Exception, Object)
UnityEngine.Debug:LogException(Exception)
Sirenix.OdinInspector.Editor.Validation.SceneReference:TryOpenScene(OpenSceneMode, Scene&) (at C:\Sirenix\Sirenix Solution\Sirenix.OdinInspector.Editor\Validation\Validators\SceneReference.cs:119)
Sirenix.OdinValidator.Editor.<ValidateCurrentWorkQueueEnumerator>d__59:MoveNext() (at C:\Sirenix\Sirenix Solution\Sirenix.OdinValidator.Editor\Core\ValidationSession.cs:557)
Sirenix.OdinValidator.Editor.<ValidateEverythingEnumeratorBatched>d__54:MoveNext() (at C:\Sirenix\Sirenix Solution\Sirenix.OdinValidator.Editor\Core\ValidationSession.cs:376)
Sirenix.OdinValidator.Editor.AutomationConfig:RunValidationScan(String, ValidationSetup, Boolean, Action, Boolean, Boolean, Boolean, Boolean, Boolean, Boolean, Boolean, Boolean) (at C:\Sirenix\Sirenix Solution\Sirenix.OdinValidator.Editor\Config\AutomationConfig.cs:305)
Sirenix.OdinValidator.Editor.AutomationConfig:ActuallyInitHooks() (at C:\Sirenix\Sirenix Solution\Sirenix.OdinValidator.Editor\Config\AutomationConfig.cs:186)
Sirenix.OdinValidator.Editor.AutomationConfig:InitHooks() (at C:\Sirenix\Sirenix Solution\Sirenix.OdinValidator.Editor\Config\AutomationConfig.cs:170)
System.Reflection.RuntimeMethodInfo:InternalInvoke(RuntimeMethodInfo, Object, Object[], Exception&)
System.Reflection.RuntimeMethodInfo:Invoke(Object, BindingFlags, Binder, Object[], CultureInfo)
System.Reflection.MethodBase:Invoke(Object, Object[])
UnityEditor.EditorAssemblies:ProcessInitializeOnLoadMethodAttributes()

(Filename: C:/Sirenix/Sirenix Solution/Sirenix.OdinInspector.Editor/Validation/Validators/SceneReference.cs Line: 119)

InvalidOperationException: Calling OpenScene Raisefrom assembly reloading callbacks are not supported.
  at (wrapper managed-to-native) UnityEditor.SceneManagement.EditorSceneManager.OpenScene_Injected(string,UnityEditor.SceneManagement.OpenSceneMode,UnityEngine.SceneManagement.Scene&)
  at UnityEditor.SceneManagement.EditorSceneManager.OpenScene (System.String scenePath, UnityEditor.SceneManagement.OpenSceneMode mode) [0x00000] in <63965ae56af7489797f355b7c1211ab2>:0 
  at Sirenix.OdinInspector.Editor.Validation.SceneReference.TryOpenScene (UnityEditor.SceneManagement.OpenSceneMode mode, UnityEngine.SceneManagement.Scene& scene) [0x00017] in C:\Sirenix\Sirenix Solution\Sirenix.OdinInspector.Editor\Validation\Validators\SceneReference.cs:114 
UnityEngine.DebugLogHandler:Internal_LogException(Exception, Object)
UnityEngine.DebugLogHandler:LogException(Exception, Object)
UnityEngine.Logger:LogException(Exception, Object)
UnityEngine.Debug:LogException(Exception)
Sirenix.OdinInspector.Editor.Validation.SceneReference:TryOpenScene(OpenSceneMode, Scene&) (at C:\Sirenix\Sirenix Solution\Sirenix.OdinInspector.Editor\Validation\Validators\SceneReference.cs:119)
Sirenix.OdinValidator.Editor.<ValidateCurrentWorkQueueEnumerator>d__59:MoveNext() (at C:\Sirenix\Sirenix Solution\Sirenix.OdinValidator.Editor\Core\ValidationSession.cs:557)
Sirenix.OdinValidator.Editor.<ValidateEverythingEnumeratorBatched>d__54:MoveNext() (at C:\Sirenix\Sirenix Solution\Sirenix.OdinValidator.Editor\Core\ValidationSession.cs:376)
Sirenix.OdinValidator.Editor.AutomationConfig:RunValidationScan(String, ValidationSetup, Boolean, Action, Boolean, Boolean, Boolean, Boolean, Boolean, Boolean, Boolean, Boolean) (at C:\Sirenix\Sirenix Solution\Sirenix.OdinValidator.Editor\Config\AutomationConfig.cs:305)
Sirenix.OdinValidator.Editor.AutomationConfig:ActuallyInitHooks() (at C:\Sirenix\Sirenix Solution\Sirenix.OdinValidator.Editor\Config\AutomationConfig.cs:186)
Sirenix.OdinValidator.Editor.AutomationConfig:InitHooks() (at C:\Sirenix\Sirenix Solution\Sirenix.OdinValidator.Editor\Config\AutomationConfig.cs:170)
System.Reflection.RuntimeMethodInfo:InternalInvoke(RuntimeMethodInfo, Object, Object[], Exception&)
System.Reflection.RuntimeMethodInfo:Invoke(Object, BindingFlags, Binder, Object[], CultureInfo)
System.Reflection.MethodBase:Invoke(Object, Object[])
UnityEditor.EditorAssemblies:ProcessInitializeOnLoadMethodAttributes()

(Filename: C:/Sirenix/Sirenix Solution/Sirenix.OdinInspector.Editor/Validation/Validators/SceneReference.cs Line: 119)

InvalidOperationException: Calling OpenScene Raisefrom assembly reloading callbacks are not supported.
  at (wrapper managed-to-native) UnityEditor.SceneManagement.EditorSceneManager.OpenScene_Injected(string,UnityEditor.SceneManagement.OpenSceneMode,UnityEngine.SceneManagement.Scene&)
  at UnityEditor.SceneManagement.EditorSceneManager.OpenScene (System.String scenePath, UnityEditor.SceneManagement.OpenSceneMode mode) [0x00000] in <63965ae56af7489797f355b7c1211ab2>:0 
  at Sirenix.OdinInspector.Editor.Validation.SceneReference.TryOpenScene (UnityEditor.SceneManagement.OpenSceneMode mode, UnityEngine.SceneManagement.Scene& scene) [0x00017] in C:\Sirenix\Sirenix Solution\Sirenix.OdinInspector.Editor\Validation\Validators\SceneReference.cs:114 
UnityEngine.DebugLogHandler:Internal_LogException(Exception, Object)
UnityEngine.DebugLogHandler:LogException(Exception, Object)
UnityEngine.Logger:LogException(Exception, Object)
UnityEngine.Debug:LogException(Exception)
Sirenix.OdinInspector.Editor.Validation.SceneReference:TryOpenScene(OpenSceneMode, Scene&) (at C:\Sirenix\Sirenix Solution\Sirenix.OdinInspector.Editor\Validation\Validators\SceneReference.cs:119)
Sirenix.OdinValidator.Editor.<ValidateCurrentWorkQueueEnumerator>d__59:MoveNext() (at C:\Sirenix\Sirenix Solution\Sirenix.OdinValidator.Editor\Core\ValidationSession.cs:557)
Sirenix.OdinValidator.Editor.<ValidateEverythingEnumeratorBatched>d__54:MoveNext() (at C:\Sirenix\Sirenix Solution\Sirenix.OdinValidator.Editor\Core\ValidationSession.cs:376)
Sirenix.OdinValidator.Editor.AutomationConfig:RunValidationScan(String, ValidationSetup, Boolean, Action, Boolean, Boolean, Boolean, Boolean, Boolean, Boolean, Boolean, Boolean) (at C:\Sirenix\Sirenix Solution\Sirenix.OdinValidator.Editor\Config\AutomationConfig.cs:305)
Sirenix.OdinValidator.Editor.AutomationConfig:ActuallyInitHooks() (at C:\Sirenix\Sirenix Solution\Sirenix.OdinValidator.Editor\Config\AutomationConfig.cs:186)
Sirenix.OdinValidator.Editor.AutomationConfig:InitHooks() (at C:\Sirenix\Sirenix Solution\Sirenix.OdinValidator.Editor\Config\AutomationConfig.cs:170)
System.Reflection.RuntimeMethodInfo:InternalInvoke(RuntimeMethodInfo, Object, Object[], Exception&)
System.Reflection.RuntimeMethodInfo:Invoke(Object, BindingFlags, Binder, Object[], CultureInfo)
System.Reflection.MethodBase:Invoke(Object, Object[])
UnityEditor.EditorAssemblies:ProcessInitializeOnLoadMethodAttributes()

(Filename: C:/Sirenix/Sirenix Solution/Sirenix.OdinInspector.Editor/Validation/Validators/SceneReference.cs Line: 119)

InvalidOperationException: Calling OpenScene Raisefrom assembly reloading callbacks are not supported.
  at (wrapper managed-to-native) UnityEditor.SceneManagement.EditorSceneManager.OpenScene_Injected(string,UnityEditor.SceneManagement.OpenSceneMode,UnityEngine.SceneManagement.Scene&)
  at UnityEditor.SceneManagement.EditorSceneManager.OpenScene (System.String scenePath, UnityEditor.SceneManagement.OpenSceneMode mode) [0x00000] in <63965ae56af7489797f355b7c1211ab2>:0 
  at Sirenix.OdinInspector.Editor.Validation.SceneReference.TryOpenScene (UnityEditor.SceneManagement.OpenSceneMode mode, UnityEngine.SceneManagement.Scene& scene) [0x00017] in C:\Sirenix\Sirenix Solution\Sirenix.OdinInspector.Editor\Validation\Validators\SceneReference.cs:114 
UnityEngine.DebugLogHandler:Internal_LogException(Exception, Object)
UnityEngine.DebugLogHandler:LogException(Exception, Object)
UnityEngine.Logger:LogException(Exception, Object)
UnityEngine.Debug:LogException(Exception)
Sirenix.OdinInspector.Editor.Validation.SceneReference:TryOpenScene(OpenSceneMode, Scene&) (at C:\Sirenix\Sirenix Solution\Sirenix.OdinInspector.Editor\Validation\Validators\SceneReference.cs:119)
Sirenix.OdinValidator.Editor.<ValidateCurrentWorkQueueEnumerator>d__59:MoveNext() (at C:\Sirenix\Sirenix Solution\Sirenix.OdinValidator.Editor\Core\ValidationSession.cs:557)
Sirenix.OdinValidator.Editor.<ValidateEverythingEnumeratorBatched>d__54:MoveNext() (at C:\Sirenix\Sirenix Solution\Sirenix.OdinValidator.Editor\Core\ValidationSession.cs:376)
Sirenix.OdinValidator.Editor.AutomationConfig:RunValidationScan(String, ValidationSetup, Boolean, Action, Boolean, Boolean, Boolean, Boolean, Boolean, Boolean, Boolean, Boolean) (at C:\Sirenix\Sirenix Solution\Sirenix.OdinValidator.Editor\Config\AutomationConfig.cs:305)
Sirenix.OdinValidator.Editor.AutomationConfig:ActuallyInitHooks() (at C:\Sirenix\Sirenix Solution\Sirenix.OdinValidator.Editor\Config\AutomationConfig.cs:186)
Sirenix.OdinValidator.Editor.AutomationConfig:InitHooks() (at C:\Sirenix\Sirenix Solution\Sirenix.OdinValidator.Editor\Config\AutomationConfig.cs:170)
System.Reflection.RuntimeMethodInfo:InternalInvoke(RuntimeMethodInfo, Object, Object[], Exception&)
System.Reflection.RuntimeMethodInfo:Invoke(Object, BindingFlags, Binder, Object[], CultureInfo)
System.Reflection.MethodBase:Invoke(Object, Object[])
UnityEditor.EditorAssemblies:ProcessInitializeOnLoadMethodAttributes()

(Filename: C:/Sirenix/Sirenix Solution/Sirenix.OdinInspector.Editor/Validation/Validators/SceneReference.cs Line: 119)

InvalidOperationException: Calling OpenScene Raisefrom assembly reloading callbacks are not supported.
  at (wrapper managed-to-native) UnityEditor.SceneManagement.EditorSceneManager.OpenScene_Injected(string,UnityEditor.SceneManagement.OpenSceneMode,UnityEngine.SceneManagement.Scene&)
  at UnityEditor.SceneManagement.EditorSceneManager.OpenScene (System.String scenePath, UnityEditor.SceneManagement.OpenSceneMode mode) [0x00000] in <63965ae56af7489797f355b7c1211ab2>:0 
  at Sirenix.OdinInspector.Editor.Validation.SceneReference.TryOpenScene (UnityEditor.SceneManagement.OpenSceneMode mode, UnityEngine.SceneManagement.Scene& scene) [0x00017] in C:\Sirenix\Sirenix Solution\Sirenix.OdinInspector.Editor\Validation\Validators\SceneReference.cs:114 
UnityEngine.DebugLogHandler:Internal_LogException(Exception, Object)
UnityEngine.DebugLogHandler:LogException(Exception, Object)
UnityEngine.Logger:LogException(Exception, Object)
UnityEngine.Debug:LogException(Exception)
Sirenix.OdinInspector.Editor.Validation.SceneReference:TryOpenScene(OpenSceneMode, Scene&) (at C:\Sirenix\Sirenix Solution\Sirenix.OdinInspector.Editor\Validation\Validators\SceneReference.cs:119)
Sirenix.OdinValidator.Editor.<ValidateCurrentWorkQueueEnumerator>d__59:MoveNext() (at C:\Sirenix\Sirenix Solution\Sirenix.OdinValidator.Editor\Core\ValidationSession.cs:557)
Sirenix.OdinValidator.Editor.<ValidateEverythingEnumeratorBatched>d__54:MoveNext() (at C:\Sirenix\Sirenix Solution\Sirenix.OdinValidator.Editor\Core\ValidationSession.cs:376)
Sirenix.OdinValidator.Editor.AutomationConfig:RunValidationScan(String, ValidationSetup, Boolean, Action, Boolean, Boolean, Boolean, Boolean, Boolean, Boolean, Boolean, Boolean) (at C:\Sirenix\Sirenix Solution\Sirenix.OdinValidator.Editor\Config\AutomationConfig.cs:305)
Sirenix.OdinValidator.Editor.AutomationConfig:ActuallyInitHooks() (at C:\Sirenix\Sirenix Solution\Sirenix.OdinValidator.Editor\Config\AutomationConfig.cs:186)
Sirenix.OdinValidator.Editor.AutomationConfig:InitHooks() (at C:\Sirenix\Sirenix Solution\Sirenix.OdinValidator.Editor\Config\AutomationConfig.cs:170)
System.Reflection.RuntimeMethodInfo:InternalInvoke(RuntimeMethodInfo, Object, Object[], Exception&)
System.Reflection.RuntimeMethodInfo:Invoke(Object, BindingFlags, Binder, Object[], CultureInfo)
System.Reflection.MethodBase:Invoke(Object, Object[])
UnityEditor.EditorAssemblies:ProcessInitializeOnLoadMethodAttributes()

(Filename: C:/Sirenix/Sirenix Solution/Sirenix.OdinInspector.Editor/Validation/Validators/SceneReference.cs Line: 119)

InvalidOperationException: Calling OpenScene Raisefrom assembly reloading callbacks are not supported.
  at (wrapper managed-to-native) UnityEditor.SceneManagement.EditorSceneManager.OpenScene_Injected(string,UnityEditor.SceneManagement.OpenSceneMode,UnityEngine.SceneManagement.Scene&)
  at UnityEditor.SceneManagement.EditorSceneManager.OpenScene (System.String scenePath, UnityEditor.SceneManagement.OpenSceneMode mode) [0x00000] in <63965ae56af7489797f355b7c1211ab2>:0 
  at Sirenix.OdinInspector.Editor.Validation.SceneReference.TryOpenScene (UnityEditor.SceneManagement.OpenSceneMode mode, UnityEngine.SceneManagement.Scene& scene) [0x00017] in C:\Sirenix\Sirenix Solution\Sirenix.OdinInspector.Editor\Validation\Validators\SceneReference.cs:114 
UnityEngine.DebugLogHandler:Internal_LogException(Exception, Object)
UnityEngine.DebugLogHandler:LogException(Exception, Object)
UnityEngine.Logger:LogException(Exception, Object)
UnityEngine.Debug:LogException(Exception)
Sirenix.OdinInspector.Editor.Validation.SceneReference:TryOpenScene(OpenSceneMode, Scene&) (at C:\Sirenix\Sirenix Solution\Sirenix.OdinInspector.Editor\Validation\Validators\SceneReference.cs:119)
Sirenix.OdinValidator.Editor.<ValidateCurrentWorkQueueEnumerator>d__59:MoveNext() (at C:\Sirenix\Sirenix Solution\Sirenix.OdinValidator.Editor\Core\ValidationSession.cs:557)
Sirenix.OdinValidator.Editor.<ValidateEverythingEnumeratorBatched>d__54:MoveNext() (at C:\Sirenix\Sirenix Solution\Sirenix.OdinValidator.Editor\Core\ValidationSession.cs:376)
Sirenix.OdinValidator.Editor.AutomationConfig:RunValidationScan(String, ValidationSetup, Boolean, Action, Boolean, Boolean, Boolean, Boolean, Boolean, Boolean, Boolean, Boolean) (at C:\Sirenix\Sirenix Solution\Sirenix.OdinValidator.Editor\Config\AutomationConfig.cs:305)
Sirenix.OdinValidator.Editor.AutomationConfig:ActuallyInitHooks() (at C:\Sirenix\Sirenix Solution\Sirenix.OdinValidator.Editor\Config\AutomationConfig.cs:186)
Sirenix.OdinValidator.Editor.AutomationConfig:InitHooks() (at C:\Sirenix\Sirenix Solution\Sirenix.OdinValidator.Editor\Config\AutomationConfig.cs:170)
System.Reflection.RuntimeMethodInfo:InternalInvoke(RuntimeMethodInfo, Object, Object[], Exception&)
System.Reflection.RuntimeMethodInfo:Invoke(Object, BindingFlags, Binder, Object[], CultureInfo)
System.Reflection.MethodBase:Invoke(Object, Object[])
UnityEditor.EditorAssemblies:ProcessInitializeOnLoadMethodAttributes()

(Filename: C:/Sirenix/Sirenix Solution/Sirenix.OdinInspector.Editor/Validation/Validators/SceneReference.cs Line: 119)

InvalidOperationException: Calling OpenScene Raisefrom assembly reloading callbacks are not supported.
  at (wrapper managed-to-native) UnityEditor.SceneManagement.EditorSceneManager.OpenScene_Injected(string,UnityEditor.SceneManagement.OpenSceneMode,UnityEngine.SceneManagement.Scene&)
  at UnityEditor.SceneManagement.EditorSceneManager.OpenScene (System.String scenePath, UnityEditor.SceneManagement.OpenSceneMode mode) [0x00000] in <63965ae56af7489797f355b7c1211ab2>:0 
  at Sirenix.OdinInspector.Editor.Validation.SceneReference.TryOpenScene (UnityEditor.SceneManagement.OpenSceneMode mode, UnityEngine.SceneManagement.Scene& scene) [0x00017] in C:\Sirenix\Sirenix Solution\Sirenix.OdinInspector.Editor\Validation\Validators\SceneReference.cs:114 
UnityEngine.DebugLogHandler:Internal_LogException(Exception, Object)
UnityEngine.DebugLogHandler:LogException(Exception, Object)
UnityEngine.Logger:LogException(Exception, Object)
UnityEngine.Debug:LogException(Exception)
Sirenix.OdinInspector.Editor.Validation.SceneReference:TryOpenScene(OpenSceneMode, Scene&) (at C:\Sirenix\Sirenix Solution\Sirenix.OdinInspector.Editor\Validation\Validators\SceneReference.cs:119)
Sirenix.OdinValidator.Editor.<ValidateCurrentWorkQueueEnumerator>d__59:MoveNext() (at C:\Sirenix\Sirenix Solution\Sirenix.OdinValidator.Editor\Core\ValidationSession.cs:557)
Sirenix.OdinValidator.Editor.<ValidateEverythingEnumeratorBatched>d__54:MoveNext() (at C:\Sirenix\Sirenix Solution\Sirenix.OdinValidator.Editor\Core\ValidationSession.cs:376)
Sirenix.OdinValidator.Editor.AutomationConfig:RunValidationScan(String, ValidationSetup, Boolean, Action, Boolean, Boolean, Boolean, Boolean, Boolean, Boolean, Boolean, Boolean) (at C:\Sirenix\Sirenix Solution\Sirenix.OdinValidator.Editor\Config\AutomationConfig.cs:305)
Sirenix.OdinValidator.Editor.AutomationConfig:ActuallyInitHooks() (at C:\Sirenix\Sirenix Solution\Sirenix.OdinValidator.Editor\Config\AutomationConfig.cs:186)
Sirenix.OdinValidator.Editor.AutomationConfig:InitHooks() (at C:\Sirenix\Sirenix Solution\Sirenix.OdinValidator.Editor\Config\AutomationConfig.cs:170)
System.Reflection.RuntimeMethodInfo:InternalInvoke(RuntimeMethodInfo, Object, Object[], Exception&)
System.Reflection.RuntimeMethodInfo:Invoke(Object, BindingFlags, Binder, Object[], CultureInfo)
System.Reflection.MethodBase:Invoke(Object, Object[])
UnityEditor.EditorAssemblies:ProcessInitializeOnLoadMethodAttributes()

(Filename: C:/Sirenix/Sirenix Solution/Sirenix.OdinInspector.Editor/Validation/Validators/SceneReference.cs Line: 119)

InvalidOperationException: Calling OpenScene Raisefrom assembly reloading callbacks are not supported.
  at (wrapper managed-to-native) UnityEditor.SceneManagement.EditorSceneManager.OpenScene_Injected(string,UnityEditor.SceneManagement.OpenSceneMode,UnityEngine.SceneManagement.Scene&)
  at UnityEditor.SceneManagement.EditorSceneManager.OpenScene (System.String scenePath, UnityEditor.SceneManagement.OpenSceneMode mode) [0x00000] in <63965ae56af7489797f355b7c1211ab2>:0 
  at Sirenix.OdinInspector.Editor.Validation.SceneReference.TryOpenScene (UnityEditor.SceneManagement.OpenSceneMode mode, UnityEngine.SceneManagement.Scene& scene) [0x00017] in C:\Sirenix\Sirenix Solution\Sirenix.OdinInspector.Editor\Validation\Validators\SceneReference.cs:114 
UnityEngine.DebugLogHandler:Internal_LogException(Exception, Object)
UnityEngine.DebugLogHandler:LogException(Exception, Object)
UnityEngine.Logger:LogException(Exception, Object)
UnityEngine.Debug:LogException(Exception)
Sirenix.OdinInspector.Editor.Validation.SceneReference:TryOpenScene(OpenSceneMode, Scene&) (at C:\Sirenix\Sirenix Solution\Sirenix.OdinInspector.Editor\Validation\Validators\SceneReference.cs:119)
Sirenix.OdinValidator.Editor.<ValidateCurrentWorkQueueEnumerator>d__59:MoveNext() (at C:\Sirenix\Sirenix Solution\Sirenix.OdinValidator.Editor\Core\ValidationSession.cs:557)
Sirenix.OdinValidator.Editor.<ValidateEverythingEnumeratorBatched>d__54:MoveNext() (at C:\Sirenix\Sirenix Solution\Sirenix.OdinValidator.Editor\Core\ValidationSession.cs:376)
Sirenix.OdinValidator.Editor.AutomationConfig:RunValidationScan(String, ValidationSetup, Boolean, Action, Boolean, Boolean, Boolean, Boolean, Boolean, Boolean, Boolean, Boolean) (at C:\Sirenix\Sirenix Solution\Sirenix.OdinValidator.Editor\Config\AutomationConfig.cs:305)
Sirenix.OdinValidator.Editor.AutomationConfig:ActuallyInitHooks() (at C:\Sirenix\Sirenix Solution\Sirenix.OdinValidator.Editor\Config\AutomationConfig.cs:186)
Sirenix.OdinValidator.Editor.AutomationConfig:InitHooks() (at C:\Sirenix\Sirenix Solution\Sirenix.OdinValidator.Editor\Config\AutomationConfig.cs:170)
System.Reflection.RuntimeMethodInfo:InternalInvoke(RuntimeMethodInfo, Object, Object[], Exception&)
System.Reflection.RuntimeMethodInfo:Invoke(Object, BindingFlags, Binder, Object[], CultureInfo)
System.Reflection.MethodBase:Invoke(Object, Object[])
UnityEditor.EditorAssemblies:ProcessInitializeOnLoadMethodAttributes()

(Filename: C:/Sirenix/Sirenix Solution/Sirenix.OdinInspector.Editor/Validation/Validators/SceneReference.cs Line: 119)

InvalidOperationException: Calling OpenScene Raisefrom assembly reloading callbacks are not supported.
  at (wrapper managed-to-native) UnityEditor.SceneManagement.EditorSceneManager.OpenScene_Injected(string,UnityEditor.SceneManagement.OpenSceneMode,UnityEngine.SceneManagement.Scene&)
  at UnityEditor.SceneManagement.EditorSceneManager.OpenScene (System.String scenePath, UnityEditor.SceneManagement.OpenSceneMode mode) [0x00000] in <63965ae56af7489797f355b7c1211ab2>:0 
  at Sirenix.OdinInspector.Editor.Validation.SceneReference.TryOpenScene (UnityEditor.SceneManagement.OpenSceneMode mode, UnityEngine.SceneManagement.Scene& scene) [0x00017] in C:\Sirenix\Sirenix Solution\Sirenix.OdinInspector.Editor\Validation\Validators\SceneReference.cs:114 
UnityEngine.DebugLogHandler:Internal_LogException(Exception, Object)
UnityEngine.DebugLogHandler:LogException(Exception, Object)
UnityEngine.Logger:LogException(Exception, Object)
UnityEngine.Debug:LogException(Exception)
Sirenix.OdinInspector.Editor.Validation.SceneReference:TryOpenScene(OpenSceneMode, Scene&) (at C:\Sirenix\Sirenix Solution\Sirenix.OdinInspector.Editor\Validation\Validators\SceneReference.cs:119)
Sirenix.OdinValidator.Editor.<ValidateCurrentWorkQueueEnumerator>d__59:MoveNext() (at C:\Sirenix\Sirenix Solution\Sirenix.OdinValidator.Editor\Core\ValidationSession.cs:557)
Sirenix.OdinValidator.Editor.<ValidateEverythingEnumeratorBatched>d__54:MoveNext() (at C:\Sirenix\Sirenix Solution\Sirenix.OdinValidator.Editor\Core\ValidationSession.cs:376)
Sirenix.OdinValidator.Editor.AutomationConfig:RunValidationScan(String, ValidationSetup, Boolean, Action, Boolean, Boolean, Boolean, Boolean, Boolean, Boolean, Boolean, Boolean) (at C:\Sirenix\Sirenix Solution\Sirenix.OdinValidator.Editor\Config\AutomationConfig.cs:305)
Sirenix.OdinValidator.Editor.AutomationConfig:ActuallyInitHooks() (at C:\Sirenix\Sirenix Solution\Sirenix.OdinValidator.Editor\Config\AutomationConfig.cs:186)
Sirenix.OdinValidator.Editor.AutomationConfig:InitHooks() (at C:\Sirenix\Sirenix Solution\Sirenix.OdinValidator.Editor\Config\AutomationConfig.cs:170)
System.Reflection.RuntimeMethodInfo:InternalInvoke(RuntimeMethodInfo, Object, Object[], Exception&)
System.Reflection.RuntimeMethodInfo:Invoke(Object, BindingFlags, Binder, Object[], CultureInfo)
System.Reflection.MethodBase:Invoke(Object, Object[])
UnityEditor.EditorAssemblies:ProcessInitializeOnLoadMethodAttributes()

(Filename: C:/Sirenix/Sirenix Solution/Sirenix.OdinInspector.Editor/Validation/Validators/SceneReference.cs Line: 119)

InvalidOperationException: Calling OpenScene Raisefrom assembly reloading callbacks are not supported.
  at (wrapper managed-to-native) UnityEditor.SceneManagement.EditorSceneManager.OpenScene_Injected(string,UnityEditor.SceneManagement.OpenSceneMode,UnityEngine.SceneManagement.Scene&)
  at UnityEditor.SceneManagement.EditorSceneManager.OpenScene (System.String scenePath, UnityEditor.SceneManagement.OpenSceneMode mode) [0x00000] in <63965ae56af7489797f355b7c1211ab2>:0 
  at Sirenix.OdinInspector.Editor.Validation.SceneReference.TryOpenScene (UnityEditor.SceneManagement.OpenSceneMode mode, UnityEngine.SceneManagement.Scene& scene) [0x00017] in C:\Sirenix\Sirenix Solution\Sirenix.OdinInspector.Editor\Validation\Validators\SceneReference.cs:114 
UnityEngine.DebugLogHandler:Internal_LogException(Exception, Object)
UnityEngine.DebugLogHandler:LogException(Exception, Object)
UnityEngine.Logger:LogException(Exception, Object)
UnityEngine.Debug:LogException(Exception)
Sirenix.OdinInspector.Editor.Validation.SceneReference:TryOpenScene(OpenSceneMode, Scene&) (at C:\Sirenix\Sirenix Solution\Sirenix.OdinInspector.Editor\Validation\Validators\SceneReference.cs:119)
Sirenix.OdinValidator.Editor.<ValidateCurrentWorkQueueEnumerator>d__59:MoveNext() (at C:\Sirenix\Sirenix Solution\Sirenix.OdinValidator.Editor\Core\ValidationSession.cs:557)
Sirenix.OdinValidator.Editor.<ValidateEverythingEnumeratorBatched>d__54:MoveNext() (at C:\Sirenix\Sirenix Solution\Sirenix.OdinValidator.Editor\Core\ValidationSession.cs:376)
Sirenix.OdinValidator.Editor.AutomationConfig:RunValidationScan(String, ValidationSetup, Boolean, Action, Boolean, Boolean, Boolean, Boolean, Boolean, Boolean, Boolean, Boolean) (at C:\Sirenix\Sirenix Solution\Sirenix.OdinValidator.Editor\Config\AutomationConfig.cs:305)
Sirenix.OdinValidator.Editor.AutomationConfig:ActuallyInitHooks() (at C:\Sirenix\Sirenix Solution\Sirenix.OdinValidator.Editor\Config\AutomationConfig.cs:186)
Sirenix.OdinValidator.Editor.AutomationConfig:InitHooks() (at C:\Sirenix\Sirenix Solution\Sirenix.OdinValidator.Editor\Config\AutomationConfig.cs:170)
System.Reflection.RuntimeMethodInfo:InternalInvoke(RuntimeMethodInfo, Object, Object[], Exception&)
System.Reflection.RuntimeMethodInfo:Invoke(Object, BindingFlags, Binder, Object[], CultureInfo)
System.Reflection.MethodBase:Invoke(Object, Object[])
UnityEditor.EditorAssemblies:ProcessInitializeOnLoadMethodAttributes()

(Filename: C:/Sirenix/Sirenix Solution/Sirenix.OdinInspector.Editor/Validation/Validators/SceneReference.cs Line: 119)

InvalidOperationException: Calling OpenScene Raisefrom assembly reloading callbacks are not supported.
  at (wrapper managed-to-native) UnityEditor.SceneManagement.EditorSceneManager.OpenScene_Injected(string,UnityEditor.SceneManagement.OpenSceneMode,UnityEngine.SceneManagement.Scene&)
  at UnityEditor.SceneManagement.EditorSceneManager.OpenScene (System.String scenePath, UnityEditor.SceneManagement.OpenSceneMode mode) [0x00000] in <63965ae56af7489797f355b7c1211ab2>:0 
  at Sirenix.OdinInspector.Editor.Validation.SceneReference.TryOpenScene (UnityEditor.SceneManagement.OpenSceneMode mode, UnityEngine.SceneManagement.Scene& scene) [0x00017] in C:\Sirenix\Sirenix Solution\Sirenix.OdinInspector.Editor\Validation\Validators\SceneReference.cs:114 
UnityEngine.DebugLogHandler:Internal_LogException(Exception, Object)
UnityEngine.DebugLogHandler:LogException(Exception, Object)
UnityEngine.Logger:LogException(Exception, Object)
UnityEngine.Debug:LogException(Exception)
Sirenix.OdinInspector.Editor.Validation.SceneReference:TryOpenScene(OpenSceneMode, Scene&) (at C:\Sirenix\Sirenix Solution\Sirenix.OdinInspector.Editor\Validation\Validators\SceneReference.cs:119)
Sirenix.OdinValidator.Editor.<ValidateCurrentWorkQueueEnumerator>d__59:MoveNext() (at C:\Sirenix\Sirenix Solution\Sirenix.OdinValidator.Editor\Core\ValidationSession.cs:557)
Sirenix.OdinValidator.Editor.<ValidateEverythingEnumeratorBatched>d__54:MoveNext() (at C:\Sirenix\Sirenix Solution\Sirenix.OdinValidator.Editor\Core\ValidationSession.cs:376)
Sirenix.OdinValidator.Editor.AutomationConfig:RunValidationScan(String, ValidationSetup, Boolean, Action, Boolean, Boolean, Boolean, Boolean, Boolean, Boolean, Boolean, Boolean) (at C:\Sirenix\Sirenix Solution\Sirenix.OdinValidator.Editor\Config\AutomationConfig.cs:305)
Sirenix.OdinValidator.Editor.AutomationConfig:ActuallyInitHooks() (at C:\Sirenix\Sirenix Solution\Sirenix.OdinValidator.Editor\Config\AutomationConfig.cs:186)
Sirenix.OdinValidator.Editor.AutomationConfig:InitHooks() (at C:\Sirenix\Sirenix Solution\Sirenix.OdinValidator.Editor\Config\AutomationConfig.cs:170)
System.Reflection.RuntimeMethodInfo:InternalInvoke(RuntimeMethodInfo, Object, Object[], Exception&)
System.Reflection.RuntimeMethodInfo:Invoke(Object, BindingFlags, Binder, Object[], CultureInfo)
System.Reflection.MethodBase:Invoke(Object, Object[])
UnityEditor.EditorAssemblies:ProcessInitializeOnLoadMethodAttributes()

(Filename: C:/Sirenix/Sirenix Solution/Sirenix.OdinInspector.Editor/Validation/Validators/SceneReference.cs Line: 119)

InvalidOperationException: Calling OpenScene Raisefrom assembly reloading callbacks are not supported.
  at (wrapper managed-to-native) UnityEditor.SceneManagement.EditorSceneManager.OpenScene_Injected(string,UnityEditor.SceneManagement.OpenSceneMode,UnityEngine.SceneManagement.Scene&)
  at UnityEditor.SceneManagement.EditorSceneManager.OpenScene (System.String scenePath, UnityEditor.SceneManagement.OpenSceneMode mode) [0x00000] in <63965ae56af7489797f355b7c1211ab2>:0 
  at Sirenix.OdinInspector.Editor.Validation.SceneReference.TryOpenScene (UnityEditor.SceneManagement.OpenSceneMode mode, UnityEngine.SceneManagement.Scene& scene) [0x00017] in C:\Sirenix\Sirenix Solution\Sirenix.OdinInspector.Editor\Validation\Validators\SceneReference.cs:114 
UnityEngine.DebugLogHandler:Internal_LogException(Exception, Object)
UnityEngine.DebugLogHandler:LogException(Exception, Object)
UnityEngine.Logger:LogException(Exception, Object)
UnityEngine.Debug:LogException(Exception)
Sirenix.OdinInspector.Editor.Validation.SceneReference:TryOpenScene(OpenSceneMode, Scene&) (at C:\Sirenix\Sirenix Solution\Sirenix.OdinInspector.Editor\Validation\Validators\SceneReference.cs:119)
Sirenix.OdinValidator.Editor.<ValidateCurrentWorkQueueEnumerator>d__59:MoveNext() (at C:\Sirenix\Sirenix Solution\Sirenix.OdinValidator.Editor\Core\ValidationSession.cs:557)
Sirenix.OdinValidator.Editor.<ValidateEverythingEnumeratorBatched>d__54:MoveNext() (at C:\Sirenix\Sirenix Solution\Sirenix.OdinValidator.Editor\Core\ValidationSession.cs:376)
Sirenix.OdinValidator.Editor.AutomationConfig:RunValidationScan(String, ValidationSetup, Boolean, Action, Boolean, Boolean, Boolean, Boolean, Boolean, Boolean, Boolean, Boolean) (at C:\Sirenix\Sirenix Solution\Sirenix.OdinValidator.Editor\Config\AutomationConfig.cs:305)
Sirenix.OdinValidator.Editor.AutomationConfig:ActuallyInitHooks() (at C:\Sirenix\Sirenix Solution\Sirenix.OdinValidator.Editor\Config\AutomationConfig.cs:186)
Sirenix.OdinValidator.Editor.AutomationConfig:InitHooks() (at C:\Sirenix\Sirenix Solution\Sirenix.OdinValidator.Editor\Config\AutomationConfig.cs:170)
System.Reflection.RuntimeMethodInfo:InternalInvoke(RuntimeMethodInfo, Object, Object[], Exception&)
System.Reflection.RuntimeMethodInfo:Invoke(Object, BindingFlags, Binder, Object[], CultureInfo)
System.Reflection.MethodBase:Invoke(Object, Object[])
UnityEditor.EditorAssemblies:ProcessInitializeOnLoadMethodAttributes()

(Filename: C:/Sirenix/Sirenix Solution/Sirenix.OdinInspector.Editor/Validation/Validators/SceneReference.cs Line: 119)

InvalidOperationException: Calling OpenScene Raisefrom assembly reloading callbacks are not supported.
  at (wrapper managed-to-native) UnityEditor.SceneManagement.EditorSceneManager.OpenScene_Injected(string,UnityEditor.SceneManagement.OpenSceneMode,UnityEngine.SceneManagement.Scene&)
  at UnityEditor.SceneManagement.EditorSceneManager.OpenScene (System.String scenePath, UnityEditor.SceneManagement.OpenSceneMode mode) [0x00000] in <63965ae56af7489797f355b7c1211ab2>:0 
  at Sirenix.OdinInspector.Editor.Validation.SceneReference.TryOpenScene (UnityEditor.SceneManagement.OpenSceneMode mode, UnityEngine.SceneManagement.Scene& scene) [0x00017] in C:\Sirenix\Sirenix Solution\Sirenix.OdinInspector.Editor\Validation\Validators\SceneReference.cs:114 
UnityEngine.DebugLogHandler:Internal_LogException(Exception, Object)
UnityEngine.DebugLogHandler:LogException(Exception, Object)
UnityEngine.Logger:LogException(Exception, Object)
UnityEngine.Debug:LogException(Exception)
Sirenix.OdinInspector.Editor.Validation.SceneReference:TryOpenScene(OpenSceneMode, Scene&) (at C:\Sirenix\Sirenix Solution\Sirenix.OdinInspector.Editor\Validation\Validators\SceneReference.cs:119)
Sirenix.OdinValidator.Editor.<ValidateCurrentWorkQueueEnumerator>d__59:MoveNext() (at C:\Sirenix\Sirenix Solution\Sirenix.OdinValidator.Editor\Core\ValidationSession.cs:557)
Sirenix.OdinValidator.Editor.<ValidateEverythingEnumeratorBatched>d__54:MoveNext() (at C:\Sirenix\Sirenix Solution\Sirenix.OdinValidator.Editor\Core\ValidationSession.cs:376)
Sirenix.OdinValidator.Editor.AutomationConfig:RunValidationScan(String, ValidationSetup, Boolean, Action, Boolean, Boolean, Boolean, Boolean, Boolean, Boolean, Boolean, Boolean) (at C:\Sirenix\Sirenix Solution\Sirenix.OdinValidator.Editor\Config\AutomationConfig.cs:305)
Sirenix.OdinValidator.Editor.AutomationConfig:ActuallyInitHooks() (at C:\Sirenix\Sirenix Solution\Sirenix.OdinValidator.Editor\Config\AutomationConfig.cs:186)
Sirenix.OdinValidator.Editor.AutomationConfig:InitHooks() (at C:\Sirenix\Sirenix Solution\Sirenix.OdinValidator.Editor\Config\AutomationConfig.cs:170)
System.Reflection.RuntimeMethodInfo:InternalInvoke(RuntimeMethodInfo, Object, Object[], Exception&)
System.Reflection.RuntimeMethodInfo:Invoke(Object, BindingFlags, Binder, Object[], CultureInfo)
System.Reflection.MethodBase:Invoke(Object, Object[])
UnityEditor.EditorAssemblies:ProcessInitializeOnLoadMethodAttributes()

(Filename: C:/Sirenix/Sirenix Solution/Sirenix.OdinInspector.Editor/Validation/Validators/SceneReference.cs Line: 119)

InvalidOperationException: Calling OpenScene Raisefrom assembly reloading callbacks are not supported.
  at (wrapper managed-to-native) UnityEditor.SceneManagement.EditorSceneManager.OpenScene_Injected(string,UnityEditor.SceneManagement.OpenSceneMode,UnityEngine.SceneManagement.Scene&)
  at UnityEditor.SceneManagement.EditorSceneManager.OpenScene (System.String scenePath, UnityEditor.SceneManagement.OpenSceneMode mode) [0x00000] in <63965ae56af7489797f355b7c1211ab2>:0 
  at Sirenix.OdinInspector.Editor.Validation.SceneReference.TryOpenScene (UnityEditor.SceneManagement.OpenSceneMode mode, UnityEngine.SceneManagement.Scene& scene) [0x00017] in C:\Sirenix\Sirenix Solution\Sirenix.OdinInspector.Editor\Validation\Validators\SceneReference.cs:114 
UnityEngine.DebugLogHandler:Internal_LogException(Exception, Object)
UnityEngine.DebugLogHandler:LogException(Exception, Object)
UnityEngine.Logger:LogException(Exception, Object)
UnityEngine.Debug:LogException(Exception)
Sirenix.OdinInspector.Editor.Validation.SceneReference:TryOpenScene(OpenSceneMode, Scene&) (at C:\Sirenix\Sirenix Solution\Sirenix.OdinInspector.Editor\Validation\Validators\SceneReference.cs:119)
Sirenix.OdinValidator.Editor.<ValidateCurrentWorkQueueEnumerator>d__59:MoveNext() (at C:\Sirenix\Sirenix Solution\Sirenix.OdinValidator.Editor\Core\ValidationSession.cs:557)
Sirenix.OdinValidator.Editor.<ValidateEverythingEnumeratorBatched>d__54:MoveNext() (at C:\Sirenix\Sirenix Solution\Sirenix.OdinValidator.Editor\Core\ValidationSession.cs:376)
Sirenix.OdinValidator.Editor.AutomationConfig:RunValidationScan(String, ValidationSetup, Boolean, Action, Boolean, Boolean, Boolean, Boolean, Boolean, Boolean, Boolean, Boolean) (at C:\Sirenix\Sirenix Solution\Sirenix.OdinValidator.Editor\Config\AutomationConfig.cs:305)
Sirenix.OdinValidator.Editor.AutomationConfig:ActuallyInitHooks() (at C:\Sirenix\Sirenix Solution\Sirenix.OdinValidator.Editor\Config\AutomationConfig.cs:186)
Sirenix.OdinValidator.Editor.AutomationConfig:InitHooks() (at C:\Sirenix\Sirenix Solution\Sirenix.OdinValidator.Editor\Config\AutomationConfig.cs:170)
System.Reflection.RuntimeMethodInfo:InternalInvoke(RuntimeMethodInfo, Object, Object[], Exception&)
System.Reflection.RuntimeMethodInfo:Invoke(Object, BindingFlags, Binder, Object[], CultureInfo)
System.Reflection.MethodBase:Invoke(Object, Object[])
UnityEditor.EditorAssemblies:ProcessInitializeOnLoadMethodAttributes()

(Filename: C:/Sirenix/Sirenix Solution/Sirenix.OdinInspector.Editor/Validation/Validators/SceneReference.cs Line: 119)

InvalidOperationException: Calling OpenScene Raisefrom assembly reloading callbacks are not supported.
  at (wrapper managed-to-native) UnityEditor.SceneManagement.EditorSceneManager.OpenScene_Injected(string,UnityEditor.SceneManagement.OpenSceneMode,UnityEngine.SceneManagement.Scene&)
  at UnityEditor.SceneManagement.EditorSceneManager.OpenScene (System.String scenePath, UnityEditor.SceneManagement.OpenSceneMode mode) [0x00000] in <63965ae56af7489797f355b7c1211ab2>:0 
  at Sirenix.OdinInspector.Editor.Validation.SceneReference.TryOpenScene (UnityEditor.SceneManagement.OpenSceneMode mode, UnityEngine.SceneManagement.Scene& scene) [0x00017] in C:\Sirenix\Sirenix Solution\Sirenix.OdinInspector.Editor\Validation\Validators\SceneReference.cs:114 
UnityEngine.DebugLogHandler:Internal_LogException(Exception, Object)
UnityEngine.DebugLogHandler:LogException(Exception, Object)
UnityEngine.Logger:LogException(Exception, Object)
UnityEngine.Debug:LogException(Exception)
Sirenix.OdinInspector.Editor.Validation.SceneReference:TryOpenScene(OpenSceneMode, Scene&) (at C:\Sirenix\Sirenix Solution\Sirenix.OdinInspector.Editor\Validation\Validators\SceneReference.cs:119)
Sirenix.OdinValidator.Editor.<ValidateCurrentWorkQueueEnumerator>d__59:MoveNext() (at C:\Sirenix\Sirenix Solution\Sirenix.OdinValidator.Editor\Core\ValidationSession.cs:557)
Sirenix.OdinValidator.Editor.<ValidateEverythingEnumeratorBatched>d__54:MoveNext() (at C:\Sirenix\Sirenix Solution\Sirenix.OdinValidator.Editor\Core\ValidationSession.cs:376)
Sirenix.OdinValidator.Editor.AutomationConfig:RunValidationScan(String, ValidationSetup, Boolean, Action, Boolean, Boolean, Boolean, Boolean, Boolean, Boolean, Boolean, Boolean) (at C:\Sirenix\Sirenix Solution\Sirenix.OdinValidator.Editor\Config\AutomationConfig.cs:305)
Sirenix.OdinValidator.Editor.AutomationConfig:ActuallyInitHooks() (at C:\Sirenix\Sirenix Solution\Sirenix.OdinValidator.Editor\Config\AutomationConfig.cs:186)
Sirenix.OdinValidator.Editor.AutomationConfig:InitHooks() (at C:\Sirenix\Sirenix Solution\Sirenix.OdinValidator.Editor\Config\AutomationConfig.cs:170)
System.Reflection.RuntimeMethodInfo:InternalInvoke(RuntimeMethodInfo, Object, Object[], Exception&)
System.Reflection.RuntimeMethodInfo:Invoke(Object, BindingFlags, Binder, Object[], CultureInfo)
System.Reflection.MethodBase:Invoke(Object, Object[])
UnityEditor.EditorAssemblies:ProcessInitializeOnLoadMethodAttributes()

(Filename: C:/Sirenix/Sirenix Solution/Sirenix.OdinInspector.Editor/Validation/Validators/SceneReference.cs Line: 119)

InvalidOperationException: Calling OpenScene Raisefrom assembly reloading callbacks are not supported.
  at (wrapper managed-to-native) UnityEditor.SceneManagement.EditorSceneManager.OpenScene_Injected(string,UnityEditor.SceneManagement.OpenSceneMode,UnityEngine.SceneManagement.Scene&)
  at UnityEditor.SceneManagement.EditorSceneManager.OpenScene (System.String scenePath, UnityEditor.SceneManagement.OpenSceneMode mode) [0x00000] in <63965ae56af7489797f355b7c1211ab2>:0 
  at Sirenix.OdinInspector.Editor.Validation.SceneReference.TryOpenScene (UnityEditor.SceneManagement.OpenSceneMode mode, UnityEngine.SceneManagement.Scene& scene) [0x00017] in C:\Sirenix\Sirenix Solution\Sirenix.OdinInspector.Editor\Validation\Validators\SceneReference.cs:114 
UnityEngine.DebugLogHandler:Internal_LogException(Exception, Object)
UnityEngine.DebugLogHandler:LogException(Exception, Object)
UnityEngine.Logger:LogException(Exception, Object)
UnityEngine.Debug:LogException(Exception)
Sirenix.OdinInspector.Editor.Validation.SceneReference:TryOpenScene(OpenSceneMode, Scene&) (at C:\Sirenix\Sirenix Solution\Sirenix.OdinInspector.Editor\Validation\Validators\SceneReference.cs:119)
Sirenix.OdinValidator.Editor.<ValidateCurrentWorkQueueEnumerator>d__59:MoveNext() (at C:\Sirenix\Sirenix Solution\Sirenix.OdinValidator.Editor\Core\ValidationSession.cs:557)
Sirenix.OdinValidator.Editor.<ValidateEverythingEnumeratorBatched>d__54:MoveNext() (at C:\Sirenix\Sirenix Solution\Sirenix.OdinValidator.Editor\Core\ValidationSession.cs:376)
Sirenix.OdinValidator.Editor.AutomationConfig:RunValidationScan(String, ValidationSetup, Boolean, Action, Boolean, Boolean, Boolean, Boolean, Boolean, Boolean, Boolean, Boolean) (at C:\Sirenix\Sirenix Solution\Sirenix.OdinValidator.Editor\Config\AutomationConfig.cs:305)
Sirenix.OdinValidator.Editor.AutomationConfig:ActuallyInitHooks() (at C:\Sirenix\Sirenix Solution\Sirenix.OdinValidator.Editor\Config\AutomationConfig.cs:186)
Sirenix.OdinValidator.Editor.AutomationConfig:InitHooks() (at C:\Sirenix\Sirenix Solution\Sirenix.OdinValidator.Editor\Config\AutomationConfig.cs:170)
System.Reflection.RuntimeMethodInfo:InternalInvoke(RuntimeMethodInfo, Object, Object[], Exception&)
System.Reflection.RuntimeMethodInfo:Invoke(Object, BindingFlags, Binder, Object[], CultureInfo)
System.Reflection.MethodBase:Invoke(Object, Object[])
UnityEditor.EditorAssemblies:ProcessInitializeOnLoadMethodAttributes()

(Filename: C:/Sirenix/Sirenix Solution/Sirenix.OdinInspector.Editor/Validation/Validators/SceneReference.cs Line: 119)

InvalidOperationException: Calling OpenScene Raisefrom assembly reloading callbacks are not supported.
  at (wrapper managed-to-native) UnityEditor.SceneManagement.EditorSceneManager.OpenScene_Injected(string,UnityEditor.SceneManagement.OpenSceneMode,UnityEngine.SceneManagement.Scene&)
  at UnityEditor.SceneManagement.EditorSceneManager.OpenScene (System.String scenePath, UnityEditor.SceneManagement.OpenSceneMode mode) [0x00000] in <63965ae56af7489797f355b7c1211ab2>:0 
  at Sirenix.OdinInspector.Editor.Validation.SceneReference.TryOpenScene (UnityEditor.SceneManagement.OpenSceneMode mode, UnityEngine.SceneManagement.Scene& scene) [0x00017] in C:\Sirenix\Sirenix Solution\Sirenix.OdinInspector.Editor\Validation\Validators\SceneReference.cs:114 
UnityEngine.DebugLogHandler:Internal_LogException(Exception, Object)
UnityEngine.DebugLogHandler:LogException(Exception, Object)
UnityEngine.Logger:LogException(Exception, Object)
UnityEngine.Debug:LogException(Exception)
Sirenix.OdinInspector.Editor.Validation.SceneReference:TryOpenScene(OpenSceneMode, Scene&) (at C:\Sirenix\Sirenix Solution\Sirenix.OdinInspector.Editor\Validation\Validators\SceneReference.cs:119)
Sirenix.OdinValidator.Editor.<ValidateCurrentWorkQueueEnumerator>d__59:MoveNext() (at C:\Sirenix\Sirenix Solution\Sirenix.OdinValidator.Editor\Core\ValidationSession.cs:557)
Sirenix.OdinValidator.Editor.<ValidateEverythingEnumeratorBatched>d__54:MoveNext() (at C:\Sirenix\Sirenix Solution\Sirenix.OdinValidator.Editor\Core\ValidationSession.cs:376)
Sirenix.OdinValidator.Editor.AutomationConfig:RunValidationScan(String, ValidationSetup, Boolean, Action, Boolean, Boolean, Boolean, Boolean, Boolean, Boolean, Boolean, Boolean) (at C:\Sirenix\Sirenix Solution\Sirenix.OdinValidator.Editor\Config\AutomationConfig.cs:305)
Sirenix.OdinValidator.Editor.AutomationConfig:ActuallyInitHooks() (at C:\Sirenix\Sirenix Solution\Sirenix.OdinValidator.Editor\Config\AutomationConfig.cs:186)
Sirenix.OdinValidator.Editor.AutomationConfig:InitHooks() (at C:\Sirenix\Sirenix Solution\Sirenix.OdinValidator.Editor\Config\AutomationConfig.cs:170)
System.Reflection.RuntimeMethodInfo:InternalInvoke(RuntimeMethodInfo, Object, Object[], Exception&)
System.Reflection.RuntimeMethodInfo:Invoke(Object, BindingFlags, Binder, Object[], CultureInfo)
System.Reflection.MethodBase:Invoke(Object, Object[])
UnityEditor.EditorAssemblies:ProcessInitializeOnLoadMethodAttributes()

(Filename: C:/Sirenix/Sirenix Solution/Sirenix.OdinInspector.Editor/Validation/Validators/SceneReference.cs Line: 119)

InvalidOperationException: Calling OpenScene Raisefrom assembly reloading callbacks are not supported.
  at (wrapper managed-to-native) UnityEditor.SceneManagement.EditorSceneManager.OpenScene_Injected(string,UnityEditor.SceneManagement.OpenSceneMode,UnityEngine.SceneManagement.Scene&)
  at UnityEditor.SceneManagement.EditorSceneManager.OpenScene (System.String scenePath, UnityEditor.SceneManagement.OpenSceneMode mode) [0x00000] in <63965ae56af7489797f355b7c1211ab2>:0 
  at Sirenix.OdinInspector.Editor.Validation.SceneReference.TryOpenScene (UnityEditor.SceneManagement.OpenSceneMode mode, UnityEngine.SceneManagement.Scene& scene) [0x00017] in C:\Sirenix\Sirenix Solution\Sirenix.OdinInspector.Editor\Validation\Validators\SceneReference.cs:114 
UnityEngine.DebugLogHandler:Internal_LogException(Exception, Object)
UnityEngine.DebugLogHandler:LogException(Exception, Object)
UnityEngine.Logger:LogException(Exception, Object)
UnityEngine.Debug:LogException(Exception)
Sirenix.OdinInspector.Editor.Validation.SceneReference:TryOpenScene(OpenSceneMode, Scene&) (at C:\Sirenix\Sirenix Solution\Sirenix.OdinInspector.Editor\Validation\Validators\SceneReference.cs:119)
Sirenix.OdinValidator.Editor.<ValidateCurrentWorkQueueEnumerator>d__59:MoveNext() (at C:\Sirenix\Sirenix Solution\Sirenix.OdinValidator.Editor\Core\ValidationSession.cs:557)
Sirenix.OdinValidator.Editor.<ValidateEverythingEnumeratorBatched>d__54:MoveNext() (at C:\Sirenix\Sirenix Solution\Sirenix.OdinValidator.Editor\Core\ValidationSession.cs:376)
Sirenix.OdinValidator.Editor.AutomationConfig:RunValidationScan(String, ValidationSetup, Boolean, Action, Boolean, Boolean, Boolean, Boolean, Boolean, Boolean, Boolean, Boolean) (at C:\Sirenix\Sirenix Solution\Sirenix.OdinValidator.Editor\Config\AutomationConfig.cs:305)
Sirenix.OdinValidator.Editor.AutomationConfig:ActuallyInitHooks() (at C:\Sirenix\Sirenix Solution\Sirenix.OdinValidator.Editor\Config\AutomationConfig.cs:186)
Sirenix.OdinValidator.Editor.AutomationConfig:InitHooks() (at C:\Sirenix\Sirenix Solution\Sirenix.OdinValidator.Editor\Config\AutomationConfig.cs:170)
System.Reflection.RuntimeMethodInfo:InternalInvoke(RuntimeMethodInfo, Object, Object[], Exception&)
System.Reflection.RuntimeMethodInfo:Invoke(Object, BindingFlags, Binder, Object[], CultureInfo)
System.Reflection.MethodBase:Invoke(Object, Object[])
UnityEditor.EditorAssemblies:ProcessInitializeOnLoadMethodAttributes()

(Filename: C:/Sirenix/Sirenix Solution/Sirenix.OdinInspector.Editor/Validation/Validators/SceneReference.cs Line: 119)

InvalidOperationException: Calling OpenScene Raisefrom assembly reloading callbacks are not supported.
  at (wrapper managed-to-native) UnityEditor.SceneManagement.EditorSceneManager.OpenScene_Injected(string,UnityEditor.SceneManagement.OpenSceneMode,UnityEngine.SceneManagement.Scene&)
  at UnityEditor.SceneManagement.EditorSceneManager.OpenScene (System.String scenePath, UnityEditor.SceneManagement.OpenSceneMode mode) [0x00000] in <63965ae56af7489797f355b7c1211ab2>:0 
  at Sirenix.OdinInspector.Editor.Validation.SceneReference.TryOpenScene (UnityEditor.SceneManagement.OpenSceneMode mode, UnityEngine.SceneManagement.Scene& scene) [0x00017] in C:\Sirenix\Sirenix Solution\Sirenix.OdinInspector.Editor\Validation\Validators\SceneReference.cs:114 
UnityEngine.DebugLogHandler:Internal_LogException(Exception, Object)
UnityEngine.DebugLogHandler:LogException(Exception, Object)
UnityEngine.Logger:LogException(Exception, Object)
UnityEngine.Debug:LogException(Exception)
Sirenix.OdinInspector.Editor.Validation.SceneReference:TryOpenScene(OpenSceneMode, Scene&) (at C:\Sirenix\Sirenix Solution\Sirenix.OdinInspector.Editor\Validation\Validators\SceneReference.cs:119)
Sirenix.OdinValidator.Editor.<ValidateCurrentWorkQueueEnumerator>d__59:MoveNext() (at C:\Sirenix\Sirenix Solution\Sirenix.OdinValidator.Editor\Core\ValidationSession.cs:557)
Sirenix.OdinValidator.Editor.<ValidateEverythingEnumeratorBatched>d__54:MoveNext() (at C:\Sirenix\Sirenix Solution\Sirenix.OdinValidator.Editor\Core\ValidationSession.cs:376)
Sirenix.OdinValidator.Editor.AutomationConfig:RunValidationScan(String, ValidationSetup, Boolean, Action, Boolean, Boolean, Boolean, Boolean, Boolean, Boolean, Boolean, Boolean) (at C:\Sirenix\Sirenix Solution\Sirenix.OdinValidator.Editor\Config\AutomationConfig.cs:305)
Sirenix.OdinValidator.Editor.AutomationConfig:ActuallyInitHooks() (at C:\Sirenix\Sirenix Solution\Sirenix.OdinValidator.Editor\Config\AutomationConfig.cs:186)
Sirenix.OdinValidator.Editor.AutomationConfig:InitHooks() (at C:\Sirenix\Sirenix Solution\Sirenix.OdinValidator.Editor\Config\AutomationConfig.cs:170)
System.Reflection.RuntimeMethodInfo:InternalInvoke(RuntimeMethodInfo, Object, Object[], Exception&)
System.Reflection.RuntimeMethodInfo:Invoke(Object, BindingFlags, Binder, Object[], CultureInfo)
System.Reflection.MethodBase:Invoke(Object, Object[])
UnityEditor.EditorAssemblies:ProcessInitializeOnLoadMethodAttributes()

(Filename: C:/Sirenix/Sirenix Solution/Sirenix.OdinInspector.Editor/Validation/Validators/SceneReference.cs Line: 119)

InvalidOperationException: Calling OpenScene Raisefrom assembly reloading callbacks are not supported.
  at (wrapper managed-to-native) UnityEditor.SceneManagement.EditorSceneManager.OpenScene_Injected(string,UnityEditor.SceneManagement.OpenSceneMode,UnityEngine.SceneManagement.Scene&)
  at UnityEditor.SceneManagement.EditorSceneManager.OpenScene (System.String scenePath, UnityEditor.SceneManagement.OpenSceneMode mode) [0x00000] in <63965ae56af7489797f355b7c1211ab2>:0 
  at Sirenix.OdinInspector.Editor.Validation.SceneReference.TryOpenScene (UnityEditor.SceneManagement.OpenSceneMode mode, UnityEngine.SceneManagement.Scene& scene) [0x00017] in C:\Sirenix\Sirenix Solution\Sirenix.OdinInspector.Editor\Validation\Validators\SceneReference.cs:114 
UnityEngine.DebugLogHandler:Internal_LogException(Exception, Object)
UnityEngine.DebugLogHandler:LogException(Exception, Object)
UnityEngine.Logger:LogException(Exception, Object)
UnityEngine.Debug:LogException(Exception)
Sirenix.OdinInspector.Editor.Validation.SceneReference:TryOpenScene(OpenSceneMode, Scene&) (at C:\Sirenix\Sirenix Solution\Sirenix.OdinInspector.Editor\Validation\Validators\SceneReference.cs:119)
Sirenix.OdinValidator.Editor.<ValidateCurrentWorkQueueEnumerator>d__59:MoveNext() (at C:\Sirenix\Sirenix Solution\Sirenix.OdinValidator.Editor\Core\ValidationSession.cs:557)
Sirenix.OdinValidator.Editor.<ValidateEverythingEnumeratorBatched>d__54:MoveNext() (at C:\Sirenix\Sirenix Solution\Sirenix.OdinValidator.Editor\Core\ValidationSession.cs:376)
Sirenix.OdinValidator.Editor.AutomationConfig:RunValidationScan(String, ValidationSetup, Boolean, Action, Boolean, Boolean, Boolean, Boolean, Boolean, Boolean, Boolean, Boolean) (at C:\Sirenix\Sirenix Solution\Sirenix.OdinValidator.Editor\Config\AutomationConfig.cs:305)
Sirenix.OdinValidator.Editor.AutomationConfig:ActuallyInitHooks() (at C:\Sirenix\Sirenix Solution\Sirenix.OdinValidator.Editor\Config\AutomationConfig.cs:186)
Sirenix.OdinValidator.Editor.AutomationConfig:InitHooks() (at C:\Sirenix\Sirenix Solution\Sirenix.OdinValidator.Editor\Config\AutomationConfig.cs:170)
System.Reflection.RuntimeMethodInfo:InternalInvoke(RuntimeMethodInfo, Object, Object[], Exception&)
System.Reflection.RuntimeMethodInfo:Invoke(Object, BindingFlags, Binder, Object[], CultureInfo)
System.Reflection.MethodBase:Invoke(Object, Object[])
UnityEditor.EditorAssemblies:ProcessInitializeOnLoadMethodAttributes()

(Filename: C:/Sirenix/Sirenix Solution/Sirenix.OdinInspector.Editor/Validation/Validators/SceneReference.cs Line: 119)

InvalidOperationException: Calling OpenScene Raisefrom assembly reloading callbacks are not supported.
  at (wrapper managed-to-native) UnityEditor.SceneManagement.EditorSceneManager.OpenScene_Injected(string,UnityEditor.SceneManagement.OpenSceneMode,UnityEngine.SceneManagement.Scene&)
  at UnityEditor.SceneManagement.EditorSceneManager.OpenScene (System.String scenePath, UnityEditor.SceneManagement.OpenSceneMode mode) [0x00000] in <63965ae56af7489797f355b7c1211ab2>:0 
  at Sirenix.OdinInspector.Editor.Validation.SceneReference.TryOpenScene (UnityEditor.SceneManagement.OpenSceneMode mode, UnityEngine.SceneManagement.Scene& scene) [0x00017] in C:\Sirenix\Sirenix Solution\Sirenix.OdinInspector.Editor\Validation\Validators\SceneReference.cs:114 
UnityEngine.DebugLogHandler:Internal_LogException(Exception, Object)
UnityEngine.DebugLogHandler:LogException(Exception, Object)
UnityEngine.Logger:LogException(Exception, Object)
UnityEngine.Debug:LogException(Exception)
Sirenix.OdinInspector.Editor.Validation.SceneReference:TryOpenScene(OpenSceneMode, Scene&) (at C:\Sirenix\Sirenix Solution\Sirenix.OdinInspector.Editor\Validation\Validators\SceneReference.cs:119)
Sirenix.OdinValidator.Editor.<ValidateCurrentWorkQueueEnumerator>d__59:MoveNext() (at C:\Sirenix\Sirenix Solution\Sirenix.OdinValidator.Editor\Core\ValidationSession.cs:557)
Sirenix.OdinValidator.Editor.<ValidateEverythingEnumeratorBatched>d__54:MoveNext() (at C:\Sirenix\Sirenix Solution\Sirenix.OdinValidator.Editor\Core\ValidationSession.cs:376)
Sirenix.OdinValidator.Editor.AutomationConfig:RunValidationScan(String, ValidationSetup, Boolean, Action, Boolean, Boolean, Boolean, Boolean, Boolean, Boolean, Boolean, Boolean) (at C:\Sirenix\Sirenix Solution\Sirenix.OdinValidator.Editor\Config\AutomationConfig.cs:305)
Sirenix.OdinValidator.Editor.AutomationConfig:ActuallyInitHooks() (at C:\Sirenix\Sirenix Solution\Sirenix.OdinValidator.Editor\Config\AutomationConfig.cs:186)
Sirenix.OdinValidator.Editor.AutomationConfig:InitHooks() (at C:\Sirenix\Sirenix Solution\Sirenix.OdinValidator.Editor\Config\AutomationConfig.cs:170)
System.Reflection.RuntimeMethodInfo:InternalInvoke(RuntimeMethodInfo, Object, Object[], Exception&)
System.Reflection.RuntimeMethodInfo:Invoke(Object, BindingFlags, Binder, Object[], CultureInfo)
System.Reflection.MethodBase:Invoke(Object, Object[])
UnityEditor.EditorAssemblies:ProcessInitializeOnLoadMethodAttributes()

(Filename: C:/Sirenix/Sirenix Solution/Sirenix.OdinInspector.Editor/Validation/Validators/SceneReference.cs Line: 119)

InvalidOperationException: Calling OpenScene Raisefrom assembly reloading callbacks are not supported.
  at (wrapper managed-to-native) UnityEditor.SceneManagement.EditorSceneManager.OpenScene_Injected(string,UnityEditor.SceneManagement.OpenSceneMode,UnityEngine.SceneManagement.Scene&)
  at UnityEditor.SceneManagement.EditorSceneManager.OpenScene (System.String scenePath, UnityEditor.SceneManagement.OpenSceneMode mode) [0x00000] in <63965ae56af7489797f355b7c1211ab2>:0 
  at Sirenix.OdinInspector.Editor.Validation.SceneReference.TryOpenScene (UnityEditor.SceneManagement.OpenSceneMode mode, UnityEngine.SceneManagement.Scene& scene) [0x00017] in C:\Sirenix\Sirenix Solution\Sirenix.OdinInspector.Editor\Validation\Validators\SceneReference.cs:114 
UnityEngine.DebugLogHandler:Internal_LogException(Exception, Object)
UnityEngine.DebugLogHandler:LogException(Exception, Object)
UnityEngine.Logger:LogException(Exception, Object)
UnityEngine.Debug:LogException(Exception)
Sirenix.OdinInspector.Editor.Validation.SceneReference:TryOpenScene(OpenSceneMode, Scene&) (at C:\Sirenix\Sirenix Solution\Sirenix.OdinInspector.Editor\Validation\Validators\SceneReference.cs:119)
Sirenix.OdinValidator.Editor.<ValidateCurrentWorkQueueEnumerator>d__59:MoveNext() (at C:\Sirenix\Sirenix Solution\Sirenix.OdinValidator.Editor\Core\ValidationSession.cs:557)
Sirenix.OdinValidator.Editor.<ValidateEverythingEnumeratorBatched>d__54:MoveNext() (at C:\Sirenix\Sirenix Solution\Sirenix.OdinValidator.Editor\Core\ValidationSession.cs:376)
Sirenix.OdinValidator.Editor.AutomationConfig:RunValidationScan(String, ValidationSetup, Boolean, Action, Boolean, Boolean, Boolean, Boolean, Boolean, Boolean, Boolean, Boolean) (at C:\Sirenix\Sirenix Solution\Sirenix.OdinValidator.Editor\Config\AutomationConfig.cs:305)
Sirenix.OdinValidator.Editor.AutomationConfig:ActuallyInitHooks() (at C:\Sirenix\Sirenix Solution\Sirenix.OdinValidator.Editor\Config\AutomationConfig.cs:186)
Sirenix.OdinValidator.Editor.AutomationConfig:InitHooks() (at C:\Sirenix\Sirenix Solution\Sirenix.OdinValidator.Editor\Config\AutomationConfig.cs:170)
System.Reflection.RuntimeMethodInfo:InternalInvoke(RuntimeMethodInfo, Object, Object[], Exception&)
System.Reflection.RuntimeMethodInfo:Invoke(Object, BindingFlags, Binder, Object[], CultureInfo)
System.Reflection.MethodBase:Invoke(Object, Object[])
UnityEditor.EditorAssemblies:ProcessInitializeOnLoadMethodAttributes()

(Filename: C:/Sirenix/Sirenix Solution/Sirenix.OdinInspector.Editor/Validation/Validators/SceneReference.cs Line: 119)

InvalidOperationException: Calling OpenScene Raisefrom assembly reloading callbacks are not supported.
  at (wrapper managed-to-native) UnityEditor.SceneManagement.EditorSceneManager.OpenScene_Injected(string,UnityEditor.SceneManagement.OpenSceneMode,UnityEngine.SceneManagement.Scene&)
  at UnityEditor.SceneManagement.EditorSceneManager.OpenScene (System.String scenePath, UnityEditor.SceneManagement.OpenSceneMode mode) [0x00000] in <63965ae56af7489797f355b7c1211ab2>:0 
  at Sirenix.OdinInspector.Editor.Validation.SceneReference.TryOpenScene (UnityEditor.SceneManagement.OpenSceneMode mode, UnityEngine.SceneManagement.Scene& scene) [0x00017] in C:\Sirenix\Sirenix Solution\Sirenix.OdinInspector.Editor\Validation\Validators\SceneReference.cs:114 
UnityEngine.DebugLogHandler:Internal_LogException(Exception, Object)
UnityEngine.DebugLogHandler:LogException(Exception, Object)
UnityEngine.Logger:LogException(Exception, Object)
UnityEngine.Debug:LogException(Exception)
Sirenix.OdinInspector.Editor.Validation.SceneReference:TryOpenScene(OpenSceneMode, Scene&) (at C:\Sirenix\Sirenix Solution\Sirenix.OdinInspector.Editor\Validation\Validators\SceneReference.cs:119)
Sirenix.OdinValidator.Editor.<ValidateCurrentWorkQueueEnumerator>d__59:MoveNext() (at C:\Sirenix\Sirenix Solution\Sirenix.OdinValidator.Editor\Core\ValidationSession.cs:557)
Sirenix.OdinValidator.Editor.<ValidateEverythingEnumeratorBatched>d__54:MoveNext() (at C:\Sirenix\Sirenix Solution\Sirenix.OdinValidator.Editor\Core\ValidationSession.cs:376)
Sirenix.OdinValidator.Editor.AutomationConfig:RunValidationScan(String, ValidationSetup, Boolean, Action, Boolean, Boolean, Boolean, Boolean, Boolean, Boolean, Boolean, Boolean) (at C:\Sirenix\Sirenix Solution\Sirenix.OdinValidator.Editor\Config\AutomationConfig.cs:305)
Sirenix.OdinValidator.Editor.AutomationConfig:ActuallyInitHooks() (at C:\Sirenix\Sirenix Solution\Sirenix.OdinValidator.Editor\Config\AutomationConfig.cs:186)
Sirenix.OdinValidator.Editor.AutomationConfig:InitHooks() (at C:\Sirenix\Sirenix Solution\Sirenix.OdinValidator.Editor\Config\AutomationConfig.cs:170)
System.Reflection.RuntimeMethodInfo:InternalInvoke(RuntimeMethodInfo, Object, Object[], Exception&)
System.Reflection.RuntimeMethodInfo:Invoke(Object, BindingFlags, Binder, Object[], CultureInfo)
System.Reflection.MethodBase:Invoke(Object, Object[])
UnityEditor.EditorAssemblies:ProcessInitializeOnLoadMethodAttributes()

(Filename: C:/Sirenix/Sirenix Solution/Sirenix.OdinInspector.Editor/Validation/Validators/SceneReference.cs Line: 119)

InvalidOperationException: Calling OpenScene Raisefrom assembly reloading callbacks are not supported.
  at (wrapper managed-to-native) UnityEditor.SceneManagement.EditorSceneManager.OpenScene_Injected(string,UnityEditor.SceneManagement.OpenSceneMode,UnityEngine.SceneManagement.Scene&)
  at UnityEditor.SceneManagement.EditorSceneManager.OpenScene (System.String scenePath, UnityEditor.SceneManagement.OpenSceneMode mode) [0x00000] in <63965ae56af7489797f355b7c1211ab2>:0 
  at Sirenix.OdinInspector.Editor.Validation.SceneReference.TryOpenScene (UnityEditor.SceneManagement.OpenSceneMode mode, UnityEngine.SceneManagement.Scene& scene) [0x00017] in C:\Sirenix\Sirenix Solution\Sirenix.OdinInspector.Editor\Validation\Validators\SceneReference.cs:114 
UnityEngine.DebugLogHandler:Internal_LogException(Exception, Object)
UnityEngine.DebugLogHandler:LogException(Exception, Object)
UnityEngine.Logger:LogException(Exception, Object)
UnityEngine.Debug:LogException(Exception)
Sirenix.OdinInspector.Editor.Validation.SceneReference:TryOpenScene(OpenSceneMode, Scene&) (at C:\Sirenix\Sirenix Solution\Sirenix.OdinInspector.Editor\Validation\Validators\SceneReference.cs:119)
Sirenix.OdinValidator.Editor.<ValidateCurrentWorkQueueEnumerator>d__59:MoveNext() (at C:\Sirenix\Sirenix Solution\Sirenix.OdinValidator.Editor\Core\ValidationSession.cs:557)
Sirenix.OdinValidator.Editor.<ValidateEverythingEnumeratorBatched>d__54:MoveNext() (at C:\Sirenix\Sirenix Solution\Sirenix.OdinValidator.Editor\Core\ValidationSession.cs:376)
Sirenix.OdinValidator.Editor.AutomationConfig:RunValidationScan(String, ValidationSetup, Boolean, Action, Boolean, Boolean, Boolean, Boolean, Boolean, Boolean, Boolean, Boolean) (at C:\Sirenix\Sirenix Solution\Sirenix.OdinValidator.Editor\Config\AutomationConfig.cs:305)
Sirenix.OdinValidator.Editor.AutomationConfig:ActuallyInitHooks() (at C:\Sirenix\Sirenix Solution\Sirenix.OdinValidator.Editor\Config\AutomationConfig.cs:186)
Sirenix.OdinValidator.Editor.AutomationConfig:InitHooks() (at C:\Sirenix\Sirenix Solution\Sirenix.OdinValidator.Editor\Config\AutomationConfig.cs:170)
System.Reflection.RuntimeMethodInfo:InternalInvoke(RuntimeMethodInfo, Object, Object[], Exception&)
System.Reflection.RuntimeMethodInfo:Invoke(Object, BindingFlags, Binder, Object[], CultureInfo)
System.Reflection.MethodBase:Invoke(Object, Object[])
UnityEditor.EditorAssemblies:ProcessInitializeOnLoadMethodAttributes()

(Filename: C:/Sirenix/Sirenix Solution/Sirenix.OdinInspector.Editor/Validation/Validators/SceneReference.cs Line: 119)

InvalidOperationException: Calling OpenScene Raisefrom assembly reloading callbacks are not supported.
  at (wrapper managed-to-native) UnityEditor.SceneManagement.EditorSceneManager.OpenScene_Injected(string,UnityEditor.SceneManagement.OpenSceneMode,UnityEngine.SceneManagement.Scene&)
  at UnityEditor.SceneManagement.EditorSceneManager.OpenScene (System.String scenePath, UnityEditor.SceneManagement.OpenSceneMode mode) [0x00000] in <63965ae56af7489797f355b7c1211ab2>:0 
  at Sirenix.OdinInspector.Editor.Validation.SceneReference.TryOpenScene (UnityEditor.SceneManagement.OpenSceneMode mode, UnityEngine.SceneManagement.Scene& scene) [0x00017] in C:\Sirenix\Sirenix Solution\Sirenix.OdinInspector.Editor\Validation\Validators\SceneReference.cs:114 
UnityEngine.DebugLogHandler:Internal_LogException(Exception, Object)
UnityEngine.DebugLogHandler:LogException(Exception, Object)
UnityEngine.Logger:LogException(Exception, Object)
UnityEngine.Debug:LogException(Exception)
Sirenix.OdinInspector.Editor.Validation.SceneReference:TryOpenScene(OpenSceneMode, Scene&) (at C:\Sirenix\Sirenix Solution\Sirenix.OdinInspector.Editor\Validation\Validators\SceneReference.cs:119)
Sirenix.OdinValidator.Editor.<ValidateCurrentWorkQueueEnumerator>d__59:MoveNext() (at C:\Sirenix\Sirenix Solution\Sirenix.OdinValidator.Editor\Core\ValidationSession.cs:557)
Sirenix.OdinValidator.Editor.<ValidateEverythingEnumeratorBatched>d__54:MoveNext() (at C:\Sirenix\Sirenix Solution\Sirenix.OdinValidator.Editor\Core\ValidationSession.cs:376)
Sirenix.OdinValidator.Editor.AutomationConfig:RunValidationScan(String, ValidationSetup, Boolean, Action, Boolean, Boolean, Boolean, Boolean, Boolean, Boolean, Boolean, Boolean) (at C:\Sirenix\Sirenix Solution\Sirenix.OdinValidator.Editor\Config\AutomationConfig.cs:305)
Sirenix.OdinValidator.Editor.AutomationConfig:ActuallyInitHooks() (at C:\Sirenix\Sirenix Solution\Sirenix.OdinValidator.Editor\Config\AutomationConfig.cs:186)
Sirenix.OdinValidator.Editor.AutomationConfig:InitHooks() (at C:\Sirenix\Sirenix Solution\Sirenix.OdinValidator.Editor\Config\AutomationConfig.cs:170)
System.Reflection.RuntimeMethodInfo:InternalInvoke(RuntimeMethodInfo, Object, Object[], Exception&)
System.Reflection.RuntimeMethodInfo:Invoke(Object, BindingFlags, Binder, Object[], CultureInfo)
System.Reflection.MethodBase:Invoke(Object, Object[])
UnityEditor.EditorAssemblies:ProcessInitializeOnLoadMethodAttributes()

(Filename: C:/Sirenix/Sirenix Solution/Sirenix.OdinInspector.Editor/Validation/Validators/SceneReference.cs Line: 119)

InvalidOperationException: Calling OpenScene Raisefrom assembly reloading callbacks are not supported.
  at (wrapper managed-to-native) UnityEditor.SceneManagement.EditorSceneManager.OpenScene_Injected(string,UnityEditor.SceneManagement.OpenSceneMode,UnityEngine.SceneManagement.Scene&)
  at UnityEditor.SceneManagement.EditorSceneManager.OpenScene (System.String scenePath, UnityEditor.SceneManagement.OpenSceneMode mode) [0x00000] in <63965ae56af7489797f355b7c1211ab2>:0 
  at Sirenix.OdinInspector.Editor.Validation.SceneReference.TryOpenScene (UnityEditor.SceneManagement.OpenSceneMode mode, UnityEngine.SceneManagement.Scene& scene) [0x00017] in C:\Sirenix\Sirenix Solution\Sirenix.OdinInspector.Editor\Validation\Validators\SceneReference.cs:114 
UnityEngine.DebugLogHandler:Internal_LogException(Exception, Object)
UnityEngine.DebugLogHandler:LogException(Exception, Object)
UnityEngine.Logger:LogException(Exception, Object)
UnityEngine.Debug:LogException(Exception)
Sirenix.OdinInspector.Editor.Validation.SceneReference:TryOpenScene(OpenSceneMode, Scene&) (at C:\Sirenix\Sirenix Solution\Sirenix.OdinInspector.Editor\Validation\Validators\SceneReference.cs:119)
Sirenix.OdinValidator.Editor.<ValidateCurrentWorkQueueEnumerator>d__59:MoveNext() (at C:\Sirenix\Sirenix Solution\Sirenix.OdinValidator.Editor\Core\ValidationSession.cs:557)
Sirenix.OdinValidator.Editor.<ValidateEverythingEnumeratorBatched>d__54:MoveNext() (at C:\Sirenix\Sirenix Solution\Sirenix.OdinValidator.Editor\Core\ValidationSession.cs:376)
Sirenix.OdinValidator.Editor.AutomationConfig:RunValidationScan(String, ValidationSetup, Boolean, Action, Boolean, Boolean, Boolean, Boolean, Boolean, Boolean, Boolean, Boolean) (at C:\Sirenix\Sirenix Solution\Sirenix.OdinValidator.Editor\Config\AutomationConfig.cs:305)
Sirenix.OdinValidator.Editor.AutomationConfig:ActuallyInitHooks() (at C:\Sirenix\Sirenix Solution\Sirenix.OdinValidator.Editor\Config\AutomationConfig.cs:186)
Sirenix.OdinValidator.Editor.AutomationConfig:InitHooks() (at C:\Sirenix\Sirenix Solution\Sirenix.OdinValidator.Editor\Config\AutomationConfig.cs:170)
System.Reflection.RuntimeMethodInfo:InternalInvoke(RuntimeMethodInfo, Object, Object[], Exception&)
System.Reflection.RuntimeMethodInfo:Invoke(Object, BindingFlags, Binder, Object[], CultureInfo)
System.Reflection.MethodBase:Invoke(Object, Object[])
UnityEditor.EditorAssemblies:ProcessInitializeOnLoadMethodAttributes()

(Filename: C:/Sirenix/Sirenix Solution/Sirenix.OdinInspector.Editor/Validation/Validators/SceneReference.cs Line: 119)

InvalidOperationException: Calling OpenScene Raisefrom assembly reloading callbacks are not supported.
  at (wrapper managed-to-native) UnityEditor.SceneManagement.EditorSceneManager.OpenScene_Injected(string,UnityEditor.SceneManagement.OpenSceneMode,UnityEngine.SceneManagement.Scene&)
  at UnityEditor.SceneManagement.EditorSceneManager.OpenScene (System.String scenePath, UnityEditor.SceneManagement.OpenSceneMode mode) [0x00000] in <63965ae56af7489797f355b7c1211ab2>:0 
  at Sirenix.OdinInspector.Editor.Validation.SceneReference.TryOpenScene (UnityEditor.SceneManagement.OpenSceneMode mode, UnityEngine.SceneManagement.Scene& scene) [0x00017] in C:\Sirenix\Sirenix Solution\Sirenix.OdinInspector.Editor\Validation\Validators\SceneReference.cs:114 
UnityEngine.DebugLogHandler:Internal_LogException(Exception, Object)
UnityEngine.DebugLogHandler:LogException(Exception, Object)
UnityEngine.Logger:LogException(Exception, Object)
UnityEngine.Debug:LogException(Exception)
Sirenix.OdinInspector.Editor.Validation.SceneReference:TryOpenScene(OpenSceneMode, Scene&) (at C:\Sirenix\Sirenix Solution\Sirenix.OdinInspector.Editor\Validation\Validators\SceneReference.cs:119)
Sirenix.OdinValidator.Editor.<ValidateCurrentWorkQueueEnumerator>d__59:MoveNext() (at C:\Sirenix\Sirenix Solution\Sirenix.OdinValidator.Editor\Core\ValidationSession.cs:557)
Sirenix.OdinValidator.Editor.<ValidateEverythingEnumeratorBatched>d__54:MoveNext() (at C:\Sirenix\Sirenix Solution\Sirenix.OdinValidator.Editor\Core\ValidationSession.cs:376)
Sirenix.OdinValidator.Editor.AutomationConfig:RunValidationScan(String, ValidationSetup, Boolean, Action, Boolean, Boolean, Boolean, Boolean, Boolean, Boolean, Boolean, Boolean) (at C:\Sirenix\Sirenix Solution\Sirenix.OdinValidator.Editor\Config\AutomationConfig.cs:305)
Sirenix.OdinValidator.Editor.AutomationConfig:ActuallyInitHooks() (at C:\Sirenix\Sirenix Solution\Sirenix.OdinValidator.Editor\Config\AutomationConfig.cs:186)
Sirenix.OdinValidator.Editor.AutomationConfig:InitHooks() (at C:\Sirenix\Sirenix Solution\Sirenix.OdinValidator.Editor\Config\AutomationConfig.cs:170)
System.Reflection.RuntimeMethodInfo:InternalInvoke(RuntimeMethodInfo, Object, Object[], Exception&)
System.Reflection.RuntimeMethodInfo:Invoke(Object, BindingFlags, Binder, Object[], CultureInfo)
System.Reflection.MethodBase:Invoke(Object, Object[])
UnityEditor.EditorAssemblies:ProcessInitializeOnLoadMethodAttributes()

(Filename: C:/Sirenix/Sirenix Solution/Sirenix.OdinInspector.Editor/Validation/Validators/SceneReference.cs Line: 119)

InvalidOperationException: Calling OpenScene Raisefrom assembly reloading callbacks are not supported.
  at (wrapper managed-to-native) UnityEditor.SceneManagement.EditorSceneManager.OpenScene_Injected(string,UnityEditor.SceneManagement.OpenSceneMode,UnityEngine.SceneManagement.Scene&)
  at UnityEditor.SceneManagement.EditorSceneManager.OpenScene (System.String scenePath, UnityEditor.SceneManagement.OpenSceneMode mode) [0x00000] in <63965ae56af7489797f355b7c1211ab2>:0 
  at Sirenix.OdinInspector.Editor.Validation.SceneReference.TryOpenScene (UnityEditor.SceneManagement.OpenSceneMode mode, UnityEngine.SceneManagement.Scene& scene) [0x00017] in C:\Sirenix\Sirenix Solution\Sirenix.OdinInspector.Editor\Validation\Validators\SceneReference.cs:114 
UnityEngine.DebugLogHandler:Internal_LogException(Exception, Object)
UnityEngine.DebugLogHandler:LogException(Exception, Object)
UnityEngine.Logger:LogException(Exception, Object)
UnityEngine.Debug:LogException(Exception)
Sirenix.OdinInspector.Editor.Validation.SceneReference:TryOpenScene(OpenSceneMode, Scene&) (at C:\Sirenix\Sirenix Solution\Sirenix.OdinInspector.Editor\Validation\Validators\SceneReference.cs:119)
Sirenix.OdinValidator.Editor.<ValidateCurrentWorkQueueEnumerator>d__59:MoveNext() (at C:\Sirenix\Sirenix Solution\Sirenix.OdinValidator.Editor\Core\ValidationSession.cs:557)
Sirenix.OdinValidator.Editor.<ValidateEverythingEnumeratorBatched>d__54:MoveNext() (at C:\Sirenix\Sirenix Solution\Sirenix.OdinValidator.Editor\Core\ValidationSession.cs:376)
Sirenix.OdinValidator.Editor.AutomationConfig:RunValidationScan(String, ValidationSetup, Boolean, Action, Boolean, Boolean, Boolean, Boolean, Boolean, Boolean, Boolean, Boolean) (at C:\Sirenix\Sirenix Solution\Sirenix.OdinValidator.Editor\Config\AutomationConfig.cs:305)
Sirenix.OdinValidator.Editor.AutomationConfig:ActuallyInitHooks() (at C:\Sirenix\Sirenix Solution\Sirenix.OdinValidator.Editor\Config\AutomationConfig.cs:186)
Sirenix.OdinValidator.Editor.AutomationConfig:InitHooks() (at C:\Sirenix\Sirenix Solution\Sirenix.OdinValidator.Editor\Config\AutomationConfig.cs:170)
System.Reflection.RuntimeMethodInfo:InternalInvoke(RuntimeMethodInfo, Object, Object[], Exception&)
System.Reflection.RuntimeMethodInfo:Invoke(Object, BindingFlags, Binder, Object[], CultureInfo)
System.Reflection.MethodBase:Invoke(Object, Object[])
UnityEditor.EditorAssemblies:ProcessInitializeOnLoadMethodAttributes()

(Filename: C:/Sirenix/Sirenix Solution/Sirenix.OdinInspector.Editor/Validation/Validators/SceneReference.cs Line: 119)

InvalidOperationException: Calling OpenScene Raisefrom assembly reloading callbacks are not supported.
  at (wrapper managed-to-native) UnityEditor.SceneManagement.EditorSceneManager.OpenScene_Injected(string,UnityEditor.SceneManagement.OpenSceneMode,UnityEngine.SceneManagement.Scene&)
  at UnityEditor.SceneManagement.EditorSceneManager.OpenScene (System.String scenePath, UnityEditor.SceneManagement.OpenSceneMode mode) [0x00000] in <63965ae56af7489797f355b7c1211ab2>:0 
  at Sirenix.OdinInspector.Editor.Validation.SceneReference.TryOpenScene (UnityEditor.SceneManagement.OpenSceneMode mode, UnityEngine.SceneManagement.Scene& scene) [0x00017] in C:\Sirenix\Sirenix Solution\Sirenix.OdinInspector.Editor\Validation\Validators\SceneReference.cs:114 
UnityEngine.DebugLogHandler:Internal_LogException(Exception, Object)
UnityEngine.DebugLogHandler:LogException(Exception, Object)
UnityEngine.Logger:LogException(Exception, Object)
UnityEngine.Debug:LogException(Exception)
Sirenix.OdinInspector.Editor.Validation.SceneReference:TryOpenScene(OpenSceneMode, Scene&) (at C:\Sirenix\Sirenix Solution\Sirenix.OdinInspector.Editor\Validation\Validators\SceneReference.cs:119)
Sirenix.OdinValidator.Editor.<ValidateCurrentWorkQueueEnumerator>d__59:MoveNext() (at C:\Sirenix\Sirenix Solution\Sirenix.OdinValidator.Editor\Core\ValidationSession.cs:557)
Sirenix.OdinValidator.Editor.<ValidateEverythingEnumeratorBatched>d__54:MoveNext() (at C:\Sirenix\Sirenix Solution\Sirenix.OdinValidator.Editor\Core\ValidationSession.cs:376)
Sirenix.OdinValidator.Editor.AutomationConfig:RunValidationScan(String, ValidationSetup, Boolean, Action, Boolean, Boolean, Boolean, Boolean, Boolean, Boolean, Boolean, Boolean) (at C:\Sirenix\Sirenix Solution\Sirenix.OdinValidator.Editor\Config\AutomationConfig.cs:305)
Sirenix.OdinValidator.Editor.AutomationConfig:ActuallyInitHooks() (at C:\Sirenix\Sirenix Solution\Sirenix.OdinValidator.Editor\Config\AutomationConfig.cs:186)
Sirenix.OdinValidator.Editor.AutomationConfig:InitHooks() (at C:\Sirenix\Sirenix Solution\Sirenix.OdinValidator.Editor\Config\AutomationConfig.cs:170)
System.Reflection.RuntimeMethodInfo:InternalInvoke(RuntimeMethodInfo, Object, Object[], Exception&)
System.Reflection.RuntimeMethodInfo:Invoke(Object, BindingFlags, Binder, Object[], CultureInfo)
System.Reflection.MethodBase:Invoke(Object, Object[])
UnityEditor.EditorAssemblies:ProcessInitializeOnLoadMethodAttributes()

(Filename: C:/Sirenix/Sirenix Solution/Sirenix.OdinInspector.Editor/Validation/Validators/SceneReference.cs Line: 119)

InvalidOperationException: Calling OpenScene Raisefrom assembly reloading callbacks are not supported.
  at (wrapper managed-to-native) UnityEditor.SceneManagement.EditorSceneManager.OpenScene_Injected(string,UnityEditor.SceneManagement.OpenSceneMode,UnityEngine.SceneManagement.Scene&)
  at UnityEditor.SceneManagement.EditorSceneManager.OpenScene (System.String scenePath, UnityEditor.SceneManagement.OpenSceneMode mode) [0x00000] in <63965ae56af7489797f355b7c1211ab2>:0 
  at Sirenix.OdinInspector.Editor.Validation.SceneReference.TryOpenScene (UnityEditor.SceneManagement.OpenSceneMode mode, UnityEngine.SceneManagement.Scene& scene) [0x00017] in C:\Sirenix\Sirenix Solution\Sirenix.OdinInspector.Editor\Validation\Validators\SceneReference.cs:114 
UnityEngine.DebugLogHandler:Internal_LogException(Exception, Object)
UnityEngine.DebugLogHandler:LogException(Exception, Object)
UnityEngine.Logger:LogException(Exception, Object)
UnityEngine.Debug:LogException(Exception)
Sirenix.OdinInspector.Editor.Validation.SceneReference:TryOpenScene(OpenSceneMode, Scene&) (at C:\Sirenix\Sirenix Solution\Sirenix.OdinInspector.Editor\Validation\Validators\SceneReference.cs:119)
Sirenix.OdinValidator.Editor.<ValidateCurrentWorkQueueEnumerator>d__59:MoveNext() (at C:\Sirenix\Sirenix Solution\Sirenix.OdinValidator.Editor\Core\ValidationSession.cs:557)
Sirenix.OdinValidator.Editor.<ValidateEverythingEnumeratorBatched>d__54:MoveNext() (at C:\Sirenix\Sirenix Solution\Sirenix.OdinValidator.Editor\Core\ValidationSession.cs:376)
Sirenix.OdinValidator.Editor.AutomationConfig:RunValidationScan(String, ValidationSetup, Boolean, Action, Boolean, Boolean, Boolean, Boolean, Boolean, Boolean, Boolean, Boolean) (at C:\Sirenix\Sirenix Solution\Sirenix.OdinValidator.Editor\Config\AutomationConfig.cs:305)
Sirenix.OdinValidator.Editor.AutomationConfig:ActuallyInitHooks() (at C:\Sirenix\Sirenix Solution\Sirenix.OdinValidator.Editor\Config\AutomationConfig.cs:186)
Sirenix.OdinValidator.Editor.AutomationConfig:InitHooks() (at C:\Sirenix\Sirenix Solution\Sirenix.OdinValidator.Editor\Config\AutomationConfig.cs:170)
System.Reflection.RuntimeMethodInfo:InternalInvoke(RuntimeMethodInfo, Object, Object[], Exception&)
System.Reflection.RuntimeMethodInfo:Invoke(Object, BindingFlags, Binder, Object[], CultureInfo)
System.Reflection.MethodBase:Invoke(Object, Object[])
UnityEditor.EditorAssemblies:ProcessInitializeOnLoadMethodAttributes()

(Filename: C:/Sirenix/Sirenix Solution/Sirenix.OdinInspector.Editor/Validation/Validators/SceneReference.cs Line: 119)

InvalidOperationException: Calling OpenScene Raisefrom assembly reloading callbacks are not supported.
  at (wrapper managed-to-native) UnityEditor.SceneManagement.EditorSceneManager.OpenScene_Injected(string,UnityEditor.SceneManagement.OpenSceneMode,UnityEngine.SceneManagement.Scene&)
  at UnityEditor.SceneManagement.EditorSceneManager.OpenScene (System.String scenePath, UnityEditor.SceneManagement.OpenSceneMode mode) [0x00000] in <63965ae56af7489797f355b7c1211ab2>:0 
  at Sirenix.OdinInspector.Editor.Validation.SceneReference.TryOpenScene (UnityEditor.SceneManagement.OpenSceneMode mode, UnityEngine.SceneManagement.Scene& scene) [0x00017] in C:\Sirenix\Sirenix Solution\Sirenix.OdinInspector.Editor\Validation\Validators\SceneReference.cs:114 
UnityEngine.DebugLogHandler:Internal_LogException(Exception, Object)
UnityEngine.DebugLogHandler:LogException(Exception, Object)
UnityEngine.Logger:LogException(Exception, Object)
UnityEngine.Debug:LogException(Exception)
Sirenix.OdinInspector.Editor.Validation.SceneReference:TryOpenScene(OpenSceneMode, Scene&) (at C:\Sirenix\Sirenix Solution\Sirenix.OdinInspector.Editor\Validation\Validators\SceneReference.cs:119)
Sirenix.OdinValidator.Editor.<ValidateCurrentWorkQueueEnumerator>d__59:MoveNext() (at C:\Sirenix\Sirenix Solution\Sirenix.OdinValidator.Editor\Core\ValidationSession.cs:557)
Sirenix.OdinValidator.Editor.<ValidateEverythingEnumeratorBatched>d__54:MoveNext() (at C:\Sirenix\Sirenix Solution\Sirenix.OdinValidator.Editor\Core\ValidationSession.cs:376)
Sirenix.OdinValidator.Editor.AutomationConfig:RunValidationScan(String, ValidationSetup, Boolean, Action, Boolean, Boolean, Boolean, Boolean, Boolean, Boolean, Boolean, Boolean) (at C:\Sirenix\Sirenix Solution\Sirenix.OdinValidator.Editor\Config\AutomationConfig.cs:305)
Sirenix.OdinValidator.Editor.AutomationConfig:ActuallyInitHooks() (at C:\Sirenix\Sirenix Solution\Sirenix.OdinValidator.Editor\Config\AutomationConfig.cs:186)
Sirenix.OdinValidator.Editor.AutomationConfig:InitHooks() (at C:\Sirenix\Sirenix Solution\Sirenix.OdinValidator.Editor\Config\AutomationConfig.cs:170)
System.Reflection.RuntimeMethodInfo:InternalInvoke(RuntimeMethodInfo, Object, Object[], Exception&)
System.Reflection.RuntimeMethodInfo:Invoke(Object, BindingFlags, Binder, Object[], CultureInfo)
System.Reflection.MethodBase:Invoke(Object, Object[])
UnityEditor.EditorAssemblies:ProcessInitializeOnLoadMethodAttributes()

(Filename: C:/Sirenix/Sirenix Solution/Sirenix.OdinInspector.Editor/Validation/Validators/SceneReference.cs Line: 119)

InvalidOperationException: Calling OpenScene Raisefrom assembly reloading callbacks are not supported.
  at (wrapper managed-to-native) UnityEditor.SceneManagement.EditorSceneManager.OpenScene_Injected(string,UnityEditor.SceneManagement.OpenSceneMode,UnityEngine.SceneManagement.Scene&)
  at UnityEditor.SceneManagement.EditorSceneManager.OpenScene (System.String scenePath, UnityEditor.SceneManagement.OpenSceneMode mode) [0x00000] in <63965ae56af7489797f355b7c1211ab2>:0 
  at Sirenix.OdinInspector.Editor.Validation.SceneReference.TryOpenScene (UnityEditor.SceneManagement.OpenSceneMode mode, UnityEngine.SceneManagement.Scene& scene) [0x00017] in C:\Sirenix\Sirenix Solution\Sirenix.OdinInspector.Editor\Validation\Validators\SceneReference.cs:114 
UnityEngine.DebugLogHandler:Internal_LogException(Exception, Object)
UnityEngine.DebugLogHandler:LogException(Exception, Object)
UnityEngine.Logger:LogException(Exception, Object)
UnityEngine.Debug:LogException(Exception)
Sirenix.OdinInspector.Editor.Validation.SceneReference:TryOpenScene(OpenSceneMode, Scene&) (at C:\Sirenix\Sirenix Solution\Sirenix.OdinInspector.Editor\Validation\Validators\SceneReference.cs:119)
Sirenix.OdinValidator.Editor.<ValidateCurrentWorkQueueEnumerator>d__59:MoveNext() (at C:\Sirenix\Sirenix Solution\Sirenix.OdinValidator.Editor\Core\ValidationSession.cs:557)
Sirenix.OdinValidator.Editor.<ValidateEverythingEnumeratorBatched>d__54:MoveNext() (at C:\Sirenix\Sirenix Solution\Sirenix.OdinValidator.Editor\Core\ValidationSession.cs:376)
Sirenix.OdinValidator.Editor.AutomationConfig:RunValidationScan(String, ValidationSetup, Boolean, Action, Boolean, Boolean, Boolean, Boolean, Boolean, Boolean, Boolean, Boolean) (at C:\Sirenix\Sirenix Solution\Sirenix.OdinValidator.Editor\Config\AutomationConfig.cs:305)
Sirenix.OdinValidator.Editor.AutomationConfig:ActuallyInitHooks() (at C:\Sirenix\Sirenix Solution\Sirenix.OdinValidator.Editor\Config\AutomationConfig.cs:186)
Sirenix.OdinValidator.Editor.AutomationConfig:InitHooks() (at C:\Sirenix\Sirenix Solution\Sirenix.OdinValidator.Editor\Config\AutomationConfig.cs:170)
System.Reflection.RuntimeMethodInfo:InternalInvoke(RuntimeMethodInfo, Object, Object[], Exception&)
System.Reflection.RuntimeMethodInfo:Invoke(Object, BindingFlags, Binder, Object[], CultureInfo)
System.Reflection.MethodBase:Invoke(Object, Object[])
UnityEditor.EditorAssemblies:ProcessInitializeOnLoadMethodAttributes()

(Filename: C:/Sirenix/Sirenix Solution/Sirenix.OdinInspector.Editor/Validation/Validators/SceneReference.cs Line: 119)

InvalidOperationException: Calling OpenScene Raisefrom assembly reloading callbacks are not supported.
  at (wrapper managed-to-native) UnityEditor.SceneManagement.EditorSceneManager.OpenScene_Injected(string,UnityEditor.SceneManagement.OpenSceneMode,UnityEngine.SceneManagement.Scene&)
  at UnityEditor.SceneManagement.EditorSceneManager.OpenScene (System.String scenePath, UnityEditor.SceneManagement.OpenSceneMode mode) [0x00000] in <63965ae56af7489797f355b7c1211ab2>:0 
  at Sirenix.OdinInspector.Editor.Validation.SceneReference.TryOpenScene (UnityEditor.SceneManagement.OpenSceneMode mode, UnityEngine.SceneManagement.Scene& scene) [0x00017] in C:\Sirenix\Sirenix Solution\Sirenix.OdinInspector.Editor\Validation\Validators\SceneReference.cs:114 
UnityEngine.DebugLogHandler:Internal_LogException(Exception, Object)
UnityEngine.DebugLogHandler:LogException(Exception, Object)
UnityEngine.Logger:LogException(Exception, Object)
UnityEngine.Debug:LogException(Exception)
Sirenix.OdinInspector.Editor.Validation.SceneReference:TryOpenScene(OpenSceneMode, Scene&) (at C:\Sirenix\Sirenix Solution\Sirenix.OdinInspector.Editor\Validation\Validators\SceneReference.cs:119)
Sirenix.OdinValidator.Editor.<ValidateCurrentWorkQueueEnumerator>d__59:MoveNext() (at C:\Sirenix\Sirenix Solution\Sirenix.OdinValidator.Editor\Core\ValidationSession.cs:557)
Sirenix.OdinValidator.Editor.<ValidateEverythingEnumeratorBatched>d__54:MoveNext() (at C:\Sirenix\Sirenix Solution\Sirenix.OdinValidator.Editor\Core\ValidationSession.cs:376)
Sirenix.OdinValidator.Editor.AutomationConfig:RunValidationScan(String, ValidationSetup, Boolean, Action, Boolean, Boolean, Boolean, Boolean, Boolean, Boolean, Boolean, Boolean) (at C:\Sirenix\Sirenix Solution\Sirenix.OdinValidator.Editor\Config\AutomationConfig.cs:305)
Sirenix.OdinValidator.Editor.AutomationConfig:ActuallyInitHooks() (at C:\Sirenix\Sirenix Solution\Sirenix.OdinValidator.Editor\Config\AutomationConfig.cs:186)
Sirenix.OdinValidator.Editor.AutomationConfig:InitHooks() (at C:\Sirenix\Sirenix Solution\Sirenix.OdinValidator.Editor\Config\AutomationConfig.cs:170)
System.Reflection.RuntimeMethodInfo:InternalInvoke(RuntimeMethodInfo, Object, Object[], Exception&)
System.Reflection.RuntimeMethodInfo:Invoke(Object, BindingFlags, Binder, Object[], CultureInfo)
System.Reflection.MethodBase:Invoke(Object, Object[])
UnityEditor.EditorAssemblies:ProcessInitializeOnLoadMethodAttributes()

(Filename: C:/Sirenix/Sirenix Solution/Sirenix.OdinInspector.Editor/Validation/Validators/SceneReference.cs Line: 119)

InvalidOperationException: Calling OpenScene Raisefrom assembly reloading callbacks are not supported.
  at (wrapper managed-to-native) UnityEditor.SceneManagement.EditorSceneManager.OpenScene_Injected(string,UnityEditor.SceneManagement.OpenSceneMode,UnityEngine.SceneManagement.Scene&)
  at UnityEditor.SceneManagement.EditorSceneManager.OpenScene (System.String scenePath, UnityEditor.SceneManagement.OpenSceneMode mode) [0x00000] in <63965ae56af7489797f355b7c1211ab2>:0 
  at Sirenix.OdinInspector.Editor.Validation.SceneReference.TryOpenScene (UnityEditor.SceneManagement.OpenSceneMode mode, UnityEngine.SceneManagement.Scene& scene) [0x00017] in C:\Sirenix\Sirenix Solution\Sirenix.OdinInspector.Editor\Validation\Validators\SceneReference.cs:114 
UnityEngine.DebugLogHandler:Internal_LogException(Exception, Object)
UnityEngine.DebugLogHandler:LogException(Exception, Object)
UnityEngine.Logger:LogException(Exception, Object)
UnityEngine.Debug:LogException(Exception)
Sirenix.OdinInspector.Editor.Validation.SceneReference:TryOpenScene(OpenSceneMode, Scene&) (at C:\Sirenix\Sirenix Solution\Sirenix.OdinInspector.Editor\Validation\Validators\SceneReference.cs:119)
Sirenix.OdinValidator.Editor.<ValidateCurrentWorkQueueEnumerator>d__59:MoveNext() (at C:\Sirenix\Sirenix Solution\Sirenix.OdinValidator.Editor\Core\ValidationSession.cs:557)
Sirenix.OdinValidator.Editor.<ValidateEverythingEnumeratorBatched>d__54:MoveNext() (at C:\Sirenix\Sirenix Solution\Sirenix.OdinValidator.Editor\Core\ValidationSession.cs:376)
Sirenix.OdinValidator.Editor.AutomationConfig:RunValidationScan(String, ValidationSetup, Boolean, Action, Boolean, Boolean, Boolean, Boolean, Boolean, Boolean, Boolean, Boolean) (at C:\Sirenix\Sirenix Solution\Sirenix.OdinValidator.Editor\Config\AutomationConfig.cs:305)
Sirenix.OdinValidator.Editor.AutomationConfig:ActuallyInitHooks() (at C:\Sirenix\Sirenix Solution\Sirenix.OdinValidator.Editor\Config\AutomationConfig.cs:186)
Sirenix.OdinValidator.Editor.AutomationConfig:InitHooks() (at C:\Sirenix\Sirenix Solution\Sirenix.OdinValidator.Editor\Config\AutomationConfig.cs:170)
System.Reflection.RuntimeMethodInfo:InternalInvoke(RuntimeMethodInfo, Object, Object[], Exception&)
System.Reflection.RuntimeMethodInfo:Invoke(Object, BindingFlags, Binder, Object[], CultureInfo)
System.Reflection.MethodBase:Invoke(Object, Object[])
UnityEditor.EditorAssemblies:ProcessInitializeOnLoadMethodAttributes()

(Filename: C:/Sirenix/Sirenix Solution/Sirenix.OdinInspector.Editor/Validation/Validators/SceneReference.cs Line: 119)

InvalidOperationException: Calling OpenScene Raisefrom assembly reloading callbacks are not supported.
  at (wrapper managed-to-native) UnityEditor.SceneManagement.EditorSceneManager.OpenScene_Injected(string,UnityEditor.SceneManagement.OpenSceneMode,UnityEngine.SceneManagement.Scene&)
  at UnityEditor.SceneManagement.EditorSceneManager.OpenScene (System.String scenePath, UnityEditor.SceneManagement.OpenSceneMode mode) [0x00000] in <63965ae56af7489797f355b7c1211ab2>:0 
  at Sirenix.OdinInspector.Editor.Validation.SceneReference.TryOpenScene (UnityEditor.SceneManagement.OpenSceneMode mode, UnityEngine.SceneManagement.Scene& scene) [0x00017] in C:\Sirenix\Sirenix Solution\Sirenix.OdinInspector.Editor\Validation\Validators\SceneReference.cs:114 
UnityEngine.DebugLogHandler:Internal_LogException(Exception, Object)
UnityEngine.DebugLogHandler:LogException(Exception, Object)
UnityEngine.Logger:LogException(Exception, Object)
UnityEngine.Debug:LogException(Exception)
Sirenix.OdinInspector.Editor.Validation.SceneReference:TryOpenScene(OpenSceneMode, Scene&) (at C:\Sirenix\Sirenix Solution\Sirenix.OdinInspector.Editor\Validation\Validators\SceneReference.cs:119)
Sirenix.OdinValidator.Editor.<ValidateCurrentWorkQueueEnumerator>d__59:MoveNext() (at C:\Sirenix\Sirenix Solution\Sirenix.OdinValidator.Editor\Core\ValidationSession.cs:557)
Sirenix.OdinValidator.Editor.<ValidateEverythingEnumeratorBatched>d__54:MoveNext() (at C:\Sirenix\Sirenix Solution\Sirenix.OdinValidator.Editor\Core\ValidationSession.cs:376)
Sirenix.OdinValidator.Editor.AutomationConfig:RunValidationScan(String, ValidationSetup, Boolean, Action, Boolean, Boolean, Boolean, Boolean, Boolean, Boolean, Boolean, Boolean) (at C:\Sirenix\Sirenix Solution\Sirenix.OdinValidator.Editor\Config\AutomationConfig.cs:305)
Sirenix.OdinValidator.Editor.AutomationConfig:ActuallyInitHooks() (at C:\Sirenix\Sirenix Solution\Sirenix.OdinValidator.Editor\Config\AutomationConfig.cs:186)
Sirenix.OdinValidator.Editor.AutomationConfig:InitHooks() (at C:\Sirenix\Sirenix Solution\Sirenix.OdinValidator.Editor\Config\AutomationConfig.cs:170)
System.Reflection.RuntimeMethodInfo:InternalInvoke(RuntimeMethodInfo, Object, Object[], Exception&)
System.Reflection.RuntimeMethodInfo:Invoke(Object, BindingFlags, Binder, Object[], CultureInfo)
System.Reflection.MethodBase:Invoke(Object, Object[])
UnityEditor.EditorAssemblies:ProcessInitializeOnLoadMethodAttributes()

(Filename: C:/Sirenix/Sirenix Solution/Sirenix.OdinInspector.Editor/Validation/Validators/SceneReference.cs Line: 119)

InvalidOperationException: Calling OpenScene Raisefrom assembly reloading callbacks are not supported.
  at (wrapper managed-to-native) UnityEditor.SceneManagement.EditorSceneManager.OpenScene_Injected(string,UnityEditor.SceneManagement.OpenSceneMode,UnityEngine.SceneManagement.Scene&)
  at UnityEditor.SceneManagement.EditorSceneManager.OpenScene (System.String scenePath, UnityEditor.SceneManagement.OpenSceneMode mode) [0x00000] in <63965ae56af7489797f355b7c1211ab2>:0 
  at Sirenix.OdinInspector.Editor.Validation.SceneReference.TryOpenScene (UnityEditor.SceneManagement.OpenSceneMode mode, UnityEngine.SceneManagement.Scene& scene) [0x00017] in C:\Sirenix\Sirenix Solution\Sirenix.OdinInspector.Editor\Validation\Validators\SceneReference.cs:114 
UnityEngine.DebugLogHandler:Internal_LogException(Exception, Object)
UnityEngine.DebugLogHandler:LogException(Exception, Object)
UnityEngine.Logger:LogException(Exception, Object)
UnityEngine.Debug:LogException(Exception)
Sirenix.OdinInspector.Editor.Validation.SceneReference:TryOpenScene(OpenSceneMode, Scene&) (at C:\Sirenix\Sirenix Solution\Sirenix.OdinInspector.Editor\Validation\Validators\SceneReference.cs:119)
Sirenix.OdinValidator.Editor.<ValidateCurrentWorkQueueEnumerator>d__59:MoveNext() (at C:\Sirenix\Sirenix Solution\Sirenix.OdinValidator.Editor\Core\ValidationSession.cs:557)
Sirenix.OdinValidator.Editor.<ValidateEverythingEnumeratorBatched>d__54:MoveNext() (at C:\Sirenix\Sirenix Solution\Sirenix.OdinValidator.Editor\Core\ValidationSession.cs:376)
Sirenix.OdinValidator.Editor.AutomationConfig:RunValidationScan(String, ValidationSetup, Boolean, Action, Boolean, Boolean, Boolean, Boolean, Boolean, Boolean, Boolean, Boolean) (at C:\Sirenix\Sirenix Solution\Sirenix.OdinValidator.Editor\Config\AutomationConfig.cs:305)
Sirenix.OdinValidator.Editor.AutomationConfig:ActuallyInitHooks() (at C:\Sirenix\Sirenix Solution\Sirenix.OdinValidator.Editor\Config\AutomationConfig.cs:186)
Sirenix.OdinValidator.Editor.AutomationConfig:InitHooks() (at C:\Sirenix\Sirenix Solution\Sirenix.OdinValidator.Editor\Config\AutomationConfig.cs:170)
System.Reflection.RuntimeMethodInfo:InternalInvoke(RuntimeMethodInfo, Object, Object[], Exception&)
System.Reflection.RuntimeMethodInfo:Invoke(Object, BindingFlags, Binder, Object[], CultureInfo)
System.Reflection.MethodBase:Invoke(Object, Object[])
UnityEditor.EditorAssemblies:ProcessInitializeOnLoadMethodAttributes()

(Filename: C:/Sirenix/Sirenix Solution/Sirenix.OdinInspector.Editor/Validation/Validators/SceneReference.cs Line: 119)

InvalidOperationException: Calling OpenScene Raisefrom assembly reloading callbacks are not supported.
  at (wrapper managed-to-native) UnityEditor.SceneManagement.EditorSceneManager.OpenScene_Injected(string,UnityEditor.SceneManagement.OpenSceneMode,UnityEngine.SceneManagement.Scene&)
  at UnityEditor.SceneManagement.EditorSceneManager.OpenScene (System.String scenePath, UnityEditor.SceneManagement.OpenSceneMode mode) [0x00000] in <63965ae56af7489797f355b7c1211ab2>:0 
  at Sirenix.OdinInspector.Editor.Validation.SceneReference.TryOpenScene (UnityEditor.SceneManagement.OpenSceneMode mode, UnityEngine.SceneManagement.Scene& scene) [0x00017] in C:\Sirenix\Sirenix Solution\Sirenix.OdinInspector.Editor\Validation\Validators\SceneReference.cs:114 
UnityEngine.DebugLogHandler:Internal_LogException(Exception, Object)
UnityEngine.DebugLogHandler:LogException(Exception, Object)
UnityEngine.Logger:LogException(Exception, Object)
UnityEngine.Debug:LogException(Exception)
Sirenix.OdinInspector.Editor.Validation.SceneReference:TryOpenScene(OpenSceneMode, Scene&) (at C:\Sirenix\Sirenix Solution\Sirenix.OdinInspector.Editor\Validation\Validators\SceneReference.cs:119)
Sirenix.OdinValidator.Editor.<ValidateCurrentWorkQueueEnumerator>d__59:MoveNext() (at C:\Sirenix\Sirenix Solution\Sirenix.OdinValidator.Editor\Core\ValidationSession.cs:557)
Sirenix.OdinValidator.Editor.<ValidateEverythingEnumeratorBatched>d__54:MoveNext() (at C:\Sirenix\Sirenix Solution\Sirenix.OdinValidator.Editor\Core\ValidationSession.cs:376)
Sirenix.OdinValidator.Editor.AutomationConfig:RunValidationScan(String, ValidationSetup, Boolean, Action, Boolean, Boolean, Boolean, Boolean, Boolean, Boolean, Boolean, Boolean) (at C:\Sirenix\Sirenix Solution\Sirenix.OdinValidator.Editor\Config\AutomationConfig.cs:305)
Sirenix.OdinValidator.Editor.AutomationConfig:ActuallyInitHooks() (at C:\Sirenix\Sirenix Solution\Sirenix.OdinValidator.Editor\Config\AutomationConfig.cs:186)
Sirenix.OdinValidator.Editor.AutomationConfig:InitHooks() (at C:\Sirenix\Sirenix Solution\Sirenix.OdinValidator.Editor\Config\AutomationConfig.cs:170)
System.Reflection.RuntimeMethodInfo:InternalInvoke(RuntimeMethodInfo, Object, Object[], Exception&)
System.Reflection.RuntimeMethodInfo:Invoke(Object, BindingFlags, Binder, Object[], CultureInfo)
System.Reflection.MethodBase:Invoke(Object, Object[])
UnityEditor.EditorAssemblies:ProcessInitializeOnLoadMethodAttributes()

(Filename: C:/Sirenix/Sirenix Solution/Sirenix.OdinInspector.Editor/Validation/Validators/SceneReference.cs Line: 119)

InvalidOperationException: Calling OpenScene Raisefrom assembly reloading callbacks are not supported.
  at (wrapper managed-to-native) UnityEditor.SceneManagement.EditorSceneManager.OpenScene_Injected(string,UnityEditor.SceneManagement.OpenSceneMode,UnityEngine.SceneManagement.Scene&)
  at UnityEditor.SceneManagement.EditorSceneManager.OpenScene (System.String scenePath, UnityEditor.SceneManagement.OpenSceneMode mode) [0x00000] in <63965ae56af7489797f355b7c1211ab2>:0 
  at Sirenix.OdinInspector.Editor.Validation.SceneReference.TryOpenScene (UnityEditor.SceneManagement.OpenSceneMode mode, UnityEngine.SceneManagement.Scene& scene) [0x00017] in C:\Sirenix\Sirenix Solution\Sirenix.OdinInspector.Editor\Validation\Validators\SceneReference.cs:114 
UnityEngine.DebugLogHandler:Internal_LogException(Exception, Object)
UnityEngine.DebugLogHandler:LogException(Exception, Object)
UnityEngine.Logger:LogException(Exception, Object)
UnityEngine.Debug:LogException(Exception)
Sirenix.OdinInspector.Editor.Validation.SceneReference:TryOpenScene(OpenSceneMode, Scene&) (at C:\Sirenix\Sirenix Solution\Sirenix.OdinInspector.Editor\Validation\Validators\SceneReference.cs:119)
Sirenix.OdinValidator.Editor.<ValidateCurrentWorkQueueEnumerator>d__59:MoveNext() (at C:\Sirenix\Sirenix Solution\Sirenix.OdinValidator.Editor\Core\ValidationSession.cs:557)
Sirenix.OdinValidator.Editor.<ValidateEverythingEnumeratorBatched>d__54:MoveNext() (at C:\Sirenix\Sirenix Solution\Sirenix.OdinValidator.Editor\Core\ValidationSession.cs:376)
Sirenix.OdinValidator.Editor.AutomationConfig:RunValidationScan(String, ValidationSetup, Boolean, Action, Boolean, Boolean, Boolean, Boolean, Boolean, Boolean, Boolean, Boolean) (at C:\Sirenix\Sirenix Solution\Sirenix.OdinValidator.Editor\Config\AutomationConfig.cs:305)
Sirenix.OdinValidator.Editor.AutomationConfig:ActuallyInitHooks() (at C:\Sirenix\Sirenix Solution\Sirenix.OdinValidator.Editor\Config\AutomationConfig.cs:186)
Sirenix.OdinValidator.Editor.AutomationConfig:InitHooks() (at C:\Sirenix\Sirenix Solution\Sirenix.OdinValidator.Editor\Config\AutomationConfig.cs:170)
System.Reflection.RuntimeMethodInfo:InternalInvoke(RuntimeMethodInfo, Object, Object[], Exception&)
System.Reflection.RuntimeMethodInfo:Invoke(Object, BindingFlags, Binder, Object[], CultureInfo)
System.Reflection.MethodBase:Invoke(Object, Object[])
UnityEditor.EditorAssemblies:ProcessInitializeOnLoadMethodAttributes()

(Filename: C:/Sirenix/Sirenix Solution/Sirenix.OdinInspector.Editor/Validation/Validators/SceneReference.cs Line: 119)

InvalidOperationException: Calling OpenScene Raisefrom assembly reloading callbacks are not supported.
  at (wrapper managed-to-native) UnityEditor.SceneManagement.EditorSceneManager.OpenScene_Injected(string,UnityEditor.SceneManagement.OpenSceneMode,UnityEngine.SceneManagement.Scene&)
  at UnityEditor.SceneManagement.EditorSceneManager.OpenScene (System.String scenePath, UnityEditor.SceneManagement.OpenSceneMode mode) [0x00000] in <63965ae56af7489797f355b7c1211ab2>:0 
  at Sirenix.OdinInspector.Editor.Validation.SceneReference.TryOpenScene (UnityEditor.SceneManagement.OpenSceneMode mode, UnityEngine.SceneManagement.Scene& scene) [0x00017] in C:\Sirenix\Sirenix Solution\Sirenix.OdinInspector.Editor\Validation\Validators\SceneReference.cs:114 
UnityEngine.DebugLogHandler:Internal_LogException(Exception, Object)
UnityEngine.DebugLogHandler:LogException(Exception, Object)
UnityEngine.Logger:LogException(Exception, Object)
UnityEngine.Debug:LogException(Exception)
Sirenix.OdinInspector.Editor.Validation.SceneReference:TryOpenScene(OpenSceneMode, Scene&) (at C:\Sirenix\Sirenix Solution\Sirenix.OdinInspector.Editor\Validation\Validators\SceneReference.cs:119)
Sirenix.OdinValidator.Editor.<ValidateCurrentWorkQueueEnumerator>d__59:MoveNext() (at C:\Sirenix\Sirenix Solution\Sirenix.OdinValidator.Editor\Core\ValidationSession.cs:557)
Sirenix.OdinValidator.Editor.<ValidateEverythingEnumeratorBatched>d__54:MoveNext() (at C:\Sirenix\Sirenix Solution\Sirenix.OdinValidator.Editor\Core\ValidationSession.cs:376)
Sirenix.OdinValidator.Editor.AutomationConfig:RunValidationScan(String, ValidationSetup, Boolean, Action, Boolean, Boolean, Boolean, Boolean, Boolean, Boolean, Boolean, Boolean) (at C:\Sirenix\Sirenix Solution\Sirenix.OdinValidator.Editor\Config\AutomationConfig.cs:305)
Sirenix.OdinValidator.Editor.AutomationConfig:ActuallyInitHooks() (at C:\Sirenix\Sirenix Solution\Sirenix.OdinValidator.Editor\Config\AutomationConfig.cs:186)
Sirenix.OdinValidator.Editor.AutomationConfig:InitHooks() (at C:\Sirenix\Sirenix Solution\Sirenix.OdinValidator.Editor\Config\AutomationConfig.cs:170)
System.Reflection.RuntimeMethodInfo:InternalInvoke(RuntimeMethodInfo, Object, Object[], Exception&)
System.Reflection.RuntimeMethodInfo:Invoke(Object, BindingFlags, Binder, Object[], CultureInfo)
System.Reflection.MethodBase:Invoke(Object, Object[])
UnityEditor.EditorAssemblies:ProcessInitializeOnLoadMethodAttributes()

(Filename: C:/Sirenix/Sirenix Solution/Sirenix.OdinInspector.Editor/Validation/Validators/SceneReference.cs Line: 119)

InvalidOperationException: Calling OpenScene Raisefrom assembly reloading callbacks are not supported.
  at (wrapper managed-to-native) UnityEditor.SceneManagement.EditorSceneManager.OpenScene_Injected(string,UnityEditor.SceneManagement.OpenSceneMode,UnityEngine.SceneManagement.Scene&)
  at UnityEditor.SceneManagement.EditorSceneManager.OpenScene (System.String scenePath, UnityEditor.SceneManagement.OpenSceneMode mode) [0x00000] in <63965ae56af7489797f355b7c1211ab2>:0 
  at Sirenix.OdinInspector.Editor.Validation.SceneReference.TryOpenScene (UnityEditor.SceneManagement.OpenSceneMode mode, UnityEngine.SceneManagement.Scene& scene) [0x00017] in C:\Sirenix\Sirenix Solution\Sirenix.OdinInspector.Editor\Validation\Validators\SceneReference.cs:114 
UnityEngine.DebugLogHandler:Internal_LogException(Exception, Object)
UnityEngine.DebugLogHandler:LogException(Exception, Object)
UnityEngine.Logger:LogException(Exception, Object)
UnityEngine.Debug:LogException(Exception)
Sirenix.OdinInspector.Editor.Validation.SceneReference:TryOpenScene(OpenSceneMode, Scene&) (at C:\Sirenix\Sirenix Solution\Sirenix.OdinInspector.Editor\Validation\Validators\SceneReference.cs:119)
Sirenix.OdinValidator.Editor.<ValidateCurrentWorkQueueEnumerator>d__59:MoveNext() (at C:\Sirenix\Sirenix Solution\Sirenix.OdinValidator.Editor\Core\ValidationSession.cs:557)
Sirenix.OdinValidator.Editor.<ValidateEverythingEnumeratorBatched>d__54:MoveNext() (at C:\Sirenix\Sirenix Solution\Sirenix.OdinValidator.Editor\Core\ValidationSession.cs:376)
Sirenix.OdinValidator.Editor.AutomationConfig:RunValidationScan(String, ValidationSetup, Boolean, Action, Boolean, Boolean, Boolean, Boolean, Boolean, Boolean, Boolean, Boolean) (at C:\Sirenix\Sirenix Solution\Sirenix.OdinValidator.Editor\Config\AutomationConfig.cs:305)
Sirenix.OdinValidator.Editor.AutomationConfig:ActuallyInitHooks() (at C:\Sirenix\Sirenix Solution\Sirenix.OdinValidator.Editor\Config\AutomationConfig.cs:186)
Sirenix.OdinValidator.Editor.AutomationConfig:InitHooks() (at C:\Sirenix\Sirenix Solution\Sirenix.OdinValidator.Editor\Config\AutomationConfig.cs:170)
System.Reflection.RuntimeMethodInfo:InternalInvoke(RuntimeMethodInfo, Object, Object[], Exception&)
System.Reflection.RuntimeMethodInfo:Invoke(Object, BindingFlags, Binder, Object[], CultureInfo)
System.Reflection.MethodBase:Invoke(Object, Object[])
UnityEditor.EditorAssemblies:ProcessInitializeOnLoadMethodAttributes()

(Filename: C:/Sirenix/Sirenix Solution/Sirenix.OdinInspector.Editor/Validation/Validators/SceneReference.cs Line: 119)

InvalidOperationException: Calling OpenScene Raisefrom assembly reloading callbacks are not supported.
  at (wrapper managed-to-native) UnityEditor.SceneManagement.EditorSceneManager.OpenScene_Injected(string,UnityEditor.SceneManagement.OpenSceneMode,UnityEngine.SceneManagement.Scene&)
  at UnityEditor.SceneManagement.EditorSceneManager.OpenScene (System.String scenePath, UnityEditor.SceneManagement.OpenSceneMode mode) [0x00000] in <63965ae56af7489797f355b7c1211ab2>:0 
  at Sirenix.OdinInspector.Editor.Validation.SceneReference.TryOpenScene (UnityEditor.SceneManagement.OpenSceneMode mode, UnityEngine.SceneManagement.Scene& scene) [0x00017] in C:\Sirenix\Sirenix Solution\Sirenix.OdinInspector.Editor\Validation\Validators\SceneReference.cs:114 
UnityEngine.DebugLogHandler:Internal_LogException(Exception, Object)
UnityEngine.DebugLogHandler:LogException(Exception, Object)
UnityEngine.Logger:LogException(Exception, Object)
UnityEngine.Debug:LogException(Exception)
Sirenix.OdinInspector.Editor.Validation.SceneReference:TryOpenScene(OpenSceneMode, Scene&) (at C:\Sirenix\Sirenix Solution\Sirenix.OdinInspector.Editor\Validation\Validators\SceneReference.cs:119)
Sirenix.OdinValidator.Editor.<ValidateCurrentWorkQueueEnumerator>d__59:MoveNext() (at C:\Sirenix\Sirenix Solution\Sirenix.OdinValidator.Editor\Core\ValidationSession.cs:557)
Sirenix.OdinValidator.Editor.<ValidateEverythingEnumeratorBatched>d__54:MoveNext() (at C:\Sirenix\Sirenix Solution\Sirenix.OdinValidator.Editor\Core\ValidationSession.cs:376)
Sirenix.OdinValidator.Editor.AutomationConfig:RunValidationScan(String, ValidationSetup, Boolean, Action, Boolean, Boolean, Boolean, Boolean, Boolean, Boolean, Boolean, Boolean) (at C:\Sirenix\Sirenix Solution\Sirenix.OdinValidator.Editor\Config\AutomationConfig.cs:305)
Sirenix.OdinValidator.Editor.AutomationConfig:ActuallyInitHooks() (at C:\Sirenix\Sirenix Solution\Sirenix.OdinValidator.Editor\Config\AutomationConfig.cs:186)
Sirenix.OdinValidator.Editor.AutomationConfig:InitHooks() (at C:\Sirenix\Sirenix Solution\Sirenix.OdinValidator.Editor\Config\AutomationConfig.cs:170)
System.Reflection.RuntimeMethodInfo:InternalInvoke(RuntimeMethodInfo, Object, Object[], Exception&)
System.Reflection.RuntimeMethodInfo:Invoke(Object, BindingFlags, Binder, Object[], CultureInfo)
System.Reflection.MethodBase:Invoke(Object, Object[])
UnityEditor.EditorAssemblies:ProcessInitializeOnLoadMethodAttributes()

(Filename: C:/Sirenix/Sirenix Solution/Sirenix.OdinInspector.Editor/Validation/Validators/SceneReference.cs Line: 119)

InvalidOperationException: Calling OpenScene Raisefrom assembly reloading callbacks are not supported.
  at (wrapper managed-to-native) UnityEditor.SceneManagement.EditorSceneManager.OpenScene_Injected(string,UnityEditor.SceneManagement.OpenSceneMode,UnityEngine.SceneManagement.Scene&)
  at UnityEditor.SceneManagement.EditorSceneManager.OpenScene (System.String scenePath, UnityEditor.SceneManagement.OpenSceneMode mode) [0x00000] in <63965ae56af7489797f355b7c1211ab2>:0 
  at Sirenix.OdinInspector.Editor.Validation.SceneReference.TryOpenScene (UnityEditor.SceneManagement.OpenSceneMode mode, UnityEngine.SceneManagement.Scene& scene) [0x00017] in C:\Sirenix\Sirenix Solution\Sirenix.OdinInspector.Editor\Validation\Validators\SceneReference.cs:114 
UnityEngine.DebugLogHandler:Internal_LogException(Exception, Object)
UnityEngine.DebugLogHandler:LogException(Exception, Object)
UnityEngine.Logger:LogException(Exception, Object)
UnityEngine.Debug:LogException(Exception)
Sirenix.OdinInspector.Editor.Validation.SceneReference:TryOpenScene(OpenSceneMode, Scene&) (at C:\Sirenix\Sirenix Solution\Sirenix.OdinInspector.Editor\Validation\Validators\SceneReference.cs:119)
Sirenix.OdinValidator.Editor.<ValidateCurrentWorkQueueEnumerator>d__59:MoveNext() (at C:\Sirenix\Sirenix Solution\Sirenix.OdinValidator.Editor\Core\ValidationSession.cs:557)
Sirenix.OdinValidator.Editor.<ValidateEverythingEnumeratorBatched>d__54:MoveNext() (at C:\Sirenix\Sirenix Solution\Sirenix.OdinValidator.Editor\Core\ValidationSession.cs:376)
Sirenix.OdinValidator.Editor.AutomationConfig:RunValidationScan(String, ValidationSetup, Boolean, Action, Boolean, Boolean, Boolean, Boolean, Boolean, Boolean, Boolean, Boolean) (at C:\Sirenix\Sirenix Solution\Sirenix.OdinValidator.Editor\Config\AutomationConfig.cs:305)
Sirenix.OdinValidator.Editor.AutomationConfig:ActuallyInitHooks() (at C:\Sirenix\Sirenix Solution\Sirenix.OdinValidator.Editor\Config\AutomationConfig.cs:186)
Sirenix.OdinValidator.Editor.AutomationConfig:InitHooks() (at C:\Sirenix\Sirenix Solution\Sirenix.OdinValidator.Editor\Config\AutomationConfig.cs:170)
System.Reflection.RuntimeMethodInfo:InternalInvoke(RuntimeMethodInfo, Object, Object[], Exception&)
System.Reflection.RuntimeMethodInfo:Invoke(Object, BindingFlags, Binder, Object[], CultureInfo)
System.Reflection.MethodBase:Invoke(Object, Object[])
UnityEditor.EditorAssemblies:ProcessInitializeOnLoadMethodAttributes()

(Filename: C:/Sirenix/Sirenix Solution/Sirenix.OdinInspector.Editor/Validation/Validators/SceneReference.cs Line: 119)

InvalidOperationException: Calling OpenScene Raisefrom assembly reloading callbacks are not supported.
  at (wrapper managed-to-native) UnityEditor.SceneManagement.EditorSceneManager.OpenScene_Injected(string,UnityEditor.SceneManagement.OpenSceneMode,UnityEngine.SceneManagement.Scene&)
  at UnityEditor.SceneManagement.EditorSceneManager.OpenScene (System.String scenePath, UnityEditor.SceneManagement.OpenSceneMode mode) [0x00000] in <63965ae56af7489797f355b7c1211ab2>:0 
  at Sirenix.OdinInspector.Editor.Validation.SceneReference.TryOpenScene (UnityEditor.SceneManagement.OpenSceneMode mode, UnityEngine.SceneManagement.Scene& scene) [0x00017] in C:\Sirenix\Sirenix Solution\Sirenix.OdinInspector.Editor\Validation\Validators\SceneReference.cs:114 
UnityEngine.DebugLogHandler:Internal_LogException(Exception, Object)
UnityEngine.DebugLogHandler:LogException(Exception, Object)
UnityEngine.Logger:LogException(Exception, Object)
UnityEngine.Debug:LogException(Exception)
Sirenix.OdinInspector.Editor.Validation.SceneReference:TryOpenScene(OpenSceneMode, Scene&) (at C:\Sirenix\Sirenix Solution\Sirenix.OdinInspector.Editor\Validation\Validators\SceneReference.cs:119)
Sirenix.OdinValidator.Editor.<ValidateCurrentWorkQueueEnumerator>d__59:MoveNext() (at C:\Sirenix\Sirenix Solution\Sirenix.OdinValidator.Editor\Core\ValidationSession.cs:557)
Sirenix.OdinValidator.Editor.<ValidateEverythingEnumeratorBatched>d__54:MoveNext() (at C:\Sirenix\Sirenix Solution\Sirenix.OdinValidator.Editor\Core\ValidationSession.cs:376)
Sirenix.OdinValidator.Editor.AutomationConfig:RunValidationScan(String, ValidationSetup, Boolean, Action, Boolean, Boolean, Boolean, Boolean, Boolean, Boolean, Boolean, Boolean) (at C:\Sirenix\Sirenix Solution\Sirenix.OdinValidator.Editor\Config\AutomationConfig.cs:305)
Sirenix.OdinValidator.Editor.AutomationConfig:ActuallyInitHooks() (at C:\Sirenix\Sirenix Solution\Sirenix.OdinValidator.Editor\Config\AutomationConfig.cs:186)
Sirenix.OdinValidator.Editor.AutomationConfig:InitHooks() (at C:\Sirenix\Sirenix Solution\Sirenix.OdinValidator.Editor\Config\AutomationConfig.cs:170)
System.Reflection.RuntimeMethodInfo:InternalInvoke(RuntimeMethodInfo, Object, Object[], Exception&)
System.Reflection.RuntimeMethodInfo:Invoke(Object, BindingFlags, Binder, Object[], CultureInfo)
System.Reflection.MethodBase:Invoke(Object, Object[])
UnityEditor.EditorAssemblies:ProcessInitializeOnLoadMethodAttributes()

(Filename: C:/Sirenix/Sirenix Solution/Sirenix.OdinInspector.Editor/Validation/Validators/SceneReference.cs Line: 119)

InvalidOperationException: Calling OpenScene Raisefrom assembly reloading callbacks are not supported.
  at (wrapper managed-to-native) UnityEditor.SceneManagement.EditorSceneManager.OpenScene_Injected(string,UnityEditor.SceneManagement.OpenSceneMode,UnityEngine.SceneManagement.Scene&)
  at UnityEditor.SceneManagement.EditorSceneManager.OpenScene (System.String scenePath, UnityEditor.SceneManagement.OpenSceneMode mode) [0x00000] in <63965ae56af7489797f355b7c1211ab2>:0 
  at Sirenix.OdinInspector.Editor.Validation.SceneReference.TryOpenScene (UnityEditor.SceneManagement.OpenSceneMode mode, UnityEngine.SceneManagement.Scene& scene) [0x00017] in C:\Sirenix\Sirenix Solution\Sirenix.OdinInspector.Editor\Validation\Validators\SceneReference.cs:114 
UnityEngine.DebugLogHandler:Internal_LogException(Exception, Object)
UnityEngine.DebugLogHandler:LogException(Exception, Object)
UnityEngine.Logger:LogException(Exception, Object)
UnityEngine.Debug:LogException(Exception)
Sirenix.OdinInspector.Editor.Validation.SceneReference:TryOpenScene(OpenSceneMode, Scene&) (at C:\Sirenix\Sirenix Solution\Sirenix.OdinInspector.Editor\Validation\Validators\SceneReference.cs:119)
Sirenix.OdinValidator.Editor.<ValidateCurrentWorkQueueEnumerator>d__59:MoveNext() (at C:\Sirenix\Sirenix Solution\Sirenix.OdinValidator.Editor\Core\ValidationSession.cs:557)
Sirenix.OdinValidator.Editor.<ValidateEverythingEnumeratorBatched>d__54:MoveNext() (at C:\Sirenix\Sirenix Solution\Sirenix.OdinValidator.Editor\Core\ValidationSession.cs:376)
Sirenix.OdinValidator.Editor.AutomationConfig:RunValidationScan(String, ValidationSetup, Boolean, Action, Boolean, Boolean, Boolean, Boolean, Boolean, Boolean, Boolean, Boolean) (at C:\Sirenix\Sirenix Solution\Sirenix.OdinValidator.Editor\Config\AutomationConfig.cs:305)
Sirenix.OdinValidator.Editor.AutomationConfig:ActuallyInitHooks() (at C:\Sirenix\Sirenix Solution\Sirenix.OdinValidator.Editor\Config\AutomationConfig.cs:186)
Sirenix.OdinValidator.Editor.AutomationConfig:InitHooks() (at C:\Sirenix\Sirenix Solution\Sirenix.OdinValidator.Editor\Config\AutomationConfig.cs:170)
System.Reflection.RuntimeMethodInfo:InternalInvoke(RuntimeMethodInfo, Object, Object[], Exception&)
System.Reflection.RuntimeMethodInfo:Invoke(Object, BindingFlags, Binder, Object[], CultureInfo)
System.Reflection.MethodBase:Invoke(Object, Object[])
UnityEditor.EditorAssemblies:ProcessInitializeOnLoadMethodAttributes()

(Filename: C:/Sirenix/Sirenix Solution/Sirenix.OdinInspector.Editor/Validation/Validators/SceneReference.cs Line: 119)

InvalidOperationException: Calling OpenScene Raisefrom assembly reloading callbacks are not supported.
  at (wrapper managed-to-native) UnityEditor.SceneManagement.EditorSceneManager.OpenScene_Injected(string,UnityEditor.SceneManagement.OpenSceneMode,UnityEngine.SceneManagement.Scene&)
  at UnityEditor.SceneManagement.EditorSceneManager.OpenScene (System.String scenePath, UnityEditor.SceneManagement.OpenSceneMode mode) [0x00000] in <63965ae56af7489797f355b7c1211ab2>:0 
  at Sirenix.OdinInspector.Editor.Validation.SceneReference.TryOpenScene (UnityEditor.SceneManagement.OpenSceneMode mode, UnityEngine.SceneManagement.Scene& scene) [0x00017] in C:\Sirenix\Sirenix Solution\Sirenix.OdinInspector.Editor\Validation\Validators\SceneReference.cs:114 
UnityEngine.DebugLogHandler:Internal_LogException(Exception, Object)
UnityEngine.DebugLogHandler:LogException(Exception, Object)
UnityEngine.Logger:LogException(Exception, Object)
UnityEngine.Debug:LogException(Exception)
Sirenix.OdinInspector.Editor.Validation.SceneReference:TryOpenScene(OpenSceneMode, Scene&) (at C:\Sirenix\Sirenix Solution\Sirenix.OdinInspector.Editor\Validation\Validators\SceneReference.cs:119)
Sirenix.OdinValidator.Editor.<ValidateCurrentWorkQueueEnumerator>d__59:MoveNext() (at C:\Sirenix\Sirenix Solution\Sirenix.OdinValidator.Editor\Core\ValidationSession.cs:557)
Sirenix.OdinValidator.Editor.<ValidateEverythingEnumeratorBatched>d__54:MoveNext() (at C:\Sirenix\Sirenix Solution\Sirenix.OdinValidator.Editor\Core\ValidationSession.cs:376)
Sirenix.OdinValidator.Editor.AutomationConfig:RunValidationScan(String, ValidationSetup, Boolean, Action, Boolean, Boolean, Boolean, Boolean, Boolean, Boolean, Boolean, Boolean) (at C:\Sirenix\Sirenix Solution\Sirenix.OdinValidator.Editor\Config\AutomationConfig.cs:305)
Sirenix.OdinValidator.Editor.AutomationConfig:ActuallyInitHooks() (at C:\Sirenix\Sirenix Solution\Sirenix.OdinValidator.Editor\Config\AutomationConfig.cs:186)
Sirenix.OdinValidator.Editor.AutomationConfig:InitHooks() (at C:\Sirenix\Sirenix Solution\Sirenix.OdinValidator.Editor\Config\AutomationConfig.cs:170)
System.Reflection.RuntimeMethodInfo:InternalInvoke(RuntimeMethodInfo, Object, Object[], Exception&)
System.Reflection.RuntimeMethodInfo:Invoke(Object, BindingFlags, Binder, Object[], CultureInfo)
System.Reflection.MethodBase:Invoke(Object, Object[])
UnityEditor.EditorAssemblies:ProcessInitializeOnLoadMethodAttributes()

(Filename: C:/Sirenix/Sirenix Solution/Sirenix.OdinInspector.Editor/Validation/Validators/SceneReference.cs Line: 119)

InvalidOperationException: Calling OpenScene Raisefrom assembly reloading callbacks are not supported.
  at (wrapper managed-to-native) UnityEditor.SceneManagement.EditorSceneManager.OpenScene_Injected(string,UnityEditor.SceneManagement.OpenSceneMode,UnityEngine.SceneManagement.Scene&)
  at UnityEditor.SceneManagement.EditorSceneManager.OpenScene (System.String scenePath, UnityEditor.SceneManagement.OpenSceneMode mode) [0x00000] in <63965ae56af7489797f355b7c1211ab2>:0 
  at Sirenix.OdinInspector.Editor.Validation.SceneReference.TryOpenScene (UnityEditor.SceneManagement.OpenSceneMode mode, UnityEngine.SceneManagement.Scene& scene) [0x00017] in C:\Sirenix\Sirenix Solution\Sirenix.OdinInspector.Editor\Validation\Validators\SceneReference.cs:114 
UnityEngine.DebugLogHandler:Internal_LogException(Exception, Object)
UnityEngine.DebugLogHandler:LogException(Exception, Object)
UnityEngine.Logger:LogException(Exception, Object)
UnityEngine.Debug:LogException(Exception)
Sirenix.OdinInspector.Editor.Validation.SceneReference:TryOpenScene(OpenSceneMode, Scene&) (at C:\Sirenix\Sirenix Solution\Sirenix.OdinInspector.Editor\Validation\Validators\SceneReference.cs:119)
Sirenix.OdinValidator.Editor.<ValidateCurrentWorkQueueEnumerator>d__59:MoveNext() (at C:\Sirenix\Sirenix Solution\Sirenix.OdinValidator.Editor\Core\ValidationSession.cs:557)
Sirenix.OdinValidator.Editor.<ValidateEverythingEnumeratorBatched>d__54:MoveNext() (at C:\Sirenix\Sirenix Solution\Sirenix.OdinValidator.Editor\Core\ValidationSession.cs:376)
Sirenix.OdinValidator.Editor.AutomationConfig:RunValidationScan(String, ValidationSetup, Boolean, Action, Boolean, Boolean, Boolean, Boolean, Boolean, Boolean, Boolean, Boolean) (at C:\Sirenix\Sirenix Solution\Sirenix.OdinValidator.Editor\Config\AutomationConfig.cs:305)
Sirenix.OdinValidator.Editor.AutomationConfig:ActuallyInitHooks() (at C:\Sirenix\Sirenix Solution\Sirenix.OdinValidator.Editor\Config\AutomationConfig.cs:186)
Sirenix.OdinValidator.Editor.AutomationConfig:InitHooks() (at C:\Sirenix\Sirenix Solution\Sirenix.OdinValidator.Editor\Config\AutomationConfig.cs:170)
System.Reflection.RuntimeMethodInfo:InternalInvoke(RuntimeMethodInfo, Object, Object[], Exception&)
System.Reflection.RuntimeMethodInfo:Invoke(Object, BindingFlags, Binder, Object[], CultureInfo)
System.Reflection.MethodBase:Invoke(Object, Object[])
UnityEditor.EditorAssemblies:ProcessInitializeOnLoadMethodAttributes()

(Filename: C:/Sirenix/Sirenix Solution/Sirenix.OdinInspector.Editor/Validation/Validators/SceneReference.cs Line: 119)

InvalidOperationException: Calling OpenScene Raisefrom assembly reloading callbacks are not supported.
  at (wrapper managed-to-native) UnityEditor.SceneManagement.EditorSceneManager.OpenScene_Injected(string,UnityEditor.SceneManagement.OpenSceneMode,UnityEngine.SceneManagement.Scene&)
  at UnityEditor.SceneManagement.EditorSceneManager.OpenScene (System.String scenePath, UnityEditor.SceneManagement.OpenSceneMode mode) [0x00000] in <63965ae56af7489797f355b7c1211ab2>:0 
  at Sirenix.OdinInspector.Editor.Validation.SceneReference.TryOpenScene (UnityEditor.SceneManagement.OpenSceneMode mode, UnityEngine.SceneManagement.Scene& scene) [0x00017] in C:\Sirenix\Sirenix Solution\Sirenix.OdinInspector.Editor\Validation\Validators\SceneReference.cs:114 
UnityEngine.DebugLogHandler:Internal_LogException(Exception, Object)
UnityEngine.DebugLogHandler:LogException(Exception, Object)
UnityEngine.Logger:LogException(Exception, Object)
UnityEngine.Debug:LogException(Exception)
Sirenix.OdinInspector.Editor.Validation.SceneReference:TryOpenScene(OpenSceneMode, Scene&) (at C:\Sirenix\Sirenix Solution\Sirenix.OdinInspector.Editor\Validation\Validators\SceneReference.cs:119)
Sirenix.OdinValidator.Editor.<ValidateCurrentWorkQueueEnumerator>d__59:MoveNext() (at C:\Sirenix\Sirenix Solution\Sirenix.OdinValidator.Editor\Core\ValidationSession.cs:557)
Sirenix.OdinValidator.Editor.<ValidateEverythingEnumeratorBatched>d__54:MoveNext() (at C:\Sirenix\Sirenix Solution\Sirenix.OdinValidator.Editor\Core\ValidationSession.cs:376)
Sirenix.OdinValidator.Editor.AutomationConfig:RunValidationScan(String, ValidationSetup, Boolean, Action, Boolean, Boolean, Boolean, Boolean, Boolean, Boolean, Boolean, Boolean) (at C:\Sirenix\Sirenix Solution\Sirenix.OdinValidator.Editor\Config\AutomationConfig.cs:305)
Sirenix.OdinValidator.Editor.AutomationConfig:ActuallyInitHooks() (at C:\Sirenix\Sirenix Solution\Sirenix.OdinValidator.Editor\Config\AutomationConfig.cs:186)
Sirenix.OdinValidator.Editor.AutomationConfig:InitHooks() (at C:\Sirenix\Sirenix Solution\Sirenix.OdinValidator.Editor\Config\AutomationConfig.cs:170)
System.Reflection.RuntimeMethodInfo:InternalInvoke(RuntimeMethodInfo, Object, Object[], Exception&)
System.Reflection.RuntimeMethodInfo:Invoke(Object, BindingFlags, Binder, Object[], CultureInfo)
System.Reflection.MethodBase:Invoke(Object, Object[])
UnityEditor.EditorAssemblies:ProcessInitializeOnLoadMethodAttributes()

(Filename: C:/Sirenix/Sirenix Solution/Sirenix.OdinInspector.Editor/Validation/Validators/SceneReference.cs Line: 119)

InvalidOperationException: Calling OpenScene Raisefrom assembly reloading callbacks are not supported.
  at (wrapper managed-to-native) UnityEditor.SceneManagement.EditorSceneManager.OpenScene_Injected(string,UnityEditor.SceneManagement.OpenSceneMode,UnityEngine.SceneManagement.Scene&)
  at UnityEditor.SceneManagement.EditorSceneManager.OpenScene (System.String scenePath, UnityEditor.SceneManagement.OpenSceneMode mode) [0x00000] in <63965ae56af7489797f355b7c1211ab2>:0 
  at Sirenix.OdinInspector.Editor.Validation.SceneReference.TryOpenScene (UnityEditor.SceneManagement.OpenSceneMode mode, UnityEngine.SceneManagement.Scene& scene) [0x00017] in C:\Sirenix\Sirenix Solution\Sirenix.OdinInspector.Editor\Validation\Validators\SceneReference.cs:114 
UnityEngine.DebugLogHandler:Internal_LogException(Exception, Object)
UnityEngine.DebugLogHandler:LogException(Exception, Object)
UnityEngine.Logger:LogException(Exception, Object)
UnityEngine.Debug:LogException(Exception)
Sirenix.OdinInspector.Editor.Validation.SceneReference:TryOpenScene(OpenSceneMode, Scene&) (at C:\Sirenix\Sirenix Solution\Sirenix.OdinInspector.Editor\Validation\Validators\SceneReference.cs:119)
Sirenix.OdinValidator.Editor.<ValidateCurrentWorkQueueEnumerator>d__59:MoveNext() (at C:\Sirenix\Sirenix Solution\Sirenix.OdinValidator.Editor\Core\ValidationSession.cs:557)
Sirenix.OdinValidator.Editor.<ValidateEverythingEnumeratorBatched>d__54:MoveNext() (at C:\Sirenix\Sirenix Solution\Sirenix.OdinValidator.Editor\Core\ValidationSession.cs:376)
Sirenix.OdinValidator.Editor.AutomationConfig:RunValidationScan(String, ValidationSetup, Boolean, Action, Boolean, Boolean, Boolean, Boolean, Boolean, Boolean, Boolean, Boolean) (at C:\Sirenix\Sirenix Solution\Sirenix.OdinValidator.Editor\Config\AutomationConfig.cs:305)
Sirenix.OdinValidator.Editor.AutomationConfig:ActuallyInitHooks() (at C:\Sirenix\Sirenix Solution\Sirenix.OdinValidator.Editor\Config\AutomationConfig.cs:186)
Sirenix.OdinValidator.Editor.AutomationConfig:InitHooks() (at C:\Sirenix\Sirenix Solution\Sirenix.OdinValidator.Editor\Config\AutomationConfig.cs:170)
System.Reflection.RuntimeMethodInfo:InternalInvoke(RuntimeMethodInfo, Object, Object[], Exception&)
System.Reflection.RuntimeMethodInfo:Invoke(Object, BindingFlags, Binder, Object[], CultureInfo)
System.Reflection.MethodBase:Invoke(Object, Object[])
UnityEditor.EditorAssemblies:ProcessInitializeOnLoadMethodAttributes()

(Filename: C:/Sirenix/Sirenix Solution/Sirenix.OdinInspector.Editor/Validation/Validators/SceneReference.cs Line: 119)

InvalidOperationException: Calling OpenScene Raisefrom assembly reloading callbacks are not supported.
  at (wrapper managed-to-native) UnityEditor.SceneManagement.EditorSceneManager.OpenScene_Injected(string,UnityEditor.SceneManagement.OpenSceneMode,UnityEngine.SceneManagement.Scene&)
  at UnityEditor.SceneManagement.EditorSceneManager.OpenScene (System.String scenePath, UnityEditor.SceneManagement.OpenSceneMode mode) [0x00000] in <63965ae56af7489797f355b7c1211ab2>:0 
  at Sirenix.OdinInspector.Editor.Validation.SceneReference.TryOpenScene (UnityEditor.SceneManagement.OpenSceneMode mode, UnityEngine.SceneManagement.Scene& scene) [0x00017] in C:\Sirenix\Sirenix Solution\Sirenix.OdinInspector.Editor\Validation\Validators\SceneReference.cs:114 
UnityEngine.DebugLogHandler:Internal_LogException(Exception, Object)
UnityEngine.DebugLogHandler:LogException(Exception, Object)
UnityEngine.Logger:LogException(Exception, Object)
UnityEngine.Debug:LogException(Exception)
Sirenix.OdinInspector.Editor.Validation.SceneReference:TryOpenScene(OpenSceneMode, Scene&) (at C:\Sirenix\Sirenix Solution\Sirenix.OdinInspector.Editor\Validation\Validators\SceneReference.cs:119)
Sirenix.OdinValidator.Editor.<ValidateCurrentWorkQueueEnumerator>d__59:MoveNext() (at C:\Sirenix\Sirenix Solution\Sirenix.OdinValidator.Editor\Core\ValidationSession.cs:557)
Sirenix.OdinValidator.Editor.<ValidateEverythingEnumeratorBatched>d__54:MoveNext() (at C:\Sirenix\Sirenix Solution\Sirenix.OdinValidator.Editor\Core\ValidationSession.cs:376)
Sirenix.OdinValidator.Editor.AutomationConfig:RunValidationScan(String, ValidationSetup, Boolean, Action, Boolean, Boolean, Boolean, Boolean, Boolean, Boolean, Boolean, Boolean) (at C:\Sirenix\Sirenix Solution\Sirenix.OdinValidator.Editor\Config\AutomationConfig.cs:305)
Sirenix.OdinValidator.Editor.AutomationConfig:ActuallyInitHooks() (at C:\Sirenix\Sirenix Solution\Sirenix.OdinValidator.Editor\Config\AutomationConfig.cs:186)
Sirenix.OdinValidator.Editor.AutomationConfig:InitHooks() (at C:\Sirenix\Sirenix Solution\Sirenix.OdinValidator.Editor\Config\AutomationConfig.cs:170)
System.Reflection.RuntimeMethodInfo:InternalInvoke(RuntimeMethodInfo, Object, Object[], Exception&)
System.Reflection.RuntimeMethodInfo:Invoke(Object, BindingFlags, Binder, Object[], CultureInfo)
System.Reflection.MethodBase:Invoke(Object, Object[])
UnityEditor.EditorAssemblies:ProcessInitializeOnLoadMethodAttributes()

(Filename: C:/Sirenix/Sirenix Solution/Sirenix.OdinInspector.Editor/Validation/Validators/SceneReference.cs Line: 119)

InvalidOperationException: Calling OpenScene Raisefrom assembly reloading callbacks are not supported.
  at (wrapper managed-to-native) UnityEditor.SceneManagement.EditorSceneManager.OpenScene_Injected(string,UnityEditor.SceneManagement.OpenSceneMode,UnityEngine.SceneManagement.Scene&)
  at UnityEditor.SceneManagement.EditorSceneManager.OpenScene (System.String scenePath, UnityEditor.SceneManagement.OpenSceneMode mode) [0x00000] in <63965ae56af7489797f355b7c1211ab2>:0 
  at Sirenix.OdinInspector.Editor.Validation.SceneReference.TryOpenScene (UnityEditor.SceneManagement.OpenSceneMode mode, UnityEngine.SceneManagement.Scene& scene) [0x00017] in C:\Sirenix\Sirenix Solution\Sirenix.OdinInspector.Editor\Validation\Validators\SceneReference.cs:114 
UnityEngine.DebugLogHandler:Internal_LogException(Exception, Object)
UnityEngine.DebugLogHandler:LogException(Exception, Object)
UnityEngine.Logger:LogException(Exception, Object)
UnityEngine.Debug:LogException(Exception)
Sirenix.OdinInspector.Editor.Validation.SceneReference:TryOpenScene(OpenSceneMode, Scene&) (at C:\Sirenix\Sirenix Solution\Sirenix.OdinInspector.Editor\Validation\Validators\SceneReference.cs:119)
Sirenix.OdinValidator.Editor.<ValidateCurrentWorkQueueEnumerator>d__59:MoveNext() (at C:\Sirenix\Sirenix Solution\Sirenix.OdinValidator.Editor\Core\ValidationSession.cs:557)
Sirenix.OdinValidator.Editor.<ValidateEverythingEnumeratorBatched>d__54:MoveNext() (at C:\Sirenix\Sirenix Solution\Sirenix.OdinValidator.Editor\Core\ValidationSession.cs:376)
Sirenix.OdinValidator.Editor.AutomationConfig:RunValidationScan(String, ValidationSetup, Boolean, Action, Boolean, Boolean, Boolean, Boolean, Boolean, Boolean, Boolean, Boolean) (at C:\Sirenix\Sirenix Solution\Sirenix.OdinValidator.Editor\Config\AutomationConfig.cs:305)
Sirenix.OdinValidator.Editor.AutomationConfig:ActuallyInitHooks() (at C:\Sirenix\Sirenix Solution\Sirenix.OdinValidator.Editor\Config\AutomationConfig.cs:186)
Sirenix.OdinValidator.Editor.AutomationConfig:InitHooks() (at C:\Sirenix\Sirenix Solution\Sirenix.OdinValidator.Editor\Config\AutomationConfig.cs:170)
System.Reflection.RuntimeMethodInfo:InternalInvoke(RuntimeMethodInfo, Object, Object[], Exception&)
System.Reflection.RuntimeMethodInfo:Invoke(Object, BindingFlags, Binder, Object[], CultureInfo)
System.Reflection.MethodBase:Invoke(Object, Object[])
UnityEditor.EditorAssemblies:ProcessInitializeOnLoadMethodAttributes()

(Filename: C:/Sirenix/Sirenix Solution/Sirenix.OdinInspector.Editor/Validation/Validators/SceneReference.cs Line: 119)

InvalidOperationException: Calling OpenScene Raisefrom assembly reloading callbacks are not supported.
  at (wrapper managed-to-native) UnityEditor.SceneManagement.EditorSceneManager.OpenScene_Injected(string,UnityEditor.SceneManagement.OpenSceneMode,UnityEngine.SceneManagement.Scene&)
  at UnityEditor.SceneManagement.EditorSceneManager.OpenScene (System.String scenePath, UnityEditor.SceneManagement.OpenSceneMode mode) [0x00000] in <63965ae56af7489797f355b7c1211ab2>:0 
  at Sirenix.OdinInspector.Editor.Validation.SceneReference.TryOpenScene (UnityEditor.SceneManagement.OpenSceneMode mode, UnityEngine.SceneManagement.Scene& scene) [0x00017] in C:\Sirenix\Sirenix Solution\Sirenix.OdinInspector.Editor\Validation\Validators\SceneReference.cs:114 
UnityEngine.DebugLogHandler:Internal_LogException(Exception, Object)
UnityEngine.DebugLogHandler:LogException(Exception, Object)
UnityEngine.Logger:LogException(Exception, Object)
UnityEngine.Debug:LogException(Exception)
Sirenix.OdinInspector.Editor.Validation.SceneReference:TryOpenScene(OpenSceneMode, Scene&) (at C:\Sirenix\Sirenix Solution\Sirenix.OdinInspector.Editor\Validation\Validators\SceneReference.cs:119)
Sirenix.OdinValidator.Editor.<ValidateCurrentWorkQueueEnumerator>d__59:MoveNext() (at C:\Sirenix\Sirenix Solution\Sirenix.OdinValidator.Editor\Core\ValidationSession.cs:557)
Sirenix.OdinValidator.Editor.<ValidateEverythingEnumeratorBatched>d__54:MoveNext() (at C:\Sirenix\Sirenix Solution\Sirenix.OdinValidator.Editor\Core\ValidationSession.cs:376)
Sirenix.OdinValidator.Editor.AutomationConfig:RunValidationScan(String, ValidationSetup, Boolean, Action, Boolean, Boolean, Boolean, Boolean, Boolean, Boolean, Boolean, Boolean) (at C:\Sirenix\Sirenix Solution\Sirenix.OdinValidator.Editor\Config\AutomationConfig.cs:305)
Sirenix.OdinValidator.Editor.AutomationConfig:ActuallyInitHooks() (at C:\Sirenix\Sirenix Solution\Sirenix.OdinValidator.Editor\Config\AutomationConfig.cs:186)
Sirenix.OdinValidator.Editor.AutomationConfig:InitHooks() (at C:\Sirenix\Sirenix Solution\Sirenix.OdinValidator.Editor\Config\AutomationConfig.cs:170)
System.Reflection.RuntimeMethodInfo:InternalInvoke(RuntimeMethodInfo, Object, Object[], Exception&)
System.Reflection.RuntimeMethodInfo:Invoke(Object, BindingFlags, Binder, Object[], CultureInfo)
System.Reflection.MethodBase:Invoke(Object, Object[])
UnityEditor.EditorAssemblies:ProcessInitializeOnLoadMethodAttributes()

(Filename: C:/Sirenix/Sirenix Solution/Sirenix.OdinInspector.Editor/Validation/Validators/SceneReference.cs Line: 119)

InvalidOperationException: Calling OpenScene Raisefrom assembly reloading callbacks are not supported.
  at (wrapper managed-to-native) UnityEditor.SceneManagement.EditorSceneManager.OpenScene_Injected(string,UnityEditor.SceneManagement.OpenSceneMode,UnityEngine.SceneManagement.Scene&)
  at UnityEditor.SceneManagement.EditorSceneManager.OpenScene (System.String scenePath, UnityEditor.SceneManagement.OpenSceneMode mode) [0x00000] in <63965ae56af7489797f355b7c1211ab2>:0 
  at Sirenix.OdinInspector.Editor.Validation.SceneReference.TryOpenScene (UnityEditor.SceneManagement.OpenSceneMode mode, UnityEngine.SceneManagement.Scene& scene) [0x00017] in C:\Sirenix\Sirenix Solution\Sirenix.OdinInspector.Editor\Validation\Validators\SceneReference.cs:114 
UnityEngine.DebugLogHandler:Internal_LogException(Exception, Object)
UnityEngine.DebugLogHandler:LogException(Exception, Object)
UnityEngine.Logger:LogException(Exception, Object)
UnityEngine.Debug:LogException(Exception)
Sirenix.OdinInspector.Editor.Validation.SceneReference:TryOpenScene(OpenSceneMode, Scene&) (at C:\Sirenix\Sirenix Solution\Sirenix.OdinInspector.Editor\Validation\Validators\SceneReference.cs:119)
Sirenix.OdinValidator.Editor.<ValidateCurrentWorkQueueEnumerator>d__59:MoveNext() (at C:\Sirenix\Sirenix Solution\Sirenix.OdinValidator.Editor\Core\ValidationSession.cs:557)
Sirenix.OdinValidator.Editor.<ValidateEverythingEnumeratorBatched>d__54:MoveNext() (at C:\Sirenix\Sirenix Solution\Sirenix.OdinValidator.Editor\Core\ValidationSession.cs:376)
Sirenix.OdinValidator.Editor.AutomationConfig:RunValidationScan(String, ValidationSetup, Boolean, Action, Boolean, Boolean, Boolean, Boolean, Boolean, Boolean, Boolean, Boolean) (at C:\Sirenix\Sirenix Solution\Sirenix.OdinValidator.Editor\Config\AutomationConfig.cs:305)
Sirenix.OdinValidator.Editor.AutomationConfig:ActuallyInitHooks() (at C:\Sirenix\Sirenix Solution\Sirenix.OdinValidator.Editor\Config\AutomationConfig.cs:186)
Sirenix.OdinValidator.Editor.AutomationConfig:InitHooks() (at C:\Sirenix\Sirenix Solution\Sirenix.OdinValidator.Editor\Config\AutomationConfig.cs:170)
System.Reflection.RuntimeMethodInfo:InternalInvoke(RuntimeMethodInfo, Object, Object[], Exception&)
System.Reflection.RuntimeMethodInfo:Invoke(Object, BindingFlags, Binder, Object[], CultureInfo)
System.Reflection.MethodBase:Invoke(Object, Object[])
UnityEditor.EditorAssemblies:ProcessInitializeOnLoadMethodAttributes()

(Filename: C:/Sirenix/Sirenix Solution/Sirenix.OdinInspector.Editor/Validation/Validators/SceneReference.cs Line: 119)

InvalidOperationException: Calling OpenScene Raisefrom assembly reloading callbacks are not supported.
  at (wrapper managed-to-native) UnityEditor.SceneManagement.EditorSceneManager.OpenScene_Injected(string,UnityEditor.SceneManagement.OpenSceneMode,UnityEngine.SceneManagement.Scene&)
  at UnityEditor.SceneManagement.EditorSceneManager.OpenScene (System.String scenePath, UnityEditor.SceneManagement.OpenSceneMode mode) [0x00000] in <63965ae56af7489797f355b7c1211ab2>:0 
  at Sirenix.OdinInspector.Editor.Validation.SceneReference.TryOpenScene (UnityEditor.SceneManagement.OpenSceneMode mode, UnityEngine.SceneManagement.Scene& scene) [0x00017] in C:\Sirenix\Sirenix Solution\Sirenix.OdinInspector.Editor\Validation\Validators\SceneReference.cs:114 
UnityEngine.DebugLogHandler:Internal_LogException(Exception, Object)
UnityEngine.DebugLogHandler:LogException(Exception, Object)
UnityEngine.Logger:LogException(Exception, Object)
UnityEngine.Debug:LogException(Exception)
Sirenix.OdinInspector.Editor.Validation.SceneReference:TryOpenScene(OpenSceneMode, Scene&) (at C:\Sirenix\Sirenix Solution\Sirenix.OdinInspector.Editor\Validation\Validators\SceneReference.cs:119)
Sirenix.OdinValidator.Editor.<ValidateCurrentWorkQueueEnumerator>d__59:MoveNext() (at C:\Sirenix\Sirenix Solution\Sirenix.OdinValidator.Editor\Core\ValidationSession.cs:557)
Sirenix.OdinValidator.Editor.<ValidateEverythingEnumeratorBatched>d__54:MoveNext() (at C:\Sirenix\Sirenix Solution\Sirenix.OdinValidator.Editor\Core\ValidationSession.cs:376)
Sirenix.OdinValidator.Editor.AutomationConfig:RunValidationScan(String, ValidationSetup, Boolean, Action, Boolean, Boolean, Boolean, Boolean, Boolean, Boolean, Boolean, Boolean) (at C:\Sirenix\Sirenix Solution\Sirenix.OdinValidator.Editor\Config\AutomationConfig.cs:305)
Sirenix.OdinValidator.Editor.AutomationConfig:ActuallyInitHooks() (at C:\Sirenix\Sirenix Solution\Sirenix.OdinValidator.Editor\Config\AutomationConfig.cs:186)
Sirenix.OdinValidator.Editor.AutomationConfig:InitHooks() (at C:\Sirenix\Sirenix Solution\Sirenix.OdinValidator.Editor\Config\AutomationConfig.cs:170)
System.Reflection.RuntimeMethodInfo:InternalInvoke(RuntimeMethodInfo, Object, Object[], Exception&)
System.Reflection.RuntimeMethodInfo:Invoke(Object, BindingFlags, Binder, Object[], CultureInfo)
System.Reflection.MethodBase:Invoke(Object, Object[])
UnityEditor.EditorAssemblies:ProcessInitializeOnLoadMethodAttributes()

(Filename: C:/Sirenix/Sirenix Solution/Sirenix.OdinInspector.Editor/Validation/Validators/SceneReference.cs Line: 119)

InvalidOperationException: Calling OpenScene Raisefrom assembly reloading callbacks are not supported.
  at (wrapper managed-to-native) UnityEditor.SceneManagement.EditorSceneManager.OpenScene_Injected(string,UnityEditor.SceneManagement.OpenSceneMode,UnityEngine.SceneManagement.Scene&)
  at UnityEditor.SceneManagement.EditorSceneManager.OpenScene (System.String scenePath, UnityEditor.SceneManagement.OpenSceneMode mode) [0x00000] in <63965ae56af7489797f355b7c1211ab2>:0 
  at Sirenix.OdinInspector.Editor.Validation.SceneReference.TryOpenScene (UnityEditor.SceneManagement.OpenSceneMode mode, UnityEngine.SceneManagement.Scene& scene) [0x00017] in C:\Sirenix\Sirenix Solution\Sirenix.OdinInspector.Editor\Validation\Validators\SceneReference.cs:114 
UnityEngine.DebugLogHandler:Internal_LogException(Exception, Object)
UnityEngine.DebugLogHandler:LogException(Exception, Object)
UnityEngine.Logger:LogException(Exception, Object)
UnityEngine.Debug:LogException(Exception)
Sirenix.OdinInspector.Editor.Validation.SceneReference:TryOpenScene(OpenSceneMode, Scene&) (at C:\Sirenix\Sirenix Solution\Sirenix.OdinInspector.Editor\Validation\Validators\SceneReference.cs:119)
Sirenix.OdinValidator.Editor.<ValidateCurrentWorkQueueEnumerator>d__59:MoveNext() (at C:\Sirenix\Sirenix Solution\Sirenix.OdinValidator.Editor\Core\ValidationSession.cs:557)
Sirenix.OdinValidator.Editor.<ValidateEverythingEnumeratorBatched>d__54:MoveNext() (at C:\Sirenix\Sirenix Solution\Sirenix.OdinValidator.Editor\Core\ValidationSession.cs:376)
Sirenix.OdinValidator.Editor.AutomationConfig:RunValidationScan(String, ValidationSetup, Boolean, Action, Boolean, Boolean, Boolean, Boolean, Boolean, Boolean, Boolean, Boolean) (at C:\Sirenix\Sirenix Solution\Sirenix.OdinValidator.Editor\Config\AutomationConfig.cs:305)
Sirenix.OdinValidator.Editor.AutomationConfig:ActuallyInitHooks() (at C:\Sirenix\Sirenix Solution\Sirenix.OdinValidator.Editor\Config\AutomationConfig.cs:186)
Sirenix.OdinValidator.Editor.AutomationConfig:InitHooks() (at C:\Sirenix\Sirenix Solution\Sirenix.OdinValidator.Editor\Config\AutomationConfig.cs:170)
System.Reflection.RuntimeMethodInfo:InternalInvoke(RuntimeMethodInfo, Object, Object[], Exception&)
System.Reflection.RuntimeMethodInfo:Invoke(Object, BindingFlags, Binder, Object[], CultureInfo)
System.Reflection.MethodBase:Invoke(Object, Object[])
UnityEditor.EditorAssemblies:ProcessInitializeOnLoadMethodAttributes()

(Filename: C:/Sirenix/Sirenix Solution/Sirenix.OdinInspector.Editor/Validation/Validators/SceneReference.cs Line: 119)

InvalidOperationException: Calling OpenScene Raisefrom assembly reloading callbacks are not supported.
  at (wrapper managed-to-native) UnityEditor.SceneManagement.EditorSceneManager.OpenScene_Injected(string,UnityEditor.SceneManagement.OpenSceneMode,UnityEngine.SceneManagement.Scene&)
  at UnityEditor.SceneManagement.EditorSceneManager.OpenScene (System.String scenePath, UnityEditor.SceneManagement.OpenSceneMode mode) [0x00000] in <63965ae56af7489797f355b7c1211ab2>:0 
  at Sirenix.OdinInspector.Editor.Validation.SceneReference.TryOpenScene (UnityEditor.SceneManagement.OpenSceneMode mode, UnityEngine.SceneManagement.Scene& scene) [0x00017] in C:\Sirenix\Sirenix Solution\Sirenix.OdinInspector.Editor\Validation\Validators\SceneReference.cs:114 
UnityEngine.DebugLogHandler:Internal_LogException(Exception, Object)
UnityEngine.DebugLogHandler:LogException(Exception, Object)
UnityEngine.Logger:LogException(Exception, Object)
UnityEngine.Debug:LogException(Exception)
Sirenix.OdinInspector.Editor.Validation.SceneReference:TryOpenScene(OpenSceneMode, Scene&) (at C:\Sirenix\Sirenix Solution\Sirenix.OdinInspector.Editor\Validation\Validators\SceneReference.cs:119)
Sirenix.OdinValidator.Editor.<ValidateCurrentWorkQueueEnumerator>d__59:MoveNext() (at C:\Sirenix\Sirenix Solution\Sirenix.OdinValidator.Editor\Core\ValidationSession.cs:557)
Sirenix.OdinValidator.Editor.<ValidateEverythingEnumeratorBatched>d__54:MoveNext() (at C:\Sirenix\Sirenix Solution\Sirenix.OdinValidator.Editor\Core\ValidationSession.cs:376)
Sirenix.OdinValidator.Editor.AutomationConfig:RunValidationScan(String, ValidationSetup, Boolean, Action, Boolean, Boolean, Boolean, Boolean, Boolean, Boolean, Boolean, Boolean) (at C:\Sirenix\Sirenix Solution\Sirenix.OdinValidator.Editor\Config\AutomationConfig.cs:305)
Sirenix.OdinValidator.Editor.AutomationConfig:ActuallyInitHooks() (at C:\Sirenix\Sirenix Solution\Sirenix.OdinValidator.Editor\Config\AutomationConfig.cs:186)
Sirenix.OdinValidator.Editor.AutomationConfig:InitHooks() (at C:\Sirenix\Sirenix Solution\Sirenix.OdinValidator.Editor\Config\AutomationConfig.cs:170)
System.Reflection.RuntimeMethodInfo:InternalInvoke(RuntimeMethodInfo, Object, Object[], Exception&)
System.Reflection.RuntimeMethodInfo:Invoke(Object, BindingFlags, Binder, Object[], CultureInfo)
System.Reflection.MethodBase:Invoke(Object, Object[])
UnityEditor.EditorAssemblies:ProcessInitializeOnLoadMethodAttributes()

(Filename: C:/Sirenix/Sirenix Solution/Sirenix.OdinInspector.Editor/Validation/Validators/SceneReference.cs Line: 119)

InvalidOperationException: Calling OpenScene Raisefrom assembly reloading callbacks are not supported.
  at (wrapper managed-to-native) UnityEditor.SceneManagement.EditorSceneManager.OpenScene_Injected(string,UnityEditor.SceneManagement.OpenSceneMode,UnityEngine.SceneManagement.Scene&)
  at UnityEditor.SceneManagement.EditorSceneManager.OpenScene (System.String scenePath, UnityEditor.SceneManagement.OpenSceneMode mode) [0x00000] in <63965ae56af7489797f355b7c1211ab2>:0 
  at Sirenix.OdinInspector.Editor.Validation.SceneReference.TryOpenScene (UnityEditor.SceneManagement.OpenSceneMode mode, UnityEngine.SceneManagement.Scene& scene) [0x00017] in C:\Sirenix\Sirenix Solution\Sirenix.OdinInspector.Editor\Validation\Validators\SceneReference.cs:114 
UnityEngine.DebugLogHandler:Internal_LogException(Exception, Object)
UnityEngine.DebugLogHandler:LogException(Exception, Object)
UnityEngine.Logger:LogException(Exception, Object)
UnityEngine.Debug:LogException(Exception)
Sirenix.OdinInspector.Editor.Validation.SceneReference:TryOpenScene(OpenSceneMode, Scene&) (at C:\Sirenix\Sirenix Solution\Sirenix.OdinInspector.Editor\Validation\Validators\SceneReference.cs:119)
Sirenix.OdinValidator.Editor.<ValidateCurrentWorkQueueEnumerator>d__59:MoveNext() (at C:\Sirenix\Sirenix Solution\Sirenix.OdinValidator.Editor\Core\ValidationSession.cs:557)
Sirenix.OdinValidator.Editor.<ValidateEverythingEnumeratorBatched>d__54:MoveNext() (at C:\Sirenix\Sirenix Solution\Sirenix.OdinValidator.Editor\Core\ValidationSession.cs:376)
Sirenix.OdinValidator.Editor.AutomationConfig:RunValidationScan(String, ValidationSetup, Boolean, Action, Boolean, Boolean, Boolean, Boolean, Boolean, Boolean, Boolean, Boolean) (at C:\Sirenix\Sirenix Solution\Sirenix.OdinValidator.Editor\Config\AutomationConfig.cs:305)
Sirenix.OdinValidator.Editor.AutomationConfig:ActuallyInitHooks() (at C:\Sirenix\Sirenix Solution\Sirenix.OdinValidator.Editor\Config\AutomationConfig.cs:186)
Sirenix.OdinValidator.Editor.AutomationConfig:InitHooks() (at C:\Sirenix\Sirenix Solution\Sirenix.OdinValidator.Editor\Config\AutomationConfig.cs:170)
System.Reflection.RuntimeMethodInfo:InternalInvoke(RuntimeMethodInfo, Object, Object[], Exception&)
System.Reflection.RuntimeMethodInfo:Invoke(Object, BindingFlags, Binder, Object[], CultureInfo)
System.Reflection.MethodBase:Invoke(Object, Object[])
UnityEditor.EditorAssemblies:ProcessInitializeOnLoadMethodAttributes()

(Filename: C:/Sirenix/Sirenix Solution/Sirenix.OdinInspector.Editor/Validation/Validators/SceneReference.cs Line: 119)

InvalidOperationException: Calling OpenScene Raisefrom assembly reloading callbacks are not supported.
  at (wrapper managed-to-native) UnityEditor.SceneManagement.EditorSceneManager.OpenScene_Injected(string,UnityEditor.SceneManagement.OpenSceneMode,UnityEngine.SceneManagement.Scene&)
  at UnityEditor.SceneManagement.EditorSceneManager.OpenScene (System.String scenePath, UnityEditor.SceneManagement.OpenSceneMode mode) [0x00000] in <63965ae56af7489797f355b7c1211ab2>:0 
  at Sirenix.OdinInspector.Editor.Validation.SceneReference.TryOpenScene (UnityEditor.SceneManagement.OpenSceneMode mode, UnityEngine.SceneManagement.Scene& scene) [0x00017] in C:\Sirenix\Sirenix Solution\Sirenix.OdinInspector.Editor\Validation\Validators\SceneReference.cs:114 
UnityEngine.DebugLogHandler:Internal_LogException(Exception, Object)
UnityEngine.DebugLogHandler:LogException(Exception, Object)
UnityEngine.Logger:LogException(Exception, Object)
UnityEngine.Debug:LogException(Exception)
Sirenix.OdinInspector.Editor.Validation.SceneReference:TryOpenScene(OpenSceneMode, Scene&) (at C:\Sirenix\Sirenix Solution\Sirenix.OdinInspector.Editor\Validation\Validators\SceneReference.cs:119)
Sirenix.OdinValidator.Editor.<ValidateCurrentWorkQueueEnumerator>d__59:MoveNext() (at C:\Sirenix\Sirenix Solution\Sirenix.OdinValidator.Editor\Core\ValidationSession.cs:557)
Sirenix.OdinValidator.Editor.<ValidateEverythingEnumeratorBatched>d__54:MoveNext() (at C:\Sirenix\Sirenix Solution\Sirenix.OdinValidator.Editor\Core\ValidationSession.cs:376)
Sirenix.OdinValidator.Editor.AutomationConfig:RunValidationScan(String, ValidationSetup, Boolean, Action, Boolean, Boolean, Boolean, Boolean, Boolean, Boolean, Boolean, Boolean) (at C:\Sirenix\Sirenix Solution\Sirenix.OdinValidator.Editor\Config\AutomationConfig.cs:305)
Sirenix.OdinValidator.Editor.AutomationConfig:ActuallyInitHooks() (at C:\Sirenix\Sirenix Solution\Sirenix.OdinValidator.Editor\Config\AutomationConfig.cs:186)
Sirenix.OdinValidator.Editor.AutomationConfig:InitHooks() (at C:\Sirenix\Sirenix Solution\Sirenix.OdinValidator.Editor\Config\AutomationConfig.cs:170)
System.Reflection.RuntimeMethodInfo:InternalInvoke(RuntimeMethodInfo, Object, Object[], Exception&)
System.Reflection.RuntimeMethodInfo:Invoke(Object, BindingFlags, Binder, Object[], CultureInfo)
System.Reflection.MethodBase:Invoke(Object, Object[])
UnityEditor.EditorAssemblies:ProcessInitializeOnLoadMethodAttributes()

(Filename: C:/Sirenix/Sirenix Solution/Sirenix.OdinInspector.Editor/Validation/Validators/SceneReference.cs Line: 119)

InvalidOperationException: Calling OpenScene Raisefrom assembly reloading callbacks are not supported.
  at (wrapper managed-to-native) UnityEditor.SceneManagement.EditorSceneManager.OpenScene_Injected(string,UnityEditor.SceneManagement.OpenSceneMode,UnityEngine.SceneManagement.Scene&)
  at UnityEditor.SceneManagement.EditorSceneManager.OpenScene (System.String scenePath, UnityEditor.SceneManagement.OpenSceneMode mode) [0x00000] in <63965ae56af7489797f355b7c1211ab2>:0 
  at Sirenix.OdinInspector.Editor.Validation.SceneReference.TryOpenScene (UnityEditor.SceneManagement.OpenSceneMode mode, UnityEngine.SceneManagement.Scene& scene) [0x00017] in C:\Sirenix\Sirenix Solution\Sirenix.OdinInspector.Editor\Validation\Validators\SceneReference.cs:114 
UnityEngine.DebugLogHandler:Internal_LogException(Exception, Object)
UnityEngine.DebugLogHandler:LogException(Exception, Object)
UnityEngine.Logger:LogException(Exception, Object)
UnityEngine.Debug:LogException(Exception)
Sirenix.OdinInspector.Editor.Validation.SceneReference:TryOpenScene(OpenSceneMode, Scene&) (at C:\Sirenix\Sirenix Solution\Sirenix.OdinInspector.Editor\Validation\Validators\SceneReference.cs:119)
Sirenix.OdinValidator.Editor.<ValidateCurrentWorkQueueEnumerator>d__59:MoveNext() (at C:\Sirenix\Sirenix Solution\Sirenix.OdinValidator.Editor\Core\ValidationSession.cs:557)
Sirenix.OdinValidator.Editor.<ValidateEverythingEnumeratorBatched>d__54:MoveNext() (at C:\Sirenix\Sirenix Solution\Sirenix.OdinValidator.Editor\Core\ValidationSession.cs:376)
Sirenix.OdinValidator.Editor.AutomationConfig:RunValidationScan(String, ValidationSetup, Boolean, Action, Boolean, Boolean, Boolean, Boolean, Boolean, Boolean, Boolean, Boolean) (at C:\Sirenix\Sirenix Solution\Sirenix.OdinValidator.Editor\Config\AutomationConfig.cs:305)
Sirenix.OdinValidator.Editor.AutomationConfig:ActuallyInitHooks() (at C:\Sirenix\Sirenix Solution\Sirenix.OdinValidator.Editor\Config\AutomationConfig.cs:186)
Sirenix.OdinValidator.Editor.AutomationConfig:InitHooks() (at C:\Sirenix\Sirenix Solution\Sirenix.OdinValidator.Editor\Config\AutomationConfig.cs:170)
System.Reflection.RuntimeMethodInfo:InternalInvoke(RuntimeMethodInfo, Object, Object[], Exception&)
System.Reflection.RuntimeMethodInfo:Invoke(Object, BindingFlags, Binder, Object[], CultureInfo)
System.Reflection.MethodBase:Invoke(Object, Object[])
UnityEditor.EditorAssemblies:ProcessInitializeOnLoadMethodAttributes()

(Filename: C:/Sirenix/Sirenix Solution/Sirenix.OdinInspector.Editor/Validation/Validators/SceneReference.cs Line: 119)

InvalidOperationException: Calling OpenScene Raisefrom assembly reloading callbacks are not supported.
  at (wrapper managed-to-native) UnityEditor.SceneManagement.EditorSceneManager.OpenScene_Injected(string,UnityEditor.SceneManagement.OpenSceneMode,UnityEngine.SceneManagement.Scene&)
  at UnityEditor.SceneManagement.EditorSceneManager.OpenScene (System.String scenePath, UnityEditor.SceneManagement.OpenSceneMode mode) [0x00000] in <63965ae56af7489797f355b7c1211ab2>:0 
  at Sirenix.OdinInspector.Editor.Validation.SceneReference.TryOpenScene (UnityEditor.SceneManagement.OpenSceneMode mode, UnityEngine.SceneManagement.Scene& scene) [0x00017] in C:\Sirenix\Sirenix Solution\Sirenix.OdinInspector.Editor\Validation\Validators\SceneReference.cs:114 
UnityEngine.DebugLogHandler:Internal_LogException(Exception, Object)
UnityEngine.DebugLogHandler:LogException(Exception, Object)
UnityEngine.Logger:LogException(Exception, Object)
UnityEngine.Debug:LogException(Exception)
Sirenix.OdinInspector.Editor.Validation.SceneReference:TryOpenScene(OpenSceneMode, Scene&) (at C:\Sirenix\Sirenix Solution\Sirenix.OdinInspector.Editor\Validation\Validators\SceneReference.cs:119)
Sirenix.OdinValidator.Editor.<ValidateCurrentWorkQueueEnumerator>d__59:MoveNext() (at C:\Sirenix\Sirenix Solution\Sirenix.OdinValidator.Editor\Core\ValidationSession.cs:557)
Sirenix.OdinValidator.Editor.<ValidateEverythingEnumeratorBatched>d__54:MoveNext() (at C:\Sirenix\Sirenix Solution\Sirenix.OdinValidator.Editor\Core\ValidationSession.cs:376)
Sirenix.OdinValidator.Editor.AutomationConfig:RunValidationScan(String, ValidationSetup, Boolean, Action, Boolean, Boolean, Boolean, Boolean, Boolean, Boolean, Boolean, Boolean) (at C:\Sirenix\Sirenix Solution\Sirenix.OdinValidator.Editor\Config\AutomationConfig.cs:305)
Sirenix.OdinValidator.Editor.AutomationConfig:ActuallyInitHooks() (at C:\Sirenix\Sirenix Solution\Sirenix.OdinValidator.Editor\Config\AutomationConfig.cs:186)
Sirenix.OdinValidator.Editor.AutomationConfig:InitHooks() (at C:\Sirenix\Sirenix Solution\Sirenix.OdinValidator.Editor\Config\AutomationConfig.cs:170)
System.Reflection.RuntimeMethodInfo:InternalInvoke(RuntimeMethodInfo, Object, Object[], Exception&)
System.Reflection.RuntimeMethodInfo:Invoke(Object, BindingFlags, Binder, Object[], CultureInfo)
System.Reflection.MethodBase:Invoke(Object, Object[])
UnityEditor.EditorAssemblies:ProcessInitializeOnLoadMethodAttributes()

(Filename: C:/Sirenix/Sirenix Solution/Sirenix.OdinInspector.Editor/Validation/Validators/SceneReference.cs Line: 119)

InvalidOperationException: Calling OpenScene Raisefrom assembly reloading callbacks are not supported.
  at (wrapper managed-to-native) UnityEditor.SceneManagement.EditorSceneManager.OpenScene_Injected(string,UnityEditor.SceneManagement.OpenSceneMode,UnityEngine.SceneManagement.Scene&)
  at UnityEditor.SceneManagement.EditorSceneManager.OpenScene (System.String scenePath, UnityEditor.SceneManagement.OpenSceneMode mode) [0x00000] in <63965ae56af7489797f355b7c1211ab2>:0 
  at Sirenix.OdinInspector.Editor.Validation.SceneReference.TryOpenScene (UnityEditor.SceneManagement.OpenSceneMode mode, UnityEngine.SceneManagement.Scene& scene) [0x00017] in C:\Sirenix\Sirenix Solution\Sirenix.OdinInspector.Editor\Validation\Validators\SceneReference.cs:114 
UnityEngine.DebugLogHandler:Internal_LogException(Exception, Object)
UnityEngine.DebugLogHandler:LogException(Exception, Object)
UnityEngine.Logger:LogException(Exception, Object)
UnityEngine.Debug:LogException(Exception)
Sirenix.OdinInspector.Editor.Validation.SceneReference:TryOpenScene(OpenSceneMode, Scene&) (at C:\Sirenix\Sirenix Solution\Sirenix.OdinInspector.Editor\Validation\Validators\SceneReference.cs:119)
Sirenix.OdinValidator.Editor.<ValidateCurrentWorkQueueEnumerator>d__59:MoveNext() (at C:\Sirenix\Sirenix Solution\Sirenix.OdinValidator.Editor\Core\ValidationSession.cs:557)
Sirenix.OdinValidator.Editor.<ValidateEverythingEnumeratorBatched>d__54:MoveNext() (at C:\Sirenix\Sirenix Solution\Sirenix.OdinValidator.Editor\Core\ValidationSession.cs:376)
Sirenix.OdinValidator.Editor.AutomationConfig:RunValidationScan(String, ValidationSetup, Boolean, Action, Boolean, Boolean, Boolean, Boolean, Boolean, Boolean, Boolean, Boolean) (at C:\Sirenix\Sirenix Solution\Sirenix.OdinValidator.Editor\Config\AutomationConfig.cs:305)
Sirenix.OdinValidator.Editor.AutomationConfig:ActuallyInitHooks() (at C:\Sirenix\Sirenix Solution\Sirenix.OdinValidator.Editor\Config\AutomationConfig.cs:186)
Sirenix.OdinValidator.Editor.AutomationConfig:InitHooks() (at C:\Sirenix\Sirenix Solution\Sirenix.OdinValidator.Editor\Config\AutomationConfig.cs:170)
System.Reflection.RuntimeMethodInfo:InternalInvoke(RuntimeMethodInfo, Object, Object[], Exception&)
System.Reflection.RuntimeMethodInfo:Invoke(Object, BindingFlags, Binder, Object[], CultureInfo)
System.Reflection.MethodBase:Invoke(Object, Object[])
UnityEditor.EditorAssemblies:ProcessInitializeOnLoadMethodAttributes()

(Filename: C:/Sirenix/Sirenix Solution/Sirenix.OdinInspector.Editor/Validation/Validators/SceneReference.cs Line: 119)

InvalidOperationException: Calling OpenScene Raisefrom assembly reloading callbacks are not supported.
  at (wrapper managed-to-native) UnityEditor.SceneManagement.EditorSceneManager.OpenScene_Injected(string,UnityEditor.SceneManagement.OpenSceneMode,UnityEngine.SceneManagement.Scene&)
  at UnityEditor.SceneManagement.EditorSceneManager.OpenScene (System.String scenePath, UnityEditor.SceneManagement.OpenSceneMode mode) [0x00000] in <63965ae56af7489797f355b7c1211ab2>:0 
  at Sirenix.OdinInspector.Editor.Validation.SceneReference.TryOpenScene (UnityEditor.SceneManagement.OpenSceneMode mode, UnityEngine.SceneManagement.Scene& scene) [0x00017] in C:\Sirenix\Sirenix Solution\Sirenix.OdinInspector.Editor\Validation\Validators\SceneReference.cs:114 
UnityEngine.DebugLogHandler:Internal_LogException(Exception, Object)
UnityEngine.DebugLogHandler:LogException(Exception, Object)
UnityEngine.Logger:LogException(Exception, Object)
UnityEngine.Debug:LogException(Exception)
Sirenix.OdinInspector.Editor.Validation.SceneReference:TryOpenScene(OpenSceneMode, Scene&) (at C:\Sirenix\Sirenix Solution\Sirenix.OdinInspector.Editor\Validation\Validators\SceneReference.cs:119)
Sirenix.OdinValidator.Editor.<ValidateCurrentWorkQueueEnumerator>d__59:MoveNext() (at C:\Sirenix\Sirenix Solution\Sirenix.OdinValidator.Editor\Core\ValidationSession.cs:557)
Sirenix.OdinValidator.Editor.<ValidateEverythingEnumeratorBatched>d__54:MoveNext() (at C:\Sirenix\Sirenix Solution\Sirenix.OdinValidator.Editor\Core\ValidationSession.cs:376)
Sirenix.OdinValidator.Editor.AutomationConfig:RunValidationScan(String, ValidationSetup, Boolean, Action, Boolean, Boolean, Boolean, Boolean, Boolean, Boolean, Boolean, Boolean) (at C:\Sirenix\Sirenix Solution\Sirenix.OdinValidator.Editor\Config\AutomationConfig.cs:305)
Sirenix.OdinValidator.Editor.AutomationConfig:ActuallyInitHooks() (at C:\Sirenix\Sirenix Solution\Sirenix.OdinValidator.Editor\Config\AutomationConfig.cs:186)
Sirenix.OdinValidator.Editor.AutomationConfig:InitHooks() (at C:\Sirenix\Sirenix Solution\Sirenix.OdinValidator.Editor\Config\AutomationConfig.cs:170)
System.Reflection.RuntimeMethodInfo:InternalInvoke(RuntimeMethodInfo, Object, Object[], Exception&)
System.Reflection.RuntimeMethodInfo:Invoke(Object, BindingFlags, Binder, Object[], CultureInfo)
System.Reflection.MethodBase:Invoke(Object, Object[])
UnityEditor.EditorAssemblies:ProcessInitializeOnLoadMethodAttributes()

(Filename: C:/Sirenix/Sirenix Solution/Sirenix.OdinInspector.Editor/Validation/Validators/SceneReference.cs Line: 119)

Completed validating 11 values in 0.3134188 seconds.
UnityEngine.StackTraceUtility:ExtractStackTrace ()
UnityEngine.DebugLogHandler:LogFormat (UnityEngine.LogType,UnityEngine.Object,string,object[])
UnityEngine.Logger:Log (UnityEngine.LogType,object)
UnityEngine.Debug:Log (object)
Sirenix.OdinValidator.Editor.ValidationSession/<ValidateEverythingEnumeratorBatched>d__54:<>m__Finally1 () (at C:/Sirenix/Sirenix Solution/Sirenix.OdinValidator.Editor/Core/ValidationSession.cs:433)
Sirenix.OdinValidator.Editor.ValidationSession/<ValidateEverythingEnumeratorBatched>d__54:System.IDisposable.Dispose ()
Sirenix.OdinValidator.Editor.AutomationConfig:RunValidationScan (string,Sirenix.OdinValidator.Editor.AutomationConfig/ValidationSetup,bool,System.Action,bool,bool,bool,bool,bool,bool,bool,bool) (at C:/Sirenix/Sirenix Solution/Sirenix.OdinValidator.Editor/Config/AutomationConfig.cs:305)
Sirenix.OdinValidator.Editor.AutomationConfig:ActuallyInitHooks () (at C:/Sirenix/Sirenix Solution/Sirenix.OdinValidator.Editor/Config/AutomationConfig.cs:186)
Sirenix.OdinValidator.Editor.AutomationConfig:InitHooks () (at C:/Sirenix/Sirenix Solution/Sirenix.OdinValidator.Editor/Config/AutomationConfig.cs:170)
System.Reflection.RuntimeMethodInfo:Invoke (object,System.Reflection.BindingFlags,System.Reflection.Binder,object[],System.Globalization.CultureInfo)
System.Reflection.MethodBase:Invoke (object,object[])
UnityEditor.EditorAssemblies:ProcessInitializeOnLoadMethodAttributes ()

(Filename: C:/Sirenix/Sirenix Solution/Sirenix.OdinValidator.Editor/Core/ValidationSession.cs Line: 433)

Mono: successfully reloaded assembly
- Completed reload, in  2.173 seconds
Domain Reload Profiling:
	ReloadAssembly (2174ms)
		BeginReloadAssembly (215ms)
			ExecutionOrderSort (0ms)
			DisableScriptedObjects (5ms)
			BackupInstance (0ms)
			ReleaseScriptingObjects (0ms)
			CreateAndSetChildDomain (124ms)
		EndReloadAssembly (1846ms)
			LoadAssemblies (255ms)
			RebuildTransferFunctionScriptingTraits (0ms)
			SetupTypeCache (274ms)
			ReleaseScriptCaches (1ms)
			RebuildScriptCaches (66ms)
			SetupLoadedEditorAssemblies (1220ms)
				LogAssemblyErrors (0ms)
				InitializePlatformSupportModulesInManaged (14ms)
				SetLoadedEditorAssemblies (0ms)
				RefreshPlugins (71ms)
				BeforeProcessingInitializeOnLoad (92ms)
				ProcessInitializeOnLoadAttributes (506ms)
				ProcessInitializeOnLoadMethodAttributes (535ms)
				AfterProcessingInitializeOnLoad (2ms)
				EditorAssembliesLoaded (0ms)
			ExecutionOrderSort2 (0ms)
			AwakeInstancesAfterBackupRestoration (6ms)
Platform modules already initialized, skipping
========================================================================
Worker process is ready to serve import requests
Launched and connected shader compiler UnityShaderCompiler.exe after 0.15 seconds
Refreshing native plugins compatible for Editor in 1.21 ms, found 2 plugins.
Preloading 0 native plugins for Editor in 0.00 ms.
Unloading 4531 Unused Serialized files (Serialized files now loaded: 0)
Unloading 129 unused Assets / (1.6 MB). Loaded Objects now: 5008.
Memory consumption went from 293.8 MB to 292.1 MB.
Total: 24.238500 ms (FindLiveObjects: 0.387900 ms CreateObjectMapping: 0.399100 ms MarkObjects: 22.974200 ms  DeleteObjects: 0.475900 ms)

Unloading 0 Unused Serialized files (Serialized files now loaded: 0)
Unloading 0 unused Assets / (1.5 MB). Loaded Objects now: 5008.
Memory consumption went from 292.0 MB to 290.5 MB.
Total: 21.933300 ms (FindLiveObjects: 0.488300 ms CreateObjectMapping: 0.565200 ms MarkObjects: 20.795100 ms  DeleteObjects: 0.083700 ms)

AssetImportParameters requested are different than current active one (requested -> active):
  custom:video-decoder-ogg-theora: a1e56fd34408186e4bbccfd4996cb3dc -> 
  custom:container-muxer-webm: aa71ff27fc2769a1b78a27578f13a17b -> 
  custom:container-demuxer-webm: 4f35f7cbe854078d1ac9338744f61a02 -> 
  custom:video-encoder-webm-vp8: eb34c28f22e8b96e1ab97ce403110664 -> 
  custom:video-codec-MediaFoundation-h265: 746d11721c4dcdbdad8f713fa42b33f4 -> 
  custom:audio-encoder-webm-vorbis: bf7c407c2cedff20999df2af8eb42d56 -> 
  custom:framework-win-MediaFoundation: 216162199b28c13a410421893ffa2e32 -> 
  custom:container-demuxer-ogg: 62fdf1f143b41e24485cea50d1cbac27 -> 
  custom:video-decoder-webm-vp8: 9c59270c3fd7afecdb556c50c9e8de78 -> 
  custom:audio-decoder-ogg-vorbis: bf7c407c2cedff20999df2af8eb42d56 -> 
========================================================================
Received Prepare
Registering precompiled user dll's ...
Registered in 0.016449 seconds.
Begin MonoManager ReloadAssembly
Symbol file LoadedFromMemory is not a mono symbol file
Native extension for UWP target not found
Native extension for LinuxStandalone target not found
Native extension for WindowsStandalone target not found
Native extension for Android target not found
Native extension for OSXStandalone target not found
Native extension for WebGL target not found
Refreshing native plugins compatible for Editor in 1.17 ms, found 2 plugins.
Preloading 0 native plugins for Editor in 0.00 ms.
GPGSUpgrader start
UnityEngine.StackTraceUtility:ExtractStackTrace ()
UnityEngine.DebugLogHandler:LogFormat (UnityEngine.LogType,UnityEngine.Object,string,object[])
UnityEngine.Logger:Log (UnityEngine.LogType,object)
UnityEngine.Debug:Log (object)
GooglePlayGames.Editor.GPGSUpgrader:.cctor () (at Assets/GooglePlayGames/com.google.play.games/Editor/GPGSUpgrader.cs:38)
System.Runtime.CompilerServices.RuntimeHelpers:RunClassConstructor (System.RuntimeTypeHandle)
UnityEditor.EditorAssemblies:ProcessInitializeOnLoadAttributes (System.Type[])

(Filename: Assets/GooglePlayGames/com.google.play.games/Editor/GPGSUpgrader.cs Line: 38)

GPGSUpgrader done
UnityEngine.StackTraceUtility:ExtractStackTrace ()
UnityEngine.DebugLogHandler:LogFormat (UnityEngine.LogType,UnityEngine.Object,string,object[])
UnityEngine.Logger:Log (UnityEngine.LogType,object)
UnityEngine.Debug:Log (object)
GooglePlayGames.Editor.GPGSUpgrader:.cctor () (at Assets/GooglePlayGames/com.google.play.games/Editor/GPGSUpgrader.cs:57)
System.Runtime.CompilerServices.RuntimeHelpers:RunClassConstructor (System.RuntimeTypeHandle)
UnityEditor.EditorAssemblies:ProcessInitializeOnLoadAttributes (System.Type[])

(Filename: Assets/GooglePlayGames/com.google.play.games/Editor/GPGSUpgrader.cs Line: 57)

Mono: successfully reloaded assembly
- Completed reload, in  1.674 seconds
Domain Reload Profiling:
	ReloadAssembly (1675ms)
		BeginReloadAssembly (153ms)
			ExecutionOrderSort (0ms)
			DisableScriptedObjects (4ms)
			BackupInstance (0ms)
			ReleaseScriptingObjects (0ms)
			CreateAndSetChildDomain (49ms)
		EndReloadAssembly (1434ms)
			LoadAssemblies (123ms)
			RebuildTransferFunctionScriptingTraits (0ms)
			SetupTypeCache (318ms)
			ReleaseScriptCaches (1ms)
			RebuildScriptCaches (55ms)
			SetupLoadedEditorAssemblies (888ms)
				LogAssemblyErrors (0ms)
				InitializePlatformSupportModulesInManaged (25ms)
				SetLoadedEditorAssemblies (0ms)
				RefreshPlugins (1ms)
				BeforeProcessingInitializeOnLoad (76ms)
				ProcessInitializeOnLoadAttributes (666ms)
				ProcessInitializeOnLoadMethodAttributes (117ms)
				AfterProcessingInitializeOnLoad (2ms)
				EditorAssembliesLoaded (0ms)
			ExecutionOrderSort2 (0ms)
			AwakeInstancesAfterBackupRestoration (7ms)
Platform modules already initialized, skipping
Refreshing native plugins compatible for Editor in 14.92 ms, found 2 plugins.
Preloading 0 native plugins for Editor in 0.00 ms.
Unloading 4310 Unused Serialized files (Serialized files now loaded: 0)
Unloading 106 unused Assets / (1.6 MB). Loaded Objects now: 5017.
Memory consumption went from 274.9 MB to 273.2 MB.
Total: 18.143400 ms (FindLiveObjects: 0.345800 ms CreateObjectMapping: 0.287200 ms MarkObjects: 17.139700 ms  DeleteObjects: 0.369500 ms)

AssetImportParameters requested are different than current active one (requested -> active):
  custom:video-decoder-ogg-theora: a1e56fd34408186e4bbccfd4996cb3dc -> 
  custom:container-muxer-webm: aa71ff27fc2769a1b78a27578f13a17b -> 
  custom:container-demuxer-webm: 4f35f7cbe854078d1ac9338744f61a02 -> 
  custom:video-encoder-webm-vp8: eb34c28f22e8b96e1ab97ce403110664 -> 
  custom:video-codec-MediaFoundation-h265: 746d11721c4dcdbdad8f713fa42b33f4 -> 
  custom:audio-encoder-webm-vorbis: bf7c407c2cedff20999df2af8eb42d56 -> 
  custom:framework-win-MediaFoundation: 216162199b28c13a410421893ffa2e32 -> 
  custom:container-demuxer-ogg: 62fdf1f143b41e24485cea50d1cbac27 -> 
  custom:video-decoder-webm-vp8: 9c59270c3fd7afecdb556c50c9e8de78 -> 
  custom:audio-decoder-ogg-vorbis: bf7c407c2cedff20999df2af8eb42d56 -> 
========================================================================
Received Import Request.
  Time since last request: 29896.663377 seconds.
  path: Assets/Recursos/FONTS/TMPRO/Games-XvD2 SDF.asset
  artifactKey: Guid(cd9040ad6aa3d3446acb85205902e43c) Importer(815301076,1909f56bfc062723c751e8b465ee728b)
Start importing Assets/Recursos/FONTS/TMPRO/Games-XvD2 SDF.asset using Guid(cd9040ad6aa3d3446acb85205902e43c) Importer(815301076,1909f56bfc062723c751e8b465ee728b)  -> (artifact id: '2f1cb72ec2362709726458e80f22e0d2') in 0.753501 seconds 
========================================================================
Received Prepare
Registering precompiled user dll's ...
Registered in 0.014713 seconds.
Begin MonoManager ReloadAssembly
Symbol file LoadedFromMemory is not a mono symbol file
Native extension for UWP target not found
Native extension for LinuxStandalone target not found
Native extension for WindowsStandalone target not found
Native extension for Android target not found
Native extension for OSXStandalone target not found
Native extension for WebGL target not found
Refreshing native plugins compatible for Editor in 1.80 ms, found 2 plugins.
Preloading 0 native plugins for Editor in 0.00 ms.
GPGSUpgrader start
UnityEngine.StackTraceUtility:ExtractStackTrace ()
UnityEngine.DebugLogHandler:LogFormat (UnityEngine.LogType,UnityEngine.Object,string,object[])
UnityEngine.Logger:Log (UnityEngine.LogType,object)
UnityEngine.Debug:Log (object)
GooglePlayGames.Editor.GPGSUpgrader:.cctor () (at Assets/GooglePlayGames/com.google.play.games/Editor/GPGSUpgrader.cs:38)
System.Runtime.CompilerServices.RuntimeHelpers:RunClassConstructor (System.RuntimeTypeHandle)
UnityEditor.EditorAssemblies:ProcessInitializeOnLoadAttributes (System.Type[])

(Filename: Assets/GooglePlayGames/com.google.play.games/Editor/GPGSUpgrader.cs Line: 38)

System.IO.IOException: Sharing violation on path C:\Users\jerem\OneDrive\Documentos\WeasUnity\KTA\ProjectSettings\GooglePlayGameSettings.txt
  at System.IO.FileStream..ctor (System.String path, System.IO.FileMode mode, System.IO.FileAccess access, System.IO.FileShare share, System.Int32 bufferSize, System.Boolean anonymous, System.IO.FileOptions options) [0x0019e] in <d6232873609549b8a045fa15811a5bd3>:0 
  at System.IO.FileStream..ctor (System.String path, System.IO.FileMode mode, System.IO.FileAccess access, System.IO.FileShare share, System.Int32 bufferSize, System.IO.FileOptions options) [0x00000] in <d6232873609549b8a045fa15811a5bd3>:0 
  at (wrapper remoting-invoke-with-check) System.IO.FileStream..ctor(string,System.IO.FileMode,System.IO.FileAccess,System.IO.FileShare,int,System.IO.FileOptions)
  at System.IO.StreamReader..ctor (System.String path, System.Text.Encoding encoding, System.Boolean detectEncodingFromByteOrderMarks, System.Int32 bufferSize) [0x00055] in <d6232873609549b8a045fa15811a5bd3>:0 
  at System.IO.StreamReader..ctor (System.String path, System.Boolean detectEncodingFromByteOrderMarks) [0x00007] in <d6232873609549b8a045fa15811a5bd3>:0 
  at System.IO.StreamReader..ctor (System.String path) [0x00000] in <d6232873609549b8a045fa15811a5bd3>:0 
  at (wrapper remoting-invoke-with-check) System.IO.StreamReader..ctor(string)
  at GooglePlayGames.Editor.GPGSProjectSettings..ctor () [0x00067] in C:\Users\jerem\OneDrive\Documentos\WeasUnity\KTA\Assets\GooglePlayGames\com.google.play.games\Editor\GPGSProjectSettings.cs:70 
  at GooglePlayGames.Editor.GPGSProjectSettings.get_Instance () [0x00007] in C:\Users\jerem\OneDrive\Documentos\WeasUnity\KTA\Assets\GooglePlayGames\com.google.play.games\Editor\GPGSProjectSettings.cs:40 
  at GooglePlayGames.Editor.GPGSUpgrader..cctor () [0x00012] in C:\Users\jerem\OneDrive\Documentos\WeasUnity\KTA\Assets\GooglePlayGames\com.google.play.games\Editor\GPGSUpgrader.cs:40 
UnityEngine.StackTraceUtility:ExtractStackTrace ()
UnityEngine.DebugLogHandler:LogFormat (UnityEngine.LogType,UnityEngine.Object,string,object[])
UnityEngine.Logger:Log (UnityEngine.LogType,object)
UnityEngine.Debug:LogError (object)
UnityEditor.EditorAssemblies:ProcessInitializeOnLoadAttributes (System.Type[])

Mono: successfully reloaded assembly
- Completed reload, in  1.871 seconds
Domain Reload Profiling:
	ReloadAssembly (1872ms)
		BeginReloadAssembly (188ms)
			ExecutionOrderSort (0ms)
			DisableScriptedObjects (5ms)
			BackupInstance (0ms)
			ReleaseScriptingObjects (0ms)
			CreateAndSetChildDomain (51ms)
		EndReloadAssembly (1568ms)
			LoadAssemblies (156ms)
			RebuildTransferFunctionScriptingTraits (0ms)
			SetupTypeCache (363ms)
			ReleaseScriptCaches (2ms)
			RebuildScriptCaches (59ms)
			SetupLoadedEditorAssemblies (967ms)
				LogAssemblyErrors (0ms)
				InitializePlatformSupportModulesInManaged (29ms)
				SetLoadedEditorAssemblies (1ms)
				RefreshPlugins (2ms)
				BeforeProcessingInitializeOnLoad (89ms)
				ProcessInitializeOnLoadAttributes (709ms)
				ProcessInitializeOnLoadMethodAttributes (134ms)
				AfterProcessingInitializeOnLoad (3ms)
				EditorAssembliesLoaded (0ms)
			ExecutionOrderSort2 (0ms)
			AwakeInstancesAfterBackupRestoration (10ms)
Platform modules already initialized, skipping
Refreshing native plugins compatible for Editor in 13.04 ms, found 2 plugins.
Preloading 0 native plugins for Editor in 0.00 ms.
Unloading 4310 Unused Serialized files (Serialized files now loaded: 0)
Unloading 100 unused Assets / (1.6 MB). Loaded Objects now: 5075.
Memory consumption went from 279.2 MB to 277.6 MB.
Total: 21.877100 ms (FindLiveObjects: 0.330800 ms CreateObjectMapping: 0.299000 ms MarkObjects: 20.886400 ms  DeleteObjects: 0.359900 ms)

AssetImportParameters requested are different than current active one (requested -> active):
  custom:video-decoder-ogg-theora: a1e56fd34408186e4bbccfd4996cb3dc -> 
  custom:container-muxer-webm: aa71ff27fc2769a1b78a27578f13a17b -> 
  custom:container-demuxer-webm: 4f35f7cbe854078d1ac9338744f61a02 -> 
  custom:video-encoder-webm-vp8: eb34c28f22e8b96e1ab97ce403110664 -> 
  custom:video-codec-MediaFoundation-h265: 746d11721c4dcdbdad8f713fa42b33f4 -> 
  custom:audio-encoder-webm-vorbis: bf7c407c2cedff20999df2af8eb42d56 -> 
  custom:framework-win-MediaFoundation: 216162199b28c13a410421893ffa2e32 -> 
  custom:container-demuxer-ogg: 62fdf1f143b41e24485cea50d1cbac27 -> 
  custom:video-decoder-webm-vp8: 9c59270c3fd7afecdb556c50c9e8de78 -> 
  custom:audio-decoder-ogg-vorbis: bf7c407c2cedff20999df2af8eb42d56 -> 
========================================================================
Received Import Request.
  Time since last request: 139.708190 seconds.
  path: Assets/Recursos/FONTS/TMPRO/Games-XvD2 SDF.asset
  artifactKey: Guid(cd9040ad6aa3d3446acb85205902e43c) Importer(815301076,1909f56bfc062723c751e8b465ee728b)
Start importing Assets/Recursos/FONTS/TMPRO/Games-XvD2 SDF.asset using Guid(cd9040ad6aa3d3446acb85205902e43c) Importer(815301076,1909f56bfc062723c751e8b465ee728b)  -> (artifact id: '7bddc616f7eb31f1eb89723682d4d810') in 0.100627 seconds 
========================================================================
Received Prepare
Registering precompiled user dll's ...
Registered in 0.014548 seconds.
Begin MonoManager ReloadAssembly
Symbol file LoadedFromMemory is not a mono symbol file
Native extension for UWP target not found
Native extension for LinuxStandalone target not found
Native extension for WindowsStandalone target not found
Native extension for Android target not found
Native extension for OSXStandalone target not found
Native extension for WebGL target not found
Refreshing native plugins compatible for Editor in 1.72 ms, found 2 plugins.
Preloading 0 native plugins for Editor in 0.00 ms.
GPGSUpgrader start
UnityEngine.StackTraceUtility:ExtractStackTrace ()
UnityEngine.DebugLogHandler:LogFormat (UnityEngine.LogType,UnityEngine.Object,string,object[])
UnityEngine.Logger:Log (UnityEngine.LogType,object)
UnityEngine.Debug:Log (object)
GooglePlayGames.Editor.GPGSUpgrader:.cctor () (at Assets/GooglePlayGames/com.google.play.games/Editor/GPGSUpgrader.cs:38)
System.Runtime.CompilerServices.RuntimeHelpers:RunClassConstructor (System.RuntimeTypeHandle)
UnityEditor.EditorAssemblies:ProcessInitializeOnLoadAttributes (System.Type[])

(Filename: Assets/GooglePlayGames/com.google.play.games/Editor/GPGSUpgrader.cs Line: 38)

GPGSUpgrader done
UnityEngine.StackTraceUtility:ExtractStackTrace ()
UnityEngine.DebugLogHandler:LogFormat (UnityEngine.LogType,UnityEngine.Object,string,object[])
UnityEngine.Logger:Log (UnityEngine.LogType,object)
UnityEngine.Debug:Log (object)
GooglePlayGames.Editor.GPGSUpgrader:.cctor () (at Assets/GooglePlayGames/com.google.play.games/Editor/GPGSUpgrader.cs:57)
System.Runtime.CompilerServices.RuntimeHelpers:RunClassConstructor (System.RuntimeTypeHandle)
UnityEditor.EditorAssemblies:ProcessInitializeOnLoadAttributes (System.Type[])

(Filename: Assets/GooglePlayGames/com.google.play.games/Editor/GPGSUpgrader.cs Line: 57)

Mono: successfully reloaded assembly
- Completed reload, in  1.568 seconds
Domain Reload Profiling:
	ReloadAssembly (1569ms)
		BeginReloadAssembly (169ms)
			ExecutionOrderSort (0ms)
			DisableScriptedObjects (4ms)
			BackupInstance (0ms)
			ReleaseScriptingObjects (0ms)
			CreateAndSetChildDomain (56ms)
		EndReloadAssembly (1300ms)
			LoadAssemblies (125ms)
			RebuildTransferFunctionScriptingTraits (0ms)
			SetupTypeCache (288ms)
			ReleaseScriptCaches (2ms)
			RebuildScriptCaches (54ms)
			SetupLoadedEditorAssemblies (813ms)
				LogAssemblyErrors (0ms)
				InitializePlatformSupportModulesInManaged (23ms)
				SetLoadedEditorAssemblies (1ms)
				RefreshPlugins (2ms)
				BeforeProcessingInitializeOnLoad (82ms)
				ProcessInitializeOnLoadAttributes (609ms)
				ProcessInitializeOnLoadMethodAttributes (94ms)
				AfterProcessingInitializeOnLoad (2ms)
				EditorAssembliesLoaded (0ms)
			ExecutionOrderSort2 (0ms)
			AwakeInstancesAfterBackupRestoration (6ms)
Platform modules already initialized, skipping
Refreshing native plugins compatible for Editor in 8.91 ms, found 2 plugins.
Preloading 0 native plugins for Editor in 0.00 ms.
Unloading 4310 Unused Serialized files (Serialized files now loaded: 0)
Unloading 100 unused Assets / (1.6 MB). Loaded Objects now: 5090.
Memory consumption went from 279.3 MB to 277.6 MB.
Total: 14.263000 ms (FindLiveObjects: 0.333900 ms CreateObjectMapping: 0.306500 ms MarkObjects: 13.338000 ms  DeleteObjects: 0.283700 ms)

AssetImportParameters requested are different than current active one (requested -> active):
  custom:video-decoder-ogg-theora: a1e56fd34408186e4bbccfd4996cb3dc -> 
  custom:container-muxer-webm: aa71ff27fc2769a1b78a27578f13a17b -> 
  custom:container-demuxer-webm: 4f35f7cbe854078d1ac9338744f61a02 -> 
  custom:video-encoder-webm-vp8: eb34c28f22e8b96e1ab97ce403110664 -> 
  custom:video-codec-MediaFoundation-h265: 746d11721c4dcdbdad8f713fa42b33f4 -> 
  custom:audio-encoder-webm-vorbis: bf7c407c2cedff20999df2af8eb42d56 -> 
  custom:framework-win-MediaFoundation: 216162199b28c13a410421893ffa2e32 -> 
  custom:container-demuxer-ogg: 62fdf1f143b41e24485cea50d1cbac27 -> 
  custom:video-decoder-webm-vp8: 9c59270c3fd7afecdb556c50c9e8de78 -> 
  custom:audio-decoder-ogg-vorbis: bf7c407c2cedff20999df2af8eb42d56 -> 
========================================================================
Received Prepare
Registering precompiled user dll's ...
Registered in 0.014304 seconds.
Begin MonoManager ReloadAssembly
Symbol file LoadedFromMemory is not a mono symbol file
Native extension for UWP target not found
Native extension for LinuxStandalone target not found
Native extension for WindowsStandalone target not found
Native extension for Android target not found
Native extension for OSXStandalone target not found
Native extension for WebGL target not found
Refreshing native plugins compatible for Editor in 1.19 ms, found 2 plugins.
Preloading 0 native plugins for Editor in 0.00 ms.
GPGSUpgrader start
UnityEngine.StackTraceUtility:ExtractStackTrace ()
UnityEngine.DebugLogHandler:LogFormat (UnityEngine.LogType,UnityEngine.Object,string,object[])
UnityEngine.Logger:Log (UnityEngine.LogType,object)
UnityEngine.Debug:Log (object)
GooglePlayGames.Editor.GPGSUpgrader:.cctor () (at Assets/GooglePlayGames/com.google.play.games/Editor/GPGSUpgrader.cs:38)
System.Runtime.CompilerServices.RuntimeHelpers:RunClassConstructor (System.RuntimeTypeHandle)
UnityEditor.EditorAssemblies:ProcessInitializeOnLoadAttributes (System.Type[])

(Filename: Assets/GooglePlayGames/com.google.play.games/Editor/GPGSUpgrader.cs Line: 38)

GPGSUpgrader done
UnityEngine.StackTraceUtility:ExtractStackTrace ()
UnityEngine.DebugLogHandler:LogFormat (UnityEngine.LogType,UnityEngine.Object,string,object[])
UnityEngine.Logger:Log (UnityEngine.LogType,object)
UnityEngine.Debug:Log (object)
GooglePlayGames.Editor.GPGSUpgrader:.cctor () (at Assets/GooglePlayGames/com.google.play.games/Editor/GPGSUpgrader.cs:57)
System.Runtime.CompilerServices.RuntimeHelpers:RunClassConstructor (System.RuntimeTypeHandle)
UnityEditor.EditorAssemblies:ProcessInitializeOnLoadAttributes (System.Type[])

(Filename: Assets/GooglePlayGames/com.google.play.games/Editor/GPGSUpgrader.cs Line: 57)

Mono: successfully reloaded assembly
- Completed reload, in  1.535 seconds
Domain Reload Profiling:
	ReloadAssembly (1535ms)
		BeginReloadAssembly (143ms)
			ExecutionOrderSort (0ms)
			DisableScriptedObjects (4ms)
			BackupInstance (0ms)
			ReleaseScriptingObjects (0ms)
			CreateAndSetChildDomain (45ms)
		EndReloadAssembly (1298ms)
			LoadAssemblies (108ms)
			RebuildTransferFunctionScriptingTraits (0ms)
			SetupTypeCache (259ms)
			ReleaseScriptCaches (1ms)
			RebuildScriptCaches (55ms)
			SetupLoadedEditorAssemblies (832ms)
				LogAssemblyErrors (0ms)
				InitializePlatformSupportModulesInManaged (23ms)
				SetLoadedEditorAssemblies (0ms)
				RefreshPlugins (1ms)
				BeforeProcessingInitializeOnLoad (80ms)
				ProcessInitializeOnLoadAttributes (609ms)
				ProcessInitializeOnLoadMethodAttributes (115ms)
				AfterProcessingInitializeOnLoad (3ms)
				EditorAssembliesLoaded (0ms)
			ExecutionOrderSort2 (0ms)
			AwakeInstancesAfterBackupRestoration (8ms)
Platform modules already initialized, skipping
Refreshing native plugins compatible for Editor in 14.48 ms, found 2 plugins.
Preloading 0 native plugins for Editor in 0.00 ms.
Unloading 4310 Unused Serialized files (Serialized files now loaded: 0)
Unloading 100 unused Assets / (1.6 MB). Loaded Objects now: 5105.
Memory consumption went from 279.3 MB to 277.6 MB.
Total: 29.842100 ms (FindLiveObjects: 0.405500 ms CreateObjectMapping: 0.344800 ms MarkObjects: 28.696700 ms  DeleteObjects: 0.394000 ms)

AssetImportParameters requested are different than current active one (requested -> active):
  custom:video-decoder-ogg-theora: a1e56fd34408186e4bbccfd4996cb3dc -> 
  custom:container-muxer-webm: aa71ff27fc2769a1b78a27578f13a17b -> 
  custom:container-demuxer-webm: 4f35f7cbe854078d1ac9338744f61a02 -> 
  custom:video-encoder-webm-vp8: eb34c28f22e8b96e1ab97ce403110664 -> 
  custom:video-codec-MediaFoundation-h265: 746d11721c4dcdbdad8f713fa42b33f4 -> 
  custom:audio-encoder-webm-vorbis: bf7c407c2cedff20999df2af8eb42d56 -> 
  custom:framework-win-MediaFoundation: 216162199b28c13a410421893ffa2e32 -> 
  custom:container-demuxer-ogg: 62fdf1f143b41e24485cea50d1cbac27 -> 
  custom:video-decoder-webm-vp8: 9c59270c3fd7afecdb556c50c9e8de78 -> 
  custom:audio-decoder-ogg-vorbis: bf7c407c2cedff20999df2af8eb42d56 -> 
========================================================================
Received Import Request.
  Time since last request: 392.231949 seconds.
  path: Assets/Recursos/FONTS/Tff/Jersey10-Regular.ttf
  artifactKey: Guid(9c202c08f7ef25b4e8fe7374e4e978ef) Importer(815301076,1909f56bfc062723c751e8b465ee728b)
Start importing Assets/Recursos/FONTS/Tff/Jersey10-Regular.ttf using Guid(9c202c08f7ef25b4e8fe7374e4e978ef) Importer(815301076,1909f56bfc062723c751e8b465ee728b)  -> (artifact id: 'f3fb934fbdbd908c1bfe899f85f723ad') in 0.145856 seconds 
========================================================================
Received Import Request.
  Time since last request: 14.527628 seconds.
  path: Assets/Recursos/FONTS/Tff/Jersey10-Regular SDF.asset
  artifactKey: Guid(09153d4320b0ae14cb04b0dd4dacac9c) Importer(815301076,1909f56bfc062723c751e8b465ee728b)
Start importing Assets/Recursos/FONTS/Tff/Jersey10-Regular SDF.asset using Guid(09153d4320b0ae14cb04b0dd4dacac9c) Importer(815301076,1909f56bfc062723c751e8b465ee728b)  -> (artifact id: '460843f71333d6fbc21c73e0b0094956') in 0.043705 seconds 
========================================================================
Received Import Request.
  Time since last request: 153.569067 seconds.
  path: Assets/Recursos/FONTS/TMPRO/Jersey10-Regular SDF.asset
  artifactKey: Guid(09153d4320b0ae14cb04b0dd4dacac9c) Importer(815301076,1909f56bfc062723c751e8b465ee728b)
Start importing Assets/Recursos/FONTS/TMPRO/Jersey10-Regular SDF.asset using Guid(09153d4320b0ae14cb04b0dd4dacac9c) Importer(815301076,1909f56bfc062723c751e8b465ee728b)  -> (artifact id: '253b7a77a9ee8b791edebdd9a52e93da') in 0.030766 seconds 
========================================================================
Received Prepare
Registering precompiled user dll's ...
Registered in 0.013389 seconds.
Begin MonoManager ReloadAssembly
Symbol file LoadedFromMemory is not a mono symbol file
Native extension for UWP target not found
Native extension for LinuxStandalone target not found
Native extension for WindowsStandalone target not found
Native extension for Android target not found
Native extension for OSXStandalone target not found
Native extension for WebGL target not found
Refreshing native plugins compatible for Editor in 1.44 ms, found 2 plugins.
Preloading 0 native plugins for Editor in 0.00 ms.
GPGSUpgrader start
UnityEngine.StackTraceUtility:ExtractStackTrace ()
UnityEngine.DebugLogHandler:LogFormat (UnityEngine.LogType,UnityEngine.Object,string,object[])
UnityEngine.Logger:Log (UnityEngine.LogType,object)
UnityEngine.Debug:Log (object)
GooglePlayGames.Editor.GPGSUpgrader:.cctor () (at Assets/GooglePlayGames/com.google.play.games/Editor/GPGSUpgrader.cs:38)
System.Runtime.CompilerServices.RuntimeHelpers:RunClassConstructor (System.RuntimeTypeHandle)
UnityEditor.EditorAssemblies:ProcessInitializeOnLoadAttributes (System.Type[])

(Filename: Assets/GooglePlayGames/com.google.play.games/Editor/GPGSUpgrader.cs Line: 38)

System.IO.IOException: Sharing violation on path C:\Users\jerem\OneDrive\Documentos\WeasUnity\KTA\ProjectSettings\GooglePlayGameSettings.txt
  at System.IO.FileStream..ctor (System.String path, System.IO.FileMode mode, System.IO.FileAccess access, System.IO.FileShare share, System.Int32 bufferSize, System.Boolean anonymous, System.IO.FileOptions options) [0x0019e] in <d6232873609549b8a045fa15811a5bd3>:0 
  at System.IO.FileStream..ctor (System.String path, System.IO.FileMode mode, System.IO.FileAccess access, System.IO.FileShare share, System.Int32 bufferSize, System.IO.FileOptions options) [0x00000] in <d6232873609549b8a045fa15811a5bd3>:0 
  at (wrapper remoting-invoke-with-check) System.IO.FileStream..ctor(string,System.IO.FileMode,System.IO.FileAccess,System.IO.FileShare,int,System.IO.FileOptions)
  at System.IO.StreamWriter..ctor (System.String path, System.Boolean append, System.Text.Encoding encoding, System.Int32 bufferSize) [0x00055] in <d6232873609549b8a045fa15811a5bd3>:0 
  at System.IO.StreamWriter..ctor (System.String path, System.Boolean append) [0x00008] in <d6232873609549b8a045fa15811a5bd3>:0 
  at (wrapper remoting-invoke-with-check) System.IO.StreamWriter..ctor(string,bool)
  at GooglePlayGames.Editor.GPGSProjectSettings.Save () [0x00035] in C:\Users\jerem\OneDrive\Documentos\WeasUnity\KTA\Assets\GooglePlayGames\com.google.play.games\Editor\GPGSProjectSettings.cs:182 
  at GooglePlayGames.Editor.GPGSUpgrader..cctor () [0x0003a] in C:\Users\jerem\OneDrive\Documentos\WeasUnity\KTA\Assets\GooglePlayGames\com.google.play.games\Editor\GPGSUpgrader.cs:43 
UnityEngine.StackTraceUtility:ExtractStackTrace ()
UnityEngine.DebugLogHandler:LogFormat (UnityEngine.LogType,UnityEngine.Object,string,object[])
UnityEngine.Logger:Log (UnityEngine.LogType,object)
UnityEngine.Debug:LogError (object)
UnityEditor.EditorAssemblies:ProcessInitializeOnLoadAttributes (System.Type[])

Mono: successfully reloaded assembly
- Completed reload, in  1.658 seconds
Domain Reload Profiling:
	ReloadAssembly (1658ms)
		BeginReloadAssembly (157ms)
			ExecutionOrderSort (0ms)
			DisableScriptedObjects (5ms)
			BackupInstance (0ms)
			ReleaseScriptingObjects (0ms)
			CreateAndSetChildDomain (50ms)
		EndReloadAssembly (1390ms)
			LoadAssemblies (118ms)
			RebuildTransferFunctionScriptingTraits (0ms)
			SetupTypeCache (291ms)
			ReleaseScriptCaches (3ms)
			RebuildScriptCaches (60ms)
			SetupLoadedEditorAssemblies (886ms)
				LogAssemblyErrors (0ms)
				InitializePlatformSupportModulesInManaged (23ms)
				SetLoadedEditorAssemblies (0ms)
				RefreshPlugins (2ms)
				BeforeProcessingInitializeOnLoad (81ms)
				ProcessInitializeOnLoadAttributes (663ms)
				ProcessInitializeOnLoadMethodAttributes (114ms)
				AfterProcessingInitializeOnLoad (3ms)
				EditorAssembliesLoaded (0ms)
			ExecutionOrderSort2 (0ms)
			AwakeInstancesAfterBackupRestoration (8ms)
Platform modules already initialized, skipping
Refreshing native plugins compatible for Editor in 15.63 ms, found 2 plugins.
Preloading 0 native plugins for Editor in 0.00 ms.
Unloading 4310 Unused Serialized files (Serialized files now loaded: 0)
Unloading 100 unused Assets / (1.6 MB). Loaded Objects now: 5122.
Memory consumption went from 279.4 MB to 277.7 MB.
Total: 19.287400 ms (FindLiveObjects: 0.359300 ms CreateObjectMapping: 0.391400 ms MarkObjects: 18.171300 ms  DeleteObjects: 0.364200 ms)

AssetImportParameters requested are different than current active one (requested -> active):
  custom:video-decoder-ogg-theora: a1e56fd34408186e4bbccfd4996cb3dc -> 
  custom:container-muxer-webm: aa71ff27fc2769a1b78a27578f13a17b -> 
  custom:container-demuxer-webm: 4f35f7cbe854078d1ac9338744f61a02 -> 
  custom:video-encoder-webm-vp8: eb34c28f22e8b96e1ab97ce403110664 -> 
  custom:video-codec-MediaFoundation-h265: 746d11721c4dcdbdad8f713fa42b33f4 -> 
  custom:audio-encoder-webm-vorbis: bf7c407c2cedff20999df2af8eb42d56 -> 
  custom:framework-win-MediaFoundation: 216162199b28c13a410421893ffa2e32 -> 
  custom:container-demuxer-ogg: 62fdf1f143b41e24485cea50d1cbac27 -> 
  custom:video-decoder-webm-vp8: 9c59270c3fd7afecdb556c50c9e8de78 -> 
  custom:audio-decoder-ogg-vorbis: bf7c407c2cedff20999df2af8eb42d56 -> 
========================================================================
Received Import Request.
  Time since last request: 338.161253 seconds.
  path: Assets/Recursos/FONTS/Tff/VT323-Regular.ttf
  artifactKey: Guid(7a5546ea1fd97ff4c910a2ae727e2e9b) Importer(815301076,1909f56bfc062723c751e8b465ee728b)
Start importing Assets/Recursos/FONTS/Tff/VT323-Regular.ttf using Guid(7a5546ea1fd97ff4c910a2ae727e2e9b) Importer(815301076,1909f56bfc062723c751e8b465ee728b)  -> (artifact id: '445f6702f3da326d5cd60b09884b96e2') in 0.081907 seconds 
========================================================================
Received Import Request.
  Time since last request: 34.227747 seconds.
  path: Assets/Recursos/FONTS/TMPRO/VT323-Regular SDF.asset
  artifactKey: Guid(8c7fff2760b81bf4694845f9ddd01f67) Importer(815301076,1909f56bfc062723c751e8b465ee728b)
Start importing Assets/Recursos/FONTS/TMPRO/VT323-Regular SDF.asset using Guid(8c7fff2760b81bf4694845f9ddd01f67) Importer(815301076,1909f56bfc062723c751e8b465ee728b)  -> (artifact id: 'a1d973da125af6fe2832ecc8b6ee72f2') in 0.043085 seconds 
========================================================================
Received Import Request.
  Time since last request: 20.959417 seconds.
  path: Assets/Recursos/FONTS/TMPRO/VT323-Regular SDF.asset
  artifactKey: Guid(8c7fff2760b81bf4694845f9ddd01f67) Importer(815301076,1909f56bfc062723c751e8b465ee728b)
Start importing Assets/Recursos/FONTS/TMPRO/VT323-Regular SDF.asset using Guid(8c7fff2760b81bf4694845f9ddd01f67) Importer(815301076,1909f56bfc062723c751e8b465ee728b)  -> (artifact id: '2d373707d563976d690a216c6804dfcd') in 0.030384 seconds 
========================================================================
Received Prepare
Registering precompiled user dll's ...
Registered in 0.016504 seconds.
Begin MonoManager ReloadAssembly
Symbol file LoadedFromMemory is not a mono symbol file
Native extension for UWP target not found
Native extension for LinuxStandalone target not found
Native extension for WindowsStandalone target not found
Native extension for Android target not found
Native extension for OSXStandalone target not found
Native extension for WebGL target not found
Refreshing native plugins compatible for Editor in 1.69 ms, found 2 plugins.
Preloading 0 native plugins for Editor in 0.00 ms.
GPGSUpgrader start
UnityEngine.StackTraceUtility:ExtractStackTrace ()
UnityEngine.DebugLogHandler:LogFormat (UnityEngine.LogType,UnityEngine.Object,string,object[])
UnityEngine.Logger:Log (UnityEngine.LogType,object)
UnityEngine.Debug:Log (object)
GooglePlayGames.Editor.GPGSUpgrader:.cctor () (at Assets/GooglePlayGames/com.google.play.games/Editor/GPGSUpgrader.cs:38)
System.Runtime.CompilerServices.RuntimeHelpers:RunClassConstructor (System.RuntimeTypeHandle)
UnityEditor.EditorAssemblies:ProcessInitializeOnLoadAttributes (System.Type[])

(Filename: Assets/GooglePlayGames/com.google.play.games/Editor/GPGSUpgrader.cs Line: 38)

GPGSUpgrader done
UnityEngine.StackTraceUtility:ExtractStackTrace ()
UnityEngine.DebugLogHandler:LogFormat (UnityEngine.LogType,UnityEngine.Object,string,object[])
UnityEngine.Logger:Log (UnityEngine.LogType,object)
UnityEngine.Debug:Log (object)
GooglePlayGames.Editor.GPGSUpgrader:.cctor () (at Assets/GooglePlayGames/com.google.play.games/Editor/GPGSUpgrader.cs:57)
System.Runtime.CompilerServices.RuntimeHelpers:RunClassConstructor (System.RuntimeTypeHandle)
UnityEditor.EditorAssemblies:ProcessInitializeOnLoadAttributes (System.Type[])

(Filename: Assets/GooglePlayGames/com.google.play.games/Editor/GPGSUpgrader.cs Line: 57)

Mono: successfully reloaded assembly
- Completed reload, in  1.644 seconds
Domain Reload Profiling:
	ReloadAssembly (1644ms)
		BeginReloadAssembly (167ms)
			ExecutionOrderSort (0ms)
			DisableScriptedObjects (4ms)
			BackupInstance (0ms)
			ReleaseScriptingObjects (0ms)
			CreateAndSetChildDomain (58ms)
		EndReloadAssembly (1378ms)
			LoadAssemblies (123ms)
			RebuildTransferFunctionScriptingTraits (0ms)
			SetupTypeCache (289ms)
			ReleaseScriptCaches (1ms)
			RebuildScriptCaches (53ms)
			SetupLoadedEditorAssemblies (869ms)
				LogAssemblyErrors (0ms)
				InitializePlatformSupportModulesInManaged (26ms)
				SetLoadedEditorAssemblies (0ms)
				RefreshPlugins (2ms)
				BeforeProcessingInitializeOnLoad (82ms)
				ProcessInitializeOnLoadAttributes (648ms)
				ProcessInitializeOnLoadMethodAttributes (109ms)
				AfterProcessingInitializeOnLoad (2ms)
				EditorAssembliesLoaded (0ms)
			ExecutionOrderSort2 (0ms)
			AwakeInstancesAfterBackupRestoration (8ms)
Platform modules already initialized, skipping
Refreshing native plugins compatible for Editor in 10.53 ms, found 2 plugins.
Preloading 0 native plugins for Editor in 0.00 ms.
Unloading 4310 Unused Serialized files (Serialized files now loaded: 0)
Unloading 100 unused Assets / (1.6 MB). Loaded Objects now: 5137.
Memory consumption went from 279.4 MB to 277.8 MB.
Total: 16.089200 ms (FindLiveObjects: 0.356900 ms CreateObjectMapping: 0.294500 ms MarkObjects: 15.108700 ms  DeleteObjects: 0.328200 ms)

AssetImportParameters requested are different than current active one (requested -> active):
  custom:video-decoder-ogg-theora: a1e56fd34408186e4bbccfd4996cb3dc -> 
  custom:container-muxer-webm: aa71ff27fc2769a1b78a27578f13a17b -> 
  custom:container-demuxer-webm: 4f35f7cbe854078d1ac9338744f61a02 -> 
  custom:video-encoder-webm-vp8: eb34c28f22e8b96e1ab97ce403110664 -> 
  custom:video-codec-MediaFoundation-h265: 746d11721c4dcdbdad8f713fa42b33f4 -> 
  custom:audio-encoder-webm-vorbis: bf7c407c2cedff20999df2af8eb42d56 -> 
  custom:framework-win-MediaFoundation: 216162199b28c13a410421893ffa2e32 -> 
  custom:container-demuxer-ogg: 62fdf1f143b41e24485cea50d1cbac27 -> 
  custom:video-decoder-webm-vp8: 9c59270c3fd7afecdb556c50c9e8de78 -> 
  custom:audio-decoder-ogg-vorbis: bf7c407c2cedff20999df2af8eb42d56 -> 
========================================================================
Received Import Request.
  Time since last request: 872.062487 seconds.
  path: Assets/Recursos/FONTS/TMPRO/Tourney-VariableFont_wdth,wght SDF.asset
  artifactKey: Guid(04157948fea4f284aa5be41fcfb88ab9) Importer(815301076,1909f56bfc062723c751e8b465ee728b)
Start importing Assets/Recursos/FONTS/TMPRO/Tourney-VariableFont_wdth,wght SDF.asset using Guid(04157948fea4f284aa5be41fcfb88ab9) Importer(815301076,1909f56bfc062723c751e8b465ee728b)  -> (artifact id: '274f0b438eab9ffe6e350317e434315d') in 0.124213 seconds 
========================================================================
Received Prepare
Registering precompiled user dll's ...
Registered in 0.014911 seconds.
Begin MonoManager ReloadAssembly
Symbol file LoadedFromMemory is not a mono symbol file
Native extension for UWP target not found
Native extension for LinuxStandalone target not found
Native extension for WindowsStandalone target not found
Native extension for Android target not found
Native extension for OSXStandalone target not found
Native extension for WebGL target not found
Refreshing native plugins compatible for Editor in 1.14 ms, found 2 plugins.
Preloading 0 native plugins for Editor in 0.00 ms.
System.IO.IOException: Sharing violation on path C:\Users\jerem\OneDrive\Documentos\WeasUnity\KTA\ProjectSettings\GvhProjectSettings.xml
  at System.IO.FileStream..ctor (System.String path, System.IO.FileMode mode, System.IO.FileAccess access, System.IO.FileShare share, System.Int32 bufferSize, System.Boolean anonymous, System.IO.FileOptions options) [0x0019e] in <d6232873609549b8a045fa15811a5bd3>:0 
  at System.IO.FileStream..ctor (System.String path, System.IO.FileMode mode, System.IO.FileAccess access, System.IO.FileShare share, System.Int32 bufferSize, System.IO.FileOptions options) [0x00000] in <d6232873609549b8a045fa15811a5bd3>:0 
  at (wrapper remoting-invoke-with-check) System.IO.FileStream..ctor(string,System.IO.FileMode,System.IO.FileAccess,System.IO.FileShare,int,System.IO.FileOptions)
  at System.IO.StreamReader..ctor (System.String path, System.Text.Encoding encoding, System.Boolean detectEncodingFromByteOrderMarks, System.Int32 bufferSize) [0x00055] in <d6232873609549b8a045fa15811a5bd3>:0 
  at System.IO.StreamReader..ctor (System.String path, System.Boolean detectEncodingFromByteOrderMarks) [0x00007] in <d6232873609549b8a045fa15811a5bd3>:0 
  at System.IO.StreamReader..ctor (System.String path) [0x00000] in <d6232873609549b8a045fa15811a5bd3>:0 
  at (wrapper remoting-invoke-with-check) System.IO.StreamReader..ctor(string)
  at Google.XmlUtilities.ParseXmlTextFileElements (System.String filename, Google.Logger logger, Google.XmlUtilities+ParseElement parseElement) [0x0000f] in /Users/chkuang/Workspace/git/unity-jar-resolver/source/VersionHandlerImpl/src/XmlUtilities.cs:104 
  at Google.ProjectSettings.Load () [0x00012] in /Users/chkuang/Workspace/git/unity-jar-resolver/source/VersionHandlerImpl/src/ProjectSettings.cs:777 
  at Google.ProjectSettings.LoadIfEmpty () [0x0001b] in /Users/chkuang/Workspace/git/unity-jar-resolver/source/VersionHandlerImpl/src/ProjectSettings.cs:558 
  at Google.ProjectSettings.GetBool (System.String name, System.Boolean defaultValue, Google.SettingsLocation location) [0x0002b] in /Users/chkuang/Workspace/git/unity-jar-resolver/source/VersionHandlerImpl/src/ProjectSettings.cs:606 
  at Google.ProjectSettings.GetBool (System.String name, System.Boolean defaultValue) [0x00000] in /Users/chkuang/Workspace/git/unity-jar-resolver/source/VersionHandlerImpl/src/ProjectSettings.cs:619 
  at Google.IOSResolver.get_VerboseLoggingEnabled () [0x00000] in /Users/chkuang/Workspace/git/unity-jar-resolver/source/IOSResolver/src/IOSResolver.cs:996 
  at Google.IOSResolver..cctor () [0x001ec] in /Users/chkuang/Workspace/git/unity-jar-resolver/source/IOSResolver/src/IOSResolver.cs:692 
UnityEngine.StackTraceUtility:ExtractStackTrace ()
UnityEngine.DebugLogHandler:LogFormat (UnityEngine.LogType,UnityEngine.Object,string,object[])
UnityEngine.Logger:Log (UnityEngine.LogType,object)
UnityEngine.Debug:LogError (object)
UnityEditor.EditorAssemblies:ProcessInitializeOnLoadAttributes (System.Type[])

GPGSUpgrader start
UnityEngine.StackTraceUtility:ExtractStackTrace ()
UnityEngine.DebugLogHandler:LogFormat (UnityEngine.LogType,UnityEngine.Object,string,object[])
UnityEngine.Logger:Log (UnityEngine.LogType,object)
UnityEngine.Debug:Log (object)
GooglePlayGames.Editor.GPGSUpgrader:.cctor () (at Assets/GooglePlayGames/com.google.play.games/Editor/GPGSUpgrader.cs:38)
System.Runtime.CompilerServices.RuntimeHelpers:RunClassConstructor (System.RuntimeTypeHandle)
UnityEditor.EditorAssemblies:ProcessInitializeOnLoadAttributes (System.Type[])

(Filename: Assets/GooglePlayGames/com.google.play.games/Editor/GPGSUpgrader.cs Line: 38)

GPGSUpgrader done
UnityEngine.StackTraceUtility:ExtractStackTrace ()
UnityEngine.DebugLogHandler:LogFormat (UnityEngine.LogType,UnityEngine.Object,string,object[])
UnityEngine.Logger:Log (UnityEngine.LogType,object)
UnityEngine.Debug:Log (object)
GooglePlayGames.Editor.GPGSUpgrader:.cctor () (at Assets/GooglePlayGames/com.google.play.games/Editor/GPGSUpgrader.cs:57)
System.Runtime.CompilerServices.RuntimeHelpers:RunClassConstructor (System.RuntimeTypeHandle)
UnityEditor.EditorAssemblies:ProcessInitializeOnLoadAttributes (System.Type[])

(Filename: Assets/GooglePlayGames/com.google.play.games/Editor/GPGSUpgrader.cs Line: 57)

Mono: successfully reloaded assembly
- Completed reload, in  1.325 seconds
Domain Reload Profiling:
	ReloadAssembly (1325ms)
		BeginReloadAssembly (146ms)
			ExecutionOrderSort (0ms)
			DisableScriptedObjects (4ms)
			BackupInstance (0ms)
			ReleaseScriptingObjects (0ms)
			CreateAndSetChildDomain (45ms)
		EndReloadAssembly (1082ms)
			LoadAssemblies (114ms)
			RebuildTransferFunctionScriptingTraits (0ms)
			SetupTypeCache (252ms)
			ReleaseScriptCaches (1ms)
			RebuildScriptCaches (44ms)
			SetupLoadedEditorAssemblies (652ms)
				LogAssemblyErrors (0ms)
				InitializePlatformSupportModulesInManaged (21ms)
				SetLoadedEditorAssemblies (0ms)
				RefreshPlugins (1ms)
				BeforeProcessingInitializeOnLoad (73ms)
				ProcessInitializeOnLoadAttributes (471ms)
				ProcessInitializeOnLoadMethodAttributes (84ms)
				AfterProcessingInitializeOnLoad (2ms)
				EditorAssembliesLoaded (0ms)
			ExecutionOrderSort2 (0ms)
			AwakeInstancesAfterBackupRestoration (6ms)
Platform modules already initialized, skipping
Refreshing native plugins compatible for Editor in 13.69 ms, found 2 plugins.
Preloading 0 native plugins for Editor in 0.00 ms.
Unloading 4310 Unused Serialized files (Serialized files now loaded: 0)
Unloading 100 unused Assets / (1.6 MB). Loaded Objects now: 5152.
Memory consumption went from 279.4 MB to 277.8 MB.
Total: 16.636900 ms (FindLiveObjects: 0.342800 ms CreateObjectMapping: 0.343500 ms MarkObjects: 15.629700 ms  DeleteObjects: 0.319600 ms)

AssetImportParameters requested are different than current active one (requested -> active):
  custom:video-decoder-ogg-theora: a1e56fd34408186e4bbccfd4996cb3dc -> 
  custom:container-muxer-webm: aa71ff27fc2769a1b78a27578f13a17b -> 
  custom:container-demuxer-webm: 4f35f7cbe854078d1ac9338744f61a02 -> 
  custom:video-encoder-webm-vp8: eb34c28f22e8b96e1ab97ce403110664 -> 
  custom:video-codec-MediaFoundation-h265: 746d11721c4dcdbdad8f713fa42b33f4 -> 
  custom:audio-encoder-webm-vorbis: bf7c407c2cedff20999df2af8eb42d56 -> 
  custom:framework-win-MediaFoundation: 216162199b28c13a410421893ffa2e32 -> 
  custom:container-demuxer-ogg: 62fdf1f143b41e24485cea50d1cbac27 -> 
  custom:video-decoder-webm-vp8: 9c59270c3fd7afecdb556c50c9e8de78 -> 
  custom:audio-decoder-ogg-vorbis: bf7c407c2cedff20999df2af8eb42d56 -> 
========================================================================
Received Prepare
Registering precompiled user dll's ...
Registered in 0.013986 seconds.
Begin MonoManager ReloadAssembly
Symbol file LoadedFromMemory is not a mono symbol file
Native extension for UWP target not found
Native extension for LinuxStandalone target not found
Native extension for WindowsStandalone target not found
Native extension for Android target not found
Native extension for OSXStandalone target not found
Native extension for WebGL target not found
Refreshing native plugins compatible for Editor in 1.12 ms, found 2 plugins.
Preloading 0 native plugins for Editor in 0.00 ms.
Unable to write to 'ProjectSettings\GvhProjectSettings.xml' (System.IO.IOException: Sharing violation on path C:\Users\jerem\OneDrive\Documentos\WeasUnity\KTA\ProjectSettings\GvhProjectSettings.xml
  at System.IO.FileStream..ctor (System.String path, System.IO.FileMode mode, System.IO.FileAccess access, System.IO.FileShare share, System.Int32 bufferSize, System.Boolean anonymous, System.IO.FileOptions options) [0x0019e] in <d6232873609549b8a045fa15811a5bd3>:0 
  at System.IO.FileStream..ctor (System.String path, System.IO.FileMode mode, System.IO.FileAccess access, System.IO.FileShare share, System.Int32 bufferSize, System.IO.FileOptions options) [0x00000] in <d6232873609549b8a045fa15811a5bd3>:0 
  at System.IO.FileStream..ctor (System.String path, System.IO.FileMode mode, System.IO.FileAccess access, System.IO.FileShare share, System.Int32 bufferSize, System.Boolean useAsync) [0x00000] in <d6232873609549b8a045fa15811a5bd3>:0 
  at (wrapper remoting-invoke-with-check) System.IO.FileStream..ctor(string,System.IO.FileMode,System.IO.FileAccess,System.IO.FileShare,int,bool)
  at System.Xml.XmlWriterSettings.CreateWriter (System.String outputFileName) [0x00051] in <0313f29eb857419498961dc39155d5eb>:0 
  at System.Xml.XmlWriter.Create (System.String outputFileName, System.Xml.XmlWriterSettings settings) [0x0000a] in <0313f29eb857419498961dc39155d5eb>:0 
  at Google.ProjectSettings.Save () [0x0006d] in /Users/chkuang/Workspace/git/unity-jar-resolver/source/VersionHandlerImpl/src/ProjectSettings.cs:821 , Project settings were not saved!
UnityEngine.StackTraceUtility:ExtractStackTrace ()
UnityEngine.DebugLogHandler:LogFormat (UnityEngine.LogType,UnityEngine.Object,string,object[])
UnityEngine.Logger:Log (UnityEngine.LogType,object)
UnityEngine.Debug:LogError (object)
Google.Logger:Log (string,Google.LogLevel) (at /Users/chkuang/Workspace/git/unity-jar-resolver/source/VersionHandlerImpl/src/Logger.cs:136)
Google.ProjectSettings:Save () (at /Users/chkuang/Workspace/git/unity-jar-resolver/source/VersionHandlerImpl/src/ProjectSettings.cs:844)
Google.ProjectSettings:SetBool (string,bool,Google.SettingsLocation) (at /Users/chkuang/Workspace/git/unity-jar-resolver/source/VersionHandlerImpl/src/ProjectSettings.cs:485)
Google.ProjectSettings:SetBool (string,bool) (at /Users/chkuang/Workspace/git/unity-jar-resolver/source/VersionHandlerImpl/src/ProjectSettings.cs:497)
Google.IOSResolver:set_VerboseLoggingEnabled (bool) (at /Users/chkuang/Workspace/git/unity-jar-resolver/source/IOSResolver/src/IOSResolver.cs:998)
Google.IOSResolver:.cctor () (at /Users/chkuang/Workspace/git/unity-jar-resolver/source/IOSResolver/src/IOSResolver.cs:692)
System.Runtime.CompilerServices.RuntimeHelpers:RunClassConstructor (System.RuntimeTypeHandle)
UnityEditor.EditorAssemblies:ProcessInitializeOnLoadAttributes (System.Type[])

(Filename: /Users/chkuang/Workspace/git/unity-jar-resolver/source/VersionHandlerImpl/src/ProjectSettings.cs Line: 844)

GPGSUpgrader start
UnityEngine.StackTraceUtility:ExtractStackTrace ()
UnityEngine.DebugLogHandler:LogFormat (UnityEngine.LogType,UnityEngine.Object,string,object[])
UnityEngine.Logger:Log (UnityEngine.LogType,object)
UnityEngine.Debug:Log (object)
GooglePlayGames.Editor.GPGSUpgrader:.cctor () (at Assets/GooglePlayGames/com.google.play.games/Editor/GPGSUpgrader.cs:38)
System.Runtime.CompilerServices.RuntimeHelpers:RunClassConstructor (System.RuntimeTypeHandle)
UnityEditor.EditorAssemblies:ProcessInitializeOnLoadAttributes (System.Type[])

(Filename: Assets/GooglePlayGames/com.google.play.games/Editor/GPGSUpgrader.cs Line: 38)

System.IO.IOException: Sharing violation on path C:\Users\jerem\OneDrive\Documentos\WeasUnity\KTA\ProjectSettings\GooglePlayGameSettings.txt
  at System.IO.FileStream..ctor (System.String path, System.IO.FileMode mode, System.IO.FileAccess access, System.IO.FileShare share, System.Int32 bufferSize, System.Boolean anonymous, System.IO.FileOptions options) [0x0019e] in <d6232873609549b8a045fa15811a5bd3>:0 
  at System.IO.FileStream..ctor (System.String path, System.IO.FileMode mode, System.IO.FileAccess access, System.IO.FileShare share, System.Int32 bufferSize, System.IO.FileOptions options) [0x00000] in <d6232873609549b8a045fa15811a5bd3>:0 
  at (wrapper remoting-invoke-with-check) System.IO.FileStream..ctor(string,System.IO.FileMode,System.IO.FileAccess,System.IO.FileShare,int,System.IO.FileOptions)
  at System.IO.StreamWriter..ctor (System.String path, System.Boolean append, System.Text.Encoding encoding, System.Int32 bufferSize) [0x00055] in <d6232873609549b8a045fa15811a5bd3>:0 
  at System.IO.StreamWriter..ctor (System.String path, System.Boolean append) [0x00008] in <d6232873609549b8a045fa15811a5bd3>:0 
  at (wrapper remoting-invoke-with-check) System.IO.StreamWriter..ctor(string,bool)
  at GooglePlayGames.Editor.GPGSProjectSettings.Save () [0x00035] in C:\Users\jerem\OneDrive\Documentos\WeasUnity\KTA\Assets\GooglePlayGames\com.google.play.games\Editor\GPGSProjectSettings.cs:182 
  at GooglePlayGames.Editor.GPGSUpgrader..cctor () [0x0003a] in C:\Users\jerem\OneDrive\Documentos\WeasUnity\KTA\Assets\GooglePlayGames\com.google.play.games\Editor\GPGSUpgrader.cs:43 
UnityEngine.StackTraceUtility:ExtractStackTrace ()
UnityEngine.DebugLogHandler:LogFormat (UnityEngine.LogType,UnityEngine.Object,string,object[])
UnityEngine.Logger:Log (UnityEngine.LogType,object)
UnityEngine.Debug:LogError (object)
UnityEditor.EditorAssemblies:ProcessInitializeOnLoadAttributes (System.Type[])

Mono: successfully reloaded assembly
- Completed reload, in  1.411 seconds
Domain Reload Profiling:
	ReloadAssembly (1412ms)
		BeginReloadAssembly (142ms)
			ExecutionOrderSort (0ms)
			DisableScriptedObjects (4ms)
			BackupInstance (0ms)
			ReleaseScriptingObjects (0ms)
			CreateAndSetChildDomain (44ms)
		EndReloadAssembly (1173ms)
			LoadAssemblies (115ms)
			RebuildTransferFunctionScriptingTraits (0ms)
			SetupTypeCache (252ms)
			ReleaseScriptCaches (2ms)
			RebuildScriptCaches (48ms)
			SetupLoadedEditorAssemblies (738ms)
				LogAssemblyErrors (0ms)
				InitializePlatformSupportModulesInManaged (21ms)
				SetLoadedEditorAssemblies (0ms)
				RefreshPlugins (1ms)
				BeforeProcessingInitializeOnLoad (74ms)
				ProcessInitializeOnLoadAttributes (544ms)
				ProcessInitializeOnLoadMethodAttributes (95ms)
				AfterProcessingInitializeOnLoad (2ms)
				EditorAssembliesLoaded (0ms)
			ExecutionOrderSort2 (0ms)
			AwakeInstancesAfterBackupRestoration (7ms)
Platform modules already initialized, skipping
Refreshing native plugins compatible for Editor in 9.69 ms, found 2 plugins.
Preloading 0 native plugins for Editor in 0.00 ms.
Unloading 4310 Unused Serialized files (Serialized files now loaded: 0)
Unloading 100 unused Assets / (1.6 MB). Loaded Objects now: 5167.
Memory consumption went from 279.5 MB to 277.8 MB.
Total: 13.661000 ms (FindLiveObjects: 0.307600 ms CreateObjectMapping: 0.253100 ms MarkObjects: 12.829300 ms  DeleteObjects: 0.270000 ms)

AssetImportParameters requested are different than current active one (requested -> active):
  custom:video-decoder-ogg-theora: a1e56fd34408186e4bbccfd4996cb3dc -> 
  custom:container-muxer-webm: aa71ff27fc2769a1b78a27578f13a17b -> 
  custom:container-demuxer-webm: 4f35f7cbe854078d1ac9338744f61a02 -> 
  custom:video-encoder-webm-vp8: eb34c28f22e8b96e1ab97ce403110664 -> 
  custom:video-codec-MediaFoundation-h265: 746d11721c4dcdbdad8f713fa42b33f4 -> 
  custom:audio-encoder-webm-vorbis: bf7c407c2cedff20999df2af8eb42d56 -> 
  custom:framework-win-MediaFoundation: 216162199b28c13a410421893ffa2e32 -> 
  custom:container-demuxer-ogg: 62fdf1f143b41e24485cea50d1cbac27 -> 
  custom:video-decoder-webm-vp8: 9c59270c3fd7afecdb556c50c9e8de78 -> 
  custom:audio-decoder-ogg-vorbis: bf7c407c2cedff20999df2af8eb42d56 -> 
========================================================================
Received Import Request.
  Time since last request: 539.748532 seconds.
  path: Assets/TextMesh Pro/Examples & Extras/Resources/Fonts & Materials/Electronic Highway Sign SDF.asset
  artifactKey: Guid(dc36b3fdc14f47ebb36fd484a67e268a) Importer(815301076,1909f56bfc062723c751e8b465ee728b)
Start importing Assets/TextMesh Pro/Examples & Extras/Resources/Fonts & Materials/Electronic Highway Sign SDF.asset using Guid(dc36b3fdc14f47ebb36fd484a67e268a) Importer(815301076,1909f56bfc062723c751e8b465ee728b)  -> (artifact id: '5c41ab49ba15bc1e6403d8c1965fd002') in 0.129892 seconds 
========================================================================
Received Import Request.
  Time since last request: 0.000032 seconds.
  path: Assets/TextMesh Pro/Examples & Extras/Resources/Fonts & Materials/Roboto-Bold SDF.asset
  artifactKey: Guid(5302535af1044152a457ed104f1f4b91) Importer(815301076,1909f56bfc062723c751e8b465ee728b)
Start importing Assets/TextMesh Pro/Examples & Extras/Resources/Fonts & Materials/Roboto-Bold SDF.asset using Guid(5302535af1044152a457ed104f1f4b91) Importer(815301076,1909f56bfc062723c751e8b465ee728b)  -> (artifact id: '3138136b0572a73c61eaf980850029d9') in 0.038210 seconds 
========================================================================
Received Prepare
Registering precompiled user dll's ...
Registered in 0.014259 seconds.
Begin MonoManager ReloadAssembly
Symbol file LoadedFromMemory is not a mono symbol file
Native extension for UWP target not found
Native extension for LinuxStandalone target not found
Native extension for WindowsStandalone target not found
Native extension for Android target not found
Native extension for OSXStandalone target not found
Native extension for WebGL target not found
Refreshing native plugins compatible for Editor in 1.34 ms, found 2 plugins.
Preloading 0 native plugins for Editor in 0.00 ms.
GPGSUpgrader start
UnityEngine.StackTraceUtility:ExtractStackTrace ()
UnityEngine.DebugLogHandler:LogFormat (UnityEngine.LogType,UnityEngine.Object,string,object[])
UnityEngine.Logger:Log (UnityEngine.LogType,object)
UnityEngine.Debug:Log (object)
GooglePlayGames.Editor.GPGSUpgrader:.cctor () (at Assets/GooglePlayGames/com.google.play.games/Editor/GPGSUpgrader.cs:38)
System.Runtime.CompilerServices.RuntimeHelpers:RunClassConstructor (System.RuntimeTypeHandle)
UnityEditor.EditorAssemblies:ProcessInitializeOnLoadAttributes (System.Type[])

(Filename: Assets/GooglePlayGames/com.google.play.games/Editor/GPGSUpgrader.cs Line: 38)

GPGSUpgrader done
UnityEngine.StackTraceUtility:ExtractStackTrace ()
UnityEngine.DebugLogHandler:LogFormat (UnityEngine.LogType,UnityEngine.Object,string,object[])
UnityEngine.Logger:Log (UnityEngine.LogType,object)
UnityEngine.Debug:Log (object)
GooglePlayGames.Editor.GPGSUpgrader:.cctor () (at Assets/GooglePlayGames/com.google.play.games/Editor/GPGSUpgrader.cs:57)
System.Runtime.CompilerServices.RuntimeHelpers:RunClassConstructor (System.RuntimeTypeHandle)
UnityEditor.EditorAssemblies:ProcessInitializeOnLoadAttributes (System.Type[])

(Filename: Assets/GooglePlayGames/com.google.play.games/Editor/GPGSUpgrader.cs Line: 57)

Mono: successfully reloaded assembly
- Completed reload, in  1.695 seconds
Domain Reload Profiling:
	ReloadAssembly (1695ms)
		BeginReloadAssembly (157ms)
			ExecutionOrderSort (0ms)
			DisableScriptedObjects (4ms)
			BackupInstance (0ms)
			ReleaseScriptingObjects (0ms)
			CreateAndSetChildDomain (51ms)
		EndReloadAssembly (1440ms)
			LoadAssemblies (119ms)
			RebuildTransferFunctionScriptingTraits (0ms)
			SetupTypeCache (316ms)
			ReleaseScriptCaches (2ms)
			RebuildScriptCaches (72ms)
			SetupLoadedEditorAssemblies (898ms)
				LogAssemblyErrors (0ms)
				InitializePlatformSupportModulesInManaged (30ms)
				SetLoadedEditorAssemblies (1ms)
				RefreshPlugins (1ms)
				BeforeProcessingInitializeOnLoad (87ms)
				ProcessInitializeOnLoadAttributes (664ms)
				ProcessInitializeOnLoadMethodAttributes (112ms)
				AfterProcessingInitializeOnLoad (3ms)
				EditorAssembliesLoaded (0ms)
			ExecutionOrderSort2 (0ms)
			AwakeInstancesAfterBackupRestoration (8ms)
Platform modules already initialized, skipping
Refreshing native plugins compatible for Editor in 17.60 ms, found 2 plugins.
Preloading 0 native plugins for Editor in 0.00 ms.
Unloading 4310 Unused Serialized files (Serialized files now loaded: 0)
Unloading 100 unused Assets / (1.6 MB). Loaded Objects now: 5182.
Memory consumption went from 279.5 MB to 277.9 MB.
Total: 18.022400 ms (FindLiveObjects: 0.366100 ms CreateObjectMapping: 0.367400 ms MarkObjects: 16.941800 ms  DeleteObjects: 0.346000 ms)

AssetImportParameters requested are different than current active one (requested -> active):
  custom:video-decoder-ogg-theora: a1e56fd34408186e4bbccfd4996cb3dc -> 
  custom:container-muxer-webm: aa71ff27fc2769a1b78a27578f13a17b -> 
  custom:container-demuxer-webm: 4f35f7cbe854078d1ac9338744f61a02 -> 
  custom:video-encoder-webm-vp8: eb34c28f22e8b96e1ab97ce403110664 -> 
  custom:video-codec-MediaFoundation-h265: 746d11721c4dcdbdad8f713fa42b33f4 -> 
  custom:audio-encoder-webm-vorbis: bf7c407c2cedff20999df2af8eb42d56 -> 
  custom:framework-win-MediaFoundation: 216162199b28c13a410421893ffa2e32 -> 
  custom:container-demuxer-ogg: 62fdf1f143b41e24485cea50d1cbac27 -> 
  custom:video-decoder-webm-vp8: 9c59270c3fd7afecdb556c50c9e8de78 -> 
  custom:audio-decoder-ogg-vorbis: bf7c407c2cedff20999df2af8eb42d56 -> 
========================================================================
Received Prepare
Registering precompiled user dll's ...
Registered in 0.018221 seconds.
Begin MonoManager ReloadAssembly
Symbol file LoadedFromMemory is not a mono symbol file
Native extension for UWP target not found
Native extension for LinuxStandalone target not found
Native extension for WindowsStandalone target not found
Native extension for Android target not found
Native extension for OSXStandalone target not found
Native extension for WebGL target not found
Refreshing native plugins compatible for Editor in 1.83 ms, found 2 plugins.
Preloading 0 native plugins for Editor in 0.00 ms.
Unable to write to 'ProjectSettings\GvhProjectSettings.xml' (System.IO.IOException: Sharing violation on path C:\Users\jerem\OneDrive\Documentos\WeasUnity\KTA\ProjectSettings\GvhProjectSettings.xml
  at System.IO.FileStream..ctor (System.String path, System.IO.FileMode mode, System.IO.FileAccess access, System.IO.FileShare share, System.Int32 bufferSize, System.Boolean anonymous, System.IO.FileOptions options) [0x0019e] in <d6232873609549b8a045fa15811a5bd3>:0 
  at System.IO.FileStream..ctor (System.String path, System.IO.FileMode mode, System.IO.FileAccess access, System.IO.FileShare share, System.Int32 bufferSize, System.IO.FileOptions options) [0x00000] in <d6232873609549b8a045fa15811a5bd3>:0 
  at System.IO.FileStream..ctor (System.String path, System.IO.FileMode mode, System.IO.FileAccess access, System.IO.FileShare share, System.Int32 bufferSize, System.Boolean useAsync) [0x00000] in <d6232873609549b8a045fa15811a5bd3>:0 
  at (wrapper remoting-invoke-with-check) System.IO.FileStream..ctor(string,System.IO.FileMode,System.IO.FileAccess,System.IO.FileShare,int,bool)
  at System.Xml.XmlWriterSettings.CreateWriter (System.String outputFileName) [0x00051] in <0313f29eb857419498961dc39155d5eb>:0 
  at System.Xml.XmlWriter.Create (System.String outputFileName, System.Xml.XmlWriterSettings settings) [0x0000a] in <0313f29eb857419498961dc39155d5eb>:0 
  at Google.ProjectSettings.Save () [0x0006d] in /Users/chkuang/Workspace/git/unity-jar-resolver/source/VersionHandlerImpl/src/ProjectSettings.cs:821 , Project settings were not saved!
UnityEngine.StackTraceUtility:ExtractStackTrace ()
UnityEngine.DebugLogHandler:LogFormat (UnityEngine.LogType,UnityEngine.Object,string,object[])
UnityEngine.Logger:Log (UnityEngine.LogType,object)
UnityEngine.Debug:LogError (object)
Google.Logger:Log (string,Google.LogLevel) (at /Users/chkuang/Workspace/git/unity-jar-resolver/source/VersionHandlerImpl/src/Logger.cs:136)
Google.ProjectSettings:Save () (at /Users/chkuang/Workspace/git/unity-jar-resolver/source/VersionHandlerImpl/src/ProjectSettings.cs:844)
Google.ProjectSettings:SetBool (string,bool,Google.SettingsLocation) (at /Users/chkuang/Workspace/git/unity-jar-resolver/source/VersionHandlerImpl/src/ProjectSettings.cs:485)
Google.ProjectSettings:SetBool (string,bool) (at /Users/chkuang/Workspace/git/unity-jar-resolver/source/VersionHandlerImpl/src/ProjectSettings.cs:497)
Google.IOSResolver:set_VerboseLoggingEnabled (bool) (at /Users/chkuang/Workspace/git/unity-jar-resolver/source/IOSResolver/src/IOSResolver.cs:998)
Google.IOSResolver:.cctor () (at /Users/chkuang/Workspace/git/unity-jar-resolver/source/IOSResolver/src/IOSResolver.cs:692)
System.Runtime.CompilerServices.RuntimeHelpers:RunClassConstructor (System.RuntimeTypeHandle)
UnityEditor.EditorAssemblies:ProcessInitializeOnLoadAttributes (System.Type[])

(Filename: /Users/chkuang/Workspace/git/unity-jar-resolver/source/VersionHandlerImpl/src/ProjectSettings.cs Line: 844)

GPGSUpgrader start
UnityEngine.StackTraceUtility:ExtractStackTrace ()
UnityEngine.DebugLogHandler:LogFormat (UnityEngine.LogType,UnityEngine.Object,string,object[])
UnityEngine.Logger:Log (UnityEngine.LogType,object)
UnityEngine.Debug:Log (object)
GooglePlayGames.Editor.GPGSUpgrader:.cctor () (at Assets/GooglePlayGames/com.google.play.games/Editor/GPGSUpgrader.cs:38)
System.Runtime.CompilerServices.RuntimeHelpers:RunClassConstructor (System.RuntimeTypeHandle)
UnityEditor.EditorAssemblies:ProcessInitializeOnLoadAttributes (System.Type[])

(Filename: Assets/GooglePlayGames/com.google.play.games/Editor/GPGSUpgrader.cs Line: 38)

GPGSUpgrader done
UnityEngine.StackTraceUtility:ExtractStackTrace ()
UnityEngine.DebugLogHandler:LogFormat (UnityEngine.LogType,UnityEngine.Object,string,object[])
UnityEngine.Logger:Log (UnityEngine.LogType,object)
UnityEngine.Debug:Log (object)
GooglePlayGames.Editor.GPGSUpgrader:.cctor () (at Assets/GooglePlayGames/com.google.play.games/Editor/GPGSUpgrader.cs:57)
System.Runtime.CompilerServices.RuntimeHelpers:RunClassConstructor (System.RuntimeTypeHandle)
UnityEditor.EditorAssemblies:ProcessInitializeOnLoadAttributes (System.Type[])

(Filename: Assets/GooglePlayGames/com.google.play.games/Editor/GPGSUpgrader.cs Line: 57)

Mono: successfully reloaded assembly
- Completed reload, in  1.543 seconds
Domain Reload Profiling:
	ReloadAssembly (1544ms)
		BeginReloadAssembly (149ms)
			ExecutionOrderSort (0ms)
			DisableScriptedObjects (4ms)
			BackupInstance (0ms)
			ReleaseScriptingObjects (0ms)
			CreateAndSetChildDomain (42ms)
		EndReloadAssembly (1298ms)
			LoadAssemblies (114ms)
			RebuildTransferFunctionScriptingTraits (0ms)
			SetupTypeCache (275ms)
			ReleaseScriptCaches (2ms)
			RebuildScriptCaches (51ms)
			SetupLoadedEditorAssemblies (817ms)
				LogAssemblyErrors (0ms)
				InitializePlatformSupportModulesInManaged (28ms)
				SetLoadedEditorAssemblies (1ms)
				RefreshPlugins (2ms)
				BeforeProcessingInitializeOnLoad (83ms)
				ProcessInitializeOnLoadAttributes (590ms)
				ProcessInitializeOnLoadMethodAttributes (112ms)
				AfterProcessingInitializeOnLoad (2ms)
				EditorAssembliesLoaded (0ms)
			ExecutionOrderSort2 (0ms)
			AwakeInstancesAfterBackupRestoration (7ms)
Platform modules already initialized, skipping
Refreshing native plugins compatible for Editor in 9.77 ms, found 2 plugins.
Preloading 0 native plugins for Editor in 0.00 ms.
Unloading 4310 Unused Serialized files (Serialized files now loaded: 0)
Unloading 100 unused Assets / (1.6 MB). Loaded Objects now: 5197.
Memory consumption went from 279.5 MB to 277.9 MB.
Total: 18.789100 ms (FindLiveObjects: 0.381000 ms CreateObjectMapping: 0.368500 ms MarkObjects: 17.689500 ms  DeleteObjects: 0.349000 ms)

AssetImportParameters requested are different than current active one (requested -> active):
  custom:video-decoder-ogg-theora: a1e56fd34408186e4bbccfd4996cb3dc -> 
  custom:container-muxer-webm: aa71ff27fc2769a1b78a27578f13a17b -> 
  custom:container-demuxer-webm: 4f35f7cbe854078d1ac9338744f61a02 -> 
  custom:video-encoder-webm-vp8: eb34c28f22e8b96e1ab97ce403110664 -> 
  custom:video-codec-MediaFoundation-h265: 746d11721c4dcdbdad8f713fa42b33f4 -> 
  custom:audio-encoder-webm-vorbis: bf7c407c2cedff20999df2af8eb42d56 -> 
  custom:framework-win-MediaFoundation: 216162199b28c13a410421893ffa2e32 -> 
  custom:container-demuxer-ogg: 62fdf1f143b41e24485cea50d1cbac27 -> 
  custom:video-decoder-webm-vp8: 9c59270c3fd7afecdb556c50c9e8de78 -> 
  custom:audio-decoder-ogg-vorbis: bf7c407c2cedff20999df2af8eb42d56 -> 
========================================================================
Received Prepare
Registering precompiled user dll's ...
Registered in 0.017568 seconds.
Begin MonoManager ReloadAssembly
Symbol file LoadedFromMemory is not a mono symbol file
Native extension for UWP target not found
Native extension for LinuxStandalone target not found
Native extension for WindowsStandalone target not found
Native extension for Android target not found
Native extension for OSXStandalone target not found
Native extension for WebGL target not found
Refreshing native plugins compatible for Editor in 2.30 ms, found 2 plugins.
Preloading 0 native plugins for Editor in 0.00 ms.
GPGSUpgrader start
UnityEngine.StackTraceUtility:ExtractStackTrace ()
UnityEngine.DebugLogHandler:LogFormat (UnityEngine.LogType,UnityEngine.Object,string,object[])
UnityEngine.Logger:Log (UnityEngine.LogType,object)
UnityEngine.Debug:Log (object)
GooglePlayGames.Editor.GPGSUpgrader:.cctor () (at Assets/GooglePlayGames/com.google.play.games/Editor/GPGSUpgrader.cs:38)
System.Runtime.CompilerServices.RuntimeHelpers:RunClassConstructor (System.RuntimeTypeHandle)
UnityEditor.EditorAssemblies:ProcessInitializeOnLoadAttributes (System.Type[])

(Filename: Assets/GooglePlayGames/com.google.play.games/Editor/GPGSUpgrader.cs Line: 38)

GPGSUpgrader done
UnityEngine.StackTraceUtility:ExtractStackTrace ()
UnityEngine.DebugLogHandler:LogFormat (UnityEngine.LogType,UnityEngine.Object,string,object[])
UnityEngine.Logger:Log (UnityEngine.LogType,object)
UnityEngine.Debug:Log (object)
GooglePlayGames.Editor.GPGSUpgrader:.cctor () (at Assets/GooglePlayGames/com.google.play.games/Editor/GPGSUpgrader.cs:57)
System.Runtime.CompilerServices.RuntimeHelpers:RunClassConstructor (System.RuntimeTypeHandle)
UnityEditor.EditorAssemblies:ProcessInitializeOnLoadAttributes (System.Type[])

(Filename: Assets/GooglePlayGames/com.google.play.games/Editor/GPGSUpgrader.cs Line: 57)

Mono: successfully reloaded assembly
- Completed reload, in  1.643 seconds
Domain Reload Profiling:
	ReloadAssembly (1644ms)
		BeginReloadAssembly (151ms)
			ExecutionOrderSort (0ms)
			DisableScriptedObjects (4ms)
			BackupInstance (0ms)
			ReleaseScriptingObjects (0ms)
			CreateAndSetChildDomain (41ms)
		EndReloadAssembly (1394ms)
			LoadAssemblies (122ms)
			RebuildTransferFunctionScriptingTraits (0ms)
			SetupTypeCache (294ms)
			ReleaseScriptCaches (2ms)
			RebuildScriptCaches (52ms)
			SetupLoadedEditorAssemblies (899ms)
				LogAssemblyErrors (0ms)
				InitializePlatformSupportModulesInManaged (26ms)
				SetLoadedEditorAssemblies (1ms)
				RefreshPlugins (2ms)
				BeforeProcessingInitializeOnLoad (87ms)
				ProcessInitializeOnLoadAttributes (667ms)
				ProcessInitializeOnLoadMethodAttributes (112ms)
				AfterProcessingInitializeOnLoad (3ms)
				EditorAssembliesLoaded (0ms)
			ExecutionOrderSort2 (0ms)
			AwakeInstancesAfterBackupRestoration (9ms)
Platform modules already initialized, skipping
Refreshing native plugins compatible for Editor in 11.76 ms, found 2 plugins.
Preloading 0 native plugins for Editor in 0.00 ms.
Unloading 4310 Unused Serialized files (Serialized files now loaded: 0)
Unloading 100 unused Assets / (1.6 MB). Loaded Objects now: 5212.
Memory consumption went from 279.6 MB to 277.9 MB.
Total: 16.791100 ms (FindLiveObjects: 0.368300 ms CreateObjectMapping: 0.304200 ms MarkObjects: 15.706400 ms  DeleteObjects: 0.411200 ms)

AssetImportParameters requested are different than current active one (requested -> active):
  custom:video-decoder-ogg-theora: a1e56fd34408186e4bbccfd4996cb3dc -> 
  custom:container-muxer-webm: aa71ff27fc2769a1b78a27578f13a17b -> 
  custom:container-demuxer-webm: 4f35f7cbe854078d1ac9338744f61a02 -> 
  custom:video-encoder-webm-vp8: eb34c28f22e8b96e1ab97ce403110664 -> 
  custom:video-codec-MediaFoundation-h265: 746d11721c4dcdbdad8f713fa42b33f4 -> 
  custom:audio-encoder-webm-vorbis: bf7c407c2cedff20999df2af8eb42d56 -> 
  custom:framework-win-MediaFoundation: 216162199b28c13a410421893ffa2e32 -> 
  custom:container-demuxer-ogg: 62fdf1f143b41e24485cea50d1cbac27 -> 
  custom:video-decoder-webm-vp8: 9c59270c3fd7afecdb556c50c9e8de78 -> 
  custom:audio-decoder-ogg-vorbis: bf7c407c2cedff20999df2af8eb42d56 -> 
========================================================================
Received Prepare
Registering precompiled user dll's ...
Registered in 0.014431 seconds.
Begin MonoManager ReloadAssembly
Symbol file LoadedFromMemory is not a mono symbol file
Native extension for UWP target not found
Native extension for LinuxStandalone target not found
Native extension for WindowsStandalone target not found
Native extension for Android target not found
Native extension for OSXStandalone target not found
Native extension for WebGL target not found
Refreshing native plugins compatible for Editor in 1.22 ms, found 2 plugins.
Preloading 0 native plugins for Editor in 0.00 ms.
GPGSUpgrader start
UnityEngine.StackTraceUtility:ExtractStackTrace ()
UnityEngine.DebugLogHandler:LogFormat (UnityEngine.LogType,UnityEngine.Object,string,object[])
UnityEngine.Logger:Log (UnityEngine.LogType,object)
UnityEngine.Debug:Log (object)
GooglePlayGames.Editor.GPGSUpgrader:.cctor () (at Assets/GooglePlayGames/com.google.play.games/Editor/GPGSUpgrader.cs:38)
System.Runtime.CompilerServices.RuntimeHelpers:RunClassConstructor (System.RuntimeTypeHandle)
UnityEditor.EditorAssemblies:ProcessInitializeOnLoadAttributes (System.Type[])

(Filename: Assets/GooglePlayGames/com.google.play.games/Editor/GPGSUpgrader.cs Line: 38)

GPGSUpgrader done
UnityEngine.StackTraceUtility:ExtractStackTrace ()
UnityEngine.DebugLogHandler:LogFormat (UnityEngine.LogType,UnityEngine.Object,string,object[])
UnityEngine.Logger:Log (UnityEngine.LogType,object)
UnityEngine.Debug:Log (object)
GooglePlayGames.Editor.GPGSUpgrader:.cctor () (at Assets/GooglePlayGames/com.google.play.games/Editor/GPGSUpgrader.cs:57)
System.Runtime.CompilerServices.RuntimeHelpers:RunClassConstructor (System.RuntimeTypeHandle)
UnityEditor.EditorAssemblies:ProcessInitializeOnLoadAttributes (System.Type[])

(Filename: Assets/GooglePlayGames/com.google.play.games/Editor/GPGSUpgrader.cs Line: 57)

Mono: successfully reloaded assembly
- Completed reload, in  1.694 seconds
Domain Reload Profiling:
	ReloadAssembly (1694ms)
		BeginReloadAssembly (167ms)
			ExecutionOrderSort (0ms)
			DisableScriptedObjects (4ms)
			BackupInstance (0ms)
			ReleaseScriptingObjects (0ms)
			CreateAndSetChildDomain (55ms)
		EndReloadAssembly (1418ms)
			LoadAssemblies (128ms)
			RebuildTransferFunctionScriptingTraits (0ms)
			SetupTypeCache (310ms)
			ReleaseScriptCaches (2ms)
			RebuildScriptCaches (63ms)
			SetupLoadedEditorAssemblies (876ms)
				LogAssemblyErrors (0ms)
				InitializePlatformSupportModulesInManaged (27ms)
				SetLoadedEditorAssemblies (0ms)
				RefreshPlugins (1ms)
				BeforeProcessingInitializeOnLoad (84ms)
				ProcessInitializeOnLoadAttributes (640ms)
				ProcessInitializeOnLoadMethodAttributes (119ms)
				AfterProcessingInitializeOnLoad (3ms)
				EditorAssembliesLoaded (0ms)
			ExecutionOrderSort2 (0ms)
			AwakeInstancesAfterBackupRestoration (9ms)
Platform modules already initialized, skipping
Refreshing native plugins compatible for Editor in 15.24 ms, found 2 plugins.
Preloading 0 native plugins for Editor in 0.00 ms.
Unloading 4310 Unused Serialized files (Serialized files now loaded: 0)
Unloading 100 unused Assets / (1.6 MB). Loaded Objects now: 5227.
Memory consumption went from 279.6 MB to 277.9 MB.
Total: 18.062600 ms (FindLiveObjects: 0.367600 ms CreateObjectMapping: 0.344100 ms MarkObjects: 16.876100 ms  DeleteObjects: 0.473900 ms)

AssetImportParameters requested are different than current active one (requested -> active):
  custom:video-decoder-ogg-theora: a1e56fd34408186e4bbccfd4996cb3dc -> 
  custom:container-muxer-webm: aa71ff27fc2769a1b78a27578f13a17b -> 
  custom:container-demuxer-webm: 4f35f7cbe854078d1ac9338744f61a02 -> 
  custom:video-encoder-webm-vp8: eb34c28f22e8b96e1ab97ce403110664 -> 
  custom:video-codec-MediaFoundation-h265: 746d11721c4dcdbdad8f713fa42b33f4 -> 
  custom:audio-encoder-webm-vorbis: bf7c407c2cedff20999df2af8eb42d56 -> 
  custom:framework-win-MediaFoundation: 216162199b28c13a410421893ffa2e32 -> 
  custom:container-demuxer-ogg: 62fdf1f143b41e24485cea50d1cbac27 -> 
  custom:video-decoder-webm-vp8: 9c59270c3fd7afecdb556c50c9e8de78 -> 
  custom:audio-decoder-ogg-vorbis: bf7c407c2cedff20999df2af8eb42d56 -> 
========================================================================
Received Prepare
Registering precompiled user dll's ...
Registered in 0.017442 seconds.
Begin MonoManager ReloadAssembly
Symbol file LoadedFromMemory is not a mono symbol file
Native extension for UWP target not found
Native extension for LinuxStandalone target not found
Native extension for WindowsStandalone target not found
Native extension for Android target not found
Native extension for OSXStandalone target not found
Native extension for WebGL target not found
Refreshing native plugins compatible for Editor in 1.84 ms, found 2 plugins.
Preloading 0 native plugins for Editor in 0.00 ms.
GPGSUpgrader start
UnityEngine.StackTraceUtility:ExtractStackTrace ()
UnityEngine.DebugLogHandler:LogFormat (UnityEngine.LogType,UnityEngine.Object,string,object[])
UnityEngine.Logger:Log (UnityEngine.LogType,object)
UnityEngine.Debug:Log (object)
GooglePlayGames.Editor.GPGSUpgrader:.cctor () (at Assets/GooglePlayGames/com.google.play.games/Editor/GPGSUpgrader.cs:38)
System.Runtime.CompilerServices.RuntimeHelpers:RunClassConstructor (System.RuntimeTypeHandle)
UnityEditor.EditorAssemblies:ProcessInitializeOnLoadAttributes (System.Type[])

(Filename: Assets/GooglePlayGames/com.google.play.games/Editor/GPGSUpgrader.cs Line: 38)

GPGSUpgrader done
UnityEngine.StackTraceUtility:ExtractStackTrace ()
UnityEngine.DebugLogHandler:LogFormat (UnityEngine.LogType,UnityEngine.Object,string,object[])
UnityEngine.Logger:Log (UnityEngine.LogType,object)
UnityEngine.Debug:Log (object)
GooglePlayGames.Editor.GPGSUpgrader:.cctor () (at Assets/GooglePlayGames/com.google.play.games/Editor/GPGSUpgrader.cs:57)
System.Runtime.CompilerServices.RuntimeHelpers:RunClassConstructor (System.RuntimeTypeHandle)
UnityEditor.EditorAssemblies:ProcessInitializeOnLoadAttributes (System.Type[])

(Filename: Assets/GooglePlayGames/com.google.play.games/Editor/GPGSUpgrader.cs Line: 57)

Mono: successfully reloaded assembly
- Completed reload, in  1.583 seconds
Domain Reload Profiling:
	ReloadAssembly (1584ms)
		BeginReloadAssembly (142ms)
			ExecutionOrderSort (0ms)
			DisableScriptedObjects (4ms)
			BackupInstance (0ms)
			ReleaseScriptingObjects (0ms)
			CreateAndSetChildDomain (43ms)
		EndReloadAssembly (1352ms)
			LoadAssemblies (113ms)
			RebuildTransferFunctionScriptingTraits (0ms)
			SetupTypeCache (279ms)
			ReleaseScriptCaches (3ms)
			RebuildScriptCaches (154ms)
			SetupLoadedEditorAssemblies (766ms)
				LogAssemblyErrors (0ms)
				InitializePlatformSupportModulesInManaged (29ms)
				SetLoadedEditorAssemblies (1ms)
				RefreshPlugins (2ms)
				BeforeProcessingInitializeOnLoad (77ms)
				ProcessInitializeOnLoadAttributes (557ms)
				ProcessInitializeOnLoadMethodAttributes (99ms)
				AfterProcessingInitializeOnLoad (2ms)
				EditorAssembliesLoaded (0ms)
			ExecutionOrderSort2 (0ms)
			AwakeInstancesAfterBackupRestoration (7ms)
Platform modules already initialized, skipping
Refreshing native plugins compatible for Editor in 10.16 ms, found 2 plugins.
Preloading 0 native plugins for Editor in 0.00 ms.
Unloading 4310 Unused Serialized files (Serialized files now loaded: 0)
Unloading 100 unused Assets / (1.6 MB). Loaded Objects now: 5242.
Memory consumption went from 279.6 MB to 277.9 MB.
Total: 17.319500 ms (FindLiveObjects: 0.380400 ms CreateObjectMapping: 0.313600 ms MarkObjects: 16.284900 ms  DeleteObjects: 0.338900 ms)

AssetImportParameters requested are different than current active one (requested -> active):
  custom:video-decoder-ogg-theora: a1e56fd34408186e4bbccfd4996cb3dc -> 
  custom:container-muxer-webm: aa71ff27fc2769a1b78a27578f13a17b -> 
  custom:container-demuxer-webm: 4f35f7cbe854078d1ac9338744f61a02 -> 
  custom:video-encoder-webm-vp8: eb34c28f22e8b96e1ab97ce403110664 -> 
  custom:video-codec-MediaFoundation-h265: 746d11721c4dcdbdad8f713fa42b33f4 -> 
  custom:audio-encoder-webm-vorbis: bf7c407c2cedff20999df2af8eb42d56 -> 
  custom:framework-win-MediaFoundation: 216162199b28c13a410421893ffa2e32 -> 
  custom:container-demuxer-ogg: 62fdf1f143b41e24485cea50d1cbac27 -> 
  custom:video-decoder-webm-vp8: 9c59270c3fd7afecdb556c50c9e8de78 -> 
  custom:audio-decoder-ogg-vorbis: bf7c407c2cedff20999df2af8eb42d56 -> 
========================================================================
Received Prepare
Registering precompiled user dll's ...
Registered in 0.016028 seconds.
Begin MonoManager ReloadAssembly
Symbol file LoadedFromMemory is not a mono symbol file
Native extension for UWP target not found
Native extension for LinuxStandalone target not found
Native extension for WindowsStandalone target not found
Native extension for Android target not found
Native extension for OSXStandalone target not found
Native extension for WebGL target not found
Refreshing native plugins compatible for Editor in 1.40 ms, found 2 plugins.
Preloading 0 native plugins for Editor in 0.00 ms.
System.IO.IOException: Sharing violation on path C:\Users\jerem\OneDrive\Documentos\WeasUnity\KTA\ProjectSettings\GvhProjectSettings.xml
  at System.IO.FileStream..ctor (System.String path, System.IO.FileMode mode, System.IO.FileAccess access, System.IO.FileShare share, System.Int32 bufferSize, System.Boolean anonymous, System.IO.FileOptions options) [0x0019e] in <d6232873609549b8a045fa15811a5bd3>:0 
  at System.IO.FileStream..ctor (System.String path, System.IO.FileMode mode, System.IO.FileAccess access, System.IO.FileShare share, System.Int32 bufferSize, System.IO.FileOptions options) [0x00000] in <d6232873609549b8a045fa15811a5bd3>:0 
  at (wrapper remoting-invoke-with-check) System.IO.FileStream..ctor(string,System.IO.FileMode,System.IO.FileAccess,System.IO.FileShare,int,System.IO.FileOptions)
  at System.IO.StreamReader..ctor (System.String path, System.Text.Encoding encoding, System.Boolean detectEncodingFromByteOrderMarks, System.Int32 bufferSize) [0x00055] in <d6232873609549b8a045fa15811a5bd3>:0 
  at System.IO.StreamReader..ctor (System.String path, System.Boolean detectEncodingFromByteOrderMarks) [0x00007] in <d6232873609549b8a045fa15811a5bd3>:0 
  at System.IO.StreamReader..ctor (System.String path) [0x00000] in <d6232873609549b8a045fa15811a5bd3>:0 
  at (wrapper remoting-invoke-with-check) System.IO.StreamReader..ctor(string)
  at Google.XmlUtilities.ParseXmlTextFileElements (System.String filename, Google.Logger logger, Google.XmlUtilities+ParseElement parseElement) [0x0000f] in /Users/chkuang/Workspace/git/unity-jar-resolver/source/VersionHandlerImpl/src/XmlUtilities.cs:104 
  at Google.ProjectSettings.Load () [0x00012] in /Users/chkuang/Workspace/git/unity-jar-resolver/source/VersionHandlerImpl/src/ProjectSettings.cs:777 
  at Google.ProjectSettings.LoadIfEmpty () [0x0001b] in /Users/chkuang/Workspace/git/unity-jar-resolver/source/VersionHandlerImpl/src/ProjectSettings.cs:558 
  at Google.ProjectSettings.GetBool (System.String name, System.Boolean defaultValue, Google.SettingsLocation location) [0x0002b] in /Users/chkuang/Workspace/git/unity-jar-resolver/source/VersionHandlerImpl/src/ProjectSettings.cs:606 
  at Google.ProjectSettings.GetBool (System.String name, System.Boolean defaultValue) [0x00000] in /Users/chkuang/Workspace/git/unity-jar-resolver/source/VersionHandlerImpl/src/ProjectSettings.cs:619 
  at Google.IOSResolver.get_VerboseLoggingEnabled () [0x00000] in /Users/chkuang/Workspace/git/unity-jar-resolver/source/IOSResolver/src/IOSResolver.cs:996 
  at Google.IOSResolver..cctor () [0x001ec] in /Users/chkuang/Workspace/git/unity-jar-resolver/source/IOSResolver/src/IOSResolver.cs:692 
UnityEngine.StackTraceUtility:ExtractStackTrace ()
UnityEngine.DebugLogHandler:LogFormat (UnityEngine.LogType,UnityEngine.Object,string,object[])
UnityEngine.Logger:Log (UnityEngine.LogType,object)
UnityEngine.Debug:LogError (object)
UnityEditor.EditorAssemblies:ProcessInitializeOnLoadAttributes (System.Type[])

GPGSUpgrader start
UnityEngine.StackTraceUtility:ExtractStackTrace ()
UnityEngine.DebugLogHandler:LogFormat (UnityEngine.LogType,UnityEngine.Object,string,object[])
UnityEngine.Logger:Log (UnityEngine.LogType,object)
UnityEngine.Debug:Log (object)
GooglePlayGames.Editor.GPGSUpgrader:.cctor () (at Assets/GooglePlayGames/com.google.play.games/Editor/GPGSUpgrader.cs:38)
System.Runtime.CompilerServices.RuntimeHelpers:RunClassConstructor (System.RuntimeTypeHandle)
UnityEditor.EditorAssemblies:ProcessInitializeOnLoadAttributes (System.Type[])

(Filename: Assets/GooglePlayGames/com.google.play.games/Editor/GPGSUpgrader.cs Line: 38)

GPGSUpgrader done
UnityEngine.StackTraceUtility:ExtractStackTrace ()
UnityEngine.DebugLogHandler:LogFormat (UnityEngine.LogType,UnityEngine.Object,string,object[])
UnityEngine.Logger:Log (UnityEngine.LogType,object)
UnityEngine.Debug:Log (object)
GooglePlayGames.Editor.GPGSUpgrader:.cctor () (at Assets/GooglePlayGames/com.google.play.games/Editor/GPGSUpgrader.cs:57)
System.Runtime.CompilerServices.RuntimeHelpers:RunClassConstructor (System.RuntimeTypeHandle)
UnityEditor.EditorAssemblies:ProcessInitializeOnLoadAttributes (System.Type[])

(Filename: Assets/GooglePlayGames/com.google.play.games/Editor/GPGSUpgrader.cs Line: 57)

Mono: successfully reloaded assembly
- Completed reload, in  1.534 seconds
Domain Reload Profiling:
	ReloadAssembly (1535ms)
		BeginReloadAssembly (157ms)
			ExecutionOrderSort (0ms)
			DisableScriptedObjects (4ms)
			BackupInstance (0ms)
			ReleaseScriptingObjects (0ms)
			CreateAndSetChildDomain (52ms)
		EndReloadAssembly (1262ms)
			LoadAssemblies (116ms)
			RebuildTransferFunctionScriptingTraits (0ms)
			SetupTypeCache (291ms)
			ReleaseScriptCaches (2ms)
			RebuildScriptCaches (51ms)
			SetupLoadedEditorAssemblies (779ms)
				LogAssemblyErrors (0ms)
				InitializePlatformSupportModulesInManaged (24ms)
				SetLoadedEditorAssemblies (1ms)
				RefreshPlugins (1ms)
				BeforeProcessingInitializeOnLoad (79ms)
				ProcessInitializeOnLoadAttributes (574ms)
				ProcessInitializeOnLoadMethodAttributes (97ms)
				AfterProcessingInitializeOnLoad (2ms)
				EditorAssembliesLoaded (0ms)
			ExecutionOrderSort2 (0ms)
			AwakeInstancesAfterBackupRestoration (7ms)
Platform modules already initialized, skipping
Refreshing native plugins compatible for Editor in 12.70 ms, found 2 plugins.
Preloading 0 native plugins for Editor in 0.00 ms.
Unloading 4310 Unused Serialized files (Serialized files now loaded: 0)
Unloading 100 unused Assets / (1.6 MB). Loaded Objects now: 5257.
Memory consumption went from 279.6 MB to 278.0 MB.
Total: 16.683700 ms (FindLiveObjects: 0.355700 ms CreateObjectMapping: 0.307500 ms MarkObjects: 15.585500 ms  DeleteObjects: 0.433700 ms)

AssetImportParameters requested are different than current active one (requested -> active):
  custom:video-decoder-ogg-theora: a1e56fd34408186e4bbccfd4996cb3dc -> 
  custom:container-muxer-webm: aa71ff27fc2769a1b78a27578f13a17b -> 
  custom:container-demuxer-webm: 4f35f7cbe854078d1ac9338744f61a02 -> 
  custom:video-encoder-webm-vp8: eb34c28f22e8b96e1ab97ce403110664 -> 
  custom:video-codec-MediaFoundation-h265: 746d11721c4dcdbdad8f713fa42b33f4 -> 
  custom:audio-encoder-webm-vorbis: bf7c407c2cedff20999df2af8eb42d56 -> 
  custom:framework-win-MediaFoundation: 216162199b28c13a410421893ffa2e32 -> 
  custom:container-demuxer-ogg: 62fdf1f143b41e24485cea50d1cbac27 -> 
  custom:video-decoder-webm-vp8: 9c59270c3fd7afecdb556c50c9e8de78 -> 
  custom:audio-decoder-ogg-vorbis: bf7c407c2cedff20999df2af8eb42d56 -> 
========================================================================
Received Prepare
Registering precompiled user dll's ...
Registered in 0.015742 seconds.
Begin MonoManager ReloadAssembly
Symbol file LoadedFromMemory is not a mono symbol file
Native extension for UWP target not found
Native extension for LinuxStandalone target not found
Native extension for WindowsStandalone target not found
Native extension for Android target not found
Native extension for OSXStandalone target not found
Native extension for WebGL target not found
Refreshing native plugins compatible for Editor in 2.15 ms, found 2 plugins.
Preloading 0 native plugins for Editor in 0.00 ms.
GPGSUpgrader start
UnityEngine.StackTraceUtility:ExtractStackTrace ()
UnityEngine.DebugLogHandler:LogFormat (UnityEngine.LogType,UnityEngine.Object,string,object[])
UnityEngine.Logger:Log (UnityEngine.LogType,object)
UnityEngine.Debug:Log (object)
GooglePlayGames.Editor.GPGSUpgrader:.cctor () (at Assets/GooglePlayGames/com.google.play.games/Editor/GPGSUpgrader.cs:38)
System.Runtime.CompilerServices.RuntimeHelpers:RunClassConstructor (System.RuntimeTypeHandle)
UnityEditor.EditorAssemblies:ProcessInitializeOnLoadAttributes (System.Type[])

(Filename: Assets/GooglePlayGames/com.google.play.games/Editor/GPGSUpgrader.cs Line: 38)

System.IO.IOException: Sharing violation on path C:\Users\jerem\OneDrive\Documentos\WeasUnity\KTA\ProjectSettings\GooglePlayGameSettings.txt
  at System.IO.FileStream..ctor (System.String path, System.IO.FileMode mode, System.IO.FileAccess access, System.IO.FileShare share, System.Int32 bufferSize, System.Boolean anonymous, System.IO.FileOptions options) [0x0019e] in <d6232873609549b8a045fa15811a5bd3>:0 
  at System.IO.FileStream..ctor (System.String path, System.IO.FileMode mode, System.IO.FileAccess access, System.IO.FileShare share, System.Int32 bufferSize, System.IO.FileOptions options) [0x00000] in <d6232873609549b8a045fa15811a5bd3>:0 
  at (wrapper remoting-invoke-with-check) System.IO.FileStream..ctor(string,System.IO.FileMode,System.IO.FileAccess,System.IO.FileShare,int,System.IO.FileOptions)
  at System.IO.StreamWriter..ctor (System.String path, System.Boolean append, System.Text.Encoding encoding, System.Int32 bufferSize) [0x00055] in <d6232873609549b8a045fa15811a5bd3>:0 
  at System.IO.StreamWriter..ctor (System.String path, System.Boolean append) [0x00008] in <d6232873609549b8a045fa15811a5bd3>:0 
  at (wrapper remoting-invoke-with-check) System.IO.StreamWriter..ctor(string,bool)
  at GooglePlayGames.Editor.GPGSProjectSettings.Save () [0x00035] in C:\Users\jerem\OneDrive\Documentos\WeasUnity\KTA\Assets\GooglePlayGames\com.google.play.games\Editor\GPGSProjectSettings.cs:182 
  at GooglePlayGames.Editor.GPGSUpgrader..cctor () [0x0003a] in C:\Users\jerem\OneDrive\Documentos\WeasUnity\KTA\Assets\GooglePlayGames\com.google.play.games\Editor\GPGSUpgrader.cs:43 
UnityEngine.StackTraceUtility:ExtractStackTrace ()
UnityEngine.DebugLogHandler:LogFormat (UnityEngine.LogType,UnityEngine.Object,string,object[])
UnityEngine.Logger:Log (UnityEngine.LogType,object)
UnityEngine.Debug:LogError (object)
UnityEditor.EditorAssemblies:ProcessInitializeOnLoadAttributes (System.Type[])

Mono: successfully reloaded assembly
- Completed reload, in  1.755 seconds
Domain Reload Profiling:
	ReloadAssembly (1755ms)
		BeginReloadAssembly (153ms)
			ExecutionOrderSort (0ms)
			DisableScriptedObjects (4ms)
			BackupInstance (0ms)
			ReleaseScriptingObjects (0ms)
			CreateAndSetChildDomain (47ms)
		EndReloadAssembly (1492ms)
			LoadAssemblies (127ms)
			RebuildTransferFunctionScriptingTraits (0ms)
			SetupTypeCache (310ms)
			ReleaseScriptCaches (2ms)
			RebuildScriptCaches (56ms)
			SetupLoadedEditorAssemblies (958ms)
				LogAssemblyErrors (0ms)
				InitializePlatformSupportModulesInManaged (23ms)
				SetLoadedEditorAssemblies (1ms)
				RefreshPlugins (2ms)
				BeforeProcessingInitializeOnLoad (94ms)
				ProcessInitializeOnLoadAttributes (711ms)
				ProcessInitializeOnLoadMethodAttributes (123ms)
				AfterProcessingInitializeOnLoad (3ms)
				EditorAssembliesLoaded (0ms)
			ExecutionOrderSort2 (0ms)
			AwakeInstancesAfterBackupRestoration (6ms)
Platform modules already initialized, skipping
Refreshing native plugins compatible for Editor in 15.90 ms, found 2 plugins.
Preloading 0 native plugins for Editor in 0.00 ms.
Unloading 4310 Unused Serialized files (Serialized files now loaded: 0)
Unloading 100 unused Assets / (1.6 MB). Loaded Objects now: 5272.
Memory consumption went from 279.6 MB to 278.0 MB.
Total: 17.911600 ms (FindLiveObjects: 0.338500 ms CreateObjectMapping: 0.275700 ms MarkObjects: 16.963100 ms  DeleteObjects: 0.333100 ms)

AssetImportParameters requested are different than current active one (requested -> active):
  custom:video-decoder-ogg-theora: a1e56fd34408186e4bbccfd4996cb3dc -> 
  custom:container-muxer-webm: aa71ff27fc2769a1b78a27578f13a17b -> 
  custom:container-demuxer-webm: 4f35f7cbe854078d1ac9338744f61a02 -> 
  custom:video-encoder-webm-vp8: eb34c28f22e8b96e1ab97ce403110664 -> 
  custom:video-codec-MediaFoundation-h265: 746d11721c4dcdbdad8f713fa42b33f4 -> 
  custom:audio-encoder-webm-vorbis: bf7c407c2cedff20999df2af8eb42d56 -> 
  custom:framework-win-MediaFoundation: 216162199b28c13a410421893ffa2e32 -> 
  custom:container-demuxer-ogg: 62fdf1f143b41e24485cea50d1cbac27 -> 
  custom:video-decoder-webm-vp8: 9c59270c3fd7afecdb556c50c9e8de78 -> 
  custom:audio-decoder-ogg-vorbis: bf7c407c2cedff20999df2af8eb42d56 -> 
========================================================================
Received Prepare
Registering precompiled user dll's ...
Registered in 0.014457 seconds.
Begin MonoManager ReloadAssembly
Symbol file LoadedFromMemory is not a mono symbol file
Native extension for UWP target not found
Native extension for LinuxStandalone target not found
Native extension for WindowsStandalone target not found
Native extension for Android target not found
Native extension for OSXStandalone target not found
Native extension for WebGL target not found
Refreshing native plugins compatible for Editor in 1.43 ms, found 2 plugins.
Preloading 0 native plugins for Editor in 0.00 ms.
GPGSUpgrader start
UnityEngine.StackTraceUtility:ExtractStackTrace ()
UnityEngine.DebugLogHandler:LogFormat (UnityEngine.LogType,UnityEngine.Object,string,object[])
UnityEngine.Logger:Log (UnityEngine.LogType,object)
UnityEngine.Debug:Log (object)
GooglePlayGames.Editor.GPGSUpgrader:.cctor () (at Assets/GooglePlayGames/com.google.play.games/Editor/GPGSUpgrader.cs:38)
System.Runtime.CompilerServices.RuntimeHelpers:RunClassConstructor (System.RuntimeTypeHandle)
UnityEditor.EditorAssemblies:ProcessInitializeOnLoadAttributes (System.Type[])

(Filename: Assets/GooglePlayGames/com.google.play.games/Editor/GPGSUpgrader.cs Line: 38)

GPGSUpgrader done
UnityEngine.StackTraceUtility:ExtractStackTrace ()
UnityEngine.DebugLogHandler:LogFormat (UnityEngine.LogType,UnityEngine.Object,string,object[])
UnityEngine.Logger:Log (UnityEngine.LogType,object)
UnityEngine.Debug:Log (object)
GooglePlayGames.Editor.GPGSUpgrader:.cctor () (at Assets/GooglePlayGames/com.google.play.games/Editor/GPGSUpgrader.cs:57)
System.Runtime.CompilerServices.RuntimeHelpers:RunClassConstructor (System.RuntimeTypeHandle)
UnityEditor.EditorAssemblies:ProcessInitializeOnLoadAttributes (System.Type[])

(Filename: Assets/GooglePlayGames/com.google.play.games/Editor/GPGSUpgrader.cs Line: 57)

Mono: successfully reloaded assembly
- Completed reload, in  1.638 seconds
Domain Reload Profiling:
	ReloadAssembly (1638ms)
		BeginReloadAssembly (154ms)
			ExecutionOrderSort (0ms)
			DisableScriptedObjects (4ms)
			BackupInstance (0ms)
			ReleaseScriptingObjects (0ms)
			CreateAndSetChildDomain (46ms)
		EndReloadAssembly (1383ms)
			LoadAssemblies (124ms)
			RebuildTransferFunctionScriptingTraits (0ms)
			SetupTypeCache (297ms)
			ReleaseScriptCaches (2ms)
			RebuildScriptCaches (53ms)
			SetupLoadedEditorAssemblies (880ms)
				LogAssemblyErrors (0ms)
				InitializePlatformSupportModulesInManaged (26ms)
				SetLoadedEditorAssemblies (1ms)
				RefreshPlugins (2ms)
				BeforeProcessingInitializeOnLoad (91ms)
				ProcessInitializeOnLoadAttributes (643ms)
				ProcessInitializeOnLoadMethodAttributes (115ms)
				AfterProcessingInitializeOnLoad (3ms)
				EditorAssembliesLoaded (0ms)
			ExecutionOrderSort2 (0ms)
			AwakeInstancesAfterBackupRestoration (8ms)
Platform modules already initialized, skipping
Refreshing native plugins compatible for Editor in 15.76 ms, found 2 plugins.
Preloading 0 native plugins for Editor in 0.00 ms.
Unloading 4310 Unused Serialized files (Serialized files now loaded: 0)
Unloading 100 unused Assets / (1.6 MB). Loaded Objects now: 5287.
Memory consumption went from 279.6 MB to 278.0 MB.
Total: 19.119400 ms (FindLiveObjects: 0.413600 ms CreateObjectMapping: 0.317200 ms MarkObjects: 17.916700 ms  DeleteObjects: 0.470600 ms)

AssetImportParameters requested are different than current active one (requested -> active):
  custom:video-decoder-ogg-theora: a1e56fd34408186e4bbccfd4996cb3dc -> 
  custom:container-muxer-webm: aa71ff27fc2769a1b78a27578f13a17b -> 
  custom:container-demuxer-webm: 4f35f7cbe854078d1ac9338744f61a02 -> 
  custom:video-encoder-webm-vp8: eb34c28f22e8b96e1ab97ce403110664 -> 
  custom:video-codec-MediaFoundation-h265: 746d11721c4dcdbdad8f713fa42b33f4 -> 
  custom:audio-encoder-webm-vorbis: bf7c407c2cedff20999df2af8eb42d56 -> 
  custom:framework-win-MediaFoundation: 216162199b28c13a410421893ffa2e32 -> 
  custom:container-demuxer-ogg: 62fdf1f143b41e24485cea50d1cbac27 -> 
  custom:video-decoder-webm-vp8: 9c59270c3fd7afecdb556c50c9e8de78 -> 
  custom:audio-decoder-ogg-vorbis: bf7c407c2cedff20999df2af8eb42d56 -> 
========================================================================
Received Import Request.
  Time since last request: 811.563267 seconds.
  path: Assets/0.unity
  artifactKey: Guid(58440280d44165844be8b1445d0c1cc4) Importer(815301076,1909f56bfc062723c751e8b465ee728b)
Start importing Assets/0.unity using Guid(58440280d44165844be8b1445d0c1cc4) Importer(815301076,1909f56bfc062723c751e8b465ee728b)  -> (artifact id: 'd3be92da452128b3b84a28117063c22b') in 0.017192 seconds 
========================================================================
Received Prepare
Registering precompiled user dll's ...
Registered in 0.014629 seconds.
Begin MonoManager ReloadAssembly
Symbol file LoadedFromMemory is not a mono symbol file
Native extension for UWP target not found
Native extension for LinuxStandalone target not found
Native extension for WindowsStandalone target not found
Native extension for Android target not found
Native extension for OSXStandalone target not found
Native extension for WebGL target not found
Refreshing native plugins compatible for Editor in 1.19 ms, found 2 plugins.
Preloading 0 native plugins for Editor in 0.00 ms.
Unable to write to 'ProjectSettings\GvhProjectSettings.xml' (System.IO.IOException: Sharing violation on path C:\Users\jerem\OneDrive\Documentos\WeasUnity\KTA\ProjectSettings\GvhProjectSettings.xml
  at System.IO.FileStream..ctor (System.String path, System.IO.FileMode mode, System.IO.FileAccess access, System.IO.FileShare share, System.Int32 bufferSize, System.Boolean anonymous, System.IO.FileOptions options) [0x0019e] in <d6232873609549b8a045fa15811a5bd3>:0 
  at System.IO.FileStream..ctor (System.String path, System.IO.FileMode mode, System.IO.FileAccess access, System.IO.FileShare share, System.Int32 bufferSize, System.IO.FileOptions options) [0x00000] in <d6232873609549b8a045fa15811a5bd3>:0 
  at System.IO.FileStream..ctor (System.String path, System.IO.FileMode mode, System.IO.FileAccess access, System.IO.FileShare share, System.Int32 bufferSize, System.Boolean useAsync) [0x00000] in <d6232873609549b8a045fa15811a5bd3>:0 
  at (wrapper remoting-invoke-with-check) System.IO.FileStream..ctor(string,System.IO.FileMode,System.IO.FileAccess,System.IO.FileShare,int,bool)
  at System.Xml.XmlWriterSettings.CreateWriter (System.String outputFileName) [0x00051] in <0313f29eb857419498961dc39155d5eb>:0 
  at System.Xml.XmlWriter.Create (System.String outputFileName, System.Xml.XmlWriterSettings settings) [0x0000a] in <0313f29eb857419498961dc39155d5eb>:0 
  at Google.ProjectSettings.Save () [0x0006d] in /Users/chkuang/Workspace/git/unity-jar-resolver/source/VersionHandlerImpl/src/ProjectSettings.cs:821 , Project settings were not saved!
UnityEngine.StackTraceUtility:ExtractStackTrace ()
UnityEngine.DebugLogHandler:LogFormat (UnityEngine.LogType,UnityEngine.Object,string,object[])
UnityEngine.Logger:Log (UnityEngine.LogType,object)
UnityEngine.Debug:LogError (object)
Google.Logger:Log (string,Google.LogLevel) (at /Users/chkuang/Workspace/git/unity-jar-resolver/source/VersionHandlerImpl/src/Logger.cs:136)
Google.ProjectSettings:Save () (at /Users/chkuang/Workspace/git/unity-jar-resolver/source/VersionHandlerImpl/src/ProjectSettings.cs:844)
Google.ProjectSettings:SetBool (string,bool,Google.SettingsLocation) (at /Users/chkuang/Workspace/git/unity-jar-resolver/source/VersionHandlerImpl/src/ProjectSettings.cs:485)
Google.ProjectSettings:SetBool (string,bool) (at /Users/chkuang/Workspace/git/unity-jar-resolver/source/VersionHandlerImpl/src/ProjectSettings.cs:497)
Google.IOSResolver:set_VerboseLoggingEnabled (bool) (at /Users/chkuang/Workspace/git/unity-jar-resolver/source/IOSResolver/src/IOSResolver.cs:998)
Google.IOSResolver:.cctor () (at /Users/chkuang/Workspace/git/unity-jar-resolver/source/IOSResolver/src/IOSResolver.cs:692)
System.Runtime.CompilerServices.RuntimeHelpers:RunClassConstructor (System.RuntimeTypeHandle)
UnityEditor.EditorAssemblies:ProcessInitializeOnLoadAttributes (System.Type[])

(Filename: /Users/chkuang/Workspace/git/unity-jar-resolver/source/VersionHandlerImpl/src/ProjectSettings.cs Line: 844)

GPGSUpgrader start
UnityEngine.StackTraceUtility:ExtractStackTrace ()
UnityEngine.DebugLogHandler:LogFormat (UnityEngine.LogType,UnityEngine.Object,string,object[])
UnityEngine.Logger:Log (UnityEngine.LogType,object)
UnityEngine.Debug:Log (object)
GooglePlayGames.Editor.GPGSUpgrader:.cctor () (at Assets/GooglePlayGames/com.google.play.games/Editor/GPGSUpgrader.cs:38)
System.Runtime.CompilerServices.RuntimeHelpers:RunClassConstructor (System.RuntimeTypeHandle)
UnityEditor.EditorAssemblies:ProcessInitializeOnLoadAttributes (System.Type[])

(Filename: Assets/GooglePlayGames/com.google.play.games/Editor/GPGSUpgrader.cs Line: 38)

GPGSUpgrader done
UnityEngine.StackTraceUtility:ExtractStackTrace ()
UnityEngine.DebugLogHandler:LogFormat (UnityEngine.LogType,UnityEngine.Object,string,object[])
UnityEngine.Logger:Log (UnityEngine.LogType,object)
UnityEngine.Debug:Log (object)
GooglePlayGames.Editor.GPGSUpgrader:.cctor () (at Assets/GooglePlayGames/com.google.play.games/Editor/GPGSUpgrader.cs:57)
System.Runtime.CompilerServices.RuntimeHelpers:RunClassConstructor (System.RuntimeTypeHandle)
UnityEditor.EditorAssemblies:ProcessInitializeOnLoadAttributes (System.Type[])

(Filename: Assets/GooglePlayGames/com.google.play.games/Editor/GPGSUpgrader.cs Line: 57)

Mono: successfully reloaded assembly
- Completed reload, in  1.522 seconds
Domain Reload Profiling:
	ReloadAssembly (1523ms)
		BeginReloadAssembly (153ms)
			ExecutionOrderSort (0ms)
			DisableScriptedObjects (5ms)
			BackupInstance (0ms)
			ReleaseScriptingObjects (0ms)
			CreateAndSetChildDomain (47ms)
		EndReloadAssembly (1270ms)
			LoadAssemblies (114ms)
			RebuildTransferFunctionScriptingTraits (0ms)
			SetupTypeCache (334ms)
			ReleaseScriptCaches (1ms)
			RebuildScriptCaches (46ms)
			SetupLoadedEditorAssemblies (752ms)
				LogAssemblyErrors (0ms)
				InitializePlatformSupportModulesInManaged (22ms)
				SetLoadedEditorAssemblies (1ms)
				RefreshPlugins (1ms)
				BeforeProcessingInitializeOnLoad (76ms)
				ProcessInitializeOnLoadAttributes (559ms)
				ProcessInitializeOnLoadMethodAttributes (91ms)
				AfterProcessingInitializeOnLoad (2ms)
				EditorAssembliesLoaded (0ms)
			ExecutionOrderSort2 (0ms)
			AwakeInstancesAfterBackupRestoration (7ms)
Platform modules already initialized, skipping
Refreshing native plugins compatible for Editor in 12.23 ms, found 2 plugins.
Preloading 0 native plugins for Editor in 0.00 ms.
Unloading 4310 Unused Serialized files (Serialized files now loaded: 0)
Unloading 100 unused Assets / (1.6 MB). Loaded Objects now: 5302.
Memory consumption went from 279.7 MB to 278.0 MB.
Total: 21.054400 ms (FindLiveObjects: 0.371000 ms CreateObjectMapping: 0.298200 ms MarkObjects: 20.047400 ms  DeleteObjects: 0.336700 ms)

AssetImportParameters requested are different than current active one (requested -> active):
  custom:video-decoder-ogg-theora: a1e56fd34408186e4bbccfd4996cb3dc -> 
  custom:container-muxer-webm: aa71ff27fc2769a1b78a27578f13a17b -> 
  custom:container-demuxer-webm: 4f35f7cbe854078d1ac9338744f61a02 -> 
  custom:video-encoder-webm-vp8: eb34c28f22e8b96e1ab97ce403110664 -> 
  custom:video-codec-MediaFoundation-h265: 746d11721c4dcdbdad8f713fa42b33f4 -> 
  custom:audio-encoder-webm-vorbis: bf7c407c2cedff20999df2af8eb42d56 -> 
  custom:framework-win-MediaFoundation: 216162199b28c13a410421893ffa2e32 -> 
  custom:container-demuxer-ogg: 62fdf1f143b41e24485cea50d1cbac27 -> 
  custom:video-decoder-webm-vp8: 9c59270c3fd7afecdb556c50c9e8de78 -> 
  custom:audio-decoder-ogg-vorbis: bf7c407c2cedff20999df2af8eb42d56 -> 
========================================================================
Received Prepare
Registering precompiled user dll's ...
Registered in 0.014565 seconds.
Begin MonoManager ReloadAssembly
Symbol file LoadedFromMemory is not a mono symbol file
Native extension for UWP target not found
Native extension for LinuxStandalone target not found
Native extension for WindowsStandalone target not found
Native extension for Android target not found
Native extension for OSXStandalone target not found
Native extension for WebGL target not found
Refreshing native plugins compatible for Editor in 1.13 ms, found 2 plugins.
Preloading 0 native plugins for Editor in 0.00 ms.
System.IO.IOException: Sharing violation on path C:\Users\jerem\OneDrive\Documentos\WeasUnity\KTA\ProjectSettings\GvhProjectSettings.xml
  at System.IO.FileStream..ctor (System.String path, System.IO.FileMode mode, System.IO.FileAccess access, System.IO.FileShare share, System.Int32 bufferSize, System.Boolean anonymous, System.IO.FileOptions options) [0x0019e] in <d6232873609549b8a045fa15811a5bd3>:0 
  at System.IO.FileStream..ctor (System.String path, System.IO.FileMode mode, System.IO.FileAccess access, System.IO.FileShare share, System.Int32 bufferSize, System.IO.FileOptions options) [0x00000] in <d6232873609549b8a045fa15811a5bd3>:0 
  at (wrapper remoting-invoke-with-check) System.IO.FileStream..ctor(string,System.IO.FileMode,System.IO.FileAccess,System.IO.FileShare,int,System.IO.FileOptions)
  at System.IO.StreamReader..ctor (System.String path, System.Text.Encoding encoding, System.Boolean detectEncodingFromByteOrderMarks, System.Int32 bufferSize) [0x00055] in <d6232873609549b8a045fa15811a5bd3>:0 
  at System.IO.StreamReader..ctor (System.String path, System.Boolean detectEncodingFromByteOrderMarks) [0x00007] in <d6232873609549b8a045fa15811a5bd3>:0 
  at System.IO.StreamReader..ctor (System.String path) [0x00000] in <d6232873609549b8a045fa15811a5bd3>:0 
  at (wrapper remoting-invoke-with-check) System.IO.StreamReader..ctor(string)
  at Google.XmlUtilities.ParseXmlTextFileElements (System.String filename, Google.Logger logger, Google.XmlUtilities+ParseElement parseElement) [0x0000f] in /Users/chkuang/Workspace/git/unity-jar-resolver/source/VersionHandlerImpl/src/XmlUtilities.cs:104 
  at Google.ProjectSettings.Load () [0x00012] in /Users/chkuang/Workspace/git/unity-jar-resolver/source/VersionHandlerImpl/src/ProjectSettings.cs:777 
  at Google.ProjectSettings.LoadIfEmpty () [0x0001b] in /Users/chkuang/Workspace/git/unity-jar-resolver/source/VersionHandlerImpl/src/ProjectSettings.cs:558 
  at Google.ProjectSettings.GetBool (System.String name, System.Boolean defaultValue, Google.SettingsLocation location) [0x0002b] in /Users/chkuang/Workspace/git/unity-jar-resolver/source/VersionHandlerImpl/src/ProjectSettings.cs:606 
  at Google.ProjectSettings.GetBool (System.String name, System.Boolean defaultValue) [0x00000] in /Users/chkuang/Workspace/git/unity-jar-resolver/source/VersionHandlerImpl/src/ProjectSettings.cs:619 
  at Google.IOSResolver.get_VerboseLoggingEnabled () [0x00000] in /Users/chkuang/Workspace/git/unity-jar-resolver/source/IOSResolver/src/IOSResolver.cs:996 
  at Google.IOSResolver..cctor () [0x001ec] in /Users/chkuang/Workspace/git/unity-jar-resolver/source/IOSResolver/src/IOSResolver.cs:692 
UnityEngine.StackTraceUtility:ExtractStackTrace ()
UnityEngine.DebugLogHandler:LogFormat (UnityEngine.LogType,UnityEngine.Object,string,object[])
UnityEngine.Logger:Log (UnityEngine.LogType,object)
UnityEngine.Debug:LogError (object)
UnityEditor.EditorAssemblies:ProcessInitializeOnLoadAttributes (System.Type[])

GPGSUpgrader start
UnityEngine.StackTraceUtility:ExtractStackTrace ()
UnityEngine.DebugLogHandler:LogFormat (UnityEngine.LogType,UnityEngine.Object,string,object[])
UnityEngine.Logger:Log (UnityEngine.LogType,object)
UnityEngine.Debug:Log (object)
GooglePlayGames.Editor.GPGSUpgrader:.cctor () (at Assets/GooglePlayGames/com.google.play.games/Editor/GPGSUpgrader.cs:38)
System.Runtime.CompilerServices.RuntimeHelpers:RunClassConstructor (System.RuntimeTypeHandle)
UnityEditor.EditorAssemblies:ProcessInitializeOnLoadAttributes (System.Type[])

(Filename: Assets/GooglePlayGames/com.google.play.games/Editor/GPGSUpgrader.cs Line: 38)

System.IO.IOException: Sharing violation on path C:\Users\jerem\OneDrive\Documentos\WeasUnity\KTA\ProjectSettings\GooglePlayGameSettings.txt
  at System.IO.FileStream..ctor (System.String path, System.IO.FileMode mode, System.IO.FileAccess access, System.IO.FileShare share, System.Int32 bufferSize, System.Boolean anonymous, System.IO.FileOptions options) [0x0019e] in <d6232873609549b8a045fa15811a5bd3>:0 
  at System.IO.FileStream..ctor (System.String path, System.IO.FileMode mode, System.IO.FileAccess access, System.IO.FileShare share, System.Int32 bufferSize, System.IO.FileOptions options) [0x00000] in <d6232873609549b8a045fa15811a5bd3>:0 
  at (wrapper remoting-invoke-with-check) System.IO.FileStream..ctor(string,System.IO.FileMode,System.IO.FileAccess,System.IO.FileShare,int,System.IO.FileOptions)
  at System.IO.StreamReader..ctor (System.String path, System.Text.Encoding encoding, System.Boolean detectEncodingFromByteOrderMarks, System.Int32 bufferSize) [0x00055] in <d6232873609549b8a045fa15811a5bd3>:0 
  at System.IO.StreamReader..ctor (System.String path, System.Boolean detectEncodingFromByteOrderMarks) [0x00007] in <d6232873609549b8a045fa15811a5bd3>:0 
  at System.IO.StreamReader..ctor (System.String path) [0x00000] in <d6232873609549b8a045fa15811a5bd3>:0 
  at (wrapper remoting-invoke-with-check) System.IO.StreamReader..ctor(string)
  at GooglePlayGames.Editor.GPGSProjectSettings..ctor () [0x00067] in C:\Users\jerem\OneDrive\Documentos\WeasUnity\KTA\Assets\GooglePlayGames\com.google.play.games\Editor\GPGSProjectSettings.cs:70 
  at GooglePlayGames.Editor.GPGSProjectSettings.get_Instance () [0x00007] in C:\Users\jerem\OneDrive\Documentos\WeasUnity\KTA\Assets\GooglePlayGames\com.google.play.games\Editor\GPGSProjectSettings.cs:40 
  at GooglePlayGames.Editor.GPGSUpgrader..cctor () [0x00012] in C:\Users\jerem\OneDrive\Documentos\WeasUnity\KTA\Assets\GooglePlayGames\com.google.play.games\Editor\GPGSUpgrader.cs:40 
UnityEngine.StackTraceUtility:ExtractStackTrace ()
UnityEngine.DebugLogHandler:LogFormat (UnityEngine.LogType,UnityEngine.Object,string,object[])
UnityEngine.Logger:Log (UnityEngine.LogType,object)
UnityEngine.Debug:LogError (object)
UnityEditor.EditorAssemblies:ProcessInitializeOnLoadAttributes (System.Type[])

Mono: successfully reloaded assembly
- Completed reload, in  1.443 seconds
Domain Reload Profiling:
	ReloadAssembly (1444ms)
		BeginReloadAssembly (171ms)
			ExecutionOrderSort (0ms)
			DisableScriptedObjects (5ms)
			BackupInstance (0ms)
			ReleaseScriptingObjects (0ms)
			CreateAndSetChildDomain (63ms)
		EndReloadAssembly (1170ms)
			LoadAssemblies (116ms)
			RebuildTransferFunctionScriptingTraits (0ms)
			SetupTypeCache (253ms)
			ReleaseScriptCaches (1ms)
			RebuildScriptCaches (46ms)
			SetupLoadedEditorAssemblies (735ms)
				LogAssemblyErrors (0ms)
				InitializePlatformSupportModulesInManaged (22ms)
				SetLoadedEditorAssemblies (0ms)
				RefreshPlugins (1ms)
				BeforeProcessingInitializeOnLoad (89ms)
				ProcessInitializeOnLoadAttributes (530ms)
				ProcessInitializeOnLoadMethodAttributes (91ms)
				AfterProcessingInitializeOnLoad (2ms)
				EditorAssembliesLoaded (0ms)
			ExecutionOrderSort2 (0ms)
			AwakeInstancesAfterBackupRestoration (6ms)
Platform modules already initialized, skipping
Refreshing native plugins compatible for Editor in 9.01 ms, found 2 plugins.
Preloading 0 native plugins for Editor in 0.00 ms.
Unloading 4310 Unused Serialized files (Serialized files now loaded: 0)
Unloading 100 unused Assets / (1.6 MB). Loaded Objects now: 5317.
Memory consumption went from 279.8 MB to 278.1 MB.
Total: 15.660600 ms (FindLiveObjects: 0.346100 ms CreateObjectMapping: 0.291900 ms MarkObjects: 14.660700 ms  DeleteObjects: 0.360900 ms)

AssetImportParameters requested are different than current active one (requested -> active):
  custom:video-decoder-ogg-theora: a1e56fd34408186e4bbccfd4996cb3dc -> 
  custom:container-muxer-webm: aa71ff27fc2769a1b78a27578f13a17b -> 
  custom:container-demuxer-webm: 4f35f7cbe854078d1ac9338744f61a02 -> 
  custom:video-encoder-webm-vp8: eb34c28f22e8b96e1ab97ce403110664 -> 
  custom:video-codec-MediaFoundation-h265: 746d11721c4dcdbdad8f713fa42b33f4 -> 
  custom:audio-encoder-webm-vorbis: bf7c407c2cedff20999df2af8eb42d56 -> 
  custom:framework-win-MediaFoundation: 216162199b28c13a410421893ffa2e32 -> 
  custom:container-demuxer-ogg: 62fdf1f143b41e24485cea50d1cbac27 -> 
  custom:video-decoder-webm-vp8: 9c59270c3fd7afecdb556c50c9e8de78 -> 
  custom:audio-decoder-ogg-vorbis: bf7c407c2cedff20999df2af8eb42d56 -> 
========================================================================
Received Prepare
Registering precompiled user dll's ...
Registered in 0.016080 seconds.
Begin MonoManager ReloadAssembly
Symbol file LoadedFromMemory is not a mono symbol file
Native extension for UWP target not found
Native extension for LinuxStandalone target not found
Native extension for WindowsStandalone target not found
Native extension for Android target not found
Native extension for OSXStandalone target not found
Native extension for WebGL target not found
Refreshing native plugins compatible for Editor in 1.28 ms, found 2 plugins.
Preloading 0 native plugins for Editor in 0.00 ms.
Unable to write to 'ProjectSettings\GvhProjectSettings.xml' (System.IO.IOException: Sharing violation on path C:\Users\jerem\OneDrive\Documentos\WeasUnity\KTA\ProjectSettings\GvhProjectSettings.xml
  at System.IO.FileStream..ctor (System.String path, System.IO.FileMode mode, System.IO.FileAccess access, System.IO.FileShare share, System.Int32 bufferSize, System.Boolean anonymous, System.IO.FileOptions options) [0x0019e] in <d6232873609549b8a045fa15811a5bd3>:0 
  at System.IO.FileStream..ctor (System.String path, System.IO.FileMode mode, System.IO.FileAccess access, System.IO.FileShare share, System.Int32 bufferSize, System.IO.FileOptions options) [0x00000] in <d6232873609549b8a045fa15811a5bd3>:0 
  at System.IO.FileStream..ctor (System.String path, System.IO.FileMode mode, System.IO.FileAccess access, System.IO.FileShare share, System.Int32 bufferSize, System.Boolean useAsync) [0x00000] in <d6232873609549b8a045fa15811a5bd3>:0 
  at (wrapper remoting-invoke-with-check) System.IO.FileStream..ctor(string,System.IO.FileMode,System.IO.FileAccess,System.IO.FileShare,int,bool)
  at System.Xml.XmlWriterSettings.CreateWriter (System.String outputFileName) [0x00051] in <0313f29eb857419498961dc39155d5eb>:0 
  at System.Xml.XmlWriter.Create (System.String outputFileName, System.Xml.XmlWriterSettings settings) [0x0000a] in <0313f29eb857419498961dc39155d5eb>:0 
  at Google.ProjectSettings.Save () [0x0006d] in /Users/chkuang/Workspace/git/unity-jar-resolver/source/VersionHandlerImpl/src/ProjectSettings.cs:821 , Project settings were not saved!
UnityEngine.StackTraceUtility:ExtractStackTrace ()
UnityEngine.DebugLogHandler:LogFormat (UnityEngine.LogType,UnityEngine.Object,string,object[])
UnityEngine.Logger:Log (UnityEngine.LogType,object)
UnityEngine.Debug:LogError (object)
Google.Logger:Log (string,Google.LogLevel) (at /Users/chkuang/Workspace/git/unity-jar-resolver/source/VersionHandlerImpl/src/Logger.cs:136)
Google.ProjectSettings:Save () (at /Users/chkuang/Workspace/git/unity-jar-resolver/source/VersionHandlerImpl/src/ProjectSettings.cs:844)
Google.ProjectSettings:SetBool (string,bool,Google.SettingsLocation) (at /Users/chkuang/Workspace/git/unity-jar-resolver/source/VersionHandlerImpl/src/ProjectSettings.cs:485)
Google.ProjectSettings:SetBool (string,bool) (at /Users/chkuang/Workspace/git/unity-jar-resolver/source/VersionHandlerImpl/src/ProjectSettings.cs:497)
Google.IOSResolver:set_VerboseLoggingEnabled (bool) (at /Users/chkuang/Workspace/git/unity-jar-resolver/source/IOSResolver/src/IOSResolver.cs:998)
Google.IOSResolver:.cctor () (at /Users/chkuang/Workspace/git/unity-jar-resolver/source/IOSResolver/src/IOSResolver.cs:692)
System.Runtime.CompilerServices.RuntimeHelpers:RunClassConstructor (System.RuntimeTypeHandle)
UnityEditor.EditorAssemblies:ProcessInitializeOnLoadAttributes (System.Type[])

(Filename: /Users/chkuang/Workspace/git/unity-jar-resolver/source/VersionHandlerImpl/src/ProjectSettings.cs Line: 844)

GPGSUpgrader start
UnityEngine.StackTraceUtility:ExtractStackTrace ()
UnityEngine.DebugLogHandler:LogFormat (UnityEngine.LogType,UnityEngine.Object,string,object[])
UnityEngine.Logger:Log (UnityEngine.LogType,object)
UnityEngine.Debug:Log (object)
GooglePlayGames.Editor.GPGSUpgrader:.cctor () (at Assets/GooglePlayGames/com.google.play.games/Editor/GPGSUpgrader.cs:38)
System.Runtime.CompilerServices.RuntimeHelpers:RunClassConstructor (System.RuntimeTypeHandle)
UnityEditor.EditorAssemblies:ProcessInitializeOnLoadAttributes (System.Type[])

(Filename: Assets/GooglePlayGames/com.google.play.games/Editor/GPGSUpgrader.cs Line: 38)

GPGSUpgrader done
UnityEngine.StackTraceUtility:ExtractStackTrace ()
UnityEngine.DebugLogHandler:LogFormat (UnityEngine.LogType,UnityEngine.Object,string,object[])
UnityEngine.Logger:Log (UnityEngine.LogType,object)
UnityEngine.Debug:Log (object)
GooglePlayGames.Editor.GPGSUpgrader:.cctor () (at Assets/GooglePlayGames/com.google.play.games/Editor/GPGSUpgrader.cs:57)
System.Runtime.CompilerServices.RuntimeHelpers:RunClassConstructor (System.RuntimeTypeHandle)
UnityEditor.EditorAssemblies:ProcessInitializeOnLoadAttributes (System.Type[])

(Filename: Assets/GooglePlayGames/com.google.play.games/Editor/GPGSUpgrader.cs Line: 57)

Mono: successfully reloaded assembly
- Completed reload, in  1.681 seconds
Domain Reload Profiling:
	ReloadAssembly (1681ms)
		BeginReloadAssembly (170ms)
			ExecutionOrderSort (0ms)
			DisableScriptedObjects (4ms)
			BackupInstance (0ms)
			ReleaseScriptingObjects (0ms)
			CreateAndSetChildDomain (48ms)
		EndReloadAssembly (1388ms)
			LoadAssemblies (138ms)
			RebuildTransferFunctionScriptingTraits (0ms)
			SetupTypeCache (383ms)
			ReleaseScriptCaches (2ms)
			RebuildScriptCaches (66ms)
			SetupLoadedEditorAssemblies (775ms)
				LogAssemblyErrors (0ms)
				InitializePlatformSupportModulesInManaged (30ms)
				SetLoadedEditorAssemblies (0ms)
				RefreshPlugins (1ms)
				BeforeProcessingInitializeOnLoad (85ms)
				ProcessInitializeOnLoadAttributes (553ms)
				ProcessInitializeOnLoadMethodAttributes (101ms)
				AfterProcessingInitializeOnLoad (3ms)
				EditorAssembliesLoaded (0ms)
			ExecutionOrderSort2 (0ms)
			AwakeInstancesAfterBackupRestoration (9ms)
Platform modules already initialized, skipping
Refreshing native plugins compatible for Editor in 20.25 ms, found 2 plugins.
Preloading 0 native plugins for Editor in 0.00 ms.
Unloading 4355 Unused Serialized files (Serialized files now loaded: 0)
Unloading 100 unused Assets / (1.6 MB). Loaded Objects now: 5377.
Memory consumption went from 281.1 MB to 279.5 MB.
Total: 28.872600 ms (FindLiveObjects: 0.574000 ms CreateObjectMapping: 0.591600 ms MarkObjects: 27.161500 ms  DeleteObjects: 0.543700 ms)

AssetImportParameters requested are different than current active one (requested -> active):
  custom:video-decoder-ogg-theora: a1e56fd34408186e4bbccfd4996cb3dc -> 
  custom:container-muxer-webm: aa71ff27fc2769a1b78a27578f13a17b -> 
  custom:container-demuxer-webm: 4f35f7cbe854078d1ac9338744f61a02 -> 
  custom:video-encoder-webm-vp8: eb34c28f22e8b96e1ab97ce403110664 -> 
  custom:video-codec-MediaFoundation-h265: 746d11721c4dcdbdad8f713fa42b33f4 -> 
  custom:audio-encoder-webm-vorbis: bf7c407c2cedff20999df2af8eb42d56 -> 
  custom:framework-win-MediaFoundation: 216162199b28c13a410421893ffa2e32 -> 
  custom:container-demuxer-ogg: 62fdf1f143b41e24485cea50d1cbac27 -> 
  custom:video-decoder-webm-vp8: 9c59270c3fd7afecdb556c50c9e8de78 -> 
  custom:audio-decoder-ogg-vorbis: bf7c407c2cedff20999df2af8eb42d56 -> 
========================================================================
Received Import Request.
  Time since last request: 351.952449 seconds.
  path: Assets/TextMesh Pro
  artifactKey: Guid(f54d1bd14bd3ca042bd867b519fee8cc) Importer(815301076,1909f56bfc062723c751e8b465ee728b)
Start importing Assets/TextMesh Pro using Guid(f54d1bd14bd3ca042bd867b519fee8cc) Importer(815301076,1909f56bfc062723c751e8b465ee728b)  -> (artifact id: 'f5648c5ef36b7beab651a001a8d08867') in 0.019435 seconds 
========================================================================
Received Import Request.
  Time since last request: 33.365921 seconds.
  path: Assets/Samples/Easy Text Effects/1.0.8/Ready-to-use Effects
  artifactKey: Guid(9298bda7ec4dbee4da66c1fc6a5afbc7) Importer(815301076,1909f56bfc062723c751e8b465ee728b)
Start importing Assets/Samples/Easy Text Effects/1.0.8/Ready-to-use Effects using Guid(9298bda7ec4dbee4da66c1fc6a5afbc7) Importer(815301076,1909f56bfc062723c751e8b465ee728b)  -> (artifact id: 'b0ddbe48329517f5374b5f671ed709e2') in 0.010279 seconds 
========================================================================
Received Import Request.
  Time since last request: 7.422344 seconds.
  path: Assets/Samples
  artifactKey: Guid(584e3f23fca418f4f8dac48c5e8e1975) Importer(815301076,1909f56bfc062723c751e8b465ee728b)
Start importing Assets/Samples using Guid(584e3f23fca418f4f8dac48c5e8e1975) Importer(815301076,1909f56bfc062723c751e8b465ee728b)  -> (artifact id: '6e010c0545eb5e16f55cd781f605d5c3') in 0.011165 seconds 
========================================================================
Received Import Request.
  Time since last request: 24.041004 seconds.
  path: Assets/Recursos/Easy Text Effects/1.0.8/Ready-to-use Effects/Effects/Color_Fade.asset
  artifactKey: Guid(f2cfdcb823bdb4a0abb8bdc101944a9e) Importer(815301076,1909f56bfc062723c751e8b465ee728b)
Start importing Assets/Recursos/Easy Text Effects/1.0.8/Ready-to-use Effects/Effects/Color_Fade.asset using Guid(f2cfdcb823bdb4a0abb8bdc101944a9e) Importer(815301076,1909f56bfc062723c751e8b465ee728b)  -> (artifact id: 'cb61ff45543771ecb4a133e88b8e09c8') in 0.048224 seconds 
========================================================================
Received Import Request.
  Time since last request: 0.000024 seconds.
  path: Assets/Recursos/Easy Text Effects/1.0.8/Ready-to-use Effects/Effects/Scale_Default.asset
  artifactKey: Guid(73ef167991a334219a9edcda75a1ab3f) Importer(815301076,1909f56bfc062723c751e8b465ee728b)
Start importing Assets/Recursos/Easy Text Effects/1.0.8/Ready-to-use Effects/Effects/Scale_Default.asset using Guid(73ef167991a334219a9edcda75a1ab3f) Importer(815301076,1909f56bfc062723c751e8b465ee728b)  -> (artifact id: '5e4b9eb7d7a737c5be6a4eea4378250a') in 0.011960 seconds 
========================================================================
Received Import Request.
  Time since last request: 0.000038 seconds.
  path: Assets/Recursos/Easy Text Effects/1.0.8/Ready-to-use Effects/Effects/Color_GradientPerChar.asset
  artifactKey: Guid(6f807c2026f824bbc8b5c1b49e3562a0) Importer(815301076,1909f56bfc062723c751e8b465ee728b)
Start importing Assets/Recursos/Easy Text Effects/1.0.8/Ready-to-use Effects/Effects/Color_GradientPerChar.asset using Guid(6f807c2026f824bbc8b5c1b49e3562a0) Importer(815301076,1909f56bfc062723c751e8b465ee728b)  -> (artifact id: '24dbe2a97d929e1d36f2209310bb4afd') in 0.011275 seconds 
========================================================================
Received Import Request.
  Time since last request: 0.000017 seconds.
  path: Assets/Recursos/Easy Text Effects/1.0.8/Ready-to-use Effects/Effects/Scale_Title.asset
  artifactKey: Guid(830c1dc635af14eb299566521c80f783) Importer(815301076,1909f56bfc062723c751e8b465ee728b)
Start importing Assets/Recursos/Easy Text Effects/1.0.8/Ready-to-use Effects/Effects/Scale_Title.asset using Guid(830c1dc635af14eb299566521c80f783) Importer(815301076,1909f56bfc062723c751e8b465ee728b)  -> (artifact id: '11a78cc314a6cbb88c1646ca9cd7e70f') in 0.011562 seconds 
========================================================================
Received Import Request.
  Time since last request: 0.000025 seconds.
  path: Assets/Recursos/Easy Text Effects/1.0.8/Ready-to-use Effects/Effects/Move_SlideTop.asset
  artifactKey: Guid(11f65a09313a34ecd89055e44d34684d) Importer(815301076,1909f56bfc062723c751e8b465ee728b)
Start importing Assets/Recursos/Easy Text Effects/1.0.8/Ready-to-use Effects/Effects/Move_SlideTop.asset using Guid(11f65a09313a34ecd89055e44d34684d) Importer(815301076,1909f56bfc062723c751e8b465ee728b)  -> (artifact id: '2c0b0f6c9e0bd5058c56eefcc0c87c6c') in 0.012954 seconds 
========================================================================
Received Import Request.
  Time since last request: 0.000020 seconds.
  path: Assets/Recursos/Easy Text Effects/1.0.8/Ready-to-use Effects/Effects/Move_Wave.asset
  artifactKey: Guid(37db8e32c48cf4579b04b8dc436a7bb8) Importer(815301076,1909f56bfc062723c751e8b465ee728b)
Start importing Assets/Recursos/Easy Text Effects/1.0.8/Ready-to-use Effects/Effects/Move_Wave.asset using Guid(37db8e32c48cf4579b04b8dc436a7bb8) Importer(815301076,1909f56bfc062723c751e8b465ee728b)  -> (artifact id: '7954a7a028b2ea679f5ee6dbc4da5fe4') in 0.010844 seconds 
========================================================================
Received Import Request.
  Time since last request: 0.000044 seconds.
  path: Assets/Recursos/Easy Text Effects/1.0.8/Ready-to-use Effects/Effects/Move_Bounce.asset
  artifactKey: Guid(6ac844096101b4cbcabd779d6d223858) Importer(815301076,1909f56bfc062723c751e8b465ee728b)
Start importing Assets/Recursos/Easy Text Effects/1.0.8/Ready-to-use Effects/Effects/Move_Bounce.asset using Guid(6ac844096101b4cbcabd779d6d223858) Importer(815301076,1909f56bfc062723c751e8b465ee728b)  -> (artifact id: 'afac4b60c166a76d031590ae3bccdaec') in 0.012058 seconds 
========================================================================
Received Import Request.
  Time since last request: 0.000022 seconds.
  path: Assets/Recursos/Easy Text Effects/1.0.8/Ready-to-use Effects/Effects/PerVertex_Dangle.asset
  artifactKey: Guid(883eed0339150497db58b8bd89b633ac) Importer(815301076,1909f56bfc062723c751e8b465ee728b)
Start importing Assets/Recursos/Easy Text Effects/1.0.8/Ready-to-use Effects/Effects/PerVertex_Dangle.asset using Guid(883eed0339150497db58b8bd89b633ac) Importer(815301076,1909f56bfc062723c751e8b465ee728b)  -> (artifact id: 'de9a78dbeb78db16cd42d2223e3fb793') in 0.016705 seconds 
========================================================================
Received Import Request.
  Time since last request: 0.000017 seconds.
  path: Assets/Recursos/Easy Text Effects/1.0.8/Ready-to-use Effects/Effects/PerVertex_Fold.asset
  artifactKey: Guid(6de18f8bb448f424c933487ce8948c7d) Importer(815301076,1909f56bfc062723c751e8b465ee728b)
Start importing Assets/Recursos/Easy Text Effects/1.0.8/Ready-to-use Effects/Effects/PerVertex_Fold.asset using Guid(6de18f8bb448f424c933487ce8948c7d) Importer(815301076,1909f56bfc062723c751e8b465ee728b)  -> (artifact id: 'e579e16b5a00370ab56046ecbbf64e8f') in 0.010257 seconds 
========================================================================
Received Import Request.
  Time since last request: 0.000015 seconds.
  path: Assets/Recursos/Easy Text Effects/1.0.8/Ready-to-use Effects/Effects/Rotate_Default.asset
  artifactKey: Guid(76f9332bad058442389959544823beb1) Importer(815301076,1909f56bfc062723c751e8b465ee728b)
Start importing Assets/Recursos/Easy Text Effects/1.0.8/Ready-to-use Effects/Effects/Rotate_Default.asset using Guid(76f9332bad058442389959544823beb1) Importer(815301076,1909f56bfc062723c751e8b465ee728b)  -> (artifact id: '2667bdd619c01c16c79ee126400813c6') in 0.010055 seconds 
========================================================================
Received Import Request.
  Time since last request: 0.000026 seconds.
  path: Assets/Recursos/Easy Text Effects/1.0.8/Ready-to-use Effects/Effects/Color_Title.asset
  artifactKey: Guid(b1d9aec5faaeb4b5fa321aa2b7b07563) Importer(815301076,1909f56bfc062723c751e8b465ee728b)
Start importing Assets/Recursos/Easy Text Effects/1.0.8/Ready-to-use Effects/Effects/Color_Title.asset using Guid(b1d9aec5faaeb4b5fa321aa2b7b07563) Importer(815301076,1909f56bfc062723c751e8b465ee728b)  -> (artifact id: '8426fc58db806d7128169fc5d489c26b') in 0.010063 seconds 
========================================================================
Received Prepare
Registering precompiled user dll's ...
Registered in 0.016444 seconds.
Begin MonoManager ReloadAssembly
Symbol file LoadedFromMemory is not a mono symbol file
Native extension for UWP target not found
Native extension for LinuxStandalone target not found
Native extension for WindowsStandalone target not found
Native extension for Android target not found
Native extension for OSXStandalone target not found
Native extension for WebGL target not found
Refreshing native plugins compatible for Editor in 1.66 ms, found 2 plugins.
Preloading 0 native plugins for Editor in 0.00 ms.
Unable to write to 'ProjectSettings\GvhProjectSettings.xml' (System.IO.IOException: Sharing violation on path C:\Users\jerem\OneDrive\Documentos\WeasUnity\KTA\ProjectSettings\GvhProjectSettings.xml
  at System.IO.FileStream..ctor (System.String path, System.IO.FileMode mode, System.IO.FileAccess access, System.IO.FileShare share, System.Int32 bufferSize, System.Boolean anonymous, System.IO.FileOptions options) [0x0019e] in <d6232873609549b8a045fa15811a5bd3>:0 
  at System.IO.FileStream..ctor (System.String path, System.IO.FileMode mode, System.IO.FileAccess access, System.IO.FileShare share, System.Int32 bufferSize, System.IO.FileOptions options) [0x00000] in <d6232873609549b8a045fa15811a5bd3>:0 
  at System.IO.FileStream..ctor (System.String path, System.IO.FileMode mode, System.IO.FileAccess access, System.IO.FileShare share, System.Int32 bufferSize, System.Boolean useAsync) [0x00000] in <d6232873609549b8a045fa15811a5bd3>:0 
  at (wrapper remoting-invoke-with-check) System.IO.FileStream..ctor(string,System.IO.FileMode,System.IO.FileAccess,System.IO.FileShare,int,bool)
  at System.Xml.XmlWriterSettings.CreateWriter (System.String outputFileName) [0x00051] in <0313f29eb857419498961dc39155d5eb>:0 
  at System.Xml.XmlWriter.Create (System.String outputFileName, System.Xml.XmlWriterSettings settings) [0x0000a] in <0313f29eb857419498961dc39155d5eb>:0 
  at Google.ProjectSettings.Save () [0x0006d] in /Users/chkuang/Workspace/git/unity-jar-resolver/source/VersionHandlerImpl/src/ProjectSettings.cs:821 , Project settings were not saved!
UnityEngine.StackTraceUtility:ExtractStackTrace ()
UnityEngine.DebugLogHandler:LogFormat (UnityEngine.LogType,UnityEngine.Object,string,object[])
UnityEngine.Logger:Log (UnityEngine.LogType,object)
UnityEngine.Debug:LogError (object)
Google.Logger:Log (string,Google.LogLevel) (at /Users/chkuang/Workspace/git/unity-jar-resolver/source/VersionHandlerImpl/src/Logger.cs:136)
Google.ProjectSettings:Save () (at /Users/chkuang/Workspace/git/unity-jar-resolver/source/VersionHandlerImpl/src/ProjectSettings.cs:844)
Google.ProjectSettings:SetBool (string,bool,Google.SettingsLocation) (at /Users/chkuang/Workspace/git/unity-jar-resolver/source/VersionHandlerImpl/src/ProjectSettings.cs:485)
Google.ProjectSettings:SetBool (string,bool) (at /Users/chkuang/Workspace/git/unity-jar-resolver/source/VersionHandlerImpl/src/ProjectSettings.cs:497)
Google.IOSResolver:set_VerboseLoggingEnabled (bool) (at /Users/chkuang/Workspace/git/unity-jar-resolver/source/IOSResolver/src/IOSResolver.cs:998)
Google.IOSResolver:.cctor () (at /Users/chkuang/Workspace/git/unity-jar-resolver/source/IOSResolver/src/IOSResolver.cs:692)
System.Runtime.CompilerServices.RuntimeHelpers:RunClassConstructor (System.RuntimeTypeHandle)
UnityEditor.EditorAssemblies:ProcessInitializeOnLoadAttributes (System.Type[])

(Filename: /Users/chkuang/Workspace/git/unity-jar-resolver/source/VersionHandlerImpl/src/ProjectSettings.cs Line: 844)

GPGSUpgrader start
UnityEngine.StackTraceUtility:ExtractStackTrace ()
UnityEngine.DebugLogHandler:LogFormat (UnityEngine.LogType,UnityEngine.Object,string,object[])
UnityEngine.Logger:Log (UnityEngine.LogType,object)
UnityEngine.Debug:Log (object)
GooglePlayGames.Editor.GPGSUpgrader:.cctor () (at Assets/GooglePlayGames/com.google.play.games/Editor/GPGSUpgrader.cs:38)
System.Runtime.CompilerServices.RuntimeHelpers:RunClassConstructor (System.RuntimeTypeHandle)
UnityEditor.EditorAssemblies:ProcessInitializeOnLoadAttributes (System.Type[])

(Filename: Assets/GooglePlayGames/com.google.play.games/Editor/GPGSUpgrader.cs Line: 38)

System.IO.IOException: Sharing violation on path C:\Users\jerem\OneDrive\Documentos\WeasUnity\KTA\ProjectSettings\GooglePlayGameSettings.txt
  at System.IO.FileStream..ctor (System.String path, System.IO.FileMode mode, System.IO.FileAccess access, System.IO.FileShare share, System.Int32 bufferSize, System.Boolean anonymous, System.IO.FileOptions options) [0x0019e] in <d6232873609549b8a045fa15811a5bd3>:0 
  at System.IO.FileStream..ctor (System.String path, System.IO.FileMode mode, System.IO.FileAccess access, System.IO.FileShare share, System.Int32 bufferSize, System.IO.FileOptions options) [0x00000] in <d6232873609549b8a045fa15811a5bd3>:0 
  at (wrapper remoting-invoke-with-check) System.IO.FileStream..ctor(string,System.IO.FileMode,System.IO.FileAccess,System.IO.FileShare,int,System.IO.FileOptions)
  at System.IO.StreamWriter..ctor (System.String path, System.Boolean append, System.Text.Encoding encoding, System.Int32 bufferSize) [0x00055] in <d6232873609549b8a045fa15811a5bd3>:0 
  at System.IO.StreamWriter..ctor (System.String path, System.Boolean append) [0x00008] in <d6232873609549b8a045fa15811a5bd3>:0 
  at (wrapper remoting-invoke-with-check) System.IO.StreamWriter..ctor(string,bool)
  at GooglePlayGames.Editor.GPGSProjectSettings.Save () [0x00035] in C:\Users\jerem\OneDrive\Documentos\WeasUnity\KTA\Assets\GooglePlayGames\com.google.play.games\Editor\GPGSProjectSettings.cs:182 
  at GooglePlayGames.Editor.GPGSUpgrader..cctor () [0x0003a] in C:\Users\jerem\OneDrive\Documentos\WeasUnity\KTA\Assets\GooglePlayGames\com.google.play.games\Editor\GPGSUpgrader.cs:43 
UnityEngine.StackTraceUtility:ExtractStackTrace ()
UnityEngine.DebugLogHandler:LogFormat (UnityEngine.LogType,UnityEngine.Object,string,object[])
UnityEngine.Logger:Log (UnityEngine.LogType,object)
UnityEngine.Debug:LogError (object)
UnityEditor.EditorAssemblies:ProcessInitializeOnLoadAttributes (System.Type[])

Mono: successfully reloaded assembly
- Completed reload, in  1.932 seconds
Domain Reload Profiling:
	ReloadAssembly (1932ms)
		BeginReloadAssembly (196ms)
			ExecutionOrderSort (0ms)
			DisableScriptedObjects (4ms)
			BackupInstance (0ms)
			ReleaseScriptingObjects (0ms)
			CreateAndSetChildDomain (53ms)
		EndReloadAssembly (1632ms)
			LoadAssemblies (162ms)
			RebuildTransferFunctionScriptingTraits (0ms)
			SetupTypeCache (359ms)
			ReleaseScriptCaches (2ms)
			RebuildScriptCaches (65ms)
			SetupLoadedEditorAssemblies (1032ms)
				LogAssemblyErrors (0ms)
				InitializePlatformSupportModulesInManaged (30ms)
				SetLoadedEditorAssemblies (1ms)
				RefreshPlugins (2ms)
				BeforeProcessingInitializeOnLoad (86ms)
				ProcessInitializeOnLoadAttributes (768ms)
				ProcessInitializeOnLoadMethodAttributes (141ms)
				AfterProcessingInitializeOnLoad (3ms)
				EditorAssembliesLoaded (1ms)
			ExecutionOrderSort2 (0ms)
			AwakeInstancesAfterBackupRestoration (10ms)
Platform modules already initialized, skipping
Refreshing native plugins compatible for Editor in 18.24 ms, found 2 plugins.
Preloading 0 native plugins for Editor in 0.00 ms.
Unloading 4355 Unused Serialized files (Serialized files now loaded: 0)
Unloading 100 unused Assets / (1.6 MB). Loaded Objects now: 5392.
Memory consumption went from 281.1 MB to 279.5 MB.
Total: 16.552300 ms (FindLiveObjects: 0.423600 ms CreateObjectMapping: 0.362100 ms MarkObjects: 15.456200 ms  DeleteObjects: 0.309300 ms)

AssetImportParameters requested are different than current active one (requested -> active):
  custom:video-decoder-ogg-theora: a1e56fd34408186e4bbccfd4996cb3dc -> 
  custom:container-muxer-webm: aa71ff27fc2769a1b78a27578f13a17b -> 
  custom:container-demuxer-webm: 4f35f7cbe854078d1ac9338744f61a02 -> 
  custom:video-encoder-webm-vp8: eb34c28f22e8b96e1ab97ce403110664 -> 
  custom:video-codec-MediaFoundation-h265: 746d11721c4dcdbdad8f713fa42b33f4 -> 
  custom:audio-encoder-webm-vorbis: bf7c407c2cedff20999df2af8eb42d56 -> 
  custom:framework-win-MediaFoundation: 216162199b28c13a410421893ffa2e32 -> 
  custom:container-demuxer-ogg: 62fdf1f143b41e24485cea50d1cbac27 -> 
  custom:video-decoder-webm-vp8: 9c59270c3fd7afecdb556c50c9e8de78 -> 
  custom:audio-decoder-ogg-vorbis: bf7c407c2cedff20999df2af8eb42d56 -> 
========================================================================
Received Prepare
Registering precompiled user dll's ...
Registered in 0.016961 seconds.
Begin MonoManager ReloadAssembly
Symbol file LoadedFromMemory is not a mono symbol file
Native extension for UWP target not found
Native extension for LinuxStandalone target not found
Native extension for WindowsStandalone target not found
Native extension for Android target not found
Native extension for OSXStandalone target not found
Native extension for WebGL target not found
Refreshing native plugins compatible for Editor in 1.22 ms, found 2 plugins.
Preloading 0 native plugins for Editor in 0.00 ms.
Unable to write to 'ProjectSettings\GvhProjectSettings.xml' (System.IO.IOException: Sharing violation on path C:\Users\jerem\OneDrive\Documentos\WeasUnity\KTA\ProjectSettings\GvhProjectSettings.xml
  at System.IO.FileStream..ctor (System.String path, System.IO.FileMode mode, System.IO.FileAccess access, System.IO.FileShare share, System.Int32 bufferSize, System.Boolean anonymous, System.IO.FileOptions options) [0x0019e] in <d6232873609549b8a045fa15811a5bd3>:0 
  at System.IO.FileStream..ctor (System.String path, System.IO.FileMode mode, System.IO.FileAccess access, System.IO.FileShare share, System.Int32 bufferSize, System.IO.FileOptions options) [0x00000] in <d6232873609549b8a045fa15811a5bd3>:0 
  at System.IO.FileStream..ctor (System.String path, System.IO.FileMode mode, System.IO.FileAccess access, System.IO.FileShare share, System.Int32 bufferSize, System.Boolean useAsync) [0x00000] in <d6232873609549b8a045fa15811a5bd3>:0 
  at (wrapper remoting-invoke-with-check) System.IO.FileStream..ctor(string,System.IO.FileMode,System.IO.FileAccess,System.IO.FileShare,int,bool)
  at System.Xml.XmlWriterSettings.CreateWriter (System.String outputFileName) [0x00051] in <0313f29eb857419498961dc39155d5eb>:0 
  at System.Xml.XmlWriter.Create (System.String outputFileName, System.Xml.XmlWriterSettings settings) [0x0000a] in <0313f29eb857419498961dc39155d5eb>:0 
  at Google.ProjectSettings.Save () [0x0006d] in /Users/chkuang/Workspace/git/unity-jar-resolver/source/VersionHandlerImpl/src/ProjectSettings.cs:821 , Project settings were not saved!
UnityEngine.StackTraceUtility:ExtractStackTrace ()
UnityEngine.DebugLogHandler:LogFormat (UnityEngine.LogType,UnityEngine.Object,string,object[])
UnityEngine.Logger:Log (UnityEngine.LogType,object)
UnityEngine.Debug:LogError (object)
Google.Logger:Log (string,Google.LogLevel) (at /Users/chkuang/Workspace/git/unity-jar-resolver/source/VersionHandlerImpl/src/Logger.cs:136)
Google.ProjectSettings:Save () (at /Users/chkuang/Workspace/git/unity-jar-resolver/source/VersionHandlerImpl/src/ProjectSettings.cs:844)
Google.ProjectSettings:SetBool (string,bool,Google.SettingsLocation) (at /Users/chkuang/Workspace/git/unity-jar-resolver/source/VersionHandlerImpl/src/ProjectSettings.cs:485)
Google.ProjectSettings:SetBool (string,bool) (at /Users/chkuang/Workspace/git/unity-jar-resolver/source/VersionHandlerImpl/src/ProjectSettings.cs:497)
Google.IOSResolver:set_VerboseLoggingEnabled (bool) (at /Users/chkuang/Workspace/git/unity-jar-resolver/source/IOSResolver/src/IOSResolver.cs:998)
Google.IOSResolver:.cctor () (at /Users/chkuang/Workspace/git/unity-jar-resolver/source/IOSResolver/src/IOSResolver.cs:692)
System.Runtime.CompilerServices.RuntimeHelpers:RunClassConstructor (System.RuntimeTypeHandle)
UnityEditor.EditorAssemblies:ProcessInitializeOnLoadAttributes (System.Type[])

(Filename: /Users/chkuang/Workspace/git/unity-jar-resolver/source/VersionHandlerImpl/src/ProjectSettings.cs Line: 844)

GPGSUpgrader start
UnityEngine.StackTraceUtility:ExtractStackTrace ()
UnityEngine.DebugLogHandler:LogFormat (UnityEngine.LogType,UnityEngine.Object,string,object[])
UnityEngine.Logger:Log (UnityEngine.LogType,object)
UnityEngine.Debug:Log (object)
GooglePlayGames.Editor.GPGSUpgrader:.cctor () (at Assets/GooglePlayGames/com.google.play.games/Editor/GPGSUpgrader.cs:38)
System.Runtime.CompilerServices.RuntimeHelpers:RunClassConstructor (System.RuntimeTypeHandle)
UnityEditor.EditorAssemblies:ProcessInitializeOnLoadAttributes (System.Type[])

(Filename: Assets/GooglePlayGames/com.google.play.games/Editor/GPGSUpgrader.cs Line: 38)

System.IO.IOException: Sharing violation on path C:\Users\jerem\OneDrive\Documentos\WeasUnity\KTA\ProjectSettings\GooglePlayGameSettings.txt
  at System.IO.FileStream..ctor (System.String path, System.IO.FileMode mode, System.IO.FileAccess access, System.IO.FileShare share, System.Int32 bufferSize, System.Boolean anonymous, System.IO.FileOptions options) [0x0019e] in <d6232873609549b8a045fa15811a5bd3>:0 
  at System.IO.FileStream..ctor (System.String path, System.IO.FileMode mode, System.IO.FileAccess access, System.IO.FileShare share, System.Int32 bufferSize, System.IO.FileOptions options) [0x00000] in <d6232873609549b8a045fa15811a5bd3>:0 
  at (wrapper remoting-invoke-with-check) System.IO.FileStream..ctor(string,System.IO.FileMode,System.IO.FileAccess,System.IO.FileShare,int,System.IO.FileOptions)
  at System.IO.StreamWriter..ctor (System.String path, System.Boolean append, System.Text.Encoding encoding, System.Int32 bufferSize) [0x00055] in <d6232873609549b8a045fa15811a5bd3>:0 
  at System.IO.StreamWriter..ctor (System.String path, System.Boolean append) [0x00008] in <d6232873609549b8a045fa15811a5bd3>:0 
  at (wrapper remoting-invoke-with-check) System.IO.StreamWriter..ctor(string,bool)
  at GooglePlayGames.Editor.GPGSProjectSettings.Save () [0x00035] in C:\Users\jerem\OneDrive\Documentos\WeasUnity\KTA\Assets\GooglePlayGames\com.google.play.games\Editor\GPGSProjectSettings.cs:182 
  at GooglePlayGames.Editor.GPGSUpgrader..cctor () [0x0003a] in C:\Users\jerem\OneDrive\Documentos\WeasUnity\KTA\Assets\GooglePlayGames\com.google.play.games\Editor\GPGSUpgrader.cs:43 
UnityEngine.StackTraceUtility:ExtractStackTrace ()
UnityEngine.DebugLogHandler:LogFormat (UnityEngine.LogType,UnityEngine.Object,string,object[])
UnityEngine.Logger:Log (UnityEngine.LogType,object)
UnityEngine.Debug:LogError (object)
UnityEditor.EditorAssemblies:ProcessInitializeOnLoadAttributes (System.Type[])

Mono: successfully reloaded assembly
- Completed reload, in  1.534 seconds
Domain Reload Profiling:
	ReloadAssembly (1535ms)
		BeginReloadAssembly (173ms)
			ExecutionOrderSort (0ms)
			DisableScriptedObjects (4ms)
			BackupInstance (0ms)
			ReleaseScriptingObjects (0ms)
			CreateAndSetChildDomain (51ms)
		EndReloadAssembly (1246ms)
			LoadAssemblies (130ms)
			RebuildTransferFunctionScriptingTraits (0ms)
			SetupTypeCache (270ms)
			ReleaseScriptCaches (2ms)
			RebuildScriptCaches (55ms)
			SetupLoadedEditorAssemblies (779ms)
				LogAssemblyErrors (0ms)
				InitializePlatformSupportModulesInManaged (22ms)
				SetLoadedEditorAssemblies (1ms)
				RefreshPlugins (1ms)
				BeforeProcessingInitializeOnLoad (78ms)
				ProcessInitializeOnLoadAttributes (586ms)
				ProcessInitializeOnLoadMethodAttributes (89ms)
				AfterProcessingInitializeOnLoad (2ms)
				EditorAssembliesLoaded (0ms)
			ExecutionOrderSort2 (0ms)
			AwakeInstancesAfterBackupRestoration (7ms)
Platform modules already initialized, skipping
Refreshing native plugins compatible for Editor in 11.64 ms, found 2 plugins.
Preloading 0 native plugins for Editor in 0.00 ms.
Unloading 4355 Unused Serialized files (Serialized files now loaded: 0)
Unloading 100 unused Assets / (1.6 MB). Loaded Objects now: 5407.
Memory consumption went from 281.2 MB to 279.5 MB.
Total: 17.615300 ms (FindLiveObjects: 0.521700 ms CreateObjectMapping: 0.578400 ms MarkObjects: 16.202800 ms  DeleteObjects: 0.311300 ms)

AssetImportParameters requested are different than current active one (requested -> active):
  custom:video-decoder-ogg-theora: a1e56fd34408186e4bbccfd4996cb3dc -> 
  custom:container-muxer-webm: aa71ff27fc2769a1b78a27578f13a17b -> 
  custom:container-demuxer-webm: 4f35f7cbe854078d1ac9338744f61a02 -> 
  custom:video-encoder-webm-vp8: eb34c28f22e8b96e1ab97ce403110664 -> 
  custom:video-codec-MediaFoundation-h265: 746d11721c4dcdbdad8f713fa42b33f4 -> 
  custom:audio-encoder-webm-vorbis: bf7c407c2cedff20999df2af8eb42d56 -> 
  custom:framework-win-MediaFoundation: 216162199b28c13a410421893ffa2e32 -> 
  custom:container-demuxer-ogg: 62fdf1f143b41e24485cea50d1cbac27 -> 
  custom:video-decoder-webm-vp8: 9c59270c3fd7afecdb556c50c9e8de78 -> 
  custom:audio-decoder-ogg-vorbis: bf7c407c2cedff20999df2af8eb42d56 -> 
========================================================================
Received Import Request.
  Time since last request: 61.155928 seconds.
  path: Assets/0.unity
  artifactKey: Guid(58440280d44165844be8b1445d0c1cc4) Importer(815301076,1909f56bfc062723c751e8b465ee728b)
Start importing Assets/0.unity using Guid(58440280d44165844be8b1445d0c1cc4) Importer(815301076,1909f56bfc062723c751e8b465ee728b)  -> (artifact id: 'c08451c08aa5abd79b22c7e0581e2b23') in 0.008573 seconds 
========================================================================
Received Import Request.
  Time since last request: 244.102478 seconds.
  path: Assets/Recursos/Easy Text Effects/1.0.8/Ready-to-use Effects/Fonts/FiraCode-VariableFont_wght SDF.asset
  artifactKey: Guid(ec1e938c26b9447b0a02301c7200dcce) Importer(815301076,1909f56bfc062723c751e8b465ee728b)
Start importing Assets/Recursos/Easy Text Effects/1.0.8/Ready-to-use Effects/Fonts/FiraCode-VariableFont_wght SDF.asset using Guid(ec1e938c26b9447b0a02301c7200dcce) Importer(815301076,1909f56bfc062723c751e8b465ee728b)  -> (artifact id: '8510eb9326c916a4ce9ceab78d577062') in 0.105770 seconds 
========================================================================
Received Import Request.
  Time since last request: 0.000022 seconds.
  path: Assets/Recursos/Easy Text Effects/1.0.8/Ready-to-use Effects/Fonts/Lexend-VariableFont_wght SDF Custom.asset
  artifactKey: Guid(87bc67909e04345d595aa3d5a49b0208) Importer(815301076,1909f56bfc062723c751e8b465ee728b)
Start importing Assets/Recursos/Easy Text Effects/1.0.8/Ready-to-use Effects/Fonts/Lexend-VariableFont_wght SDF Custom.asset using Guid(87bc67909e04345d595aa3d5a49b0208) Importer(815301076,1909f56bfc062723c751e8b465ee728b)  -> (artifact id: 'bddd6af41436e924d90411fff4072154') in 0.029589 seconds 
========================================================================
Received Import Request.
  Time since last request: 34.861565 seconds.
  path: Assets/Game.unity
  artifactKey: Guid(f22258b6d1ce65e45b42dc3d7c1d6092) Importer(815301076,1909f56bfc062723c751e8b465ee728b)
Start importing Assets/Game.unity using Guid(f22258b6d1ce65e45b42dc3d7c1d6092) Importer(815301076,1909f56bfc062723c751e8b465ee728b)  -> (artifact id: '553eb378a7887bb8273ba1cbe7420546') in 0.009898 seconds 
========================================================================
Received Prepare
Registering precompiled user dll's ...
Registered in 0.014003 seconds.
Begin MonoManager ReloadAssembly
Symbol file LoadedFromMemory is not a mono symbol file
Native extension for UWP target not found
Native extension for LinuxStandalone target not found
Native extension for WindowsStandalone target not found
Native extension for Android target not found
Native extension for OSXStandalone target not found
Native extension for WebGL target not found
Refreshing native plugins compatible for Editor in 1.98 ms, found 2 plugins.
Preloading 0 native plugins for Editor in 0.00 ms.
GPGSUpgrader start
UnityEngine.StackTraceUtility:ExtractStackTrace ()
UnityEngine.DebugLogHandler:LogFormat (UnityEngine.LogType,UnityEngine.Object,string,object[])
UnityEngine.Logger:Log (UnityEngine.LogType,object)
UnityEngine.Debug:Log (object)
GooglePlayGames.Editor.GPGSUpgrader:.cctor () (at Assets/GooglePlayGames/com.google.play.games/Editor/GPGSUpgrader.cs:38)
System.Runtime.CompilerServices.RuntimeHelpers:RunClassConstructor (System.RuntimeTypeHandle)
UnityEditor.EditorAssemblies:ProcessInitializeOnLoadAttributes (System.Type[])

(Filename: Assets/GooglePlayGames/com.google.play.games/Editor/GPGSUpgrader.cs Line: 38)

GPGSUpgrader done
UnityEngine.StackTraceUtility:ExtractStackTrace ()
UnityEngine.DebugLogHandler:LogFormat (UnityEngine.LogType,UnityEngine.Object,string,object[])
UnityEngine.Logger:Log (UnityEngine.LogType,object)
UnityEngine.Debug:Log (object)
GooglePlayGames.Editor.GPGSUpgrader:.cctor () (at Assets/GooglePlayGames/com.google.play.games/Editor/GPGSUpgrader.cs:57)
System.Runtime.CompilerServices.RuntimeHelpers:RunClassConstructor (System.RuntimeTypeHandle)
UnityEditor.EditorAssemblies:ProcessInitializeOnLoadAttributes (System.Type[])

(Filename: Assets/GooglePlayGames/com.google.play.games/Editor/GPGSUpgrader.cs Line: 57)

Mono: successfully reloaded assembly
- Completed reload, in  1.690 seconds
Domain Reload Profiling:
	ReloadAssembly (1691ms)
		BeginReloadAssembly (173ms)
			ExecutionOrderSort (0ms)
			DisableScriptedObjects (4ms)
			BackupInstance (0ms)
			ReleaseScriptingObjects (0ms)
			CreateAndSetChildDomain (63ms)
		EndReloadAssembly (1410ms)
			LoadAssemblies (121ms)
			RebuildTransferFunctionScriptingTraits (0ms)
			SetupTypeCache (278ms)
			ReleaseScriptCaches (2ms)
			RebuildScriptCaches (57ms)
			SetupLoadedEditorAssemblies (920ms)
				LogAssemblyErrors (0ms)
				InitializePlatformSupportModulesInManaged (33ms)
				SetLoadedEditorAssemblies (1ms)
				RefreshPlugins (2ms)
				BeforeProcessingInitializeOnLoad (85ms)
				ProcessInitializeOnLoadAttributes (685ms)
				ProcessInitializeOnLoadMethodAttributes (111ms)
				AfterProcessingInitializeOnLoad (3ms)
				EditorAssembliesLoaded (0ms)
			ExecutionOrderSort2 (0ms)
			AwakeInstancesAfterBackupRestoration (7ms)
Platform modules already initialized, skipping
Refreshing native plugins compatible for Editor in 11.66 ms, found 2 plugins.
Preloading 0 native plugins for Editor in 0.00 ms.
Unloading 4355 Unused Serialized files (Serialized files now loaded: 0)
Unloading 100 unused Assets / (1.6 MB). Loaded Objects now: 5422.
Memory consumption went from 281.2 MB to 279.5 MB.
Total: 17.040300 ms (FindLiveObjects: 0.464800 ms CreateObjectMapping: 0.357800 ms MarkObjects: 15.926000 ms  DeleteObjects: 0.290600 ms)

AssetImportParameters requested are different than current active one (requested -> active):
  custom:video-decoder-ogg-theora: a1e56fd34408186e4bbccfd4996cb3dc -> 
  custom:container-muxer-webm: aa71ff27fc2769a1b78a27578f13a17b -> 
  custom:container-demuxer-webm: 4f35f7cbe854078d1ac9338744f61a02 -> 
  custom:video-encoder-webm-vp8: eb34c28f22e8b96e1ab97ce403110664 -> 
  custom:video-codec-MediaFoundation-h265: 746d11721c4dcdbdad8f713fa42b33f4 -> 
  custom:audio-encoder-webm-vorbis: bf7c407c2cedff20999df2af8eb42d56 -> 
  custom:framework-win-MediaFoundation: 216162199b28c13a410421893ffa2e32 -> 
  custom:container-demuxer-ogg: 62fdf1f143b41e24485cea50d1cbac27 -> 
  custom:video-decoder-webm-vp8: 9c59270c3fd7afecdb556c50c9e8de78 -> 
  custom:audio-decoder-ogg-vorbis: bf7c407c2cedff20999df2af8eb42d56 -> 
========================================================================
Received Import Request.
  Time since last request: 139.555583 seconds.
  path: Assets/Recursos/Visualizador/Post/1.asset
  artifactKey: Guid(39932269c0e7c084cbee569e9b3b56c0) Importer(815301076,1909f56bfc062723c751e8b465ee728b)
Start importing Assets/Recursos/Visualizador/Post/1.asset using Guid(39932269c0e7c084cbee569e9b3b56c0) Importer(815301076,1909f56bfc062723c751e8b465ee728b)  -> (artifact id: 'e21ec825f194eadcc658848c35aa9742') in 0.059584 seconds 
========================================================================
Received Import Request.
  Time since last request: 0.000021 seconds.
  path: Assets/Recursos/Visualizador/Post/3.asset
  artifactKey: Guid(0054f0f7644b8204e9ab94b23ace5f44) Importer(815301076,1909f56bfc062723c751e8b465ee728b)
Start importing Assets/Recursos/Visualizador/Post/3.asset using Guid(0054f0f7644b8204e9ab94b23ace5f44) Importer(815301076,1909f56bfc062723c751e8b465ee728b)  -> (artifact id: '6f3354fa5442ea43f226d0b834557f94') in 0.090126 seconds 
========================================================================
Received Import Request.
  Time since last request: 44.929834 seconds.
  path: Assets/Recursos/Easy Text Effects/1.0.8/Ready-to-use Effects/Effects/Move_Dangle 1.asset
  artifactKey: Guid(23e3c30225798384fa48370669b7c09c) Importer(815301076,1909f56bfc062723c751e8b465ee728b)
Start importing Assets/Recursos/Easy Text Effects/1.0.8/Ready-to-use Effects/Effects/Move_Dangle 1.asset using Guid(23e3c30225798384fa48370669b7c09c) Importer(815301076,1909f56bfc062723c751e8b465ee728b)  -> (artifact id: '28cfe625da21a462ea2d788fa703e402') in 0.010698 seconds 
========================================================================
Received Import Request.
  Time since last request: 205.978149 seconds.
  path: Assets/Recursos/Easy Text Effects/1.0.8/Ready-to-use Effects/Effects/Move_Dangle.asset
  artifactKey: Guid(e20222890c9914418b883d0f430b5794) Importer(815301076,1909f56bfc062723c751e8b465ee728b)
Start importing Assets/Recursos/Easy Text Effects/1.0.8/Ready-to-use Effects/Effects/Move_Dangle.asset using Guid(e20222890c9914418b883d0f430b5794) Importer(815301076,1909f56bfc062723c751e8b465ee728b)  -> (artifact id: '07a512e332f568820867802658159696') in 0.003390 seconds 
========================================================================
Received Import Request.
  Time since last request: 92.341487 seconds.
  path: Assets/Recursos/Easy Text Effects/1.0.8/Ready-to-use Effects/Effects/Color_Gradient 1.asset
  artifactKey: Guid(f4da8e78ecc8bdb4f88df43422190130) Importer(815301076,1909f56bfc062723c751e8b465ee728b)
Start importing Assets/Recursos/Easy Text Effects/1.0.8/Ready-to-use Effects/Effects/Color_Gradient 1.asset using Guid(f4da8e78ecc8bdb4f88df43422190130) Importer(815301076,1909f56bfc062723c751e8b465ee728b)  -> (artifact id: 'd9239cfa73d8b0a5421bfea496620428') in 0.009915 seconds 
========================================================================
Received Import Request.
  Time since last request: 121.492230 seconds.
  path: Assets/Recursos/Easy Text Effects/1.0.8/Ready-to-use Effects/Effects/Color_Gradient 1.asset
  artifactKey: Guid(f4da8e78ecc8bdb4f88df43422190130) Importer(815301076,1909f56bfc062723c751e8b465ee728b)
Start importing Assets/Recursos/Easy Text Effects/1.0.8/Ready-to-use Effects/Effects/Color_Gradient 1.asset using Guid(f4da8e78ecc8bdb4f88df43422190130) Importer(815301076,1909f56bfc062723c751e8b465ee728b)  -> (artifact id: 'cae413eb133e2721ab2eb8ea0b41852a') in 0.002879 seconds 
========================================================================
Received Prepare
Registering precompiled user dll's ...
Registered in 0.016827 seconds.
Begin MonoManager ReloadAssembly
Symbol file LoadedFromMemory is not a mono symbol file
Native extension for UWP target not found
Native extension for LinuxStandalone target not found
Native extension for WindowsStandalone target not found
Native extension for Android target not found
Native extension for OSXStandalone target not found
Native extension for WebGL target not found
Refreshing native plugins compatible for Editor in 1.41 ms, found 2 plugins.
Preloading 0 native plugins for Editor in 0.00 ms.
GPGSUpgrader start
UnityEngine.StackTraceUtility:ExtractStackTrace ()
UnityEngine.DebugLogHandler:LogFormat (UnityEngine.LogType,UnityEngine.Object,string,object[])
UnityEngine.Logger:Log (UnityEngine.LogType,object)
UnityEngine.Debug:Log (object)
GooglePlayGames.Editor.GPGSUpgrader:.cctor () (at Assets/GooglePlayGames/com.google.play.games/Editor/GPGSUpgrader.cs:38)
System.Runtime.CompilerServices.RuntimeHelpers:RunClassConstructor (System.RuntimeTypeHandle)
UnityEditor.EditorAssemblies:ProcessInitializeOnLoadAttributes (System.Type[])

(Filename: Assets/GooglePlayGames/com.google.play.games/Editor/GPGSUpgrader.cs Line: 38)

System.IO.IOException: Sharing violation on path C:\Users\jerem\OneDrive\Documentos\WeasUnity\KTA\ProjectSettings\GooglePlayGameSettings.txt
  at System.IO.FileStream..ctor (System.String path, System.IO.FileMode mode, System.IO.FileAccess access, System.IO.FileShare share, System.Int32 bufferSize, System.Boolean anonymous, System.IO.FileOptions options) [0x0019e] in <d6232873609549b8a045fa15811a5bd3>:0 
  at System.IO.FileStream..ctor (System.String path, System.IO.FileMode mode, System.IO.FileAccess access, System.IO.FileShare share, System.Int32 bufferSize, System.IO.FileOptions options) [0x00000] in <d6232873609549b8a045fa15811a5bd3>:0 
  at (wrapper remoting-invoke-with-check) System.IO.FileStream..ctor(string,System.IO.FileMode,System.IO.FileAccess,System.IO.FileShare,int,System.IO.FileOptions)
  at System.IO.StreamWriter..ctor (System.String path, System.Boolean append, System.Text.Encoding encoding, System.Int32 bufferSize) [0x00055] in <d6232873609549b8a045fa15811a5bd3>:0 
  at System.IO.StreamWriter..ctor (System.String path, System.Boolean append) [0x00008] in <d6232873609549b8a045fa15811a5bd3>:0 
  at (wrapper remoting-invoke-with-check) System.IO.StreamWriter..ctor(string,bool)
  at GooglePlayGames.Editor.GPGSProjectSettings.Save () [0x00035] in C:\Users\jerem\OneDrive\Documentos\WeasUnity\KTA\Assets\GooglePlayGames\com.google.play.games\Editor\GPGSProjectSettings.cs:182 
  at GooglePlayGames.Editor.GPGSUpgrader..cctor () [0x0003a] in C:\Users\jerem\OneDrive\Documentos\WeasUnity\KTA\Assets\GooglePlayGames\com.google.play.games\Editor\GPGSUpgrader.cs:43 
UnityEngine.StackTraceUtility:ExtractStackTrace ()
UnityEngine.DebugLogHandler:LogFormat (UnityEngine.LogType,UnityEngine.Object,string,object[])
UnityEngine.Logger:Log (UnityEngine.LogType,object)
UnityEngine.Debug:LogError (object)
UnityEditor.EditorAssemblies:ProcessInitializeOnLoadAttributes (System.Type[])

Mono: successfully reloaded assembly
- Completed reload, in  1.638 seconds
Domain Reload Profiling:
	ReloadAssembly (1639ms)
		BeginReloadAssembly (204ms)
			ExecutionOrderSort (0ms)
			DisableScriptedObjects (7ms)
			BackupInstance (0ms)
			ReleaseScriptingObjects (0ms)
			CreateAndSetChildDomain (67ms)
		EndReloadAssembly (1328ms)
			LoadAssemblies (144ms)
			RebuildTransferFunctionScriptingTraits (0ms)
			SetupTypeCache (275ms)
			ReleaseScriptCaches (2ms)
			RebuildScriptCaches (62ms)
			SetupLoadedEditorAssemblies (833ms)
				LogAssemblyErrors (0ms)
				InitializePlatformSupportModulesInManaged (23ms)
				SetLoadedEditorAssemblies (0ms)
				RefreshPlugins (1ms)
				BeforeProcessingInitializeOnLoad (79ms)
				ProcessInitializeOnLoadAttributes (617ms)
				ProcessInitializeOnLoadMethodAttributes (108ms)
				AfterProcessingInitializeOnLoad (3ms)
				EditorAssembliesLoaded (0ms)
			ExecutionOrderSort2 (0ms)
			AwakeInstancesAfterBackupRestoration (10ms)
Platform modules already initialized, skipping
Refreshing native plugins compatible for Editor in 9.74 ms, found 2 plugins.
Preloading 0 native plugins for Editor in 0.00 ms.
Unloading 4355 Unused Serialized files (Serialized files now loaded: 0)
Unloading 100 unused Assets / (1.6 MB). Loaded Objects now: 5437.
Memory consumption went from 281.2 MB to 279.6 MB.
Total: 17.938600 ms (FindLiveObjects: 0.589600 ms CreateObjectMapping: 0.527300 ms MarkObjects: 16.519500 ms  DeleteObjects: 0.300600 ms)

AssetImportParameters requested are different than current active one (requested -> active):
  custom:video-decoder-ogg-theora: a1e56fd34408186e4bbccfd4996cb3dc -> 
  custom:container-muxer-webm: aa71ff27fc2769a1b78a27578f13a17b -> 
  custom:container-demuxer-webm: 4f35f7cbe854078d1ac9338744f61a02 -> 
  custom:video-encoder-webm-vp8: eb34c28f22e8b96e1ab97ce403110664 -> 
  custom:video-codec-MediaFoundation-h265: 746d11721c4dcdbdad8f713fa42b33f4 -> 
  custom:audio-encoder-webm-vorbis: bf7c407c2cedff20999df2af8eb42d56 -> 
  custom:framework-win-MediaFoundation: 216162199b28c13a410421893ffa2e32 -> 
  custom:container-demuxer-ogg: 62fdf1f143b41e24485cea50d1cbac27 -> 
  custom:video-decoder-webm-vp8: 9c59270c3fd7afecdb556c50c9e8de78 -> 
  custom:audio-decoder-ogg-vorbis: bf7c407c2cedff20999df2af8eb42d56 -> 
========================================================================
Received Prepare
Registering precompiled user dll's ...
Registered in 0.016815 seconds.
Begin MonoManager ReloadAssembly
Symbol file LoadedFromMemory is not a mono symbol file
Native extension for UWP target not found
Native extension for LinuxStandalone target not found
Native extension for WindowsStandalone target not found
Native extension for Android target not found
Native extension for OSXStandalone target not found
Native extension for WebGL target not found
Refreshing native plugins compatible for Editor in 1.52 ms, found 2 plugins.
Preloading 0 native plugins for Editor in 0.00 ms.
GPGSUpgrader start
UnityEngine.StackTraceUtility:ExtractStackTrace ()
UnityEngine.DebugLogHandler:LogFormat (UnityEngine.LogType,UnityEngine.Object,string,object[])
UnityEngine.Logger:Log (UnityEngine.LogType,object)
UnityEngine.Debug:Log (object)
GooglePlayGames.Editor.GPGSUpgrader:.cctor () (at Assets/GooglePlayGames/com.google.play.games/Editor/GPGSUpgrader.cs:38)
System.Runtime.CompilerServices.RuntimeHelpers:RunClassConstructor (System.RuntimeTypeHandle)
UnityEditor.EditorAssemblies:ProcessInitializeOnLoadAttributes (System.Type[])

(Filename: Assets/GooglePlayGames/com.google.play.games/Editor/GPGSUpgrader.cs Line: 38)

System.IO.IOException: Sharing violation on path C:\Users\jerem\OneDrive\Documentos\WeasUnity\KTA\ProjectSettings\GooglePlayGameSettings.txt
  at System.IO.FileStream..ctor (System.String path, System.IO.FileMode mode, System.IO.FileAccess access, System.IO.FileShare share, System.Int32 bufferSize, System.Boolean anonymous, System.IO.FileOptions options) [0x0019e] in <d6232873609549b8a045fa15811a5bd3>:0 
  at System.IO.FileStream..ctor (System.String path, System.IO.FileMode mode, System.IO.FileAccess access, System.IO.FileShare share, System.Int32 bufferSize, System.IO.FileOptions options) [0x00000] in <d6232873609549b8a045fa15811a5bd3>:0 
  at (wrapper remoting-invoke-with-check) System.IO.FileStream..ctor(string,System.IO.FileMode,System.IO.FileAccess,System.IO.FileShare,int,System.IO.FileOptions)
  at System.IO.StreamReader..ctor (System.String path, System.Text.Encoding encoding, System.Boolean detectEncodingFromByteOrderMarks, System.Int32 bufferSize) [0x00055] in <d6232873609549b8a045fa15811a5bd3>:0 
  at System.IO.StreamReader..ctor (System.String path, System.Boolean detectEncodingFromByteOrderMarks) [0x00007] in <d6232873609549b8a045fa15811a5bd3>:0 
  at System.IO.StreamReader..ctor (System.String path) [0x00000] in <d6232873609549b8a045fa15811a5bd3>:0 
  at (wrapper remoting-invoke-with-check) System.IO.StreamReader..ctor(string)
  at GooglePlayGames.Editor.GPGSProjectSettings..ctor () [0x00067] in C:\Users\jerem\OneDrive\Documentos\WeasUnity\KTA\Assets\GooglePlayGames\com.google.play.games\Editor\GPGSProjectSettings.cs:70 
  at GooglePlayGames.Editor.GPGSProjectSettings.get_Instance () [0x00007] in C:\Users\jerem\OneDrive\Documentos\WeasUnity\KTA\Assets\GooglePlayGames\com.google.play.games\Editor\GPGSProjectSettings.cs:40 
  at GooglePlayGames.Editor.GPGSUpgrader..cctor () [0x00012] in C:\Users\jerem\OneDrive\Documentos\WeasUnity\KTA\Assets\GooglePlayGames\com.google.play.games\Editor\GPGSUpgrader.cs:40 
UnityEngine.StackTraceUtility:ExtractStackTrace ()
UnityEngine.DebugLogHandler:LogFormat (UnityEngine.LogType,UnityEngine.Object,string,object[])
UnityEngine.Logger:Log (UnityEngine.LogType,object)
UnityEngine.Debug:LogError (object)
UnityEditor.EditorAssemblies:ProcessInitializeOnLoadAttributes (System.Type[])

Mono: successfully reloaded assembly
- Completed reload, in  1.858 seconds
Domain Reload Profiling:
	ReloadAssembly (1859ms)
		BeginReloadAssembly (172ms)
			ExecutionOrderSort (0ms)
			DisableScriptedObjects (5ms)
			BackupInstance (0ms)
			ReleaseScriptingObjects (0ms)
			CreateAndSetChildDomain (48ms)
		EndReloadAssembly (1558ms)
			LoadAssemblies (130ms)
			RebuildTransferFunctionScriptingTraits (0ms)
			SetupTypeCache (352ms)
			ReleaseScriptCaches (2ms)
			RebuildScriptCaches (63ms)
			SetupLoadedEditorAssemblies (969ms)
				LogAssemblyErrors (0ms)
				InitializePlatformSupportModulesInManaged (29ms)
				SetLoadedEditorAssemblies (1ms)
				RefreshPlugins (2ms)
				BeforeProcessingInitializeOnLoad (94ms)
				ProcessInitializeOnLoadAttributes (719ms)
				ProcessInitializeOnLoadMethodAttributes (121ms)
				AfterProcessingInitializeOnLoad (3ms)
				EditorAssembliesLoaded (0ms)
			ExecutionOrderSort2 (0ms)
			AwakeInstancesAfterBackupRestoration (11ms)
Platform modules already initialized, skipping
Refreshing native plugins compatible for Editor in 13.94 ms, found 2 plugins.
Preloading 0 native plugins for Editor in 0.00 ms.
Unloading 4355 Unused Serialized files (Serialized files now loaded: 0)
Unloading 100 unused Assets / (1.6 MB). Loaded Objects now: 5452.
Memory consumption went from 281.2 MB to 279.6 MB.
Total: 18.492000 ms (FindLiveObjects: 0.412600 ms CreateObjectMapping: 0.442000 ms MarkObjects: 17.092600 ms  DeleteObjects: 0.543500 ms)

AssetImportParameters requested are different than current active one (requested -> active):
  custom:video-decoder-ogg-theora: a1e56fd34408186e4bbccfd4996cb3dc -> 
  custom:container-muxer-webm: aa71ff27fc2769a1b78a27578f13a17b -> 
  custom:container-demuxer-webm: 4f35f7cbe854078d1ac9338744f61a02 -> 
  custom:video-encoder-webm-vp8: eb34c28f22e8b96e1ab97ce403110664 -> 
  custom:video-codec-MediaFoundation-h265: 746d11721c4dcdbdad8f713fa42b33f4 -> 
  custom:audio-encoder-webm-vorbis: bf7c407c2cedff20999df2af8eb42d56 -> 
  custom:framework-win-MediaFoundation: 216162199b28c13a410421893ffa2e32 -> 
  custom:container-demuxer-ogg: 62fdf1f143b41e24485cea50d1cbac27 -> 
  custom:video-decoder-webm-vp8: 9c59270c3fd7afecdb556c50c9e8de78 -> 
  custom:audio-decoder-ogg-vorbis: bf7c407c2cedff20999df2af8eb42d56 -> 
========================================================================
Received Prepare
Registering precompiled user dll's ...
Registered in 0.016207 seconds.
Begin MonoManager ReloadAssembly
Symbol file LoadedFromMemory is not a mono symbol file
Native extension for UWP target not found
Native extension for LinuxStandalone target not found
Native extension for WindowsStandalone target not found
Native extension for Android target not found
Native extension for OSXStandalone target not found
Native extension for WebGL target not found
Refreshing native plugins compatible for Editor in 1.87 ms, found 2 plugins.
Preloading 0 native plugins for Editor in 0.00 ms.
GPGSUpgrader start
UnityEngine.StackTraceUtility:ExtractStackTrace ()
UnityEngine.DebugLogHandler:LogFormat (UnityEngine.LogType,UnityEngine.Object,string,object[])
UnityEngine.Logger:Log (UnityEngine.LogType,object)
UnityEngine.Debug:Log (object)
GooglePlayGames.Editor.GPGSUpgrader:.cctor () (at Assets/GooglePlayGames/com.google.play.games/Editor/GPGSUpgrader.cs:38)
System.Runtime.CompilerServices.RuntimeHelpers:RunClassConstructor (System.RuntimeTypeHandle)
UnityEditor.EditorAssemblies:ProcessInitializeOnLoadAttributes (System.Type[])

(Filename: Assets/GooglePlayGames/com.google.play.games/Editor/GPGSUpgrader.cs Line: 38)

GPGSUpgrader done
UnityEngine.StackTraceUtility:ExtractStackTrace ()
UnityEngine.DebugLogHandler:LogFormat (UnityEngine.LogType,UnityEngine.Object,string,object[])
UnityEngine.Logger:Log (UnityEngine.LogType,object)
UnityEngine.Debug:Log (object)
GooglePlayGames.Editor.GPGSUpgrader:.cctor () (at Assets/GooglePlayGames/com.google.play.games/Editor/GPGSUpgrader.cs:57)
System.Runtime.CompilerServices.RuntimeHelpers:RunClassConstructor (System.RuntimeTypeHandle)
UnityEditor.EditorAssemblies:ProcessInitializeOnLoadAttributes (System.Type[])

(Filename: Assets/GooglePlayGames/com.google.play.games/Editor/GPGSUpgrader.cs Line: 57)

Mono: successfully reloaded assembly
- Completed reload, in  1.475 seconds
Domain Reload Profiling:
	ReloadAssembly (1476ms)
		BeginReloadAssembly (155ms)
			ExecutionOrderSort (0ms)
			DisableScriptedObjects (6ms)
			BackupInstance (0ms)
			ReleaseScriptingObjects (0ms)
			CreateAndSetChildDomain (46ms)
		EndReloadAssembly (1228ms)
			LoadAssemblies (119ms)
			RebuildTransferFunctionScriptingTraits (0ms)
			SetupTypeCache (270ms)
			ReleaseScriptCaches (2ms)
			RebuildScriptCaches (50ms)
			SetupLoadedEditorAssemblies (764ms)
				LogAssemblyErrors (0ms)
				InitializePlatformSupportModulesInManaged (22ms)
				SetLoadedEditorAssemblies (1ms)
				RefreshPlugins (2ms)
				BeforeProcessingInitializeOnLoad (88ms)
				ProcessInitializeOnLoadAttributes (548ms)
				ProcessInitializeOnLoadMethodAttributes (101ms)
				AfterProcessingInitializeOnLoad (2ms)
				EditorAssembliesLoaded (0ms)
			ExecutionOrderSort2 (0ms)
			AwakeInstancesAfterBackupRestoration (6ms)
Platform modules already initialized, skipping
Refreshing native plugins compatible for Editor in 10.49 ms, found 2 plugins.
Preloading 0 native plugins for Editor in 0.00 ms.
Unloading 4355 Unused Serialized files (Serialized files now loaded: 0)
Unloading 100 unused Assets / (1.6 MB). Loaded Objects now: 5467.
Memory consumption went from 281.3 MB to 279.6 MB.
Total: 16.478500 ms (FindLiveObjects: 0.373300 ms CreateObjectMapping: 0.283000 ms MarkObjects: 15.148400 ms  DeleteObjects: 0.645700 ms)

AssetImportParameters requested are different than current active one (requested -> active):
  custom:video-decoder-ogg-theora: a1e56fd34408186e4bbccfd4996cb3dc -> 
  custom:container-muxer-webm: aa71ff27fc2769a1b78a27578f13a17b -> 
  custom:container-demuxer-webm: 4f35f7cbe854078d1ac9338744f61a02 -> 
  custom:video-encoder-webm-vp8: eb34c28f22e8b96e1ab97ce403110664 -> 
  custom:video-codec-MediaFoundation-h265: 746d11721c4dcdbdad8f713fa42b33f4 -> 
  custom:audio-encoder-webm-vorbis: bf7c407c2cedff20999df2af8eb42d56 -> 
  custom:framework-win-MediaFoundation: 216162199b28c13a410421893ffa2e32 -> 
  custom:container-demuxer-ogg: 62fdf1f143b41e24485cea50d1cbac27 -> 
  custom:video-decoder-webm-vp8: 9c59270c3fd7afecdb556c50c9e8de78 -> 
  custom:audio-decoder-ogg-vorbis: bf7c407c2cedff20999df2af8eb42d56 -> 
========================================================================
Received Prepare
Registering precompiled user dll's ...
Registered in 0.014376 seconds.
Begin MonoManager ReloadAssembly
Symbol file LoadedFromMemory is not a mono symbol file
Native extension for UWP target not found
Native extension for LinuxStandalone target not found
Native extension for WindowsStandalone target not found
Native extension for Android target not found
Native extension for OSXStandalone target not found
Native extension for WebGL target not found
Refreshing native plugins compatible for Editor in 1.43 ms, found 2 plugins.
Preloading 0 native plugins for Editor in 0.00 ms.
GPGSUpgrader start
UnityEngine.StackTraceUtility:ExtractStackTrace ()
UnityEngine.DebugLogHandler:LogFormat (UnityEngine.LogType,UnityEngine.Object,string,object[])
UnityEngine.Logger:Log (UnityEngine.LogType,object)
UnityEngine.Debug:Log (object)
GooglePlayGames.Editor.GPGSUpgrader:.cctor () (at Assets/GooglePlayGames/com.google.play.games/Editor/GPGSUpgrader.cs:38)
System.Runtime.CompilerServices.RuntimeHelpers:RunClassConstructor (System.RuntimeTypeHandle)
UnityEditor.EditorAssemblies:ProcessInitializeOnLoadAttributes (System.Type[])

(Filename: Assets/GooglePlayGames/com.google.play.games/Editor/GPGSUpgrader.cs Line: 38)

GPGSUpgrader done
UnityEngine.StackTraceUtility:ExtractStackTrace ()
UnityEngine.DebugLogHandler:LogFormat (UnityEngine.LogType,UnityEngine.Object,string,object[])
UnityEngine.Logger:Log (UnityEngine.LogType,object)
UnityEngine.Debug:Log (object)
GooglePlayGames.Editor.GPGSUpgrader:.cctor () (at Assets/GooglePlayGames/com.google.play.games/Editor/GPGSUpgrader.cs:57)
System.Runtime.CompilerServices.RuntimeHelpers:RunClassConstructor (System.RuntimeTypeHandle)
UnityEditor.EditorAssemblies:ProcessInitializeOnLoadAttributes (System.Type[])

(Filename: Assets/GooglePlayGames/com.google.play.games/Editor/GPGSUpgrader.cs Line: 57)

Mono: successfully reloaded assembly
- Completed reload, in  1.566 seconds
Domain Reload Profiling:
	ReloadAssembly (1567ms)
		BeginReloadAssembly (157ms)
			ExecutionOrderSort (0ms)
			DisableScriptedObjects (4ms)
			BackupInstance (0ms)
			ReleaseScriptingObjects (0ms)
			CreateAndSetChildDomain (47ms)
		EndReloadAssembly (1314ms)
			LoadAssemblies (116ms)
			RebuildTransferFunctionScriptingTraits (0ms)
			SetupTypeCache (337ms)
			ReleaseScriptCaches (2ms)
			RebuildScriptCaches (51ms)
			SetupLoadedEditorAssemblies (786ms)
				LogAssemblyErrors (0ms)
				InitializePlatformSupportModulesInManaged (23ms)
				SetLoadedEditorAssemblies (0ms)
				RefreshPlugins (2ms)
				BeforeProcessingInitializeOnLoad (83ms)
				ProcessInitializeOnLoadAttributes (576ms)
				ProcessInitializeOnLoadMethodAttributes (99ms)
				AfterProcessingInitializeOnLoad (2ms)
				EditorAssembliesLoaded (0ms)
			ExecutionOrderSort2 (0ms)
			AwakeInstancesAfterBackupRestoration (6ms)
Platform modules already initialized, skipping
Refreshing native plugins compatible for Editor in 9.37 ms, found 2 plugins.
Preloading 0 native plugins for Editor in 0.00 ms.
Unloading 4355 Unused Serialized files (Serialized files now loaded: 0)
Unloading 100 unused Assets / (1.6 MB). Loaded Objects now: 5482.
Memory consumption went from 281.3 MB to 279.6 MB.
Total: 14.477700 ms (FindLiveObjects: 0.377200 ms CreateObjectMapping: 0.314600 ms MarkObjects: 13.506400 ms  DeleteObjects: 0.278300 ms)

AssetImportParameters requested are different than current active one (requested -> active):
  custom:video-decoder-ogg-theora: a1e56fd34408186e4bbccfd4996cb3dc -> 
  custom:container-muxer-webm: aa71ff27fc2769a1b78a27578f13a17b -> 
  custom:container-demuxer-webm: 4f35f7cbe854078d1ac9338744f61a02 -> 
  custom:video-encoder-webm-vp8: eb34c28f22e8b96e1ab97ce403110664 -> 
  custom:video-codec-MediaFoundation-h265: 746d11721c4dcdbdad8f713fa42b33f4 -> 
  custom:audio-encoder-webm-vorbis: bf7c407c2cedff20999df2af8eb42d56 -> 
  custom:framework-win-MediaFoundation: 216162199b28c13a410421893ffa2e32 -> 
  custom:container-demuxer-ogg: 62fdf1f143b41e24485cea50d1cbac27 -> 
  custom:video-decoder-webm-vp8: 9c59270c3fd7afecdb556c50c9e8de78 -> 
  custom:audio-decoder-ogg-vorbis: bf7c407c2cedff20999df2af8eb42d56 -> 
========================================================================
Received Prepare
Registering precompiled user dll's ...
Registered in 0.015435 seconds.
Begin MonoManager ReloadAssembly
Symbol file LoadedFromMemory is not a mono symbol file
Native extension for UWP target not found
Native extension for LinuxStandalone target not found
Native extension for WindowsStandalone target not found
Native extension for Android target not found
Native extension for OSXStandalone target not found
Native extension for WebGL target not found
Refreshing native plugins compatible for Editor in 1.59 ms, found 2 plugins.
Preloading 0 native plugins for Editor in 0.00 ms.
GPGSUpgrader start
UnityEngine.StackTraceUtility:ExtractStackTrace ()
UnityEngine.DebugLogHandler:LogFormat (UnityEngine.LogType,UnityEngine.Object,string,object[])
UnityEngine.Logger:Log (UnityEngine.LogType,object)
UnityEngine.Debug:Log (object)
GooglePlayGames.Editor.GPGSUpgrader:.cctor () (at Assets/GooglePlayGames/com.google.play.games/Editor/GPGSUpgrader.cs:38)
System.Runtime.CompilerServices.RuntimeHelpers:RunClassConstructor (System.RuntimeTypeHandle)
UnityEditor.EditorAssemblies:ProcessInitializeOnLoadAttributes (System.Type[])

(Filename: Assets/GooglePlayGames/com.google.play.games/Editor/GPGSUpgrader.cs Line: 38)

System.IO.IOException: Sharing violation on path C:\Users\jerem\OneDrive\Documentos\WeasUnity\KTA\ProjectSettings\GooglePlayGameSettings.txt
  at System.IO.FileStream..ctor (System.String path, System.IO.FileMode mode, System.IO.FileAccess access, System.IO.FileShare share, System.Int32 bufferSize, System.Boolean anonymous, System.IO.FileOptions options) [0x0019e] in <d6232873609549b8a045fa15811a5bd3>:0 
  at System.IO.FileStream..ctor (System.String path, System.IO.FileMode mode, System.IO.FileAccess access, System.IO.FileShare share, System.Int32 bufferSize, System.IO.FileOptions options) [0x00000] in <d6232873609549b8a045fa15811a5bd3>:0 
  at (wrapper remoting-invoke-with-check) System.IO.FileStream..ctor(string,System.IO.FileMode,System.IO.FileAccess,System.IO.FileShare,int,System.IO.FileOptions)
  at System.IO.StreamReader..ctor (System.String path, System.Text.Encoding encoding, System.Boolean detectEncodingFromByteOrderMarks, System.Int32 bufferSize) [0x00055] in <d6232873609549b8a045fa15811a5bd3>:0 
  at System.IO.StreamReader..ctor (System.String path, System.Boolean detectEncodingFromByteOrderMarks) [0x00007] in <d6232873609549b8a045fa15811a5bd3>:0 
  at System.IO.StreamReader..ctor (System.String path) [0x00000] in <d6232873609549b8a045fa15811a5bd3>:0 
  at (wrapper remoting-invoke-with-check) System.IO.StreamReader..ctor(string)
  at GooglePlayGames.Editor.GPGSProjectSettings..ctor () [0x00067] in C:\Users\jerem\OneDrive\Documentos\WeasUnity\KTA\Assets\GooglePlayGames\com.google.play.games\Editor\GPGSProjectSettings.cs:70 
  at GooglePlayGames.Editor.GPGSProjectSettings.get_Instance () [0x00007] in C:\Users\jerem\OneDrive\Documentos\WeasUnity\KTA\Assets\GooglePlayGames\com.google.play.games\Editor\GPGSProjectSettings.cs:40 
  at GooglePlayGames.Editor.GPGSUpgrader..cctor () [0x00012] in C:\Users\jerem\OneDrive\Documentos\WeasUnity\KTA\Assets\GooglePlayGames\com.google.play.games\Editor\GPGSUpgrader.cs:40 
UnityEngine.StackTraceUtility:ExtractStackTrace ()
UnityEngine.DebugLogHandler:LogFormat (UnityEngine.LogType,UnityEngine.Object,string,object[])
UnityEngine.Logger:Log (UnityEngine.LogType,object)
UnityEngine.Debug:LogError (object)
UnityEditor.EditorAssemblies:ProcessInitializeOnLoadAttributes (System.Type[])

Mono: successfully reloaded assembly
- Completed reload, in  1.789 seconds
Domain Reload Profiling:
	ReloadAssembly (1789ms)
		BeginReloadAssembly (166ms)
			ExecutionOrderSort (0ms)
			DisableScriptedObjects (4ms)
			BackupInstance (0ms)
			ReleaseScriptingObjects (0ms)
			CreateAndSetChildDomain (49ms)
		EndReloadAssembly (1505ms)
			LoadAssemblies (124ms)
			RebuildTransferFunctionScriptingTraits (0ms)
			SetupTypeCache (301ms)
			ReleaseScriptCaches (2ms)
			RebuildScriptCaches (59ms)
			SetupLoadedEditorAssemblies (986ms)
				LogAssemblyErrors (0ms)
				InitializePlatformSupportModulesInManaged (23ms)
				SetLoadedEditorAssemblies (1ms)
				RefreshPlugins (2ms)
				BeforeProcessingInitializeOnLoad (81ms)
				ProcessInitializeOnLoadAttributes (756ms)
				ProcessInitializeOnLoadMethodAttributes (122ms)
				AfterProcessingInitializeOnLoad (2ms)
				EditorAssembliesLoaded (0ms)
			ExecutionOrderSort2 (0ms)
			AwakeInstancesAfterBackupRestoration (7ms)
Platform modules already initialized, skipping
Refreshing native plugins compatible for Editor in 18.28 ms, found 2 plugins.
Preloading 0 native plugins for Editor in 0.00 ms.
Unloading 4355 Unused Serialized files (Serialized files now loaded: 0)
Unloading 100 unused Assets / (1.6 MB). Loaded Objects now: 5497.
Memory consumption went from 281.3 MB to 279.7 MB.
Total: 24.856400 ms (FindLiveObjects: 0.775000 ms CreateObjectMapping: 0.942800 ms MarkObjects: 22.472900 ms  DeleteObjects: 0.664400 ms)

AssetImportParameters requested are different than current active one (requested -> active):
  custom:video-decoder-ogg-theora: a1e56fd34408186e4bbccfd4996cb3dc -> 
  custom:container-muxer-webm: aa71ff27fc2769a1b78a27578f13a17b -> 
  custom:container-demuxer-webm: 4f35f7cbe854078d1ac9338744f61a02 -> 
  custom:video-encoder-webm-vp8: eb34c28f22e8b96e1ab97ce403110664 -> 
  custom:video-codec-MediaFoundation-h265: 746d11721c4dcdbdad8f713fa42b33f4 -> 
  custom:audio-encoder-webm-vorbis: bf7c407c2cedff20999df2af8eb42d56 -> 
  custom:framework-win-MediaFoundation: 216162199b28c13a410421893ffa2e32 -> 
  custom:container-demuxer-ogg: 62fdf1f143b41e24485cea50d1cbac27 -> 
  custom:video-decoder-webm-vp8: 9c59270c3fd7afecdb556c50c9e8de78 -> 
  custom:audio-decoder-ogg-vorbis: bf7c407c2cedff20999df2af8eb42d56 -> 
