Using pre-set license
Built from '2021.3/staging' branch; Version is '2021.3.15f1 (e8e88683f834) revision 15263878'; Using compiler version '192829333'; Build Type 'Release'
OS: 'Windows 11  (10.0.26120) 64bit Professional' Language: 'en' Physical Memory: 16322 MB
BatchMode: 1, IsHumanControllingUs: 0, StartBugReporterOnCrash: 0, Is64bit: 1, IsPro: 1

COMMAND LINE ARGUMENTS:
D:\Unity\2021.3.15f1\Editor\Unity.exe
-adb2
-batchMode
-noUpm
-name
AssetImportWorker10
-projectPath
C:/Users/jerem/OneDrive/Documentos/WeasUnity/KTA
-logFile
Logs/AssetImportWorker10.log
-srvPort
57041
Successfully changed project path to: C:/Users/jerem/OneDrive/Documentos/WeasUnity/KTA
C:/Users/jerem/OneDrive/Documentos/WeasUnity/KTA
[UnityMemory] Configuration Parameters - Can be set up in boot.config
    "memorysetup-bucket-allocator-granularity=16"
    "memorysetup-bucket-allocator-bucket-count=8"
    "memorysetup-bucket-allocator-block-size=33554432"
    "memorysetup-bucket-allocator-block-count=8"
    "memorysetup-main-allocator-block-size=16777216"
    "memorysetup-thread-allocator-block-size=16777216"
    "memorysetup-gfx-main-allocator-block-size=16777216"
    "memorysetup-gfx-thread-allocator-block-size=16777216"
    "memorysetup-cache-allocator-block-size=4194304"
    "memorysetup-typetree-allocator-block-size=2097152"
    "memorysetup-profiler-bucket-allocator-granularity=16"
    "memorysetup-profiler-bucket-allocator-bucket-count=8"
    "memorysetup-profiler-bucket-allocator-block-size=33554432"
    "memorysetup-profiler-bucket-allocator-block-count=8"
    "memorysetup-profiler-allocator-block-size=16777216"
    "memorysetup-profiler-editor-allocator-block-size=1048576"
    "memorysetup-temp-allocator-size-main=16777216"
    "memorysetup-job-temp-allocator-block-size=2097152"
    "memorysetup-job-temp-allocator-block-size-background=1048576"
    "memorysetup-job-temp-allocator-reduction-small-platforms=262144"
    "memorysetup-temp-allocator-size-background-worker=32768"
    "memorysetup-temp-allocator-size-job-worker=262144"
    "memorysetup-temp-allocator-size-preload-manager=33554432"
    "memorysetup-temp-allocator-size-nav-mesh-worker=65536"
    "memorysetup-temp-allocator-size-audio-worker=65536"
    "memorysetup-temp-allocator-size-cloud-worker=32768"
    "memorysetup-temp-allocator-size-gi-baking-worker=262144"
    "memorysetup-temp-allocator-size-gfx=262144"
Player connection [24412] Host "[IP] 172.19.176.1 [Port] 0 [Flags] 2 [Guid] 1626239815 [EditorId] 1626239815 [Version] 1048832 [Id] WindowsEditor(7,Desktop-BBP14QM) [Debug] 1 [PackageName] WindowsEditor [ProjectName] Editor" joined multi-casting on [225.0.0.222:54997]...

Player connection [24412] Host "[IP] 172.19.176.1 [Port] 0 [Flags] 2 [Guid] 1626239815 [EditorId] 1626239815 [Version] 1048832 [Id] WindowsEditor(7,Desktop-BBP14QM) [Debug] 1 [PackageName] WindowsEditor [ProjectName] Editor" joined alternative multi-casting on [225.0.0.222:34997]...

Refreshing native plugins compatible for Editor in 123.89 ms, found 2 plugins.
Preloading 0 native plugins for Editor in 0.00 ms.
Initialize engine version: 2021.3.15f1 (e8e88683f834)
[Subsystems] Discovering subsystems at path D:/Unity/2021.3.15f1/Editor/Data/Resources/UnitySubsystems
[Subsystems] Discovering subsystems at path C:/Users/jerem/OneDrive/Documentos/WeasUnity/KTA/Assets
GfxDevice: creating device client; threaded=0; jobified=0
Direct3D:
    Version:  Direct3D 11.0 [level 11.1]
    Renderer: NVIDIA GeForce RTX 4060 (ID=0x2882)
    Vendor:   NVIDIA
    VRAM:     7957 MB
    Driver:   32.0.15.8115
Initialize mono
Mono path[0] = 'D:/Unity/2021.3.15f1/Editor/Data/Managed'
Mono path[1] = 'D:/Unity/2021.3.15f1/Editor/Data/MonoBleedingEdge/lib/mono/unityjit-win32'
Mono config path = 'D:/Unity/2021.3.15f1/Editor/Data/MonoBleedingEdge/etc'
Using monoOptions --debugger-agent=transport=dt_socket,embedding=1,server=y,suspend=n,address=127.0.0.1:56576
Begin MonoManager ReloadAssembly
Registering precompiled unity dll's ...
Register platform support module: D:/Unity/2021.3.15f1/Editor/Data/PlaybackEngines/WebGLSupport/UnityEditor.WebGL.Extensions.dll
Register platform support module: D:/Unity/2021.3.15f1/Editor/Data/PlaybackEngines/MacStandaloneSupport/UnityEditor.OSXStandalone.Extensions.dll
Register platform support module: D:/Unity/2021.3.15f1/Editor/Data/PlaybackEngines/AndroidPlayer/UnityEditor.Android.Extensions.dll
Register platform support module: D:/Unity/2021.3.15f1/Editor/Data/PlaybackEngines/WindowsStandaloneSupport/UnityEditor.WindowsStandalone.Extensions.dll
Register platform support module: D:/Unity/2021.3.15f1/Editor/Data/PlaybackEngines/LinuxStandaloneSupport/UnityEditor.LinuxStandalone.Extensions.dll
Register platform support module: D:/Unity/2021.3.15f1/Editor/Data/PlaybackEngines/MetroSupport/UnityEditor.UWP.Extensions.dll
Registered in 0.003838 seconds.
Native extension for UWP target not found
Native extension for LinuxStandalone target not found
Native extension for WindowsStandalone target not found
Native extension for Android target not found
Native extension for OSXStandalone target not found
Native extension for WebGL target not found
Refreshing native plugins compatible for Editor in 70.55 ms, found 2 plugins.
Preloading 0 native plugins for Editor in 0.00 ms.
Mono: successfully reloaded assembly
- Completed reload, in  0.606 seconds
Domain Reload Profiling:
	ReloadAssembly (606ms)
		BeginReloadAssembly (79ms)
			ExecutionOrderSort (0ms)
			DisableScriptedObjects (0ms)
			BackupInstance (0ms)
			ReleaseScriptingObjects (0ms)
			CreateAndSetChildDomain (1ms)
		EndReloadAssembly (437ms)
			LoadAssemblies (81ms)
			RebuildTransferFunctionScriptingTraits (0ms)
			SetupTypeCache (107ms)
			ReleaseScriptCaches (0ms)
			RebuildScriptCaches (26ms)
			SetupLoadedEditorAssemblies (255ms)
				LogAssemblyErrors (0ms)
				InitializePlatformSupportModulesInManaged (56ms)
				SetLoadedEditorAssemblies (0ms)
				RefreshPlugins (71ms)
				BeforeProcessingInitializeOnLoad (1ms)
				ProcessInitializeOnLoadAttributes (88ms)
				ProcessInitializeOnLoadMethodAttributes (39ms)
				AfterProcessingInitializeOnLoad (0ms)
				EditorAssembliesLoaded (0ms)
			ExecutionOrderSort2 (0ms)
			AwakeInstancesAfterBackupRestoration (0ms)
Platform modules already initialized, skipping
Registering precompiled user dll's ...
Registered in 0.014432 seconds.
Begin MonoManager ReloadAssembly
Symbol file LoadedFromMemory is not a mono symbol file
Native extension for UWP target not found
Native extension for LinuxStandalone target not found
Native extension for WindowsStandalone target not found
Native extension for Android target not found
Native extension for OSXStandalone target not found
Native extension for WebGL target not found
Refreshing native plugins compatible for Editor in 72.89 ms, found 2 plugins.
Preloading 0 native plugins for Editor in 0.00 ms.
GPGSUpgrader start
UnityEngine.StackTraceUtility:ExtractStackTrace ()
UnityEngine.DebugLogHandler:LogFormat (UnityEngine.LogType,UnityEngine.Object,string,object[])
UnityEngine.Logger:Log (UnityEngine.LogType,object)
UnityEngine.Debug:Log (object)
GooglePlayGames.Editor.GPGSUpgrader:.cctor () (at Assets/GooglePlayGames/com.google.play.games/Editor/GPGSUpgrader.cs:38)
System.Runtime.CompilerServices.RuntimeHelpers:RunClassConstructor (System.RuntimeTypeHandle)
UnityEditor.EditorAssemblies:ProcessInitializeOnLoadAttributes (System.Type[])

(Filename: Assets/GooglePlayGames/com.google.play.games/Editor/GPGSUpgrader.cs Line: 38)

GPGSUpgrader done
UnityEngine.StackTraceUtility:ExtractStackTrace ()
UnityEngine.DebugLogHandler:LogFormat (UnityEngine.LogType,UnityEngine.Object,string,object[])
UnityEngine.Logger:Log (UnityEngine.LogType,object)
UnityEngine.Debug:Log (object)
GooglePlayGames.Editor.GPGSUpgrader:.cctor () (at Assets/GooglePlayGames/com.google.play.games/Editor/GPGSUpgrader.cs:57)
System.Runtime.CompilerServices.RuntimeHelpers:RunClassConstructor (System.RuntimeTypeHandle)
UnityEditor.EditorAssemblies:ProcessInitializeOnLoadAttributes (System.Type[])

(Filename: Assets/GooglePlayGames/com.google.play.games/Editor/GPGSUpgrader.cs Line: 57)

Running On Project Startup validation hook...
UnityEngine.StackTraceUtility:ExtractStackTrace ()
UnityEngine.DebugLogHandler:LogFormat (UnityEngine.LogType,UnityEngine.Object,string,object[])
UnityEngine.Logger:Log (UnityEngine.LogType,object)
UnityEngine.Debug:Log (object)
Sirenix.OdinValidator.Editor.AutomationConfig:RunValidationScan (string,Sirenix.OdinValidator.Editor.AutomationConfig/ValidationSetup,bool,System.Action,bool,bool,bool,bool,bool,bool,bool,bool) (at C:/Sirenix/Sirenix Solution/Sirenix.OdinValidator.Editor/Config/AutomationConfig.cs:282)
Sirenix.OdinValidator.Editor.AutomationConfig:ActuallyInitHooks () (at C:/Sirenix/Sirenix Solution/Sirenix.OdinValidator.Editor/Config/AutomationConfig.cs:186)
Sirenix.OdinValidator.Editor.AutomationConfig:InitHooks () (at C:/Sirenix/Sirenix Solution/Sirenix.OdinValidator.Editor/Config/AutomationConfig.cs:170)
System.Reflection.RuntimeMethodInfo:Invoke (object,System.Reflection.BindingFlags,System.Reflection.Binder,object[],System.Globalization.CultureInfo)
System.Reflection.MethodBase:Invoke (object,object[])
UnityEditor.EditorAssemblies:ProcessInitializeOnLoadMethodAttributes ()

(Filename: C:/Sirenix/Sirenix Solution/Sirenix.OdinValidator.Editor/Config/AutomationConfig.cs Line: 282)

InvalidOperationException: Calling OpenScene Raisefrom assembly reloading callbacks are not supported.
  at (wrapper managed-to-native) UnityEditor.SceneManagement.EditorSceneManager.OpenScene_Injected(string,UnityEditor.SceneManagement.OpenSceneMode,UnityEngine.SceneManagement.Scene&)
  at UnityEditor.SceneManagement.EditorSceneManager.OpenScene (System.String scenePath, UnityEditor.SceneManagement.OpenSceneMode mode) [0x00000] in <63965ae56af7489797f355b7c1211ab2>:0 
  at Sirenix.OdinInspector.Editor.Validation.SceneReference.TryOpenScene (UnityEditor.SceneManagement.OpenSceneMode mode, UnityEngine.SceneManagement.Scene& scene) [0x00017] in C:\Sirenix\Sirenix Solution\Sirenix.OdinInspector.Editor\Validation\Validators\SceneReference.cs:114 
UnityEngine.DebugLogHandler:Internal_LogException(Exception, Object)
UnityEngine.DebugLogHandler:LogException(Exception, Object)
UnityEngine.Logger:LogException(Exception, Object)
UnityEngine.Debug:LogException(Exception)
Sirenix.OdinInspector.Editor.Validation.SceneReference:TryOpenScene(OpenSceneMode, Scene&) (at C:\Sirenix\Sirenix Solution\Sirenix.OdinInspector.Editor\Validation\Validators\SceneReference.cs:119)
Sirenix.OdinValidator.Editor.<ValidateCurrentWorkQueueEnumerator>d__59:MoveNext() (at C:\Sirenix\Sirenix Solution\Sirenix.OdinValidator.Editor\Core\ValidationSession.cs:557)
Sirenix.OdinValidator.Editor.<ValidateEverythingEnumeratorBatched>d__54:MoveNext() (at C:\Sirenix\Sirenix Solution\Sirenix.OdinValidator.Editor\Core\ValidationSession.cs:376)
Sirenix.OdinValidator.Editor.AutomationConfig:RunValidationScan(String, ValidationSetup, Boolean, Action, Boolean, Boolean, Boolean, Boolean, Boolean, Boolean, Boolean, Boolean) (at C:\Sirenix\Sirenix Solution\Sirenix.OdinValidator.Editor\Config\AutomationConfig.cs:305)
Sirenix.OdinValidator.Editor.AutomationConfig:ActuallyInitHooks() (at C:\Sirenix\Sirenix Solution\Sirenix.OdinValidator.Editor\Config\AutomationConfig.cs:186)
Sirenix.OdinValidator.Editor.AutomationConfig:InitHooks() (at C:\Sirenix\Sirenix Solution\Sirenix.OdinValidator.Editor\Config\AutomationConfig.cs:170)
System.Reflection.RuntimeMethodInfo:InternalInvoke(RuntimeMethodInfo, Object, Object[], Exception&)
System.Reflection.RuntimeMethodInfo:Invoke(Object, BindingFlags, Binder, Object[], CultureInfo)
System.Reflection.MethodBase:Invoke(Object, Object[])
UnityEditor.EditorAssemblies:ProcessInitializeOnLoadMethodAttributes()

(Filename: C:/Sirenix/Sirenix Solution/Sirenix.OdinInspector.Editor/Validation/Validators/SceneReference.cs Line: 119)

InvalidOperationException: Calling OpenScene Raisefrom assembly reloading callbacks are not supported.
  at (wrapper managed-to-native) UnityEditor.SceneManagement.EditorSceneManager.OpenScene_Injected(string,UnityEditor.SceneManagement.OpenSceneMode,UnityEngine.SceneManagement.Scene&)
  at UnityEditor.SceneManagement.EditorSceneManager.OpenScene (System.String scenePath, UnityEditor.SceneManagement.OpenSceneMode mode) [0x00000] in <63965ae56af7489797f355b7c1211ab2>:0 
  at Sirenix.OdinInspector.Editor.Validation.SceneReference.TryOpenScene (UnityEditor.SceneManagement.OpenSceneMode mode, UnityEngine.SceneManagement.Scene& scene) [0x00017] in C:\Sirenix\Sirenix Solution\Sirenix.OdinInspector.Editor\Validation\Validators\SceneReference.cs:114 
UnityEngine.DebugLogHandler:Internal_LogException(Exception, Object)
UnityEngine.DebugLogHandler:LogException(Exception, Object)
UnityEngine.Logger:LogException(Exception, Object)
UnityEngine.Debug:LogException(Exception)
Sirenix.OdinInspector.Editor.Validation.SceneReference:TryOpenScene(OpenSceneMode, Scene&) (at C:\Sirenix\Sirenix Solution\Sirenix.OdinInspector.Editor\Validation\Validators\SceneReference.cs:119)
Sirenix.OdinValidator.Editor.<ValidateCurrentWorkQueueEnumerator>d__59:MoveNext() (at C:\Sirenix\Sirenix Solution\Sirenix.OdinValidator.Editor\Core\ValidationSession.cs:557)
Sirenix.OdinValidator.Editor.<ValidateEverythingEnumeratorBatched>d__54:MoveNext() (at C:\Sirenix\Sirenix Solution\Sirenix.OdinValidator.Editor\Core\ValidationSession.cs:376)
Sirenix.OdinValidator.Editor.AutomationConfig:RunValidationScan(String, ValidationSetup, Boolean, Action, Boolean, Boolean, Boolean, Boolean, Boolean, Boolean, Boolean, Boolean) (at C:\Sirenix\Sirenix Solution\Sirenix.OdinValidator.Editor\Config\AutomationConfig.cs:305)
Sirenix.OdinValidator.Editor.AutomationConfig:ActuallyInitHooks() (at C:\Sirenix\Sirenix Solution\Sirenix.OdinValidator.Editor\Config\AutomationConfig.cs:186)
Sirenix.OdinValidator.Editor.AutomationConfig:InitHooks() (at C:\Sirenix\Sirenix Solution\Sirenix.OdinValidator.Editor\Config\AutomationConfig.cs:170)
System.Reflection.RuntimeMethodInfo:InternalInvoke(RuntimeMethodInfo, Object, Object[], Exception&)
System.Reflection.RuntimeMethodInfo:Invoke(Object, BindingFlags, Binder, Object[], CultureInfo)
System.Reflection.MethodBase:Invoke(Object, Object[])
UnityEditor.EditorAssemblies:ProcessInitializeOnLoadMethodAttributes()

(Filename: C:/Sirenix/Sirenix Solution/Sirenix.OdinInspector.Editor/Validation/Validators/SceneReference.cs Line: 119)

InvalidOperationException: Calling OpenScene Raisefrom assembly reloading callbacks are not supported.
  at (wrapper managed-to-native) UnityEditor.SceneManagement.EditorSceneManager.OpenScene_Injected(string,UnityEditor.SceneManagement.OpenSceneMode,UnityEngine.SceneManagement.Scene&)
  at UnityEditor.SceneManagement.EditorSceneManager.OpenScene (System.String scenePath, UnityEditor.SceneManagement.OpenSceneMode mode) [0x00000] in <63965ae56af7489797f355b7c1211ab2>:0 
  at Sirenix.OdinInspector.Editor.Validation.SceneReference.TryOpenScene (UnityEditor.SceneManagement.OpenSceneMode mode, UnityEngine.SceneManagement.Scene& scene) [0x00017] in C:\Sirenix\Sirenix Solution\Sirenix.OdinInspector.Editor\Validation\Validators\SceneReference.cs:114 
UnityEngine.DebugLogHandler:Internal_LogException(Exception, Object)
UnityEngine.DebugLogHandler:LogException(Exception, Object)
UnityEngine.Logger:LogException(Exception, Object)
UnityEngine.Debug:LogException(Exception)
Sirenix.OdinInspector.Editor.Validation.SceneReference:TryOpenScene(OpenSceneMode, Scene&) (at C:\Sirenix\Sirenix Solution\Sirenix.OdinInspector.Editor\Validation\Validators\SceneReference.cs:119)
Sirenix.OdinValidator.Editor.<ValidateCurrentWorkQueueEnumerator>d__59:MoveNext() (at C:\Sirenix\Sirenix Solution\Sirenix.OdinValidator.Editor\Core\ValidationSession.cs:557)
Sirenix.OdinValidator.Editor.<ValidateEverythingEnumeratorBatched>d__54:MoveNext() (at C:\Sirenix\Sirenix Solution\Sirenix.OdinValidator.Editor\Core\ValidationSession.cs:376)
Sirenix.OdinValidator.Editor.AutomationConfig:RunValidationScan(String, ValidationSetup, Boolean, Action, Boolean, Boolean, Boolean, Boolean, Boolean, Boolean, Boolean, Boolean) (at C:\Sirenix\Sirenix Solution\Sirenix.OdinValidator.Editor\Config\AutomationConfig.cs:305)
Sirenix.OdinValidator.Editor.AutomationConfig:ActuallyInitHooks() (at C:\Sirenix\Sirenix Solution\Sirenix.OdinValidator.Editor\Config\AutomationConfig.cs:186)
Sirenix.OdinValidator.Editor.AutomationConfig:InitHooks() (at C:\Sirenix\Sirenix Solution\Sirenix.OdinValidator.Editor\Config\AutomationConfig.cs:170)
System.Reflection.RuntimeMethodInfo:InternalInvoke(RuntimeMethodInfo, Object, Object[], Exception&)
System.Reflection.RuntimeMethodInfo:Invoke(Object, BindingFlags, Binder, Object[], CultureInfo)
System.Reflection.MethodBase:Invoke(Object, Object[])
UnityEditor.EditorAssemblies:ProcessInitializeOnLoadMethodAttributes()

(Filename: C:/Sirenix/Sirenix Solution/Sirenix.OdinInspector.Editor/Validation/Validators/SceneReference.cs Line: 119)

InvalidOperationException: Calling OpenScene Raisefrom assembly reloading callbacks are not supported.
  at (wrapper managed-to-native) UnityEditor.SceneManagement.EditorSceneManager.OpenScene_Injected(string,UnityEditor.SceneManagement.OpenSceneMode,UnityEngine.SceneManagement.Scene&)
  at UnityEditor.SceneManagement.EditorSceneManager.OpenScene (System.String scenePath, UnityEditor.SceneManagement.OpenSceneMode mode) [0x00000] in <63965ae56af7489797f355b7c1211ab2>:0 
  at Sirenix.OdinInspector.Editor.Validation.SceneReference.TryOpenScene (UnityEditor.SceneManagement.OpenSceneMode mode, UnityEngine.SceneManagement.Scene& scene) [0x00017] in C:\Sirenix\Sirenix Solution\Sirenix.OdinInspector.Editor\Validation\Validators\SceneReference.cs:114 
UnityEngine.DebugLogHandler:Internal_LogException(Exception, Object)
UnityEngine.DebugLogHandler:LogException(Exception, Object)
UnityEngine.Logger:LogException(Exception, Object)
UnityEngine.Debug:LogException(Exception)
Sirenix.OdinInspector.Editor.Validation.SceneReference:TryOpenScene(OpenSceneMode, Scene&) (at C:\Sirenix\Sirenix Solution\Sirenix.OdinInspector.Editor\Validation\Validators\SceneReference.cs:119)
Sirenix.OdinValidator.Editor.<ValidateCurrentWorkQueueEnumerator>d__59:MoveNext() (at C:\Sirenix\Sirenix Solution\Sirenix.OdinValidator.Editor\Core\ValidationSession.cs:557)
Sirenix.OdinValidator.Editor.<ValidateEverythingEnumeratorBatched>d__54:MoveNext() (at C:\Sirenix\Sirenix Solution\Sirenix.OdinValidator.Editor\Core\ValidationSession.cs:376)
Sirenix.OdinValidator.Editor.AutomationConfig:RunValidationScan(String, ValidationSetup, Boolean, Action, Boolean, Boolean, Boolean, Boolean, Boolean, Boolean, Boolean, Boolean) (at C:\Sirenix\Sirenix Solution\Sirenix.OdinValidator.Editor\Config\AutomationConfig.cs:305)
Sirenix.OdinValidator.Editor.AutomationConfig:ActuallyInitHooks() (at C:\Sirenix\Sirenix Solution\Sirenix.OdinValidator.Editor\Config\AutomationConfig.cs:186)
Sirenix.OdinValidator.Editor.AutomationConfig:InitHooks() (at C:\Sirenix\Sirenix Solution\Sirenix.OdinValidator.Editor\Config\AutomationConfig.cs:170)
System.Reflection.RuntimeMethodInfo:InternalInvoke(RuntimeMethodInfo, Object, Object[], Exception&)
System.Reflection.RuntimeMethodInfo:Invoke(Object, BindingFlags, Binder, Object[], CultureInfo)
System.Reflection.MethodBase:Invoke(Object, Object[])
UnityEditor.EditorAssemblies:ProcessInitializeOnLoadMethodAttributes()

(Filename: C:/Sirenix/Sirenix Solution/Sirenix.OdinInspector.Editor/Validation/Validators/SceneReference.cs Line: 119)

InvalidOperationException: Calling OpenScene Raisefrom assembly reloading callbacks are not supported.
  at (wrapper managed-to-native) UnityEditor.SceneManagement.EditorSceneManager.OpenScene_Injected(string,UnityEditor.SceneManagement.OpenSceneMode,UnityEngine.SceneManagement.Scene&)
  at UnityEditor.SceneManagement.EditorSceneManager.OpenScene (System.String scenePath, UnityEditor.SceneManagement.OpenSceneMode mode) [0x00000] in <63965ae56af7489797f355b7c1211ab2>:0 
  at Sirenix.OdinInspector.Editor.Validation.SceneReference.TryOpenScene (UnityEditor.SceneManagement.OpenSceneMode mode, UnityEngine.SceneManagement.Scene& scene) [0x00017] in C:\Sirenix\Sirenix Solution\Sirenix.OdinInspector.Editor\Validation\Validators\SceneReference.cs:114 
UnityEngine.DebugLogHandler:Internal_LogException(Exception, Object)
UnityEngine.DebugLogHandler:LogException(Exception, Object)
UnityEngine.Logger:LogException(Exception, Object)
UnityEngine.Debug:LogException(Exception)
Sirenix.OdinInspector.Editor.Validation.SceneReference:TryOpenScene(OpenSceneMode, Scene&) (at C:\Sirenix\Sirenix Solution\Sirenix.OdinInspector.Editor\Validation\Validators\SceneReference.cs:119)
Sirenix.OdinValidator.Editor.<ValidateCurrentWorkQueueEnumerator>d__59:MoveNext() (at C:\Sirenix\Sirenix Solution\Sirenix.OdinValidator.Editor\Core\ValidationSession.cs:557)
Sirenix.OdinValidator.Editor.<ValidateEverythingEnumeratorBatched>d__54:MoveNext() (at C:\Sirenix\Sirenix Solution\Sirenix.OdinValidator.Editor\Core\ValidationSession.cs:376)
Sirenix.OdinValidator.Editor.AutomationConfig:RunValidationScan(String, ValidationSetup, Boolean, Action, Boolean, Boolean, Boolean, Boolean, Boolean, Boolean, Boolean, Boolean) (at C:\Sirenix\Sirenix Solution\Sirenix.OdinValidator.Editor\Config\AutomationConfig.cs:305)
Sirenix.OdinValidator.Editor.AutomationConfig:ActuallyInitHooks() (at C:\Sirenix\Sirenix Solution\Sirenix.OdinValidator.Editor\Config\AutomationConfig.cs:186)
Sirenix.OdinValidator.Editor.AutomationConfig:InitHooks() (at C:\Sirenix\Sirenix Solution\Sirenix.OdinValidator.Editor\Config\AutomationConfig.cs:170)
System.Reflection.RuntimeMethodInfo:InternalInvoke(RuntimeMethodInfo, Object, Object[], Exception&)
System.Reflection.RuntimeMethodInfo:Invoke(Object, BindingFlags, Binder, Object[], CultureInfo)
System.Reflection.MethodBase:Invoke(Object, Object[])
UnityEditor.EditorAssemblies:ProcessInitializeOnLoadMethodAttributes()

(Filename: C:/Sirenix/Sirenix Solution/Sirenix.OdinInspector.Editor/Validation/Validators/SceneReference.cs Line: 119)

InvalidOperationException: Calling OpenScene Raisefrom assembly reloading callbacks are not supported.
  at (wrapper managed-to-native) UnityEditor.SceneManagement.EditorSceneManager.OpenScene_Injected(string,UnityEditor.SceneManagement.OpenSceneMode,UnityEngine.SceneManagement.Scene&)
  at UnityEditor.SceneManagement.EditorSceneManager.OpenScene (System.String scenePath, UnityEditor.SceneManagement.OpenSceneMode mode) [0x00000] in <63965ae56af7489797f355b7c1211ab2>:0 
  at Sirenix.OdinInspector.Editor.Validation.SceneReference.TryOpenScene (UnityEditor.SceneManagement.OpenSceneMode mode, UnityEngine.SceneManagement.Scene& scene) [0x00017] in C:\Sirenix\Sirenix Solution\Sirenix.OdinInspector.Editor\Validation\Validators\SceneReference.cs:114 
UnityEngine.DebugLogHandler:Internal_LogException(Exception, Object)
UnityEngine.DebugLogHandler:LogException(Exception, Object)
UnityEngine.Logger:LogException(Exception, Object)
UnityEngine.Debug:LogException(Exception)
Sirenix.OdinInspector.Editor.Validation.SceneReference:TryOpenScene(OpenSceneMode, Scene&) (at C:\Sirenix\Sirenix Solution\Sirenix.OdinInspector.Editor\Validation\Validators\SceneReference.cs:119)
Sirenix.OdinValidator.Editor.<ValidateCurrentWorkQueueEnumerator>d__59:MoveNext() (at C:\Sirenix\Sirenix Solution\Sirenix.OdinValidator.Editor\Core\ValidationSession.cs:557)
Sirenix.OdinValidator.Editor.<ValidateEverythingEnumeratorBatched>d__54:MoveNext() (at C:\Sirenix\Sirenix Solution\Sirenix.OdinValidator.Editor\Core\ValidationSession.cs:376)
Sirenix.OdinValidator.Editor.AutomationConfig:RunValidationScan(String, ValidationSetup, Boolean, Action, Boolean, Boolean, Boolean, Boolean, Boolean, Boolean, Boolean, Boolean) (at C:\Sirenix\Sirenix Solution\Sirenix.OdinValidator.Editor\Config\AutomationConfig.cs:305)
Sirenix.OdinValidator.Editor.AutomationConfig:ActuallyInitHooks() (at C:\Sirenix\Sirenix Solution\Sirenix.OdinValidator.Editor\Config\AutomationConfig.cs:186)
Sirenix.OdinValidator.Editor.AutomationConfig:InitHooks() (at C:\Sirenix\Sirenix Solution\Sirenix.OdinValidator.Editor\Config\AutomationConfig.cs:170)
System.Reflection.RuntimeMethodInfo:InternalInvoke(RuntimeMethodInfo, Object, Object[], Exception&)
System.Reflection.RuntimeMethodInfo:Invoke(Object, BindingFlags, Binder, Object[], CultureInfo)
System.Reflection.MethodBase:Invoke(Object, Object[])
UnityEditor.EditorAssemblies:ProcessInitializeOnLoadMethodAttributes()

(Filename: C:/Sirenix/Sirenix Solution/Sirenix.OdinInspector.Editor/Validation/Validators/SceneReference.cs Line: 119)

InvalidOperationException: Calling OpenScene Raisefrom assembly reloading callbacks are not supported.
  at (wrapper managed-to-native) UnityEditor.SceneManagement.EditorSceneManager.OpenScene_Injected(string,UnityEditor.SceneManagement.OpenSceneMode,UnityEngine.SceneManagement.Scene&)
  at UnityEditor.SceneManagement.EditorSceneManager.OpenScene (System.String scenePath, UnityEditor.SceneManagement.OpenSceneMode mode) [0x00000] in <63965ae56af7489797f355b7c1211ab2>:0 
  at Sirenix.OdinInspector.Editor.Validation.SceneReference.TryOpenScene (UnityEditor.SceneManagement.OpenSceneMode mode, UnityEngine.SceneManagement.Scene& scene) [0x00017] in C:\Sirenix\Sirenix Solution\Sirenix.OdinInspector.Editor\Validation\Validators\SceneReference.cs:114 
UnityEngine.DebugLogHandler:Internal_LogException(Exception, Object)
UnityEngine.DebugLogHandler:LogException(Exception, Object)
UnityEngine.Logger:LogException(Exception, Object)
UnityEngine.Debug:LogException(Exception)
Sirenix.OdinInspector.Editor.Validation.SceneReference:TryOpenScene(OpenSceneMode, Scene&) (at C:\Sirenix\Sirenix Solution\Sirenix.OdinInspector.Editor\Validation\Validators\SceneReference.cs:119)
Sirenix.OdinValidator.Editor.<ValidateCurrentWorkQueueEnumerator>d__59:MoveNext() (at C:\Sirenix\Sirenix Solution\Sirenix.OdinValidator.Editor\Core\ValidationSession.cs:557)
Sirenix.OdinValidator.Editor.<ValidateEverythingEnumeratorBatched>d__54:MoveNext() (at C:\Sirenix\Sirenix Solution\Sirenix.OdinValidator.Editor\Core\ValidationSession.cs:376)
Sirenix.OdinValidator.Editor.AutomationConfig:RunValidationScan(String, ValidationSetup, Boolean, Action, Boolean, Boolean, Boolean, Boolean, Boolean, Boolean, Boolean, Boolean) (at C:\Sirenix\Sirenix Solution\Sirenix.OdinValidator.Editor\Config\AutomationConfig.cs:305)
Sirenix.OdinValidator.Editor.AutomationConfig:ActuallyInitHooks() (at C:\Sirenix\Sirenix Solution\Sirenix.OdinValidator.Editor\Config\AutomationConfig.cs:186)
Sirenix.OdinValidator.Editor.AutomationConfig:InitHooks() (at C:\Sirenix\Sirenix Solution\Sirenix.OdinValidator.Editor\Config\AutomationConfig.cs:170)
System.Reflection.RuntimeMethodInfo:InternalInvoke(RuntimeMethodInfo, Object, Object[], Exception&)
System.Reflection.RuntimeMethodInfo:Invoke(Object, BindingFlags, Binder, Object[], CultureInfo)
System.Reflection.MethodBase:Invoke(Object, Object[])
UnityEditor.EditorAssemblies:ProcessInitializeOnLoadMethodAttributes()

(Filename: C:/Sirenix/Sirenix Solution/Sirenix.OdinInspector.Editor/Validation/Validators/SceneReference.cs Line: 119)

InvalidOperationException: Calling OpenScene Raisefrom assembly reloading callbacks are not supported.
  at (wrapper managed-to-native) UnityEditor.SceneManagement.EditorSceneManager.OpenScene_Injected(string,UnityEditor.SceneManagement.OpenSceneMode,UnityEngine.SceneManagement.Scene&)
  at UnityEditor.SceneManagement.EditorSceneManager.OpenScene (System.String scenePath, UnityEditor.SceneManagement.OpenSceneMode mode) [0x00000] in <63965ae56af7489797f355b7c1211ab2>:0 
  at Sirenix.OdinInspector.Editor.Validation.SceneReference.TryOpenScene (UnityEditor.SceneManagement.OpenSceneMode mode, UnityEngine.SceneManagement.Scene& scene) [0x00017] in C:\Sirenix\Sirenix Solution\Sirenix.OdinInspector.Editor\Validation\Validators\SceneReference.cs:114 
UnityEngine.DebugLogHandler:Internal_LogException(Exception, Object)
UnityEngine.DebugLogHandler:LogException(Exception, Object)
UnityEngine.Logger:LogException(Exception, Object)
UnityEngine.Debug:LogException(Exception)
Sirenix.OdinInspector.Editor.Validation.SceneReference:TryOpenScene(OpenSceneMode, Scene&) (at C:\Sirenix\Sirenix Solution\Sirenix.OdinInspector.Editor\Validation\Validators\SceneReference.cs:119)
Sirenix.OdinValidator.Editor.<ValidateCurrentWorkQueueEnumerator>d__59:MoveNext() (at C:\Sirenix\Sirenix Solution\Sirenix.OdinValidator.Editor\Core\ValidationSession.cs:557)
Sirenix.OdinValidator.Editor.<ValidateEverythingEnumeratorBatched>d__54:MoveNext() (at C:\Sirenix\Sirenix Solution\Sirenix.OdinValidator.Editor\Core\ValidationSession.cs:376)
Sirenix.OdinValidator.Editor.AutomationConfig:RunValidationScan(String, ValidationSetup, Boolean, Action, Boolean, Boolean, Boolean, Boolean, Boolean, Boolean, Boolean, Boolean) (at C:\Sirenix\Sirenix Solution\Sirenix.OdinValidator.Editor\Config\AutomationConfig.cs:305)
Sirenix.OdinValidator.Editor.AutomationConfig:ActuallyInitHooks() (at C:\Sirenix\Sirenix Solution\Sirenix.OdinValidator.Editor\Config\AutomationConfig.cs:186)
Sirenix.OdinValidator.Editor.AutomationConfig:InitHooks() (at C:\Sirenix\Sirenix Solution\Sirenix.OdinValidator.Editor\Config\AutomationConfig.cs:170)
System.Reflection.RuntimeMethodInfo:InternalInvoke(RuntimeMethodInfo, Object, Object[], Exception&)
System.Reflection.RuntimeMethodInfo:Invoke(Object, BindingFlags, Binder, Object[], CultureInfo)
System.Reflection.MethodBase:Invoke(Object, Object[])
UnityEditor.EditorAssemblies:ProcessInitializeOnLoadMethodAttributes()

(Filename: C:/Sirenix/Sirenix Solution/Sirenix.OdinInspector.Editor/Validation/Validators/SceneReference.cs Line: 119)

InvalidOperationException: Calling OpenScene Raisefrom assembly reloading callbacks are not supported.
  at (wrapper managed-to-native) UnityEditor.SceneManagement.EditorSceneManager.OpenScene_Injected(string,UnityEditor.SceneManagement.OpenSceneMode,UnityEngine.SceneManagement.Scene&)
  at UnityEditor.SceneManagement.EditorSceneManager.OpenScene (System.String scenePath, UnityEditor.SceneManagement.OpenSceneMode mode) [0x00000] in <63965ae56af7489797f355b7c1211ab2>:0 
  at Sirenix.OdinInspector.Editor.Validation.SceneReference.TryOpenScene (UnityEditor.SceneManagement.OpenSceneMode mode, UnityEngine.SceneManagement.Scene& scene) [0x00017] in C:\Sirenix\Sirenix Solution\Sirenix.OdinInspector.Editor\Validation\Validators\SceneReference.cs:114 
UnityEngine.DebugLogHandler:Internal_LogException(Exception, Object)
UnityEngine.DebugLogHandler:LogException(Exception, Object)
UnityEngine.Logger:LogException(Exception, Object)
UnityEngine.Debug:LogException(Exception)
Sirenix.OdinInspector.Editor.Validation.SceneReference:TryOpenScene(OpenSceneMode, Scene&) (at C:\Sirenix\Sirenix Solution\Sirenix.OdinInspector.Editor\Validation\Validators\SceneReference.cs:119)
Sirenix.OdinValidator.Editor.<ValidateCurrentWorkQueueEnumerator>d__59:MoveNext() (at C:\Sirenix\Sirenix Solution\Sirenix.OdinValidator.Editor\Core\ValidationSession.cs:557)
Sirenix.OdinValidator.Editor.<ValidateEverythingEnumeratorBatched>d__54:MoveNext() (at C:\Sirenix\Sirenix Solution\Sirenix.OdinValidator.Editor\Core\ValidationSession.cs:376)
Sirenix.OdinValidator.Editor.AutomationConfig:RunValidationScan(String, ValidationSetup, Boolean, Action, Boolean, Boolean, Boolean, Boolean, Boolean, Boolean, Boolean, Boolean) (at C:\Sirenix\Sirenix Solution\Sirenix.OdinValidator.Editor\Config\AutomationConfig.cs:305)
Sirenix.OdinValidator.Editor.AutomationConfig:ActuallyInitHooks() (at C:\Sirenix\Sirenix Solution\Sirenix.OdinValidator.Editor\Config\AutomationConfig.cs:186)
Sirenix.OdinValidator.Editor.AutomationConfig:InitHooks() (at C:\Sirenix\Sirenix Solution\Sirenix.OdinValidator.Editor\Config\AutomationConfig.cs:170)
System.Reflection.RuntimeMethodInfo:InternalInvoke(RuntimeMethodInfo, Object, Object[], Exception&)
System.Reflection.RuntimeMethodInfo:Invoke(Object, BindingFlags, Binder, Object[], CultureInfo)
System.Reflection.MethodBase:Invoke(Object, Object[])
UnityEditor.EditorAssemblies:ProcessInitializeOnLoadMethodAttributes()

(Filename: C:/Sirenix/Sirenix Solution/Sirenix.OdinInspector.Editor/Validation/Validators/SceneReference.cs Line: 119)

InvalidOperationException: Calling OpenScene Raisefrom assembly reloading callbacks are not supported.
  at (wrapper managed-to-native) UnityEditor.SceneManagement.EditorSceneManager.OpenScene_Injected(string,UnityEditor.SceneManagement.OpenSceneMode,UnityEngine.SceneManagement.Scene&)
  at UnityEditor.SceneManagement.EditorSceneManager.OpenScene (System.String scenePath, UnityEditor.SceneManagement.OpenSceneMode mode) [0x00000] in <63965ae56af7489797f355b7c1211ab2>:0 
  at Sirenix.OdinInspector.Editor.Validation.SceneReference.TryOpenScene (UnityEditor.SceneManagement.OpenSceneMode mode, UnityEngine.SceneManagement.Scene& scene) [0x00017] in C:\Sirenix\Sirenix Solution\Sirenix.OdinInspector.Editor\Validation\Validators\SceneReference.cs:114 
UnityEngine.DebugLogHandler:Internal_LogException(Exception, Object)
UnityEngine.DebugLogHandler:LogException(Exception, Object)
UnityEngine.Logger:LogException(Exception, Object)
UnityEngine.Debug:LogException(Exception)
Sirenix.OdinInspector.Editor.Validation.SceneReference:TryOpenScene(OpenSceneMode, Scene&) (at C:\Sirenix\Sirenix Solution\Sirenix.OdinInspector.Editor\Validation\Validators\SceneReference.cs:119)
Sirenix.OdinValidator.Editor.<ValidateCurrentWorkQueueEnumerator>d__59:MoveNext() (at C:\Sirenix\Sirenix Solution\Sirenix.OdinValidator.Editor\Core\ValidationSession.cs:557)
Sirenix.OdinValidator.Editor.<ValidateEverythingEnumeratorBatched>d__54:MoveNext() (at C:\Sirenix\Sirenix Solution\Sirenix.OdinValidator.Editor\Core\ValidationSession.cs:376)
Sirenix.OdinValidator.Editor.AutomationConfig:RunValidationScan(String, ValidationSetup, Boolean, Action, Boolean, Boolean, Boolean, Boolean, Boolean, Boolean, Boolean, Boolean) (at C:\Sirenix\Sirenix Solution\Sirenix.OdinValidator.Editor\Config\AutomationConfig.cs:305)
Sirenix.OdinValidator.Editor.AutomationConfig:ActuallyInitHooks() (at C:\Sirenix\Sirenix Solution\Sirenix.OdinValidator.Editor\Config\AutomationConfig.cs:186)
Sirenix.OdinValidator.Editor.AutomationConfig:InitHooks() (at C:\Sirenix\Sirenix Solution\Sirenix.OdinValidator.Editor\Config\AutomationConfig.cs:170)
System.Reflection.RuntimeMethodInfo:InternalInvoke(RuntimeMethodInfo, Object, Object[], Exception&)
System.Reflection.RuntimeMethodInfo:Invoke(Object, BindingFlags, Binder, Object[], CultureInfo)
System.Reflection.MethodBase:Invoke(Object, Object[])
UnityEditor.EditorAssemblies:ProcessInitializeOnLoadMethodAttributes()

(Filename: C:/Sirenix/Sirenix Solution/Sirenix.OdinInspector.Editor/Validation/Validators/SceneReference.cs Line: 119)

InvalidOperationException: Calling OpenScene Raisefrom assembly reloading callbacks are not supported.
  at (wrapper managed-to-native) UnityEditor.SceneManagement.EditorSceneManager.OpenScene_Injected(string,UnityEditor.SceneManagement.OpenSceneMode,UnityEngine.SceneManagement.Scene&)
  at UnityEditor.SceneManagement.EditorSceneManager.OpenScene (System.String scenePath, UnityEditor.SceneManagement.OpenSceneMode mode) [0x00000] in <63965ae56af7489797f355b7c1211ab2>:0 
  at Sirenix.OdinInspector.Editor.Validation.SceneReference.TryOpenScene (UnityEditor.SceneManagement.OpenSceneMode mode, UnityEngine.SceneManagement.Scene& scene) [0x00017] in C:\Sirenix\Sirenix Solution\Sirenix.OdinInspector.Editor\Validation\Validators\SceneReference.cs:114 
UnityEngine.DebugLogHandler:Internal_LogException(Exception, Object)
UnityEngine.DebugLogHandler:LogException(Exception, Object)
UnityEngine.Logger:LogException(Exception, Object)
UnityEngine.Debug:LogException(Exception)
Sirenix.OdinInspector.Editor.Validation.SceneReference:TryOpenScene(OpenSceneMode, Scene&) (at C:\Sirenix\Sirenix Solution\Sirenix.OdinInspector.Editor\Validation\Validators\SceneReference.cs:119)
Sirenix.OdinValidator.Editor.<ValidateCurrentWorkQueueEnumerator>d__59:MoveNext() (at C:\Sirenix\Sirenix Solution\Sirenix.OdinValidator.Editor\Core\ValidationSession.cs:557)
Sirenix.OdinValidator.Editor.<ValidateEverythingEnumeratorBatched>d__54:MoveNext() (at C:\Sirenix\Sirenix Solution\Sirenix.OdinValidator.Editor\Core\ValidationSession.cs:376)
Sirenix.OdinValidator.Editor.AutomationConfig:RunValidationScan(String, ValidationSetup, Boolean, Action, Boolean, Boolean, Boolean, Boolean, Boolean, Boolean, Boolean, Boolean) (at C:\Sirenix\Sirenix Solution\Sirenix.OdinValidator.Editor\Config\AutomationConfig.cs:305)
Sirenix.OdinValidator.Editor.AutomationConfig:ActuallyInitHooks() (at C:\Sirenix\Sirenix Solution\Sirenix.OdinValidator.Editor\Config\AutomationConfig.cs:186)
Sirenix.OdinValidator.Editor.AutomationConfig:InitHooks() (at C:\Sirenix\Sirenix Solution\Sirenix.OdinValidator.Editor\Config\AutomationConfig.cs:170)
System.Reflection.RuntimeMethodInfo:InternalInvoke(RuntimeMethodInfo, Object, Object[], Exception&)
System.Reflection.RuntimeMethodInfo:Invoke(Object, BindingFlags, Binder, Object[], CultureInfo)
System.Reflection.MethodBase:Invoke(Object, Object[])
UnityEditor.EditorAssemblies:ProcessInitializeOnLoadMethodAttributes()

(Filename: C:/Sirenix/Sirenix Solution/Sirenix.OdinInspector.Editor/Validation/Validators/SceneReference.cs Line: 119)

InvalidOperationException: Calling OpenScene Raisefrom assembly reloading callbacks are not supported.
  at (wrapper managed-to-native) UnityEditor.SceneManagement.EditorSceneManager.OpenScene_Injected(string,UnityEditor.SceneManagement.OpenSceneMode,UnityEngine.SceneManagement.Scene&)
  at UnityEditor.SceneManagement.EditorSceneManager.OpenScene (System.String scenePath, UnityEditor.SceneManagement.OpenSceneMode mode) [0x00000] in <63965ae56af7489797f355b7c1211ab2>:0 
  at Sirenix.OdinInspector.Editor.Validation.SceneReference.TryOpenScene (UnityEditor.SceneManagement.OpenSceneMode mode, UnityEngine.SceneManagement.Scene& scene) [0x00017] in C:\Sirenix\Sirenix Solution\Sirenix.OdinInspector.Editor\Validation\Validators\SceneReference.cs:114 
UnityEngine.DebugLogHandler:Internal_LogException(Exception, Object)
UnityEngine.DebugLogHandler:LogException(Exception, Object)
UnityEngine.Logger:LogException(Exception, Object)
UnityEngine.Debug:LogException(Exception)
Sirenix.OdinInspector.Editor.Validation.SceneReference:TryOpenScene(OpenSceneMode, Scene&) (at C:\Sirenix\Sirenix Solution\Sirenix.OdinInspector.Editor\Validation\Validators\SceneReference.cs:119)
Sirenix.OdinValidator.Editor.<ValidateCurrentWorkQueueEnumerator>d__59:MoveNext() (at C:\Sirenix\Sirenix Solution\Sirenix.OdinValidator.Editor\Core\ValidationSession.cs:557)
Sirenix.OdinValidator.Editor.<ValidateEverythingEnumeratorBatched>d__54:MoveNext() (at C:\Sirenix\Sirenix Solution\Sirenix.OdinValidator.Editor\Core\ValidationSession.cs:376)
Sirenix.OdinValidator.Editor.AutomationConfig:RunValidationScan(String, ValidationSetup, Boolean, Action, Boolean, Boolean, Boolean, Boolean, Boolean, Boolean, Boolean, Boolean) (at C:\Sirenix\Sirenix Solution\Sirenix.OdinValidator.Editor\Config\AutomationConfig.cs:305)
Sirenix.OdinValidator.Editor.AutomationConfig:ActuallyInitHooks() (at C:\Sirenix\Sirenix Solution\Sirenix.OdinValidator.Editor\Config\AutomationConfig.cs:186)
Sirenix.OdinValidator.Editor.AutomationConfig:InitHooks() (at C:\Sirenix\Sirenix Solution\Sirenix.OdinValidator.Editor\Config\AutomationConfig.cs:170)
System.Reflection.RuntimeMethodInfo:InternalInvoke(RuntimeMethodInfo, Object, Object[], Exception&)
System.Reflection.RuntimeMethodInfo:Invoke(Object, BindingFlags, Binder, Object[], CultureInfo)
System.Reflection.MethodBase:Invoke(Object, Object[])
UnityEditor.EditorAssemblies:ProcessInitializeOnLoadMethodAttributes()

(Filename: C:/Sirenix/Sirenix Solution/Sirenix.OdinInspector.Editor/Validation/Validators/SceneReference.cs Line: 119)

InvalidOperationException: Calling OpenScene Raisefrom assembly reloading callbacks are not supported.
  at (wrapper managed-to-native) UnityEditor.SceneManagement.EditorSceneManager.OpenScene_Injected(string,UnityEditor.SceneManagement.OpenSceneMode,UnityEngine.SceneManagement.Scene&)
  at UnityEditor.SceneManagement.EditorSceneManager.OpenScene (System.String scenePath, UnityEditor.SceneManagement.OpenSceneMode mode) [0x00000] in <63965ae56af7489797f355b7c1211ab2>:0 
  at Sirenix.OdinInspector.Editor.Validation.SceneReference.TryOpenScene (UnityEditor.SceneManagement.OpenSceneMode mode, UnityEngine.SceneManagement.Scene& scene) [0x00017] in C:\Sirenix\Sirenix Solution\Sirenix.OdinInspector.Editor\Validation\Validators\SceneReference.cs:114 
UnityEngine.DebugLogHandler:Internal_LogException(Exception, Object)
UnityEngine.DebugLogHandler:LogException(Exception, Object)
UnityEngine.Logger:LogException(Exception, Object)
UnityEngine.Debug:LogException(Exception)
Sirenix.OdinInspector.Editor.Validation.SceneReference:TryOpenScene(OpenSceneMode, Scene&) (at C:\Sirenix\Sirenix Solution\Sirenix.OdinInspector.Editor\Validation\Validators\SceneReference.cs:119)
Sirenix.OdinValidator.Editor.<ValidateCurrentWorkQueueEnumerator>d__59:MoveNext() (at C:\Sirenix\Sirenix Solution\Sirenix.OdinValidator.Editor\Core\ValidationSession.cs:557)
Sirenix.OdinValidator.Editor.<ValidateEverythingEnumeratorBatched>d__54:MoveNext() (at C:\Sirenix\Sirenix Solution\Sirenix.OdinValidator.Editor\Core\ValidationSession.cs:376)
Sirenix.OdinValidator.Editor.AutomationConfig:RunValidationScan(String, ValidationSetup, Boolean, Action, Boolean, Boolean, Boolean, Boolean, Boolean, Boolean, Boolean, Boolean) (at C:\Sirenix\Sirenix Solution\Sirenix.OdinValidator.Editor\Config\AutomationConfig.cs:305)
Sirenix.OdinValidator.Editor.AutomationConfig:ActuallyInitHooks() (at C:\Sirenix\Sirenix Solution\Sirenix.OdinValidator.Editor\Config\AutomationConfig.cs:186)
Sirenix.OdinValidator.Editor.AutomationConfig:InitHooks() (at C:\Sirenix\Sirenix Solution\Sirenix.OdinValidator.Editor\Config\AutomationConfig.cs:170)
System.Reflection.RuntimeMethodInfo:InternalInvoke(RuntimeMethodInfo, Object, Object[], Exception&)
System.Reflection.RuntimeMethodInfo:Invoke(Object, BindingFlags, Binder, Object[], CultureInfo)
System.Reflection.MethodBase:Invoke(Object, Object[])
UnityEditor.EditorAssemblies:ProcessInitializeOnLoadMethodAttributes()

(Filename: C:/Sirenix/Sirenix Solution/Sirenix.OdinInspector.Editor/Validation/Validators/SceneReference.cs Line: 119)

InvalidOperationException: Calling OpenScene Raisefrom assembly reloading callbacks are not supported.
  at (wrapper managed-to-native) UnityEditor.SceneManagement.EditorSceneManager.OpenScene_Injected(string,UnityEditor.SceneManagement.OpenSceneMode,UnityEngine.SceneManagement.Scene&)
  at UnityEditor.SceneManagement.EditorSceneManager.OpenScene (System.String scenePath, UnityEditor.SceneManagement.OpenSceneMode mode) [0x00000] in <63965ae56af7489797f355b7c1211ab2>:0 
  at Sirenix.OdinInspector.Editor.Validation.SceneReference.TryOpenScene (UnityEditor.SceneManagement.OpenSceneMode mode, UnityEngine.SceneManagement.Scene& scene) [0x00017] in C:\Sirenix\Sirenix Solution\Sirenix.OdinInspector.Editor\Validation\Validators\SceneReference.cs:114 
UnityEngine.DebugLogHandler:Internal_LogException(Exception, Object)
UnityEngine.DebugLogHandler:LogException(Exception, Object)
UnityEngine.Logger:LogException(Exception, Object)
UnityEngine.Debug:LogException(Exception)
Sirenix.OdinInspector.Editor.Validation.SceneReference:TryOpenScene(OpenSceneMode, Scene&) (at C:\Sirenix\Sirenix Solution\Sirenix.OdinInspector.Editor\Validation\Validators\SceneReference.cs:119)
Sirenix.OdinValidator.Editor.<ValidateCurrentWorkQueueEnumerator>d__59:MoveNext() (at C:\Sirenix\Sirenix Solution\Sirenix.OdinValidator.Editor\Core\ValidationSession.cs:557)
Sirenix.OdinValidator.Editor.<ValidateEverythingEnumeratorBatched>d__54:MoveNext() (at C:\Sirenix\Sirenix Solution\Sirenix.OdinValidator.Editor\Core\ValidationSession.cs:376)
Sirenix.OdinValidator.Editor.AutomationConfig:RunValidationScan(String, ValidationSetup, Boolean, Action, Boolean, Boolean, Boolean, Boolean, Boolean, Boolean, Boolean, Boolean) (at C:\Sirenix\Sirenix Solution\Sirenix.OdinValidator.Editor\Config\AutomationConfig.cs:305)
Sirenix.OdinValidator.Editor.AutomationConfig:ActuallyInitHooks() (at C:\Sirenix\Sirenix Solution\Sirenix.OdinValidator.Editor\Config\AutomationConfig.cs:186)
Sirenix.OdinValidator.Editor.AutomationConfig:InitHooks() (at C:\Sirenix\Sirenix Solution\Sirenix.OdinValidator.Editor\Config\AutomationConfig.cs:170)
System.Reflection.RuntimeMethodInfo:InternalInvoke(RuntimeMethodInfo, Object, Object[], Exception&)
System.Reflection.RuntimeMethodInfo:Invoke(Object, BindingFlags, Binder, Object[], CultureInfo)
System.Reflection.MethodBase:Invoke(Object, Object[])
UnityEditor.EditorAssemblies:ProcessInitializeOnLoadMethodAttributes()

(Filename: C:/Sirenix/Sirenix Solution/Sirenix.OdinInspector.Editor/Validation/Validators/SceneReference.cs Line: 119)

InvalidOperationException: Calling OpenScene Raisefrom assembly reloading callbacks are not supported.
  at (wrapper managed-to-native) UnityEditor.SceneManagement.EditorSceneManager.OpenScene_Injected(string,UnityEditor.SceneManagement.OpenSceneMode,UnityEngine.SceneManagement.Scene&)
  at UnityEditor.SceneManagement.EditorSceneManager.OpenScene (System.String scenePath, UnityEditor.SceneManagement.OpenSceneMode mode) [0x00000] in <63965ae56af7489797f355b7c1211ab2>:0 
  at Sirenix.OdinInspector.Editor.Validation.SceneReference.TryOpenScene (UnityEditor.SceneManagement.OpenSceneMode mode, UnityEngine.SceneManagement.Scene& scene) [0x00017] in C:\Sirenix\Sirenix Solution\Sirenix.OdinInspector.Editor\Validation\Validators\SceneReference.cs:114 
UnityEngine.DebugLogHandler:Internal_LogException(Exception, Object)
UnityEngine.DebugLogHandler:LogException(Exception, Object)
UnityEngine.Logger:LogException(Exception, Object)
UnityEngine.Debug:LogException(Exception)
Sirenix.OdinInspector.Editor.Validation.SceneReference:TryOpenScene(OpenSceneMode, Scene&) (at C:\Sirenix\Sirenix Solution\Sirenix.OdinInspector.Editor\Validation\Validators\SceneReference.cs:119)
Sirenix.OdinValidator.Editor.<ValidateCurrentWorkQueueEnumerator>d__59:MoveNext() (at C:\Sirenix\Sirenix Solution\Sirenix.OdinValidator.Editor\Core\ValidationSession.cs:557)
Sirenix.OdinValidator.Editor.<ValidateEverythingEnumeratorBatched>d__54:MoveNext() (at C:\Sirenix\Sirenix Solution\Sirenix.OdinValidator.Editor\Core\ValidationSession.cs:376)
Sirenix.OdinValidator.Editor.AutomationConfig:RunValidationScan(String, ValidationSetup, Boolean, Action, Boolean, Boolean, Boolean, Boolean, Boolean, Boolean, Boolean, Boolean) (at C:\Sirenix\Sirenix Solution\Sirenix.OdinValidator.Editor\Config\AutomationConfig.cs:305)
Sirenix.OdinValidator.Editor.AutomationConfig:ActuallyInitHooks() (at C:\Sirenix\Sirenix Solution\Sirenix.OdinValidator.Editor\Config\AutomationConfig.cs:186)
Sirenix.OdinValidator.Editor.AutomationConfig:InitHooks() (at C:\Sirenix\Sirenix Solution\Sirenix.OdinValidator.Editor\Config\AutomationConfig.cs:170)
System.Reflection.RuntimeMethodInfo:InternalInvoke(RuntimeMethodInfo, Object, Object[], Exception&)
System.Reflection.RuntimeMethodInfo:Invoke(Object, BindingFlags, Binder, Object[], CultureInfo)
System.Reflection.MethodBase:Invoke(Object, Object[])
UnityEditor.EditorAssemblies:ProcessInitializeOnLoadMethodAttributes()

(Filename: C:/Sirenix/Sirenix Solution/Sirenix.OdinInspector.Editor/Validation/Validators/SceneReference.cs Line: 119)

InvalidOperationException: Calling OpenScene Raisefrom assembly reloading callbacks are not supported.
  at (wrapper managed-to-native) UnityEditor.SceneManagement.EditorSceneManager.OpenScene_Injected(string,UnityEditor.SceneManagement.OpenSceneMode,UnityEngine.SceneManagement.Scene&)
  at UnityEditor.SceneManagement.EditorSceneManager.OpenScene (System.String scenePath, UnityEditor.SceneManagement.OpenSceneMode mode) [0x00000] in <63965ae56af7489797f355b7c1211ab2>:0 
  at Sirenix.OdinInspector.Editor.Validation.SceneReference.TryOpenScene (UnityEditor.SceneManagement.OpenSceneMode mode, UnityEngine.SceneManagement.Scene& scene) [0x00017] in C:\Sirenix\Sirenix Solution\Sirenix.OdinInspector.Editor\Validation\Validators\SceneReference.cs:114 
UnityEngine.DebugLogHandler:Internal_LogException(Exception, Object)
UnityEngine.DebugLogHandler:LogException(Exception, Object)
UnityEngine.Logger:LogException(Exception, Object)
UnityEngine.Debug:LogException(Exception)
Sirenix.OdinInspector.Editor.Validation.SceneReference:TryOpenScene(OpenSceneMode, Scene&) (at C:\Sirenix\Sirenix Solution\Sirenix.OdinInspector.Editor\Validation\Validators\SceneReference.cs:119)
Sirenix.OdinValidator.Editor.<ValidateCurrentWorkQueueEnumerator>d__59:MoveNext() (at C:\Sirenix\Sirenix Solution\Sirenix.OdinValidator.Editor\Core\ValidationSession.cs:557)
Sirenix.OdinValidator.Editor.<ValidateEverythingEnumeratorBatched>d__54:MoveNext() (at C:\Sirenix\Sirenix Solution\Sirenix.OdinValidator.Editor\Core\ValidationSession.cs:376)
Sirenix.OdinValidator.Editor.AutomationConfig:RunValidationScan(String, ValidationSetup, Boolean, Action, Boolean, Boolean, Boolean, Boolean, Boolean, Boolean, Boolean, Boolean) (at C:\Sirenix\Sirenix Solution\Sirenix.OdinValidator.Editor\Config\AutomationConfig.cs:305)
Sirenix.OdinValidator.Editor.AutomationConfig:ActuallyInitHooks() (at C:\Sirenix\Sirenix Solution\Sirenix.OdinValidator.Editor\Config\AutomationConfig.cs:186)
Sirenix.OdinValidator.Editor.AutomationConfig:InitHooks() (at C:\Sirenix\Sirenix Solution\Sirenix.OdinValidator.Editor\Config\AutomationConfig.cs:170)
System.Reflection.RuntimeMethodInfo:InternalInvoke(RuntimeMethodInfo, Object, Object[], Exception&)
System.Reflection.RuntimeMethodInfo:Invoke(Object, BindingFlags, Binder, Object[], CultureInfo)
System.Reflection.MethodBase:Invoke(Object, Object[])
UnityEditor.EditorAssemblies:ProcessInitializeOnLoadMethodAttributes()

(Filename: C:/Sirenix/Sirenix Solution/Sirenix.OdinInspector.Editor/Validation/Validators/SceneReference.cs Line: 119)

InvalidOperationException: Calling OpenScene Raisefrom assembly reloading callbacks are not supported.
  at (wrapper managed-to-native) UnityEditor.SceneManagement.EditorSceneManager.OpenScene_Injected(string,UnityEditor.SceneManagement.OpenSceneMode,UnityEngine.SceneManagement.Scene&)
  at UnityEditor.SceneManagement.EditorSceneManager.OpenScene (System.String scenePath, UnityEditor.SceneManagement.OpenSceneMode mode) [0x00000] in <63965ae56af7489797f355b7c1211ab2>:0 
  at Sirenix.OdinInspector.Editor.Validation.SceneReference.TryOpenScene (UnityEditor.SceneManagement.OpenSceneMode mode, UnityEngine.SceneManagement.Scene& scene) [0x00017] in C:\Sirenix\Sirenix Solution\Sirenix.OdinInspector.Editor\Validation\Validators\SceneReference.cs:114 
UnityEngine.DebugLogHandler:Internal_LogException(Exception, Object)
UnityEngine.DebugLogHandler:LogException(Exception, Object)
UnityEngine.Logger:LogException(Exception, Object)
UnityEngine.Debug:LogException(Exception)
Sirenix.OdinInspector.Editor.Validation.SceneReference:TryOpenScene(OpenSceneMode, Scene&) (at C:\Sirenix\Sirenix Solution\Sirenix.OdinInspector.Editor\Validation\Validators\SceneReference.cs:119)
Sirenix.OdinValidator.Editor.<ValidateCurrentWorkQueueEnumerator>d__59:MoveNext() (at C:\Sirenix\Sirenix Solution\Sirenix.OdinValidator.Editor\Core\ValidationSession.cs:557)
Sirenix.OdinValidator.Editor.<ValidateEverythingEnumeratorBatched>d__54:MoveNext() (at C:\Sirenix\Sirenix Solution\Sirenix.OdinValidator.Editor\Core\ValidationSession.cs:376)
Sirenix.OdinValidator.Editor.AutomationConfig:RunValidationScan(String, ValidationSetup, Boolean, Action, Boolean, Boolean, Boolean, Boolean, Boolean, Boolean, Boolean, Boolean) (at C:\Sirenix\Sirenix Solution\Sirenix.OdinValidator.Editor\Config\AutomationConfig.cs:305)
Sirenix.OdinValidator.Editor.AutomationConfig:ActuallyInitHooks() (at C:\Sirenix\Sirenix Solution\Sirenix.OdinValidator.Editor\Config\AutomationConfig.cs:186)
Sirenix.OdinValidator.Editor.AutomationConfig:InitHooks() (at C:\Sirenix\Sirenix Solution\Sirenix.OdinValidator.Editor\Config\AutomationConfig.cs:170)
System.Reflection.RuntimeMethodInfo:InternalInvoke(RuntimeMethodInfo, Object, Object[], Exception&)
System.Reflection.RuntimeMethodInfo:Invoke(Object, BindingFlags, Binder, Object[], CultureInfo)
System.Reflection.MethodBase:Invoke(Object, Object[])
UnityEditor.EditorAssemblies:ProcessInitializeOnLoadMethodAttributes()

(Filename: C:/Sirenix/Sirenix Solution/Sirenix.OdinInspector.Editor/Validation/Validators/SceneReference.cs Line: 119)

InvalidOperationException: Calling OpenScene Raisefrom assembly reloading callbacks are not supported.
  at (wrapper managed-to-native) UnityEditor.SceneManagement.EditorSceneManager.OpenScene_Injected(string,UnityEditor.SceneManagement.OpenSceneMode,UnityEngine.SceneManagement.Scene&)
  at UnityEditor.SceneManagement.EditorSceneManager.OpenScene (System.String scenePath, UnityEditor.SceneManagement.OpenSceneMode mode) [0x00000] in <63965ae56af7489797f355b7c1211ab2>:0 
  at Sirenix.OdinInspector.Editor.Validation.SceneReference.TryOpenScene (UnityEditor.SceneManagement.OpenSceneMode mode, UnityEngine.SceneManagement.Scene& scene) [0x00017] in C:\Sirenix\Sirenix Solution\Sirenix.OdinInspector.Editor\Validation\Validators\SceneReference.cs:114 
UnityEngine.DebugLogHandler:Internal_LogException(Exception, Object)
UnityEngine.DebugLogHandler:LogException(Exception, Object)
UnityEngine.Logger:LogException(Exception, Object)
UnityEngine.Debug:LogException(Exception)
Sirenix.OdinInspector.Editor.Validation.SceneReference:TryOpenScene(OpenSceneMode, Scene&) (at C:\Sirenix\Sirenix Solution\Sirenix.OdinInspector.Editor\Validation\Validators\SceneReference.cs:119)
Sirenix.OdinValidator.Editor.<ValidateCurrentWorkQueueEnumerator>d__59:MoveNext() (at C:\Sirenix\Sirenix Solution\Sirenix.OdinValidator.Editor\Core\ValidationSession.cs:557)
Sirenix.OdinValidator.Editor.<ValidateEverythingEnumeratorBatched>d__54:MoveNext() (at C:\Sirenix\Sirenix Solution\Sirenix.OdinValidator.Editor\Core\ValidationSession.cs:376)
Sirenix.OdinValidator.Editor.AutomationConfig:RunValidationScan(String, ValidationSetup, Boolean, Action, Boolean, Boolean, Boolean, Boolean, Boolean, Boolean, Boolean, Boolean) (at C:\Sirenix\Sirenix Solution\Sirenix.OdinValidator.Editor\Config\AutomationConfig.cs:305)
Sirenix.OdinValidator.Editor.AutomationConfig:ActuallyInitHooks() (at C:\Sirenix\Sirenix Solution\Sirenix.OdinValidator.Editor\Config\AutomationConfig.cs:186)
Sirenix.OdinValidator.Editor.AutomationConfig:InitHooks() (at C:\Sirenix\Sirenix Solution\Sirenix.OdinValidator.Editor\Config\AutomationConfig.cs:170)
System.Reflection.RuntimeMethodInfo:InternalInvoke(RuntimeMethodInfo, Object, Object[], Exception&)
System.Reflection.RuntimeMethodInfo:Invoke(Object, BindingFlags, Binder, Object[], CultureInfo)
System.Reflection.MethodBase:Invoke(Object, Object[])
UnityEditor.EditorAssemblies:ProcessInitializeOnLoadMethodAttributes()

(Filename: C:/Sirenix/Sirenix Solution/Sirenix.OdinInspector.Editor/Validation/Validators/SceneReference.cs Line: 119)

InvalidOperationException: Calling OpenScene Raisefrom assembly reloading callbacks are not supported.
  at (wrapper managed-to-native) UnityEditor.SceneManagement.EditorSceneManager.OpenScene_Injected(string,UnityEditor.SceneManagement.OpenSceneMode,UnityEngine.SceneManagement.Scene&)
  at UnityEditor.SceneManagement.EditorSceneManager.OpenScene (System.String scenePath, UnityEditor.SceneManagement.OpenSceneMode mode) [0x00000] in <63965ae56af7489797f355b7c1211ab2>:0 
  at Sirenix.OdinInspector.Editor.Validation.SceneReference.TryOpenScene (UnityEditor.SceneManagement.OpenSceneMode mode, UnityEngine.SceneManagement.Scene& scene) [0x00017] in C:\Sirenix\Sirenix Solution\Sirenix.OdinInspector.Editor\Validation\Validators\SceneReference.cs:114 
UnityEngine.DebugLogHandler:Internal_LogException(Exception, Object)
UnityEngine.DebugLogHandler:LogException(Exception, Object)
UnityEngine.Logger:LogException(Exception, Object)
UnityEngine.Debug:LogException(Exception)
Sirenix.OdinInspector.Editor.Validation.SceneReference:TryOpenScene(OpenSceneMode, Scene&) (at C:\Sirenix\Sirenix Solution\Sirenix.OdinInspector.Editor\Validation\Validators\SceneReference.cs:119)
Sirenix.OdinValidator.Editor.<ValidateCurrentWorkQueueEnumerator>d__59:MoveNext() (at C:\Sirenix\Sirenix Solution\Sirenix.OdinValidator.Editor\Core\ValidationSession.cs:557)
Sirenix.OdinValidator.Editor.<ValidateEverythingEnumeratorBatched>d__54:MoveNext() (at C:\Sirenix\Sirenix Solution\Sirenix.OdinValidator.Editor\Core\ValidationSession.cs:376)
Sirenix.OdinValidator.Editor.AutomationConfig:RunValidationScan(String, ValidationSetup, Boolean, Action, Boolean, Boolean, Boolean, Boolean, Boolean, Boolean, Boolean, Boolean) (at C:\Sirenix\Sirenix Solution\Sirenix.OdinValidator.Editor\Config\AutomationConfig.cs:305)
Sirenix.OdinValidator.Editor.AutomationConfig:ActuallyInitHooks() (at C:\Sirenix\Sirenix Solution\Sirenix.OdinValidator.Editor\Config\AutomationConfig.cs:186)
Sirenix.OdinValidator.Editor.AutomationConfig:InitHooks() (at C:\Sirenix\Sirenix Solution\Sirenix.OdinValidator.Editor\Config\AutomationConfig.cs:170)
System.Reflection.RuntimeMethodInfo:InternalInvoke(RuntimeMethodInfo, Object, Object[], Exception&)
System.Reflection.RuntimeMethodInfo:Invoke(Object, BindingFlags, Binder, Object[], CultureInfo)
System.Reflection.MethodBase:Invoke(Object, Object[])
UnityEditor.EditorAssemblies:ProcessInitializeOnLoadMethodAttributes()

(Filename: C:/Sirenix/Sirenix Solution/Sirenix.OdinInspector.Editor/Validation/Validators/SceneReference.cs Line: 119)

InvalidOperationException: Calling OpenScene Raisefrom assembly reloading callbacks are not supported.
  at (wrapper managed-to-native) UnityEditor.SceneManagement.EditorSceneManager.OpenScene_Injected(string,UnityEditor.SceneManagement.OpenSceneMode,UnityEngine.SceneManagement.Scene&)
  at UnityEditor.SceneManagement.EditorSceneManager.OpenScene (System.String scenePath, UnityEditor.SceneManagement.OpenSceneMode mode) [0x00000] in <63965ae56af7489797f355b7c1211ab2>:0 
  at Sirenix.OdinInspector.Editor.Validation.SceneReference.TryOpenScene (UnityEditor.SceneManagement.OpenSceneMode mode, UnityEngine.SceneManagement.Scene& scene) [0x00017] in C:\Sirenix\Sirenix Solution\Sirenix.OdinInspector.Editor\Validation\Validators\SceneReference.cs:114 
UnityEngine.DebugLogHandler:Internal_LogException(Exception, Object)
UnityEngine.DebugLogHandler:LogException(Exception, Object)
UnityEngine.Logger:LogException(Exception, Object)
UnityEngine.Debug:LogException(Exception)
Sirenix.OdinInspector.Editor.Validation.SceneReference:TryOpenScene(OpenSceneMode, Scene&) (at C:\Sirenix\Sirenix Solution\Sirenix.OdinInspector.Editor\Validation\Validators\SceneReference.cs:119)
Sirenix.OdinValidator.Editor.<ValidateCurrentWorkQueueEnumerator>d__59:MoveNext() (at C:\Sirenix\Sirenix Solution\Sirenix.OdinValidator.Editor\Core\ValidationSession.cs:557)
Sirenix.OdinValidator.Editor.<ValidateEverythingEnumeratorBatched>d__54:MoveNext() (at C:\Sirenix\Sirenix Solution\Sirenix.OdinValidator.Editor\Core\ValidationSession.cs:376)
Sirenix.OdinValidator.Editor.AutomationConfig:RunValidationScan(String, ValidationSetup, Boolean, Action, Boolean, Boolean, Boolean, Boolean, Boolean, Boolean, Boolean, Boolean) (at C:\Sirenix\Sirenix Solution\Sirenix.OdinValidator.Editor\Config\AutomationConfig.cs:305)
Sirenix.OdinValidator.Editor.AutomationConfig:ActuallyInitHooks() (at C:\Sirenix\Sirenix Solution\Sirenix.OdinValidator.Editor\Config\AutomationConfig.cs:186)
Sirenix.OdinValidator.Editor.AutomationConfig:InitHooks() (at C:\Sirenix\Sirenix Solution\Sirenix.OdinValidator.Editor\Config\AutomationConfig.cs:170)
System.Reflection.RuntimeMethodInfo:InternalInvoke(RuntimeMethodInfo, Object, Object[], Exception&)
System.Reflection.RuntimeMethodInfo:Invoke(Object, BindingFlags, Binder, Object[], CultureInfo)
System.Reflection.MethodBase:Invoke(Object, Object[])
UnityEditor.EditorAssemblies:ProcessInitializeOnLoadMethodAttributes()

(Filename: C:/Sirenix/Sirenix Solution/Sirenix.OdinInspector.Editor/Validation/Validators/SceneReference.cs Line: 119)

InvalidOperationException: Calling OpenScene Raisefrom assembly reloading callbacks are not supported.
  at (wrapper managed-to-native) UnityEditor.SceneManagement.EditorSceneManager.OpenScene_Injected(string,UnityEditor.SceneManagement.OpenSceneMode,UnityEngine.SceneManagement.Scene&)
  at UnityEditor.SceneManagement.EditorSceneManager.OpenScene (System.String scenePath, UnityEditor.SceneManagement.OpenSceneMode mode) [0x00000] in <63965ae56af7489797f355b7c1211ab2>:0 
  at Sirenix.OdinInspector.Editor.Validation.SceneReference.TryOpenScene (UnityEditor.SceneManagement.OpenSceneMode mode, UnityEngine.SceneManagement.Scene& scene) [0x00017] in C:\Sirenix\Sirenix Solution\Sirenix.OdinInspector.Editor\Validation\Validators\SceneReference.cs:114 
UnityEngine.DebugLogHandler:Internal_LogException(Exception, Object)
UnityEngine.DebugLogHandler:LogException(Exception, Object)
UnityEngine.Logger:LogException(Exception, Object)
UnityEngine.Debug:LogException(Exception)
Sirenix.OdinInspector.Editor.Validation.SceneReference:TryOpenScene(OpenSceneMode, Scene&) (at C:\Sirenix\Sirenix Solution\Sirenix.OdinInspector.Editor\Validation\Validators\SceneReference.cs:119)
Sirenix.OdinValidator.Editor.<ValidateCurrentWorkQueueEnumerator>d__59:MoveNext() (at C:\Sirenix\Sirenix Solution\Sirenix.OdinValidator.Editor\Core\ValidationSession.cs:557)
Sirenix.OdinValidator.Editor.<ValidateEverythingEnumeratorBatched>d__54:MoveNext() (at C:\Sirenix\Sirenix Solution\Sirenix.OdinValidator.Editor\Core\ValidationSession.cs:376)
Sirenix.OdinValidator.Editor.AutomationConfig:RunValidationScan(String, ValidationSetup, Boolean, Action, Boolean, Boolean, Boolean, Boolean, Boolean, Boolean, Boolean, Boolean) (at C:\Sirenix\Sirenix Solution\Sirenix.OdinValidator.Editor\Config\AutomationConfig.cs:305)
Sirenix.OdinValidator.Editor.AutomationConfig:ActuallyInitHooks() (at C:\Sirenix\Sirenix Solution\Sirenix.OdinValidator.Editor\Config\AutomationConfig.cs:186)
Sirenix.OdinValidator.Editor.AutomationConfig:InitHooks() (at C:\Sirenix\Sirenix Solution\Sirenix.OdinValidator.Editor\Config\AutomationConfig.cs:170)
System.Reflection.RuntimeMethodInfo:InternalInvoke(RuntimeMethodInfo, Object, Object[], Exception&)
System.Reflection.RuntimeMethodInfo:Invoke(Object, BindingFlags, Binder, Object[], CultureInfo)
System.Reflection.MethodBase:Invoke(Object, Object[])
UnityEditor.EditorAssemblies:ProcessInitializeOnLoadMethodAttributes()

(Filename: C:/Sirenix/Sirenix Solution/Sirenix.OdinInspector.Editor/Validation/Validators/SceneReference.cs Line: 119)

InvalidOperationException: Calling OpenScene Raisefrom assembly reloading callbacks are not supported.
  at (wrapper managed-to-native) UnityEditor.SceneManagement.EditorSceneManager.OpenScene_Injected(string,UnityEditor.SceneManagement.OpenSceneMode,UnityEngine.SceneManagement.Scene&)
  at UnityEditor.SceneManagement.EditorSceneManager.OpenScene (System.String scenePath, UnityEditor.SceneManagement.OpenSceneMode mode) [0x00000] in <63965ae56af7489797f355b7c1211ab2>:0 
  at Sirenix.OdinInspector.Editor.Validation.SceneReference.TryOpenScene (UnityEditor.SceneManagement.OpenSceneMode mode, UnityEngine.SceneManagement.Scene& scene) [0x00017] in C:\Sirenix\Sirenix Solution\Sirenix.OdinInspector.Editor\Validation\Validators\SceneReference.cs:114 
UnityEngine.DebugLogHandler:Internal_LogException(Exception, Object)
UnityEngine.DebugLogHandler:LogException(Exception, Object)
UnityEngine.Logger:LogException(Exception, Object)
UnityEngine.Debug:LogException(Exception)
Sirenix.OdinInspector.Editor.Validation.SceneReference:TryOpenScene(OpenSceneMode, Scene&) (at C:\Sirenix\Sirenix Solution\Sirenix.OdinInspector.Editor\Validation\Validators\SceneReference.cs:119)
Sirenix.OdinValidator.Editor.<ValidateCurrentWorkQueueEnumerator>d__59:MoveNext() (at C:\Sirenix\Sirenix Solution\Sirenix.OdinValidator.Editor\Core\ValidationSession.cs:557)
Sirenix.OdinValidator.Editor.<ValidateEverythingEnumeratorBatched>d__54:MoveNext() (at C:\Sirenix\Sirenix Solution\Sirenix.OdinValidator.Editor\Core\ValidationSession.cs:376)
Sirenix.OdinValidator.Editor.AutomationConfig:RunValidationScan(String, ValidationSetup, Boolean, Action, Boolean, Boolean, Boolean, Boolean, Boolean, Boolean, Boolean, Boolean) (at C:\Sirenix\Sirenix Solution\Sirenix.OdinValidator.Editor\Config\AutomationConfig.cs:305)
Sirenix.OdinValidator.Editor.AutomationConfig:ActuallyInitHooks() (at C:\Sirenix\Sirenix Solution\Sirenix.OdinValidator.Editor\Config\AutomationConfig.cs:186)
Sirenix.OdinValidator.Editor.AutomationConfig:InitHooks() (at C:\Sirenix\Sirenix Solution\Sirenix.OdinValidator.Editor\Config\AutomationConfig.cs:170)
System.Reflection.RuntimeMethodInfo:InternalInvoke(RuntimeMethodInfo, Object, Object[], Exception&)
System.Reflection.RuntimeMethodInfo:Invoke(Object, BindingFlags, Binder, Object[], CultureInfo)
System.Reflection.MethodBase:Invoke(Object, Object[])
UnityEditor.EditorAssemblies:ProcessInitializeOnLoadMethodAttributes()

(Filename: C:/Sirenix/Sirenix Solution/Sirenix.OdinInspector.Editor/Validation/Validators/SceneReference.cs Line: 119)

InvalidOperationException: Calling OpenScene Raisefrom assembly reloading callbacks are not supported.
  at (wrapper managed-to-native) UnityEditor.SceneManagement.EditorSceneManager.OpenScene_Injected(string,UnityEditor.SceneManagement.OpenSceneMode,UnityEngine.SceneManagement.Scene&)
  at UnityEditor.SceneManagement.EditorSceneManager.OpenScene (System.String scenePath, UnityEditor.SceneManagement.OpenSceneMode mode) [0x00000] in <63965ae56af7489797f355b7c1211ab2>:0 
  at Sirenix.OdinInspector.Editor.Validation.SceneReference.TryOpenScene (UnityEditor.SceneManagement.OpenSceneMode mode, UnityEngine.SceneManagement.Scene& scene) [0x00017] in C:\Sirenix\Sirenix Solution\Sirenix.OdinInspector.Editor\Validation\Validators\SceneReference.cs:114 
UnityEngine.DebugLogHandler:Internal_LogException(Exception, Object)
UnityEngine.DebugLogHandler:LogException(Exception, Object)
UnityEngine.Logger:LogException(Exception, Object)
UnityEngine.Debug:LogException(Exception)
Sirenix.OdinInspector.Editor.Validation.SceneReference:TryOpenScene(OpenSceneMode, Scene&) (at C:\Sirenix\Sirenix Solution\Sirenix.OdinInspector.Editor\Validation\Validators\SceneReference.cs:119)
Sirenix.OdinValidator.Editor.<ValidateCurrentWorkQueueEnumerator>d__59:MoveNext() (at C:\Sirenix\Sirenix Solution\Sirenix.OdinValidator.Editor\Core\ValidationSession.cs:557)
Sirenix.OdinValidator.Editor.<ValidateEverythingEnumeratorBatched>d__54:MoveNext() (at C:\Sirenix\Sirenix Solution\Sirenix.OdinValidator.Editor\Core\ValidationSession.cs:376)
Sirenix.OdinValidator.Editor.AutomationConfig:RunValidationScan(String, ValidationSetup, Boolean, Action, Boolean, Boolean, Boolean, Boolean, Boolean, Boolean, Boolean, Boolean) (at C:\Sirenix\Sirenix Solution\Sirenix.OdinValidator.Editor\Config\AutomationConfig.cs:305)
Sirenix.OdinValidator.Editor.AutomationConfig:ActuallyInitHooks() (at C:\Sirenix\Sirenix Solution\Sirenix.OdinValidator.Editor\Config\AutomationConfig.cs:186)
Sirenix.OdinValidator.Editor.AutomationConfig:InitHooks() (at C:\Sirenix\Sirenix Solution\Sirenix.OdinValidator.Editor\Config\AutomationConfig.cs:170)
System.Reflection.RuntimeMethodInfo:InternalInvoke(RuntimeMethodInfo, Object, Object[], Exception&)
System.Reflection.RuntimeMethodInfo:Invoke(Object, BindingFlags, Binder, Object[], CultureInfo)
System.Reflection.MethodBase:Invoke(Object, Object[])
UnityEditor.EditorAssemblies:ProcessInitializeOnLoadMethodAttributes()

(Filename: C:/Sirenix/Sirenix Solution/Sirenix.OdinInspector.Editor/Validation/Validators/SceneReference.cs Line: 119)

InvalidOperationException: Calling OpenScene Raisefrom assembly reloading callbacks are not supported.
  at (wrapper managed-to-native) UnityEditor.SceneManagement.EditorSceneManager.OpenScene_Injected(string,UnityEditor.SceneManagement.OpenSceneMode,UnityEngine.SceneManagement.Scene&)
  at UnityEditor.SceneManagement.EditorSceneManager.OpenScene (System.String scenePath, UnityEditor.SceneManagement.OpenSceneMode mode) [0x00000] in <63965ae56af7489797f355b7c1211ab2>:0 
  at Sirenix.OdinInspector.Editor.Validation.SceneReference.TryOpenScene (UnityEditor.SceneManagement.OpenSceneMode mode, UnityEngine.SceneManagement.Scene& scene) [0x00017] in C:\Sirenix\Sirenix Solution\Sirenix.OdinInspector.Editor\Validation\Validators\SceneReference.cs:114 
UnityEngine.DebugLogHandler:Internal_LogException(Exception, Object)
UnityEngine.DebugLogHandler:LogException(Exception, Object)
UnityEngine.Logger:LogException(Exception, Object)
UnityEngine.Debug:LogException(Exception)
Sirenix.OdinInspector.Editor.Validation.SceneReference:TryOpenScene(OpenSceneMode, Scene&) (at C:\Sirenix\Sirenix Solution\Sirenix.OdinInspector.Editor\Validation\Validators\SceneReference.cs:119)
Sirenix.OdinValidator.Editor.<ValidateCurrentWorkQueueEnumerator>d__59:MoveNext() (at C:\Sirenix\Sirenix Solution\Sirenix.OdinValidator.Editor\Core\ValidationSession.cs:557)
Sirenix.OdinValidator.Editor.<ValidateEverythingEnumeratorBatched>d__54:MoveNext() (at C:\Sirenix\Sirenix Solution\Sirenix.OdinValidator.Editor\Core\ValidationSession.cs:376)
Sirenix.OdinValidator.Editor.AutomationConfig:RunValidationScan(String, ValidationSetup, Boolean, Action, Boolean, Boolean, Boolean, Boolean, Boolean, Boolean, Boolean, Boolean) (at C:\Sirenix\Sirenix Solution\Sirenix.OdinValidator.Editor\Config\AutomationConfig.cs:305)
Sirenix.OdinValidator.Editor.AutomationConfig:ActuallyInitHooks() (at C:\Sirenix\Sirenix Solution\Sirenix.OdinValidator.Editor\Config\AutomationConfig.cs:186)
Sirenix.OdinValidator.Editor.AutomationConfig:InitHooks() (at C:\Sirenix\Sirenix Solution\Sirenix.OdinValidator.Editor\Config\AutomationConfig.cs:170)
System.Reflection.RuntimeMethodInfo:InternalInvoke(RuntimeMethodInfo, Object, Object[], Exception&)
System.Reflection.RuntimeMethodInfo:Invoke(Object, BindingFlags, Binder, Object[], CultureInfo)
System.Reflection.MethodBase:Invoke(Object, Object[])
UnityEditor.EditorAssemblies:ProcessInitializeOnLoadMethodAttributes()

(Filename: C:/Sirenix/Sirenix Solution/Sirenix.OdinInspector.Editor/Validation/Validators/SceneReference.cs Line: 119)

InvalidOperationException: Calling OpenScene Raisefrom assembly reloading callbacks are not supported.
  at (wrapper managed-to-native) UnityEditor.SceneManagement.EditorSceneManager.OpenScene_Injected(string,UnityEditor.SceneManagement.OpenSceneMode,UnityEngine.SceneManagement.Scene&)
  at UnityEditor.SceneManagement.EditorSceneManager.OpenScene (System.String scenePath, UnityEditor.SceneManagement.OpenSceneMode mode) [0x00000] in <63965ae56af7489797f355b7c1211ab2>:0 
  at Sirenix.OdinInspector.Editor.Validation.SceneReference.TryOpenScene (UnityEditor.SceneManagement.OpenSceneMode mode, UnityEngine.SceneManagement.Scene& scene) [0x00017] in C:\Sirenix\Sirenix Solution\Sirenix.OdinInspector.Editor\Validation\Validators\SceneReference.cs:114 
UnityEngine.DebugLogHandler:Internal_LogException(Exception, Object)
UnityEngine.DebugLogHandler:LogException(Exception, Object)
UnityEngine.Logger:LogException(Exception, Object)
UnityEngine.Debug:LogException(Exception)
Sirenix.OdinInspector.Editor.Validation.SceneReference:TryOpenScene(OpenSceneMode, Scene&) (at C:\Sirenix\Sirenix Solution\Sirenix.OdinInspector.Editor\Validation\Validators\SceneReference.cs:119)
Sirenix.OdinValidator.Editor.<ValidateCurrentWorkQueueEnumerator>d__59:MoveNext() (at C:\Sirenix\Sirenix Solution\Sirenix.OdinValidator.Editor\Core\ValidationSession.cs:557)
Sirenix.OdinValidator.Editor.<ValidateEverythingEnumeratorBatched>d__54:MoveNext() (at C:\Sirenix\Sirenix Solution\Sirenix.OdinValidator.Editor\Core\ValidationSession.cs:376)
Sirenix.OdinValidator.Editor.AutomationConfig:RunValidationScan(String, ValidationSetup, Boolean, Action, Boolean, Boolean, Boolean, Boolean, Boolean, Boolean, Boolean, Boolean) (at C:\Sirenix\Sirenix Solution\Sirenix.OdinValidator.Editor\Config\AutomationConfig.cs:305)
Sirenix.OdinValidator.Editor.AutomationConfig:ActuallyInitHooks() (at C:\Sirenix\Sirenix Solution\Sirenix.OdinValidator.Editor\Config\AutomationConfig.cs:186)
Sirenix.OdinValidator.Editor.AutomationConfig:InitHooks() (at C:\Sirenix\Sirenix Solution\Sirenix.OdinValidator.Editor\Config\AutomationConfig.cs:170)
System.Reflection.RuntimeMethodInfo:InternalInvoke(RuntimeMethodInfo, Object, Object[], Exception&)
System.Reflection.RuntimeMethodInfo:Invoke(Object, BindingFlags, Binder, Object[], CultureInfo)
System.Reflection.MethodBase:Invoke(Object, Object[])
UnityEditor.EditorAssemblies:ProcessInitializeOnLoadMethodAttributes()

(Filename: C:/Sirenix/Sirenix Solution/Sirenix.OdinInspector.Editor/Validation/Validators/SceneReference.cs Line: 119)

InvalidOperationException: Calling OpenScene Raisefrom assembly reloading callbacks are not supported.
  at (wrapper managed-to-native) UnityEditor.SceneManagement.EditorSceneManager.OpenScene_Injected(string,UnityEditor.SceneManagement.OpenSceneMode,UnityEngine.SceneManagement.Scene&)
  at UnityEditor.SceneManagement.EditorSceneManager.OpenScene (System.String scenePath, UnityEditor.SceneManagement.OpenSceneMode mode) [0x00000] in <63965ae56af7489797f355b7c1211ab2>:0 
  at Sirenix.OdinInspector.Editor.Validation.SceneReference.TryOpenScene (UnityEditor.SceneManagement.OpenSceneMode mode, UnityEngine.SceneManagement.Scene& scene) [0x00017] in C:\Sirenix\Sirenix Solution\Sirenix.OdinInspector.Editor\Validation\Validators\SceneReference.cs:114 
UnityEngine.DebugLogHandler:Internal_LogException(Exception, Object)
UnityEngine.DebugLogHandler:LogException(Exception, Object)
UnityEngine.Logger:LogException(Exception, Object)
UnityEngine.Debug:LogException(Exception)
Sirenix.OdinInspector.Editor.Validation.SceneReference:TryOpenScene(OpenSceneMode, Scene&) (at C:\Sirenix\Sirenix Solution\Sirenix.OdinInspector.Editor\Validation\Validators\SceneReference.cs:119)
Sirenix.OdinValidator.Editor.<ValidateCurrentWorkQueueEnumerator>d__59:MoveNext() (at C:\Sirenix\Sirenix Solution\Sirenix.OdinValidator.Editor\Core\ValidationSession.cs:557)
Sirenix.OdinValidator.Editor.<ValidateEverythingEnumeratorBatched>d__54:MoveNext() (at C:\Sirenix\Sirenix Solution\Sirenix.OdinValidator.Editor\Core\ValidationSession.cs:376)
Sirenix.OdinValidator.Editor.AutomationConfig:RunValidationScan(String, ValidationSetup, Boolean, Action, Boolean, Boolean, Boolean, Boolean, Boolean, Boolean, Boolean, Boolean) (at C:\Sirenix\Sirenix Solution\Sirenix.OdinValidator.Editor\Config\AutomationConfig.cs:305)
Sirenix.OdinValidator.Editor.AutomationConfig:ActuallyInitHooks() (at C:\Sirenix\Sirenix Solution\Sirenix.OdinValidator.Editor\Config\AutomationConfig.cs:186)
Sirenix.OdinValidator.Editor.AutomationConfig:InitHooks() (at C:\Sirenix\Sirenix Solution\Sirenix.OdinValidator.Editor\Config\AutomationConfig.cs:170)
System.Reflection.RuntimeMethodInfo:InternalInvoke(RuntimeMethodInfo, Object, Object[], Exception&)
System.Reflection.RuntimeMethodInfo:Invoke(Object, BindingFlags, Binder, Object[], CultureInfo)
System.Reflection.MethodBase:Invoke(Object, Object[])
UnityEditor.EditorAssemblies:ProcessInitializeOnLoadMethodAttributes()

(Filename: C:/Sirenix/Sirenix Solution/Sirenix.OdinInspector.Editor/Validation/Validators/SceneReference.cs Line: 119)

InvalidOperationException: Calling OpenScene Raisefrom assembly reloading callbacks are not supported.
  at (wrapper managed-to-native) UnityEditor.SceneManagement.EditorSceneManager.OpenScene_Injected(string,UnityEditor.SceneManagement.OpenSceneMode,UnityEngine.SceneManagement.Scene&)
  at UnityEditor.SceneManagement.EditorSceneManager.OpenScene (System.String scenePath, UnityEditor.SceneManagement.OpenSceneMode mode) [0x00000] in <63965ae56af7489797f355b7c1211ab2>:0 
  at Sirenix.OdinInspector.Editor.Validation.SceneReference.TryOpenScene (UnityEditor.SceneManagement.OpenSceneMode mode, UnityEngine.SceneManagement.Scene& scene) [0x00017] in C:\Sirenix\Sirenix Solution\Sirenix.OdinInspector.Editor\Validation\Validators\SceneReference.cs:114 
UnityEngine.DebugLogHandler:Internal_LogException(Exception, Object)
UnityEngine.DebugLogHandler:LogException(Exception, Object)
UnityEngine.Logger:LogException(Exception, Object)
UnityEngine.Debug:LogException(Exception)
Sirenix.OdinInspector.Editor.Validation.SceneReference:TryOpenScene(OpenSceneMode, Scene&) (at C:\Sirenix\Sirenix Solution\Sirenix.OdinInspector.Editor\Validation\Validators\SceneReference.cs:119)
Sirenix.OdinValidator.Editor.<ValidateCurrentWorkQueueEnumerator>d__59:MoveNext() (at C:\Sirenix\Sirenix Solution\Sirenix.OdinValidator.Editor\Core\ValidationSession.cs:557)
Sirenix.OdinValidator.Editor.<ValidateEverythingEnumeratorBatched>d__54:MoveNext() (at C:\Sirenix\Sirenix Solution\Sirenix.OdinValidator.Editor\Core\ValidationSession.cs:376)
Sirenix.OdinValidator.Editor.AutomationConfig:RunValidationScan(String, ValidationSetup, Boolean, Action, Boolean, Boolean, Boolean, Boolean, Boolean, Boolean, Boolean, Boolean) (at C:\Sirenix\Sirenix Solution\Sirenix.OdinValidator.Editor\Config\AutomationConfig.cs:305)
Sirenix.OdinValidator.Editor.AutomationConfig:ActuallyInitHooks() (at C:\Sirenix\Sirenix Solution\Sirenix.OdinValidator.Editor\Config\AutomationConfig.cs:186)
Sirenix.OdinValidator.Editor.AutomationConfig:InitHooks() (at C:\Sirenix\Sirenix Solution\Sirenix.OdinValidator.Editor\Config\AutomationConfig.cs:170)
System.Reflection.RuntimeMethodInfo:InternalInvoke(RuntimeMethodInfo, Object, Object[], Exception&)
System.Reflection.RuntimeMethodInfo:Invoke(Object, BindingFlags, Binder, Object[], CultureInfo)
System.Reflection.MethodBase:Invoke(Object, Object[])
UnityEditor.EditorAssemblies:ProcessInitializeOnLoadMethodAttributes()

(Filename: C:/Sirenix/Sirenix Solution/Sirenix.OdinInspector.Editor/Validation/Validators/SceneReference.cs Line: 119)

InvalidOperationException: Calling OpenScene Raisefrom assembly reloading callbacks are not supported.
  at (wrapper managed-to-native) UnityEditor.SceneManagement.EditorSceneManager.OpenScene_Injected(string,UnityEditor.SceneManagement.OpenSceneMode,UnityEngine.SceneManagement.Scene&)
  at UnityEditor.SceneManagement.EditorSceneManager.OpenScene (System.String scenePath, UnityEditor.SceneManagement.OpenSceneMode mode) [0x00000] in <63965ae56af7489797f355b7c1211ab2>:0 
  at Sirenix.OdinInspector.Editor.Validation.SceneReference.TryOpenScene (UnityEditor.SceneManagement.OpenSceneMode mode, UnityEngine.SceneManagement.Scene& scene) [0x00017] in C:\Sirenix\Sirenix Solution\Sirenix.OdinInspector.Editor\Validation\Validators\SceneReference.cs:114 
UnityEngine.DebugLogHandler:Internal_LogException(Exception, Object)
UnityEngine.DebugLogHandler:LogException(Exception, Object)
UnityEngine.Logger:LogException(Exception, Object)
UnityEngine.Debug:LogException(Exception)
Sirenix.OdinInspector.Editor.Validation.SceneReference:TryOpenScene(OpenSceneMode, Scene&) (at C:\Sirenix\Sirenix Solution\Sirenix.OdinInspector.Editor\Validation\Validators\SceneReference.cs:119)
Sirenix.OdinValidator.Editor.<ValidateCurrentWorkQueueEnumerator>d__59:MoveNext() (at C:\Sirenix\Sirenix Solution\Sirenix.OdinValidator.Editor\Core\ValidationSession.cs:557)
Sirenix.OdinValidator.Editor.<ValidateEverythingEnumeratorBatched>d__54:MoveNext() (at C:\Sirenix\Sirenix Solution\Sirenix.OdinValidator.Editor\Core\ValidationSession.cs:376)
Sirenix.OdinValidator.Editor.AutomationConfig:RunValidationScan(String, ValidationSetup, Boolean, Action, Boolean, Boolean, Boolean, Boolean, Boolean, Boolean, Boolean, Boolean) (at C:\Sirenix\Sirenix Solution\Sirenix.OdinValidator.Editor\Config\AutomationConfig.cs:305)
Sirenix.OdinValidator.Editor.AutomationConfig:ActuallyInitHooks() (at C:\Sirenix\Sirenix Solution\Sirenix.OdinValidator.Editor\Config\AutomationConfig.cs:186)
Sirenix.OdinValidator.Editor.AutomationConfig:InitHooks() (at C:\Sirenix\Sirenix Solution\Sirenix.OdinValidator.Editor\Config\AutomationConfig.cs:170)
System.Reflection.RuntimeMethodInfo:InternalInvoke(RuntimeMethodInfo, Object, Object[], Exception&)
System.Reflection.RuntimeMethodInfo:Invoke(Object, BindingFlags, Binder, Object[], CultureInfo)
System.Reflection.MethodBase:Invoke(Object, Object[])
UnityEditor.EditorAssemblies:ProcessInitializeOnLoadMethodAttributes()

(Filename: C:/Sirenix/Sirenix Solution/Sirenix.OdinInspector.Editor/Validation/Validators/SceneReference.cs Line: 119)

InvalidOperationException: Calling OpenScene Raisefrom assembly reloading callbacks are not supported.
  at (wrapper managed-to-native) UnityEditor.SceneManagement.EditorSceneManager.OpenScene_Injected(string,UnityEditor.SceneManagement.OpenSceneMode,UnityEngine.SceneManagement.Scene&)
  at UnityEditor.SceneManagement.EditorSceneManager.OpenScene (System.String scenePath, UnityEditor.SceneManagement.OpenSceneMode mode) [0x00000] in <63965ae56af7489797f355b7c1211ab2>:0 
  at Sirenix.OdinInspector.Editor.Validation.SceneReference.TryOpenScene (UnityEditor.SceneManagement.OpenSceneMode mode, UnityEngine.SceneManagement.Scene& scene) [0x00017] in C:\Sirenix\Sirenix Solution\Sirenix.OdinInspector.Editor\Validation\Validators\SceneReference.cs:114 
UnityEngine.DebugLogHandler:Internal_LogException(Exception, Object)
UnityEngine.DebugLogHandler:LogException(Exception, Object)
UnityEngine.Logger:LogException(Exception, Object)
UnityEngine.Debug:LogException(Exception)
Sirenix.OdinInspector.Editor.Validation.SceneReference:TryOpenScene(OpenSceneMode, Scene&) (at C:\Sirenix\Sirenix Solution\Sirenix.OdinInspector.Editor\Validation\Validators\SceneReference.cs:119)
Sirenix.OdinValidator.Editor.<ValidateCurrentWorkQueueEnumerator>d__59:MoveNext() (at C:\Sirenix\Sirenix Solution\Sirenix.OdinValidator.Editor\Core\ValidationSession.cs:557)
Sirenix.OdinValidator.Editor.<ValidateEverythingEnumeratorBatched>d__54:MoveNext() (at C:\Sirenix\Sirenix Solution\Sirenix.OdinValidator.Editor\Core\ValidationSession.cs:376)
Sirenix.OdinValidator.Editor.AutomationConfig:RunValidationScan(String, ValidationSetup, Boolean, Action, Boolean, Boolean, Boolean, Boolean, Boolean, Boolean, Boolean, Boolean) (at C:\Sirenix\Sirenix Solution\Sirenix.OdinValidator.Editor\Config\AutomationConfig.cs:305)
Sirenix.OdinValidator.Editor.AutomationConfig:ActuallyInitHooks() (at C:\Sirenix\Sirenix Solution\Sirenix.OdinValidator.Editor\Config\AutomationConfig.cs:186)
Sirenix.OdinValidator.Editor.AutomationConfig:InitHooks() (at C:\Sirenix\Sirenix Solution\Sirenix.OdinValidator.Editor\Config\AutomationConfig.cs:170)
System.Reflection.RuntimeMethodInfo:InternalInvoke(RuntimeMethodInfo, Object, Object[], Exception&)
System.Reflection.RuntimeMethodInfo:Invoke(Object, BindingFlags, Binder, Object[], CultureInfo)
System.Reflection.MethodBase:Invoke(Object, Object[])
UnityEditor.EditorAssemblies:ProcessInitializeOnLoadMethodAttributes()

(Filename: C:/Sirenix/Sirenix Solution/Sirenix.OdinInspector.Editor/Validation/Validators/SceneReference.cs Line: 119)

InvalidOperationException: Calling OpenScene Raisefrom assembly reloading callbacks are not supported.
  at (wrapper managed-to-native) UnityEditor.SceneManagement.EditorSceneManager.OpenScene_Injected(string,UnityEditor.SceneManagement.OpenSceneMode,UnityEngine.SceneManagement.Scene&)
  at UnityEditor.SceneManagement.EditorSceneManager.OpenScene (System.String scenePath, UnityEditor.SceneManagement.OpenSceneMode mode) [0x00000] in <63965ae56af7489797f355b7c1211ab2>:0 
  at Sirenix.OdinInspector.Editor.Validation.SceneReference.TryOpenScene (UnityEditor.SceneManagement.OpenSceneMode mode, UnityEngine.SceneManagement.Scene& scene) [0x00017] in C:\Sirenix\Sirenix Solution\Sirenix.OdinInspector.Editor\Validation\Validators\SceneReference.cs:114 
UnityEngine.DebugLogHandler:Internal_LogException(Exception, Object)
UnityEngine.DebugLogHandler:LogException(Exception, Object)
UnityEngine.Logger:LogException(Exception, Object)
UnityEngine.Debug:LogException(Exception)
Sirenix.OdinInspector.Editor.Validation.SceneReference:TryOpenScene(OpenSceneMode, Scene&) (at C:\Sirenix\Sirenix Solution\Sirenix.OdinInspector.Editor\Validation\Validators\SceneReference.cs:119)
Sirenix.OdinValidator.Editor.<ValidateCurrentWorkQueueEnumerator>d__59:MoveNext() (at C:\Sirenix\Sirenix Solution\Sirenix.OdinValidator.Editor\Core\ValidationSession.cs:557)
Sirenix.OdinValidator.Editor.<ValidateEverythingEnumeratorBatched>d__54:MoveNext() (at C:\Sirenix\Sirenix Solution\Sirenix.OdinValidator.Editor\Core\ValidationSession.cs:376)
Sirenix.OdinValidator.Editor.AutomationConfig:RunValidationScan(String, ValidationSetup, Boolean, Action, Boolean, Boolean, Boolean, Boolean, Boolean, Boolean, Boolean, Boolean) (at C:\Sirenix\Sirenix Solution\Sirenix.OdinValidator.Editor\Config\AutomationConfig.cs:305)
Sirenix.OdinValidator.Editor.AutomationConfig:ActuallyInitHooks() (at C:\Sirenix\Sirenix Solution\Sirenix.OdinValidator.Editor\Config\AutomationConfig.cs:186)
Sirenix.OdinValidator.Editor.AutomationConfig:InitHooks() (at C:\Sirenix\Sirenix Solution\Sirenix.OdinValidator.Editor\Config\AutomationConfig.cs:170)
System.Reflection.RuntimeMethodInfo:InternalInvoke(RuntimeMethodInfo, Object, Object[], Exception&)
System.Reflection.RuntimeMethodInfo:Invoke(Object, BindingFlags, Binder, Object[], CultureInfo)
System.Reflection.MethodBase:Invoke(Object, Object[])
UnityEditor.EditorAssemblies:ProcessInitializeOnLoadMethodAttributes()

(Filename: C:/Sirenix/Sirenix Solution/Sirenix.OdinInspector.Editor/Validation/Validators/SceneReference.cs Line: 119)

InvalidOperationException: Calling OpenScene Raisefrom assembly reloading callbacks are not supported.
  at (wrapper managed-to-native) UnityEditor.SceneManagement.EditorSceneManager.OpenScene_Injected(string,UnityEditor.SceneManagement.OpenSceneMode,UnityEngine.SceneManagement.Scene&)
  at UnityEditor.SceneManagement.EditorSceneManager.OpenScene (System.String scenePath, UnityEditor.SceneManagement.OpenSceneMode mode) [0x00000] in <63965ae56af7489797f355b7c1211ab2>:0 
  at Sirenix.OdinInspector.Editor.Validation.SceneReference.TryOpenScene (UnityEditor.SceneManagement.OpenSceneMode mode, UnityEngine.SceneManagement.Scene& scene) [0x00017] in C:\Sirenix\Sirenix Solution\Sirenix.OdinInspector.Editor\Validation\Validators\SceneReference.cs:114 
UnityEngine.DebugLogHandler:Internal_LogException(Exception, Object)
UnityEngine.DebugLogHandler:LogException(Exception, Object)
UnityEngine.Logger:LogException(Exception, Object)
UnityEngine.Debug:LogException(Exception)
Sirenix.OdinInspector.Editor.Validation.SceneReference:TryOpenScene(OpenSceneMode, Scene&) (at C:\Sirenix\Sirenix Solution\Sirenix.OdinInspector.Editor\Validation\Validators\SceneReference.cs:119)
Sirenix.OdinValidator.Editor.<ValidateCurrentWorkQueueEnumerator>d__59:MoveNext() (at C:\Sirenix\Sirenix Solution\Sirenix.OdinValidator.Editor\Core\ValidationSession.cs:557)
Sirenix.OdinValidator.Editor.<ValidateEverythingEnumeratorBatched>d__54:MoveNext() (at C:\Sirenix\Sirenix Solution\Sirenix.OdinValidator.Editor\Core\ValidationSession.cs:376)
Sirenix.OdinValidator.Editor.AutomationConfig:RunValidationScan(String, ValidationSetup, Boolean, Action, Boolean, Boolean, Boolean, Boolean, Boolean, Boolean, Boolean, Boolean) (at C:\Sirenix\Sirenix Solution\Sirenix.OdinValidator.Editor\Config\AutomationConfig.cs:305)
Sirenix.OdinValidator.Editor.AutomationConfig:ActuallyInitHooks() (at C:\Sirenix\Sirenix Solution\Sirenix.OdinValidator.Editor\Config\AutomationConfig.cs:186)
Sirenix.OdinValidator.Editor.AutomationConfig:InitHooks() (at C:\Sirenix\Sirenix Solution\Sirenix.OdinValidator.Editor\Config\AutomationConfig.cs:170)
System.Reflection.RuntimeMethodInfo:InternalInvoke(RuntimeMethodInfo, Object, Object[], Exception&)
System.Reflection.RuntimeMethodInfo:Invoke(Object, BindingFlags, Binder, Object[], CultureInfo)
System.Reflection.MethodBase:Invoke(Object, Object[])
UnityEditor.EditorAssemblies:ProcessInitializeOnLoadMethodAttributes()

(Filename: C:/Sirenix/Sirenix Solution/Sirenix.OdinInspector.Editor/Validation/Validators/SceneReference.cs Line: 119)

InvalidOperationException: Calling OpenScene Raisefrom assembly reloading callbacks are not supported.
  at (wrapper managed-to-native) UnityEditor.SceneManagement.EditorSceneManager.OpenScene_Injected(string,UnityEditor.SceneManagement.OpenSceneMode,UnityEngine.SceneManagement.Scene&)
  at UnityEditor.SceneManagement.EditorSceneManager.OpenScene (System.String scenePath, UnityEditor.SceneManagement.OpenSceneMode mode) [0x00000] in <63965ae56af7489797f355b7c1211ab2>:0 
  at Sirenix.OdinInspector.Editor.Validation.SceneReference.TryOpenScene (UnityEditor.SceneManagement.OpenSceneMode mode, UnityEngine.SceneManagement.Scene& scene) [0x00017] in C:\Sirenix\Sirenix Solution\Sirenix.OdinInspector.Editor\Validation\Validators\SceneReference.cs:114 
UnityEngine.DebugLogHandler:Internal_LogException(Exception, Object)
UnityEngine.DebugLogHandler:LogException(Exception, Object)
UnityEngine.Logger:LogException(Exception, Object)
UnityEngine.Debug:LogException(Exception)
Sirenix.OdinInspector.Editor.Validation.SceneReference:TryOpenScene(OpenSceneMode, Scene&) (at C:\Sirenix\Sirenix Solution\Sirenix.OdinInspector.Editor\Validation\Validators\SceneReference.cs:119)
Sirenix.OdinValidator.Editor.<ValidateCurrentWorkQueueEnumerator>d__59:MoveNext() (at C:\Sirenix\Sirenix Solution\Sirenix.OdinValidator.Editor\Core\ValidationSession.cs:557)
Sirenix.OdinValidator.Editor.<ValidateEverythingEnumeratorBatched>d__54:MoveNext() (at C:\Sirenix\Sirenix Solution\Sirenix.OdinValidator.Editor\Core\ValidationSession.cs:376)
Sirenix.OdinValidator.Editor.AutomationConfig:RunValidationScan(String, ValidationSetup, Boolean, Action, Boolean, Boolean, Boolean, Boolean, Boolean, Boolean, Boolean, Boolean) (at C:\Sirenix\Sirenix Solution\Sirenix.OdinValidator.Editor\Config\AutomationConfig.cs:305)
Sirenix.OdinValidator.Editor.AutomationConfig:ActuallyInitHooks() (at C:\Sirenix\Sirenix Solution\Sirenix.OdinValidator.Editor\Config\AutomationConfig.cs:186)
Sirenix.OdinValidator.Editor.AutomationConfig:InitHooks() (at C:\Sirenix\Sirenix Solution\Sirenix.OdinValidator.Editor\Config\AutomationConfig.cs:170)
System.Reflection.RuntimeMethodInfo:InternalInvoke(RuntimeMethodInfo, Object, Object[], Exception&)
System.Reflection.RuntimeMethodInfo:Invoke(Object, BindingFlags, Binder, Object[], CultureInfo)
System.Reflection.MethodBase:Invoke(Object, Object[])
UnityEditor.EditorAssemblies:ProcessInitializeOnLoadMethodAttributes()

(Filename: C:/Sirenix/Sirenix Solution/Sirenix.OdinInspector.Editor/Validation/Validators/SceneReference.cs Line: 119)

InvalidOperationException: Calling OpenScene Raisefrom assembly reloading callbacks are not supported.
  at (wrapper managed-to-native) UnityEditor.SceneManagement.EditorSceneManager.OpenScene_Injected(string,UnityEditor.SceneManagement.OpenSceneMode,UnityEngine.SceneManagement.Scene&)
  at UnityEditor.SceneManagement.EditorSceneManager.OpenScene (System.String scenePath, UnityEditor.SceneManagement.OpenSceneMode mode) [0x00000] in <63965ae56af7489797f355b7c1211ab2>:0 
  at Sirenix.OdinInspector.Editor.Validation.SceneReference.TryOpenScene (UnityEditor.SceneManagement.OpenSceneMode mode, UnityEngine.SceneManagement.Scene& scene) [0x00017] in C:\Sirenix\Sirenix Solution\Sirenix.OdinInspector.Editor\Validation\Validators\SceneReference.cs:114 
UnityEngine.DebugLogHandler:Internal_LogException(Exception, Object)
UnityEngine.DebugLogHandler:LogException(Exception, Object)
UnityEngine.Logger:LogException(Exception, Object)
UnityEngine.Debug:LogException(Exception)
Sirenix.OdinInspector.Editor.Validation.SceneReference:TryOpenScene(OpenSceneMode, Scene&) (at C:\Sirenix\Sirenix Solution\Sirenix.OdinInspector.Editor\Validation\Validators\SceneReference.cs:119)
Sirenix.OdinValidator.Editor.<ValidateCurrentWorkQueueEnumerator>d__59:MoveNext() (at C:\Sirenix\Sirenix Solution\Sirenix.OdinValidator.Editor\Core\ValidationSession.cs:557)
Sirenix.OdinValidator.Editor.<ValidateEverythingEnumeratorBatched>d__54:MoveNext() (at C:\Sirenix\Sirenix Solution\Sirenix.OdinValidator.Editor\Core\ValidationSession.cs:376)
Sirenix.OdinValidator.Editor.AutomationConfig:RunValidationScan(String, ValidationSetup, Boolean, Action, Boolean, Boolean, Boolean, Boolean, Boolean, Boolean, Boolean, Boolean) (at C:\Sirenix\Sirenix Solution\Sirenix.OdinValidator.Editor\Config\AutomationConfig.cs:305)
Sirenix.OdinValidator.Editor.AutomationConfig:ActuallyInitHooks() (at C:\Sirenix\Sirenix Solution\Sirenix.OdinValidator.Editor\Config\AutomationConfig.cs:186)
Sirenix.OdinValidator.Editor.AutomationConfig:InitHooks() (at C:\Sirenix\Sirenix Solution\Sirenix.OdinValidator.Editor\Config\AutomationConfig.cs:170)
System.Reflection.RuntimeMethodInfo:InternalInvoke(RuntimeMethodInfo, Object, Object[], Exception&)
System.Reflection.RuntimeMethodInfo:Invoke(Object, BindingFlags, Binder, Object[], CultureInfo)
System.Reflection.MethodBase:Invoke(Object, Object[])
UnityEditor.EditorAssemblies:ProcessInitializeOnLoadMethodAttributes()

(Filename: C:/Sirenix/Sirenix Solution/Sirenix.OdinInspector.Editor/Validation/Validators/SceneReference.cs Line: 119)

InvalidOperationException: Calling OpenScene Raisefrom assembly reloading callbacks are not supported.
  at (wrapper managed-to-native) UnityEditor.SceneManagement.EditorSceneManager.OpenScene_Injected(string,UnityEditor.SceneManagement.OpenSceneMode,UnityEngine.SceneManagement.Scene&)
  at UnityEditor.SceneManagement.EditorSceneManager.OpenScene (System.String scenePath, UnityEditor.SceneManagement.OpenSceneMode mode) [0x00000] in <63965ae56af7489797f355b7c1211ab2>:0 
  at Sirenix.OdinInspector.Editor.Validation.SceneReference.TryOpenScene (UnityEditor.SceneManagement.OpenSceneMode mode, UnityEngine.SceneManagement.Scene& scene) [0x00017] in C:\Sirenix\Sirenix Solution\Sirenix.OdinInspector.Editor\Validation\Validators\SceneReference.cs:114 
UnityEngine.DebugLogHandler:Internal_LogException(Exception, Object)
UnityEngine.DebugLogHandler:LogException(Exception, Object)
UnityEngine.Logger:LogException(Exception, Object)
UnityEngine.Debug:LogException(Exception)
Sirenix.OdinInspector.Editor.Validation.SceneReference:TryOpenScene(OpenSceneMode, Scene&) (at C:\Sirenix\Sirenix Solution\Sirenix.OdinInspector.Editor\Validation\Validators\SceneReference.cs:119)
Sirenix.OdinValidator.Editor.<ValidateCurrentWorkQueueEnumerator>d__59:MoveNext() (at C:\Sirenix\Sirenix Solution\Sirenix.OdinValidator.Editor\Core\ValidationSession.cs:557)
Sirenix.OdinValidator.Editor.<ValidateEverythingEnumeratorBatched>d__54:MoveNext() (at C:\Sirenix\Sirenix Solution\Sirenix.OdinValidator.Editor\Core\ValidationSession.cs:376)
Sirenix.OdinValidator.Editor.AutomationConfig:RunValidationScan(String, ValidationSetup, Boolean, Action, Boolean, Boolean, Boolean, Boolean, Boolean, Boolean, Boolean, Boolean) (at C:\Sirenix\Sirenix Solution\Sirenix.OdinValidator.Editor\Config\AutomationConfig.cs:305)
Sirenix.OdinValidator.Editor.AutomationConfig:ActuallyInitHooks() (at C:\Sirenix\Sirenix Solution\Sirenix.OdinValidator.Editor\Config\AutomationConfig.cs:186)
Sirenix.OdinValidator.Editor.AutomationConfig:InitHooks() (at C:\Sirenix\Sirenix Solution\Sirenix.OdinValidator.Editor\Config\AutomationConfig.cs:170)
System.Reflection.RuntimeMethodInfo:InternalInvoke(RuntimeMethodInfo, Object, Object[], Exception&)
System.Reflection.RuntimeMethodInfo:Invoke(Object, BindingFlags, Binder, Object[], CultureInfo)
System.Reflection.MethodBase:Invoke(Object, Object[])
UnityEditor.EditorAssemblies:ProcessInitializeOnLoadMethodAttributes()

(Filename: C:/Sirenix/Sirenix Solution/Sirenix.OdinInspector.Editor/Validation/Validators/SceneReference.cs Line: 119)

InvalidOperationException: Calling OpenScene Raisefrom assembly reloading callbacks are not supported.
  at (wrapper managed-to-native) UnityEditor.SceneManagement.EditorSceneManager.OpenScene_Injected(string,UnityEditor.SceneManagement.OpenSceneMode,UnityEngine.SceneManagement.Scene&)
  at UnityEditor.SceneManagement.EditorSceneManager.OpenScene (System.String scenePath, UnityEditor.SceneManagement.OpenSceneMode mode) [0x00000] in <63965ae56af7489797f355b7c1211ab2>:0 
  at Sirenix.OdinInspector.Editor.Validation.SceneReference.TryOpenScene (UnityEditor.SceneManagement.OpenSceneMode mode, UnityEngine.SceneManagement.Scene& scene) [0x00017] in C:\Sirenix\Sirenix Solution\Sirenix.OdinInspector.Editor\Validation\Validators\SceneReference.cs:114 
UnityEngine.DebugLogHandler:Internal_LogException(Exception, Object)
UnityEngine.DebugLogHandler:LogException(Exception, Object)
UnityEngine.Logger:LogException(Exception, Object)
UnityEngine.Debug:LogException(Exception)
Sirenix.OdinInspector.Editor.Validation.SceneReference:TryOpenScene(OpenSceneMode, Scene&) (at C:\Sirenix\Sirenix Solution\Sirenix.OdinInspector.Editor\Validation\Validators\SceneReference.cs:119)
Sirenix.OdinValidator.Editor.<ValidateCurrentWorkQueueEnumerator>d__59:MoveNext() (at C:\Sirenix\Sirenix Solution\Sirenix.OdinValidator.Editor\Core\ValidationSession.cs:557)
Sirenix.OdinValidator.Editor.<ValidateEverythingEnumeratorBatched>d__54:MoveNext() (at C:\Sirenix\Sirenix Solution\Sirenix.OdinValidator.Editor\Core\ValidationSession.cs:376)
Sirenix.OdinValidator.Editor.AutomationConfig:RunValidationScan(String, ValidationSetup, Boolean, Action, Boolean, Boolean, Boolean, Boolean, Boolean, Boolean, Boolean, Boolean) (at C:\Sirenix\Sirenix Solution\Sirenix.OdinValidator.Editor\Config\AutomationConfig.cs:305)
Sirenix.OdinValidator.Editor.AutomationConfig:ActuallyInitHooks() (at C:\Sirenix\Sirenix Solution\Sirenix.OdinValidator.Editor\Config\AutomationConfig.cs:186)
Sirenix.OdinValidator.Editor.AutomationConfig:InitHooks() (at C:\Sirenix\Sirenix Solution\Sirenix.OdinValidator.Editor\Config\AutomationConfig.cs:170)
System.Reflection.RuntimeMethodInfo:InternalInvoke(RuntimeMethodInfo, Object, Object[], Exception&)
System.Reflection.RuntimeMethodInfo:Invoke(Object, BindingFlags, Binder, Object[], CultureInfo)
System.Reflection.MethodBase:Invoke(Object, Object[])
UnityEditor.EditorAssemblies:ProcessInitializeOnLoadMethodAttributes()

(Filename: C:/Sirenix/Sirenix Solution/Sirenix.OdinInspector.Editor/Validation/Validators/SceneReference.cs Line: 119)

InvalidOperationException: Calling OpenScene Raisefrom assembly reloading callbacks are not supported.
  at (wrapper managed-to-native) UnityEditor.SceneManagement.EditorSceneManager.OpenScene_Injected(string,UnityEditor.SceneManagement.OpenSceneMode,UnityEngine.SceneManagement.Scene&)
  at UnityEditor.SceneManagement.EditorSceneManager.OpenScene (System.String scenePath, UnityEditor.SceneManagement.OpenSceneMode mode) [0x00000] in <63965ae56af7489797f355b7c1211ab2>:0 
  at Sirenix.OdinInspector.Editor.Validation.SceneReference.TryOpenScene (UnityEditor.SceneManagement.OpenSceneMode mode, UnityEngine.SceneManagement.Scene& scene) [0x00017] in C:\Sirenix\Sirenix Solution\Sirenix.OdinInspector.Editor\Validation\Validators\SceneReference.cs:114 
UnityEngine.DebugLogHandler:Internal_LogException(Exception, Object)
UnityEngine.DebugLogHandler:LogException(Exception, Object)
UnityEngine.Logger:LogException(Exception, Object)
UnityEngine.Debug:LogException(Exception)
Sirenix.OdinInspector.Editor.Validation.SceneReference:TryOpenScene(OpenSceneMode, Scene&) (at C:\Sirenix\Sirenix Solution\Sirenix.OdinInspector.Editor\Validation\Validators\SceneReference.cs:119)
Sirenix.OdinValidator.Editor.<ValidateCurrentWorkQueueEnumerator>d__59:MoveNext() (at C:\Sirenix\Sirenix Solution\Sirenix.OdinValidator.Editor\Core\ValidationSession.cs:557)
Sirenix.OdinValidator.Editor.<ValidateEverythingEnumeratorBatched>d__54:MoveNext() (at C:\Sirenix\Sirenix Solution\Sirenix.OdinValidator.Editor\Core\ValidationSession.cs:376)
Sirenix.OdinValidator.Editor.AutomationConfig:RunValidationScan(String, ValidationSetup, Boolean, Action, Boolean, Boolean, Boolean, Boolean, Boolean, Boolean, Boolean, Boolean) (at C:\Sirenix\Sirenix Solution\Sirenix.OdinValidator.Editor\Config\AutomationConfig.cs:305)
Sirenix.OdinValidator.Editor.AutomationConfig:ActuallyInitHooks() (at C:\Sirenix\Sirenix Solution\Sirenix.OdinValidator.Editor\Config\AutomationConfig.cs:186)
Sirenix.OdinValidator.Editor.AutomationConfig:InitHooks() (at C:\Sirenix\Sirenix Solution\Sirenix.OdinValidator.Editor\Config\AutomationConfig.cs:170)
System.Reflection.RuntimeMethodInfo:InternalInvoke(RuntimeMethodInfo, Object, Object[], Exception&)
System.Reflection.RuntimeMethodInfo:Invoke(Object, BindingFlags, Binder, Object[], CultureInfo)
System.Reflection.MethodBase:Invoke(Object, Object[])
UnityEditor.EditorAssemblies:ProcessInitializeOnLoadMethodAttributes()

(Filename: C:/Sirenix/Sirenix Solution/Sirenix.OdinInspector.Editor/Validation/Validators/SceneReference.cs Line: 119)

InvalidOperationException: Calling OpenScene Raisefrom assembly reloading callbacks are not supported.
  at (wrapper managed-to-native) UnityEditor.SceneManagement.EditorSceneManager.OpenScene_Injected(string,UnityEditor.SceneManagement.OpenSceneMode,UnityEngine.SceneManagement.Scene&)
  at UnityEditor.SceneManagement.EditorSceneManager.OpenScene (System.String scenePath, UnityEditor.SceneManagement.OpenSceneMode mode) [0x00000] in <63965ae56af7489797f355b7c1211ab2>:0 
  at Sirenix.OdinInspector.Editor.Validation.SceneReference.TryOpenScene (UnityEditor.SceneManagement.OpenSceneMode mode, UnityEngine.SceneManagement.Scene& scene) [0x00017] in C:\Sirenix\Sirenix Solution\Sirenix.OdinInspector.Editor\Validation\Validators\SceneReference.cs:114 
UnityEngine.DebugLogHandler:Internal_LogException(Exception, Object)
UnityEngine.DebugLogHandler:LogException(Exception, Object)
UnityEngine.Logger:LogException(Exception, Object)
UnityEngine.Debug:LogException(Exception)
Sirenix.OdinInspector.Editor.Validation.SceneReference:TryOpenScene(OpenSceneMode, Scene&) (at C:\Sirenix\Sirenix Solution\Sirenix.OdinInspector.Editor\Validation\Validators\SceneReference.cs:119)
Sirenix.OdinValidator.Editor.<ValidateCurrentWorkQueueEnumerator>d__59:MoveNext() (at C:\Sirenix\Sirenix Solution\Sirenix.OdinValidator.Editor\Core\ValidationSession.cs:557)
Sirenix.OdinValidator.Editor.<ValidateEverythingEnumeratorBatched>d__54:MoveNext() (at C:\Sirenix\Sirenix Solution\Sirenix.OdinValidator.Editor\Core\ValidationSession.cs:376)
Sirenix.OdinValidator.Editor.AutomationConfig:RunValidationScan(String, ValidationSetup, Boolean, Action, Boolean, Boolean, Boolean, Boolean, Boolean, Boolean, Boolean, Boolean) (at C:\Sirenix\Sirenix Solution\Sirenix.OdinValidator.Editor\Config\AutomationConfig.cs:305)
Sirenix.OdinValidator.Editor.AutomationConfig:ActuallyInitHooks() (at C:\Sirenix\Sirenix Solution\Sirenix.OdinValidator.Editor\Config\AutomationConfig.cs:186)
Sirenix.OdinValidator.Editor.AutomationConfig:InitHooks() (at C:\Sirenix\Sirenix Solution\Sirenix.OdinValidator.Editor\Config\AutomationConfig.cs:170)
System.Reflection.RuntimeMethodInfo:InternalInvoke(RuntimeMethodInfo, Object, Object[], Exception&)
System.Reflection.RuntimeMethodInfo:Invoke(Object, BindingFlags, Binder, Object[], CultureInfo)
System.Reflection.MethodBase:Invoke(Object, Object[])
UnityEditor.EditorAssemblies:ProcessInitializeOnLoadMethodAttributes()

(Filename: C:/Sirenix/Sirenix Solution/Sirenix.OdinInspector.Editor/Validation/Validators/SceneReference.cs Line: 119)

InvalidOperationException: Calling OpenScene Raisefrom assembly reloading callbacks are not supported.
  at (wrapper managed-to-native) UnityEditor.SceneManagement.EditorSceneManager.OpenScene_Injected(string,UnityEditor.SceneManagement.OpenSceneMode,UnityEngine.SceneManagement.Scene&)
  at UnityEditor.SceneManagement.EditorSceneManager.OpenScene (System.String scenePath, UnityEditor.SceneManagement.OpenSceneMode mode) [0x00000] in <63965ae56af7489797f355b7c1211ab2>:0 
  at Sirenix.OdinInspector.Editor.Validation.SceneReference.TryOpenScene (UnityEditor.SceneManagement.OpenSceneMode mode, UnityEngine.SceneManagement.Scene& scene) [0x00017] in C:\Sirenix\Sirenix Solution\Sirenix.OdinInspector.Editor\Validation\Validators\SceneReference.cs:114 
UnityEngine.DebugLogHandler:Internal_LogException(Exception, Object)
UnityEngine.DebugLogHandler:LogException(Exception, Object)
UnityEngine.Logger:LogException(Exception, Object)
UnityEngine.Debug:LogException(Exception)
Sirenix.OdinInspector.Editor.Validation.SceneReference:TryOpenScene(OpenSceneMode, Scene&) (at C:\Sirenix\Sirenix Solution\Sirenix.OdinInspector.Editor\Validation\Validators\SceneReference.cs:119)
Sirenix.OdinValidator.Editor.<ValidateCurrentWorkQueueEnumerator>d__59:MoveNext() (at C:\Sirenix\Sirenix Solution\Sirenix.OdinValidator.Editor\Core\ValidationSession.cs:557)
Sirenix.OdinValidator.Editor.<ValidateEverythingEnumeratorBatched>d__54:MoveNext() (at C:\Sirenix\Sirenix Solution\Sirenix.OdinValidator.Editor\Core\ValidationSession.cs:376)
Sirenix.OdinValidator.Editor.AutomationConfig:RunValidationScan(String, ValidationSetup, Boolean, Action, Boolean, Boolean, Boolean, Boolean, Boolean, Boolean, Boolean, Boolean) (at C:\Sirenix\Sirenix Solution\Sirenix.OdinValidator.Editor\Config\AutomationConfig.cs:305)
Sirenix.OdinValidator.Editor.AutomationConfig:ActuallyInitHooks() (at C:\Sirenix\Sirenix Solution\Sirenix.OdinValidator.Editor\Config\AutomationConfig.cs:186)
Sirenix.OdinValidator.Editor.AutomationConfig:InitHooks() (at C:\Sirenix\Sirenix Solution\Sirenix.OdinValidator.Editor\Config\AutomationConfig.cs:170)
System.Reflection.RuntimeMethodInfo:InternalInvoke(RuntimeMethodInfo, Object, Object[], Exception&)
System.Reflection.RuntimeMethodInfo:Invoke(Object, BindingFlags, Binder, Object[], CultureInfo)
System.Reflection.MethodBase:Invoke(Object, Object[])
UnityEditor.EditorAssemblies:ProcessInitializeOnLoadMethodAttributes()

(Filename: C:/Sirenix/Sirenix Solution/Sirenix.OdinInspector.Editor/Validation/Validators/SceneReference.cs Line: 119)

InvalidOperationException: Calling OpenScene Raisefrom assembly reloading callbacks are not supported.
  at (wrapper managed-to-native) UnityEditor.SceneManagement.EditorSceneManager.OpenScene_Injected(string,UnityEditor.SceneManagement.OpenSceneMode,UnityEngine.SceneManagement.Scene&)
  at UnityEditor.SceneManagement.EditorSceneManager.OpenScene (System.String scenePath, UnityEditor.SceneManagement.OpenSceneMode mode) [0x00000] in <63965ae56af7489797f355b7c1211ab2>:0 
  at Sirenix.OdinInspector.Editor.Validation.SceneReference.TryOpenScene (UnityEditor.SceneManagement.OpenSceneMode mode, UnityEngine.SceneManagement.Scene& scene) [0x00017] in C:\Sirenix\Sirenix Solution\Sirenix.OdinInspector.Editor\Validation\Validators\SceneReference.cs:114 
UnityEngine.DebugLogHandler:Internal_LogException(Exception, Object)
UnityEngine.DebugLogHandler:LogException(Exception, Object)
UnityEngine.Logger:LogException(Exception, Object)
UnityEngine.Debug:LogException(Exception)
Sirenix.OdinInspector.Editor.Validation.SceneReference:TryOpenScene(OpenSceneMode, Scene&) (at C:\Sirenix\Sirenix Solution\Sirenix.OdinInspector.Editor\Validation\Validators\SceneReference.cs:119)
Sirenix.OdinValidator.Editor.<ValidateCurrentWorkQueueEnumerator>d__59:MoveNext() (at C:\Sirenix\Sirenix Solution\Sirenix.OdinValidator.Editor\Core\ValidationSession.cs:557)
Sirenix.OdinValidator.Editor.<ValidateEverythingEnumeratorBatched>d__54:MoveNext() (at C:\Sirenix\Sirenix Solution\Sirenix.OdinValidator.Editor\Core\ValidationSession.cs:376)
Sirenix.OdinValidator.Editor.AutomationConfig:RunValidationScan(String, ValidationSetup, Boolean, Action, Boolean, Boolean, Boolean, Boolean, Boolean, Boolean, Boolean, Boolean) (at C:\Sirenix\Sirenix Solution\Sirenix.OdinValidator.Editor\Config\AutomationConfig.cs:305)
Sirenix.OdinValidator.Editor.AutomationConfig:ActuallyInitHooks() (at C:\Sirenix\Sirenix Solution\Sirenix.OdinValidator.Editor\Config\AutomationConfig.cs:186)
Sirenix.OdinValidator.Editor.AutomationConfig:InitHooks() (at C:\Sirenix\Sirenix Solution\Sirenix.OdinValidator.Editor\Config\AutomationConfig.cs:170)
System.Reflection.RuntimeMethodInfo:InternalInvoke(RuntimeMethodInfo, Object, Object[], Exception&)
System.Reflection.RuntimeMethodInfo:Invoke(Object, BindingFlags, Binder, Object[], CultureInfo)
System.Reflection.MethodBase:Invoke(Object, Object[])
UnityEditor.EditorAssemblies:ProcessInitializeOnLoadMethodAttributes()

(Filename: C:/Sirenix/Sirenix Solution/Sirenix.OdinInspector.Editor/Validation/Validators/SceneReference.cs Line: 119)

InvalidOperationException: Calling OpenScene Raisefrom assembly reloading callbacks are not supported.
  at (wrapper managed-to-native) UnityEditor.SceneManagement.EditorSceneManager.OpenScene_Injected(string,UnityEditor.SceneManagement.OpenSceneMode,UnityEngine.SceneManagement.Scene&)
  at UnityEditor.SceneManagement.EditorSceneManager.OpenScene (System.String scenePath, UnityEditor.SceneManagement.OpenSceneMode mode) [0x00000] in <63965ae56af7489797f355b7c1211ab2>:0 
  at Sirenix.OdinInspector.Editor.Validation.SceneReference.TryOpenScene (UnityEditor.SceneManagement.OpenSceneMode mode, UnityEngine.SceneManagement.Scene& scene) [0x00017] in C:\Sirenix\Sirenix Solution\Sirenix.OdinInspector.Editor\Validation\Validators\SceneReference.cs:114 
UnityEngine.DebugLogHandler:Internal_LogException(Exception, Object)
UnityEngine.DebugLogHandler:LogException(Exception, Object)
UnityEngine.Logger:LogException(Exception, Object)
UnityEngine.Debug:LogException(Exception)
Sirenix.OdinInspector.Editor.Validation.SceneReference:TryOpenScene(OpenSceneMode, Scene&) (at C:\Sirenix\Sirenix Solution\Sirenix.OdinInspector.Editor\Validation\Validators\SceneReference.cs:119)
Sirenix.OdinValidator.Editor.<ValidateCurrentWorkQueueEnumerator>d__59:MoveNext() (at C:\Sirenix\Sirenix Solution\Sirenix.OdinValidator.Editor\Core\ValidationSession.cs:557)
Sirenix.OdinValidator.Editor.<ValidateEverythingEnumeratorBatched>d__54:MoveNext() (at C:\Sirenix\Sirenix Solution\Sirenix.OdinValidator.Editor\Core\ValidationSession.cs:376)
Sirenix.OdinValidator.Editor.AutomationConfig:RunValidationScan(String, ValidationSetup, Boolean, Action, Boolean, Boolean, Boolean, Boolean, Boolean, Boolean, Boolean, Boolean) (at C:\Sirenix\Sirenix Solution\Sirenix.OdinValidator.Editor\Config\AutomationConfig.cs:305)
Sirenix.OdinValidator.Editor.AutomationConfig:ActuallyInitHooks() (at C:\Sirenix\Sirenix Solution\Sirenix.OdinValidator.Editor\Config\AutomationConfig.cs:186)
Sirenix.OdinValidator.Editor.AutomationConfig:InitHooks() (at C:\Sirenix\Sirenix Solution\Sirenix.OdinValidator.Editor\Config\AutomationConfig.cs:170)
System.Reflection.RuntimeMethodInfo:InternalInvoke(RuntimeMethodInfo, Object, Object[], Exception&)
System.Reflection.RuntimeMethodInfo:Invoke(Object, BindingFlags, Binder, Object[], CultureInfo)
System.Reflection.MethodBase:Invoke(Object, Object[])
UnityEditor.EditorAssemblies:ProcessInitializeOnLoadMethodAttributes()

(Filename: C:/Sirenix/Sirenix Solution/Sirenix.OdinInspector.Editor/Validation/Validators/SceneReference.cs Line: 119)

InvalidOperationException: Calling OpenScene Raisefrom assembly reloading callbacks are not supported.
  at (wrapper managed-to-native) UnityEditor.SceneManagement.EditorSceneManager.OpenScene_Injected(string,UnityEditor.SceneManagement.OpenSceneMode,UnityEngine.SceneManagement.Scene&)
  at UnityEditor.SceneManagement.EditorSceneManager.OpenScene (System.String scenePath, UnityEditor.SceneManagement.OpenSceneMode mode) [0x00000] in <63965ae56af7489797f355b7c1211ab2>:0 
  at Sirenix.OdinInspector.Editor.Validation.SceneReference.TryOpenScene (UnityEditor.SceneManagement.OpenSceneMode mode, UnityEngine.SceneManagement.Scene& scene) [0x00017] in C:\Sirenix\Sirenix Solution\Sirenix.OdinInspector.Editor\Validation\Validators\SceneReference.cs:114 
UnityEngine.DebugLogHandler:Internal_LogException(Exception, Object)
UnityEngine.DebugLogHandler:LogException(Exception, Object)
UnityEngine.Logger:LogException(Exception, Object)
UnityEngine.Debug:LogException(Exception)
Sirenix.OdinInspector.Editor.Validation.SceneReference:TryOpenScene(OpenSceneMode, Scene&) (at C:\Sirenix\Sirenix Solution\Sirenix.OdinInspector.Editor\Validation\Validators\SceneReference.cs:119)
Sirenix.OdinValidator.Editor.<ValidateCurrentWorkQueueEnumerator>d__59:MoveNext() (at C:\Sirenix\Sirenix Solution\Sirenix.OdinValidator.Editor\Core\ValidationSession.cs:557)
Sirenix.OdinValidator.Editor.<ValidateEverythingEnumeratorBatched>d__54:MoveNext() (at C:\Sirenix\Sirenix Solution\Sirenix.OdinValidator.Editor\Core\ValidationSession.cs:376)
Sirenix.OdinValidator.Editor.AutomationConfig:RunValidationScan(String, ValidationSetup, Boolean, Action, Boolean, Boolean, Boolean, Boolean, Boolean, Boolean, Boolean, Boolean) (at C:\Sirenix\Sirenix Solution\Sirenix.OdinValidator.Editor\Config\AutomationConfig.cs:305)
Sirenix.OdinValidator.Editor.AutomationConfig:ActuallyInitHooks() (at C:\Sirenix\Sirenix Solution\Sirenix.OdinValidator.Editor\Config\AutomationConfig.cs:186)
Sirenix.OdinValidator.Editor.AutomationConfig:InitHooks() (at C:\Sirenix\Sirenix Solution\Sirenix.OdinValidator.Editor\Config\AutomationConfig.cs:170)
System.Reflection.RuntimeMethodInfo:InternalInvoke(RuntimeMethodInfo, Object, Object[], Exception&)
System.Reflection.RuntimeMethodInfo:Invoke(Object, BindingFlags, Binder, Object[], CultureInfo)
System.Reflection.MethodBase:Invoke(Object, Object[])
UnityEditor.EditorAssemblies:ProcessInitializeOnLoadMethodAttributes()

(Filename: C:/Sirenix/Sirenix Solution/Sirenix.OdinInspector.Editor/Validation/Validators/SceneReference.cs Line: 119)

InvalidOperationException: Calling OpenScene Raisefrom assembly reloading callbacks are not supported.
  at (wrapper managed-to-native) UnityEditor.SceneManagement.EditorSceneManager.OpenScene_Injected(string,UnityEditor.SceneManagement.OpenSceneMode,UnityEngine.SceneManagement.Scene&)
  at UnityEditor.SceneManagement.EditorSceneManager.OpenScene (System.String scenePath, UnityEditor.SceneManagement.OpenSceneMode mode) [0x00000] in <63965ae56af7489797f355b7c1211ab2>:0 
  at Sirenix.OdinInspector.Editor.Validation.SceneReference.TryOpenScene (UnityEditor.SceneManagement.OpenSceneMode mode, UnityEngine.SceneManagement.Scene& scene) [0x00017] in C:\Sirenix\Sirenix Solution\Sirenix.OdinInspector.Editor\Validation\Validators\SceneReference.cs:114 
UnityEngine.DebugLogHandler:Internal_LogException(Exception, Object)
UnityEngine.DebugLogHandler:LogException(Exception, Object)
UnityEngine.Logger:LogException(Exception, Object)
UnityEngine.Debug:LogException(Exception)
Sirenix.OdinInspector.Editor.Validation.SceneReference:TryOpenScene(OpenSceneMode, Scene&) (at C:\Sirenix\Sirenix Solution\Sirenix.OdinInspector.Editor\Validation\Validators\SceneReference.cs:119)
Sirenix.OdinValidator.Editor.<ValidateCurrentWorkQueueEnumerator>d__59:MoveNext() (at C:\Sirenix\Sirenix Solution\Sirenix.OdinValidator.Editor\Core\ValidationSession.cs:557)
Sirenix.OdinValidator.Editor.<ValidateEverythingEnumeratorBatched>d__54:MoveNext() (at C:\Sirenix\Sirenix Solution\Sirenix.OdinValidator.Editor\Core\ValidationSession.cs:376)
Sirenix.OdinValidator.Editor.AutomationConfig:RunValidationScan(String, ValidationSetup, Boolean, Action, Boolean, Boolean, Boolean, Boolean, Boolean, Boolean, Boolean, Boolean) (at C:\Sirenix\Sirenix Solution\Sirenix.OdinValidator.Editor\Config\AutomationConfig.cs:305)
Sirenix.OdinValidator.Editor.AutomationConfig:ActuallyInitHooks() (at C:\Sirenix\Sirenix Solution\Sirenix.OdinValidator.Editor\Config\AutomationConfig.cs:186)
Sirenix.OdinValidator.Editor.AutomationConfig:InitHooks() (at C:\Sirenix\Sirenix Solution\Sirenix.OdinValidator.Editor\Config\AutomationConfig.cs:170)
System.Reflection.RuntimeMethodInfo:InternalInvoke(RuntimeMethodInfo, Object, Object[], Exception&)
System.Reflection.RuntimeMethodInfo:Invoke(Object, BindingFlags, Binder, Object[], CultureInfo)
System.Reflection.MethodBase:Invoke(Object, Object[])
UnityEditor.EditorAssemblies:ProcessInitializeOnLoadMethodAttributes()

(Filename: C:/Sirenix/Sirenix Solution/Sirenix.OdinInspector.Editor/Validation/Validators/SceneReference.cs Line: 119)

InvalidOperationException: Calling OpenScene Raisefrom assembly reloading callbacks are not supported.
  at (wrapper managed-to-native) UnityEditor.SceneManagement.EditorSceneManager.OpenScene_Injected(string,UnityEditor.SceneManagement.OpenSceneMode,UnityEngine.SceneManagement.Scene&)
  at UnityEditor.SceneManagement.EditorSceneManager.OpenScene (System.String scenePath, UnityEditor.SceneManagement.OpenSceneMode mode) [0x00000] in <63965ae56af7489797f355b7c1211ab2>:0 
  at Sirenix.OdinInspector.Editor.Validation.SceneReference.TryOpenScene (UnityEditor.SceneManagement.OpenSceneMode mode, UnityEngine.SceneManagement.Scene& scene) [0x00017] in C:\Sirenix\Sirenix Solution\Sirenix.OdinInspector.Editor\Validation\Validators\SceneReference.cs:114 
UnityEngine.DebugLogHandler:Internal_LogException(Exception, Object)
UnityEngine.DebugLogHandler:LogException(Exception, Object)
UnityEngine.Logger:LogException(Exception, Object)
UnityEngine.Debug:LogException(Exception)
Sirenix.OdinInspector.Editor.Validation.SceneReference:TryOpenScene(OpenSceneMode, Scene&) (at C:\Sirenix\Sirenix Solution\Sirenix.OdinInspector.Editor\Validation\Validators\SceneReference.cs:119)
Sirenix.OdinValidator.Editor.<ValidateCurrentWorkQueueEnumerator>d__59:MoveNext() (at C:\Sirenix\Sirenix Solution\Sirenix.OdinValidator.Editor\Core\ValidationSession.cs:557)
Sirenix.OdinValidator.Editor.<ValidateEverythingEnumeratorBatched>d__54:MoveNext() (at C:\Sirenix\Sirenix Solution\Sirenix.OdinValidator.Editor\Core\ValidationSession.cs:376)
Sirenix.OdinValidator.Editor.AutomationConfig:RunValidationScan(String, ValidationSetup, Boolean, Action, Boolean, Boolean, Boolean, Boolean, Boolean, Boolean, Boolean, Boolean) (at C:\Sirenix\Sirenix Solution\Sirenix.OdinValidator.Editor\Config\AutomationConfig.cs:305)
Sirenix.OdinValidator.Editor.AutomationConfig:ActuallyInitHooks() (at C:\Sirenix\Sirenix Solution\Sirenix.OdinValidator.Editor\Config\AutomationConfig.cs:186)
Sirenix.OdinValidator.Editor.AutomationConfig:InitHooks() (at C:\Sirenix\Sirenix Solution\Sirenix.OdinValidator.Editor\Config\AutomationConfig.cs:170)
System.Reflection.RuntimeMethodInfo:InternalInvoke(RuntimeMethodInfo, Object, Object[], Exception&)
System.Reflection.RuntimeMethodInfo:Invoke(Object, BindingFlags, Binder, Object[], CultureInfo)
System.Reflection.MethodBase:Invoke(Object, Object[])
UnityEditor.EditorAssemblies:ProcessInitializeOnLoadMethodAttributes()

(Filename: C:/Sirenix/Sirenix Solution/Sirenix.OdinInspector.Editor/Validation/Validators/SceneReference.cs Line: 119)

InvalidOperationException: Calling OpenScene Raisefrom assembly reloading callbacks are not supported.
  at (wrapper managed-to-native) UnityEditor.SceneManagement.EditorSceneManager.OpenScene_Injected(string,UnityEditor.SceneManagement.OpenSceneMode,UnityEngine.SceneManagement.Scene&)
  at UnityEditor.SceneManagement.EditorSceneManager.OpenScene (System.String scenePath, UnityEditor.SceneManagement.OpenSceneMode mode) [0x00000] in <63965ae56af7489797f355b7c1211ab2>:0 
  at Sirenix.OdinInspector.Editor.Validation.SceneReference.TryOpenScene (UnityEditor.SceneManagement.OpenSceneMode mode, UnityEngine.SceneManagement.Scene& scene) [0x00017] in C:\Sirenix\Sirenix Solution\Sirenix.OdinInspector.Editor\Validation\Validators\SceneReference.cs:114 
UnityEngine.DebugLogHandler:Internal_LogException(Exception, Object)
UnityEngine.DebugLogHandler:LogException(Exception, Object)
UnityEngine.Logger:LogException(Exception, Object)
UnityEngine.Debug:LogException(Exception)
Sirenix.OdinInspector.Editor.Validation.SceneReference:TryOpenScene(OpenSceneMode, Scene&) (at C:\Sirenix\Sirenix Solution\Sirenix.OdinInspector.Editor\Validation\Validators\SceneReference.cs:119)
Sirenix.OdinValidator.Editor.<ValidateCurrentWorkQueueEnumerator>d__59:MoveNext() (at C:\Sirenix\Sirenix Solution\Sirenix.OdinValidator.Editor\Core\ValidationSession.cs:557)
Sirenix.OdinValidator.Editor.<ValidateEverythingEnumeratorBatched>d__54:MoveNext() (at C:\Sirenix\Sirenix Solution\Sirenix.OdinValidator.Editor\Core\ValidationSession.cs:376)
Sirenix.OdinValidator.Editor.AutomationConfig:RunValidationScan(String, ValidationSetup, Boolean, Action, Boolean, Boolean, Boolean, Boolean, Boolean, Boolean, Boolean, Boolean) (at C:\Sirenix\Sirenix Solution\Sirenix.OdinValidator.Editor\Config\AutomationConfig.cs:305)
Sirenix.OdinValidator.Editor.AutomationConfig:ActuallyInitHooks() (at C:\Sirenix\Sirenix Solution\Sirenix.OdinValidator.Editor\Config\AutomationConfig.cs:186)
Sirenix.OdinValidator.Editor.AutomationConfig:InitHooks() (at C:\Sirenix\Sirenix Solution\Sirenix.OdinValidator.Editor\Config\AutomationConfig.cs:170)
System.Reflection.RuntimeMethodInfo:InternalInvoke(RuntimeMethodInfo, Object, Object[], Exception&)
System.Reflection.RuntimeMethodInfo:Invoke(Object, BindingFlags, Binder, Object[], CultureInfo)
System.Reflection.MethodBase:Invoke(Object, Object[])
UnityEditor.EditorAssemblies:ProcessInitializeOnLoadMethodAttributes()

(Filename: C:/Sirenix/Sirenix Solution/Sirenix.OdinInspector.Editor/Validation/Validators/SceneReference.cs Line: 119)

InvalidOperationException: Calling OpenScene Raisefrom assembly reloading callbacks are not supported.
  at (wrapper managed-to-native) UnityEditor.SceneManagement.EditorSceneManager.OpenScene_Injected(string,UnityEditor.SceneManagement.OpenSceneMode,UnityEngine.SceneManagement.Scene&)
  at UnityEditor.SceneManagement.EditorSceneManager.OpenScene (System.String scenePath, UnityEditor.SceneManagement.OpenSceneMode mode) [0x00000] in <63965ae56af7489797f355b7c1211ab2>:0 
  at Sirenix.OdinInspector.Editor.Validation.SceneReference.TryOpenScene (UnityEditor.SceneManagement.OpenSceneMode mode, UnityEngine.SceneManagement.Scene& scene) [0x00017] in C:\Sirenix\Sirenix Solution\Sirenix.OdinInspector.Editor\Validation\Validators\SceneReference.cs:114 
UnityEngine.DebugLogHandler:Internal_LogException(Exception, Object)
UnityEngine.DebugLogHandler:LogException(Exception, Object)
UnityEngine.Logger:LogException(Exception, Object)
UnityEngine.Debug:LogException(Exception)
Sirenix.OdinInspector.Editor.Validation.SceneReference:TryOpenScene(OpenSceneMode, Scene&) (at C:\Sirenix\Sirenix Solution\Sirenix.OdinInspector.Editor\Validation\Validators\SceneReference.cs:119)
Sirenix.OdinValidator.Editor.<ValidateCurrentWorkQueueEnumerator>d__59:MoveNext() (at C:\Sirenix\Sirenix Solution\Sirenix.OdinValidator.Editor\Core\ValidationSession.cs:557)
Sirenix.OdinValidator.Editor.<ValidateEverythingEnumeratorBatched>d__54:MoveNext() (at C:\Sirenix\Sirenix Solution\Sirenix.OdinValidator.Editor\Core\ValidationSession.cs:376)
Sirenix.OdinValidator.Editor.AutomationConfig:RunValidationScan(String, ValidationSetup, Boolean, Action, Boolean, Boolean, Boolean, Boolean, Boolean, Boolean, Boolean, Boolean) (at C:\Sirenix\Sirenix Solution\Sirenix.OdinValidator.Editor\Config\AutomationConfig.cs:305)
Sirenix.OdinValidator.Editor.AutomationConfig:ActuallyInitHooks() (at C:\Sirenix\Sirenix Solution\Sirenix.OdinValidator.Editor\Config\AutomationConfig.cs:186)
Sirenix.OdinValidator.Editor.AutomationConfig:InitHooks() (at C:\Sirenix\Sirenix Solution\Sirenix.OdinValidator.Editor\Config\AutomationConfig.cs:170)
System.Reflection.RuntimeMethodInfo:InternalInvoke(RuntimeMethodInfo, Object, Object[], Exception&)
System.Reflection.RuntimeMethodInfo:Invoke(Object, BindingFlags, Binder, Object[], CultureInfo)
System.Reflection.MethodBase:Invoke(Object, Object[])
UnityEditor.EditorAssemblies:ProcessInitializeOnLoadMethodAttributes()

(Filename: C:/Sirenix/Sirenix Solution/Sirenix.OdinInspector.Editor/Validation/Validators/SceneReference.cs Line: 119)

InvalidOperationException: Calling OpenScene Raisefrom assembly reloading callbacks are not supported.
  at (wrapper managed-to-native) UnityEditor.SceneManagement.EditorSceneManager.OpenScene_Injected(string,UnityEditor.SceneManagement.OpenSceneMode,UnityEngine.SceneManagement.Scene&)
  at UnityEditor.SceneManagement.EditorSceneManager.OpenScene (System.String scenePath, UnityEditor.SceneManagement.OpenSceneMode mode) [0x00000] in <63965ae56af7489797f355b7c1211ab2>:0 
  at Sirenix.OdinInspector.Editor.Validation.SceneReference.TryOpenScene (UnityEditor.SceneManagement.OpenSceneMode mode, UnityEngine.SceneManagement.Scene& scene) [0x00017] in C:\Sirenix\Sirenix Solution\Sirenix.OdinInspector.Editor\Validation\Validators\SceneReference.cs:114 
UnityEngine.DebugLogHandler:Internal_LogException(Exception, Object)
UnityEngine.DebugLogHandler:LogException(Exception, Object)
UnityEngine.Logger:LogException(Exception, Object)
UnityEngine.Debug:LogException(Exception)
Sirenix.OdinInspector.Editor.Validation.SceneReference:TryOpenScene(OpenSceneMode, Scene&) (at C:\Sirenix\Sirenix Solution\Sirenix.OdinInspector.Editor\Validation\Validators\SceneReference.cs:119)
Sirenix.OdinValidator.Editor.<ValidateCurrentWorkQueueEnumerator>d__59:MoveNext() (at C:\Sirenix\Sirenix Solution\Sirenix.OdinValidator.Editor\Core\ValidationSession.cs:557)
Sirenix.OdinValidator.Editor.<ValidateEverythingEnumeratorBatched>d__54:MoveNext() (at C:\Sirenix\Sirenix Solution\Sirenix.OdinValidator.Editor\Core\ValidationSession.cs:376)
Sirenix.OdinValidator.Editor.AutomationConfig:RunValidationScan(String, ValidationSetup, Boolean, Action, Boolean, Boolean, Boolean, Boolean, Boolean, Boolean, Boolean, Boolean) (at C:\Sirenix\Sirenix Solution\Sirenix.OdinValidator.Editor\Config\AutomationConfig.cs:305)
Sirenix.OdinValidator.Editor.AutomationConfig:ActuallyInitHooks() (at C:\Sirenix\Sirenix Solution\Sirenix.OdinValidator.Editor\Config\AutomationConfig.cs:186)
Sirenix.OdinValidator.Editor.AutomationConfig:InitHooks() (at C:\Sirenix\Sirenix Solution\Sirenix.OdinValidator.Editor\Config\AutomationConfig.cs:170)
System.Reflection.RuntimeMethodInfo:InternalInvoke(RuntimeMethodInfo, Object, Object[], Exception&)
System.Reflection.RuntimeMethodInfo:Invoke(Object, BindingFlags, Binder, Object[], CultureInfo)
System.Reflection.MethodBase:Invoke(Object, Object[])
UnityEditor.EditorAssemblies:ProcessInitializeOnLoadMethodAttributes()

(Filename: C:/Sirenix/Sirenix Solution/Sirenix.OdinInspector.Editor/Validation/Validators/SceneReference.cs Line: 119)

InvalidOperationException: Calling OpenScene Raisefrom assembly reloading callbacks are not supported.
  at (wrapper managed-to-native) UnityEditor.SceneManagement.EditorSceneManager.OpenScene_Injected(string,UnityEditor.SceneManagement.OpenSceneMode,UnityEngine.SceneManagement.Scene&)
  at UnityEditor.SceneManagement.EditorSceneManager.OpenScene (System.String scenePath, UnityEditor.SceneManagement.OpenSceneMode mode) [0x00000] in <63965ae56af7489797f355b7c1211ab2>:0 
  at Sirenix.OdinInspector.Editor.Validation.SceneReference.TryOpenScene (UnityEditor.SceneManagement.OpenSceneMode mode, UnityEngine.SceneManagement.Scene& scene) [0x00017] in C:\Sirenix\Sirenix Solution\Sirenix.OdinInspector.Editor\Validation\Validators\SceneReference.cs:114 
UnityEngine.DebugLogHandler:Internal_LogException(Exception, Object)
UnityEngine.DebugLogHandler:LogException(Exception, Object)
UnityEngine.Logger:LogException(Exception, Object)
UnityEngine.Debug:LogException(Exception)
Sirenix.OdinInspector.Editor.Validation.SceneReference:TryOpenScene(OpenSceneMode, Scene&) (at C:\Sirenix\Sirenix Solution\Sirenix.OdinInspector.Editor\Validation\Validators\SceneReference.cs:119)
Sirenix.OdinValidator.Editor.<ValidateCurrentWorkQueueEnumerator>d__59:MoveNext() (at C:\Sirenix\Sirenix Solution\Sirenix.OdinValidator.Editor\Core\ValidationSession.cs:557)
Sirenix.OdinValidator.Editor.<ValidateEverythingEnumeratorBatched>d__54:MoveNext() (at C:\Sirenix\Sirenix Solution\Sirenix.OdinValidator.Editor\Core\ValidationSession.cs:376)
Sirenix.OdinValidator.Editor.AutomationConfig:RunValidationScan(String, ValidationSetup, Boolean, Action, Boolean, Boolean, Boolean, Boolean, Boolean, Boolean, Boolean, Boolean) (at C:\Sirenix\Sirenix Solution\Sirenix.OdinValidator.Editor\Config\AutomationConfig.cs:305)
Sirenix.OdinValidator.Editor.AutomationConfig:ActuallyInitHooks() (at C:\Sirenix\Sirenix Solution\Sirenix.OdinValidator.Editor\Config\AutomationConfig.cs:186)
Sirenix.OdinValidator.Editor.AutomationConfig:InitHooks() (at C:\Sirenix\Sirenix Solution\Sirenix.OdinValidator.Editor\Config\AutomationConfig.cs:170)
System.Reflection.RuntimeMethodInfo:InternalInvoke(RuntimeMethodInfo, Object, Object[], Exception&)
System.Reflection.RuntimeMethodInfo:Invoke(Object, BindingFlags, Binder, Object[], CultureInfo)
System.Reflection.MethodBase:Invoke(Object, Object[])
UnityEditor.EditorAssemblies:ProcessInitializeOnLoadMethodAttributes()

(Filename: C:/Sirenix/Sirenix Solution/Sirenix.OdinInspector.Editor/Validation/Validators/SceneReference.cs Line: 119)

InvalidOperationException: Calling OpenScene Raisefrom assembly reloading callbacks are not supported.
  at (wrapper managed-to-native) UnityEditor.SceneManagement.EditorSceneManager.OpenScene_Injected(string,UnityEditor.SceneManagement.OpenSceneMode,UnityEngine.SceneManagement.Scene&)
  at UnityEditor.SceneManagement.EditorSceneManager.OpenScene (System.String scenePath, UnityEditor.SceneManagement.OpenSceneMode mode) [0x00000] in <63965ae56af7489797f355b7c1211ab2>:0 
  at Sirenix.OdinInspector.Editor.Validation.SceneReference.TryOpenScene (UnityEditor.SceneManagement.OpenSceneMode mode, UnityEngine.SceneManagement.Scene& scene) [0x00017] in C:\Sirenix\Sirenix Solution\Sirenix.OdinInspector.Editor\Validation\Validators\SceneReference.cs:114 
UnityEngine.DebugLogHandler:Internal_LogException(Exception, Object)
UnityEngine.DebugLogHandler:LogException(Exception, Object)
UnityEngine.Logger:LogException(Exception, Object)
UnityEngine.Debug:LogException(Exception)
Sirenix.OdinInspector.Editor.Validation.SceneReference:TryOpenScene(OpenSceneMode, Scene&) (at C:\Sirenix\Sirenix Solution\Sirenix.OdinInspector.Editor\Validation\Validators\SceneReference.cs:119)
Sirenix.OdinValidator.Editor.<ValidateCurrentWorkQueueEnumerator>d__59:MoveNext() (at C:\Sirenix\Sirenix Solution\Sirenix.OdinValidator.Editor\Core\ValidationSession.cs:557)
Sirenix.OdinValidator.Editor.<ValidateEverythingEnumeratorBatched>d__54:MoveNext() (at C:\Sirenix\Sirenix Solution\Sirenix.OdinValidator.Editor\Core\ValidationSession.cs:376)
Sirenix.OdinValidator.Editor.AutomationConfig:RunValidationScan(String, ValidationSetup, Boolean, Action, Boolean, Boolean, Boolean, Boolean, Boolean, Boolean, Boolean, Boolean) (at C:\Sirenix\Sirenix Solution\Sirenix.OdinValidator.Editor\Config\AutomationConfig.cs:305)
Sirenix.OdinValidator.Editor.AutomationConfig:ActuallyInitHooks() (at C:\Sirenix\Sirenix Solution\Sirenix.OdinValidator.Editor\Config\AutomationConfig.cs:186)
Sirenix.OdinValidator.Editor.AutomationConfig:InitHooks() (at C:\Sirenix\Sirenix Solution\Sirenix.OdinValidator.Editor\Config\AutomationConfig.cs:170)
System.Reflection.RuntimeMethodInfo:InternalInvoke(RuntimeMethodInfo, Object, Object[], Exception&)
System.Reflection.RuntimeMethodInfo:Invoke(Object, BindingFlags, Binder, Object[], CultureInfo)
System.Reflection.MethodBase:Invoke(Object, Object[])
UnityEditor.EditorAssemblies:ProcessInitializeOnLoadMethodAttributes()

(Filename: C:/Sirenix/Sirenix Solution/Sirenix.OdinInspector.Editor/Validation/Validators/SceneReference.cs Line: 119)

InvalidOperationException: Calling OpenScene Raisefrom assembly reloading callbacks are not supported.
  at (wrapper managed-to-native) UnityEditor.SceneManagement.EditorSceneManager.OpenScene_Injected(string,UnityEditor.SceneManagement.OpenSceneMode,UnityEngine.SceneManagement.Scene&)
  at UnityEditor.SceneManagement.EditorSceneManager.OpenScene (System.String scenePath, UnityEditor.SceneManagement.OpenSceneMode mode) [0x00000] in <63965ae56af7489797f355b7c1211ab2>:0 
  at Sirenix.OdinInspector.Editor.Validation.SceneReference.TryOpenScene (UnityEditor.SceneManagement.OpenSceneMode mode, UnityEngine.SceneManagement.Scene& scene) [0x00017] in C:\Sirenix\Sirenix Solution\Sirenix.OdinInspector.Editor\Validation\Validators\SceneReference.cs:114 
UnityEngine.DebugLogHandler:Internal_LogException(Exception, Object)
UnityEngine.DebugLogHandler:LogException(Exception, Object)
UnityEngine.Logger:LogException(Exception, Object)
UnityEngine.Debug:LogException(Exception)
Sirenix.OdinInspector.Editor.Validation.SceneReference:TryOpenScene(OpenSceneMode, Scene&) (at C:\Sirenix\Sirenix Solution\Sirenix.OdinInspector.Editor\Validation\Validators\SceneReference.cs:119)
Sirenix.OdinValidator.Editor.<ValidateCurrentWorkQueueEnumerator>d__59:MoveNext() (at C:\Sirenix\Sirenix Solution\Sirenix.OdinValidator.Editor\Core\ValidationSession.cs:557)
Sirenix.OdinValidator.Editor.<ValidateEverythingEnumeratorBatched>d__54:MoveNext() (at C:\Sirenix\Sirenix Solution\Sirenix.OdinValidator.Editor\Core\ValidationSession.cs:376)
Sirenix.OdinValidator.Editor.AutomationConfig:RunValidationScan(String, ValidationSetup, Boolean, Action, Boolean, Boolean, Boolean, Boolean, Boolean, Boolean, Boolean, Boolean) (at C:\Sirenix\Sirenix Solution\Sirenix.OdinValidator.Editor\Config\AutomationConfig.cs:305)
Sirenix.OdinValidator.Editor.AutomationConfig:ActuallyInitHooks() (at C:\Sirenix\Sirenix Solution\Sirenix.OdinValidator.Editor\Config\AutomationConfig.cs:186)
Sirenix.OdinValidator.Editor.AutomationConfig:InitHooks() (at C:\Sirenix\Sirenix Solution\Sirenix.OdinValidator.Editor\Config\AutomationConfig.cs:170)
System.Reflection.RuntimeMethodInfo:InternalInvoke(RuntimeMethodInfo, Object, Object[], Exception&)
System.Reflection.RuntimeMethodInfo:Invoke(Object, BindingFlags, Binder, Object[], CultureInfo)
System.Reflection.MethodBase:Invoke(Object, Object[])
UnityEditor.EditorAssemblies:ProcessInitializeOnLoadMethodAttributes()

(Filename: C:/Sirenix/Sirenix Solution/Sirenix.OdinInspector.Editor/Validation/Validators/SceneReference.cs Line: 119)

InvalidOperationException: Calling OpenScene Raisefrom assembly reloading callbacks are not supported.
  at (wrapper managed-to-native) UnityEditor.SceneManagement.EditorSceneManager.OpenScene_Injected(string,UnityEditor.SceneManagement.OpenSceneMode,UnityEngine.SceneManagement.Scene&)
  at UnityEditor.SceneManagement.EditorSceneManager.OpenScene (System.String scenePath, UnityEditor.SceneManagement.OpenSceneMode mode) [0x00000] in <63965ae56af7489797f355b7c1211ab2>:0 
  at Sirenix.OdinInspector.Editor.Validation.SceneReference.TryOpenScene (UnityEditor.SceneManagement.OpenSceneMode mode, UnityEngine.SceneManagement.Scene& scene) [0x00017] in C:\Sirenix\Sirenix Solution\Sirenix.OdinInspector.Editor\Validation\Validators\SceneReference.cs:114 
UnityEngine.DebugLogHandler:Internal_LogException(Exception, Object)
UnityEngine.DebugLogHandler:LogException(Exception, Object)
UnityEngine.Logger:LogException(Exception, Object)
UnityEngine.Debug:LogException(Exception)
Sirenix.OdinInspector.Editor.Validation.SceneReference:TryOpenScene(OpenSceneMode, Scene&) (at C:\Sirenix\Sirenix Solution\Sirenix.OdinInspector.Editor\Validation\Validators\SceneReference.cs:119)
Sirenix.OdinValidator.Editor.<ValidateCurrentWorkQueueEnumerator>d__59:MoveNext() (at C:\Sirenix\Sirenix Solution\Sirenix.OdinValidator.Editor\Core\ValidationSession.cs:557)
Sirenix.OdinValidator.Editor.<ValidateEverythingEnumeratorBatched>d__54:MoveNext() (at C:\Sirenix\Sirenix Solution\Sirenix.OdinValidator.Editor\Core\ValidationSession.cs:376)
Sirenix.OdinValidator.Editor.AutomationConfig:RunValidationScan(String, ValidationSetup, Boolean, Action, Boolean, Boolean, Boolean, Boolean, Boolean, Boolean, Boolean, Boolean) (at C:\Sirenix\Sirenix Solution\Sirenix.OdinValidator.Editor\Config\AutomationConfig.cs:305)
Sirenix.OdinValidator.Editor.AutomationConfig:ActuallyInitHooks() (at C:\Sirenix\Sirenix Solution\Sirenix.OdinValidator.Editor\Config\AutomationConfig.cs:186)
Sirenix.OdinValidator.Editor.AutomationConfig:InitHooks() (at C:\Sirenix\Sirenix Solution\Sirenix.OdinValidator.Editor\Config\AutomationConfig.cs:170)
System.Reflection.RuntimeMethodInfo:InternalInvoke(RuntimeMethodInfo, Object, Object[], Exception&)
System.Reflection.RuntimeMethodInfo:Invoke(Object, BindingFlags, Binder, Object[], CultureInfo)
System.Reflection.MethodBase:Invoke(Object, Object[])
UnityEditor.EditorAssemblies:ProcessInitializeOnLoadMethodAttributes()

(Filename: C:/Sirenix/Sirenix Solution/Sirenix.OdinInspector.Editor/Validation/Validators/SceneReference.cs Line: 119)

InvalidOperationException: Calling OpenScene Raisefrom assembly reloading callbacks are not supported.
  at (wrapper managed-to-native) UnityEditor.SceneManagement.EditorSceneManager.OpenScene_Injected(string,UnityEditor.SceneManagement.OpenSceneMode,UnityEngine.SceneManagement.Scene&)
  at UnityEditor.SceneManagement.EditorSceneManager.OpenScene (System.String scenePath, UnityEditor.SceneManagement.OpenSceneMode mode) [0x00000] in <63965ae56af7489797f355b7c1211ab2>:0 
  at Sirenix.OdinInspector.Editor.Validation.SceneReference.TryOpenScene (UnityEditor.SceneManagement.OpenSceneMode mode, UnityEngine.SceneManagement.Scene& scene) [0x00017] in C:\Sirenix\Sirenix Solution\Sirenix.OdinInspector.Editor\Validation\Validators\SceneReference.cs:114 
UnityEngine.DebugLogHandler:Internal_LogException(Exception, Object)
UnityEngine.DebugLogHandler:LogException(Exception, Object)
UnityEngine.Logger:LogException(Exception, Object)
UnityEngine.Debug:LogException(Exception)
Sirenix.OdinInspector.Editor.Validation.SceneReference:TryOpenScene(OpenSceneMode, Scene&) (at C:\Sirenix\Sirenix Solution\Sirenix.OdinInspector.Editor\Validation\Validators\SceneReference.cs:119)
Sirenix.OdinValidator.Editor.<ValidateCurrentWorkQueueEnumerator>d__59:MoveNext() (at C:\Sirenix\Sirenix Solution\Sirenix.OdinValidator.Editor\Core\ValidationSession.cs:557)
Sirenix.OdinValidator.Editor.<ValidateEverythingEnumeratorBatched>d__54:MoveNext() (at C:\Sirenix\Sirenix Solution\Sirenix.OdinValidator.Editor\Core\ValidationSession.cs:376)
Sirenix.OdinValidator.Editor.AutomationConfig:RunValidationScan(String, ValidationSetup, Boolean, Action, Boolean, Boolean, Boolean, Boolean, Boolean, Boolean, Boolean, Boolean) (at C:\Sirenix\Sirenix Solution\Sirenix.OdinValidator.Editor\Config\AutomationConfig.cs:305)
Sirenix.OdinValidator.Editor.AutomationConfig:ActuallyInitHooks() (at C:\Sirenix\Sirenix Solution\Sirenix.OdinValidator.Editor\Config\AutomationConfig.cs:186)
Sirenix.OdinValidator.Editor.AutomationConfig:InitHooks() (at C:\Sirenix\Sirenix Solution\Sirenix.OdinValidator.Editor\Config\AutomationConfig.cs:170)
System.Reflection.RuntimeMethodInfo:InternalInvoke(RuntimeMethodInfo, Object, Object[], Exception&)
System.Reflection.RuntimeMethodInfo:Invoke(Object, BindingFlags, Binder, Object[], CultureInfo)
System.Reflection.MethodBase:Invoke(Object, Object[])
UnityEditor.EditorAssemblies:ProcessInitializeOnLoadMethodAttributes()

(Filename: C:/Sirenix/Sirenix Solution/Sirenix.OdinInspector.Editor/Validation/Validators/SceneReference.cs Line: 119)

InvalidOperationException: Calling OpenScene Raisefrom assembly reloading callbacks are not supported.
  at (wrapper managed-to-native) UnityEditor.SceneManagement.EditorSceneManager.OpenScene_Injected(string,UnityEditor.SceneManagement.OpenSceneMode,UnityEngine.SceneManagement.Scene&)
  at UnityEditor.SceneManagement.EditorSceneManager.OpenScene (System.String scenePath, UnityEditor.SceneManagement.OpenSceneMode mode) [0x00000] in <63965ae56af7489797f355b7c1211ab2>:0 
  at Sirenix.OdinInspector.Editor.Validation.SceneReference.TryOpenScene (UnityEditor.SceneManagement.OpenSceneMode mode, UnityEngine.SceneManagement.Scene& scene) [0x00017] in C:\Sirenix\Sirenix Solution\Sirenix.OdinInspector.Editor\Validation\Validators\SceneReference.cs:114 
UnityEngine.DebugLogHandler:Internal_LogException(Exception, Object)
UnityEngine.DebugLogHandler:LogException(Exception, Object)
UnityEngine.Logger:LogException(Exception, Object)
UnityEngine.Debug:LogException(Exception)
Sirenix.OdinInspector.Editor.Validation.SceneReference:TryOpenScene(OpenSceneMode, Scene&) (at C:\Sirenix\Sirenix Solution\Sirenix.OdinInspector.Editor\Validation\Validators\SceneReference.cs:119)
Sirenix.OdinValidator.Editor.<ValidateCurrentWorkQueueEnumerator>d__59:MoveNext() (at C:\Sirenix\Sirenix Solution\Sirenix.OdinValidator.Editor\Core\ValidationSession.cs:557)
Sirenix.OdinValidator.Editor.<ValidateEverythingEnumeratorBatched>d__54:MoveNext() (at C:\Sirenix\Sirenix Solution\Sirenix.OdinValidator.Editor\Core\ValidationSession.cs:376)
Sirenix.OdinValidator.Editor.AutomationConfig:RunValidationScan(String, ValidationSetup, Boolean, Action, Boolean, Boolean, Boolean, Boolean, Boolean, Boolean, Boolean, Boolean) (at C:\Sirenix\Sirenix Solution\Sirenix.OdinValidator.Editor\Config\AutomationConfig.cs:305)
Sirenix.OdinValidator.Editor.AutomationConfig:ActuallyInitHooks() (at C:\Sirenix\Sirenix Solution\Sirenix.OdinValidator.Editor\Config\AutomationConfig.cs:186)
Sirenix.OdinValidator.Editor.AutomationConfig:InitHooks() (at C:\Sirenix\Sirenix Solution\Sirenix.OdinValidator.Editor\Config\AutomationConfig.cs:170)
System.Reflection.RuntimeMethodInfo:InternalInvoke(RuntimeMethodInfo, Object, Object[], Exception&)
System.Reflection.RuntimeMethodInfo:Invoke(Object, BindingFlags, Binder, Object[], CultureInfo)
System.Reflection.MethodBase:Invoke(Object, Object[])
UnityEditor.EditorAssemblies:ProcessInitializeOnLoadMethodAttributes()

(Filename: C:/Sirenix/Sirenix Solution/Sirenix.OdinInspector.Editor/Validation/Validators/SceneReference.cs Line: 119)

InvalidOperationException: Calling OpenScene Raisefrom assembly reloading callbacks are not supported.
  at (wrapper managed-to-native) UnityEditor.SceneManagement.EditorSceneManager.OpenScene_Injected(string,UnityEditor.SceneManagement.OpenSceneMode,UnityEngine.SceneManagement.Scene&)
  at UnityEditor.SceneManagement.EditorSceneManager.OpenScene (System.String scenePath, UnityEditor.SceneManagement.OpenSceneMode mode) [0x00000] in <63965ae56af7489797f355b7c1211ab2>:0 
  at Sirenix.OdinInspector.Editor.Validation.SceneReference.TryOpenScene (UnityEditor.SceneManagement.OpenSceneMode mode, UnityEngine.SceneManagement.Scene& scene) [0x00017] in C:\Sirenix\Sirenix Solution\Sirenix.OdinInspector.Editor\Validation\Validators\SceneReference.cs:114 
UnityEngine.DebugLogHandler:Internal_LogException(Exception, Object)
UnityEngine.DebugLogHandler:LogException(Exception, Object)
UnityEngine.Logger:LogException(Exception, Object)
UnityEngine.Debug:LogException(Exception)
Sirenix.OdinInspector.Editor.Validation.SceneReference:TryOpenScene(OpenSceneMode, Scene&) (at C:\Sirenix\Sirenix Solution\Sirenix.OdinInspector.Editor\Validation\Validators\SceneReference.cs:119)
Sirenix.OdinValidator.Editor.<ValidateCurrentWorkQueueEnumerator>d__59:MoveNext() (at C:\Sirenix\Sirenix Solution\Sirenix.OdinValidator.Editor\Core\ValidationSession.cs:557)
Sirenix.OdinValidator.Editor.<ValidateEverythingEnumeratorBatched>d__54:MoveNext() (at C:\Sirenix\Sirenix Solution\Sirenix.OdinValidator.Editor\Core\ValidationSession.cs:376)
Sirenix.OdinValidator.Editor.AutomationConfig:RunValidationScan(String, ValidationSetup, Boolean, Action, Boolean, Boolean, Boolean, Boolean, Boolean, Boolean, Boolean, Boolean) (at C:\Sirenix\Sirenix Solution\Sirenix.OdinValidator.Editor\Config\AutomationConfig.cs:305)
Sirenix.OdinValidator.Editor.AutomationConfig:ActuallyInitHooks() (at C:\Sirenix\Sirenix Solution\Sirenix.OdinValidator.Editor\Config\AutomationConfig.cs:186)
Sirenix.OdinValidator.Editor.AutomationConfig:InitHooks() (at C:\Sirenix\Sirenix Solution\Sirenix.OdinValidator.Editor\Config\AutomationConfig.cs:170)
System.Reflection.RuntimeMethodInfo:InternalInvoke(RuntimeMethodInfo, Object, Object[], Exception&)
System.Reflection.RuntimeMethodInfo:Invoke(Object, BindingFlags, Binder, Object[], CultureInfo)
System.Reflection.MethodBase:Invoke(Object, Object[])
UnityEditor.EditorAssemblies:ProcessInitializeOnLoadMethodAttributes()

(Filename: C:/Sirenix/Sirenix Solution/Sirenix.OdinInspector.Editor/Validation/Validators/SceneReference.cs Line: 119)

InvalidOperationException: Calling OpenScene Raisefrom assembly reloading callbacks are not supported.
  at (wrapper managed-to-native) UnityEditor.SceneManagement.EditorSceneManager.OpenScene_Injected(string,UnityEditor.SceneManagement.OpenSceneMode,UnityEngine.SceneManagement.Scene&)
  at UnityEditor.SceneManagement.EditorSceneManager.OpenScene (System.String scenePath, UnityEditor.SceneManagement.OpenSceneMode mode) [0x00000] in <63965ae56af7489797f355b7c1211ab2>:0 
  at Sirenix.OdinInspector.Editor.Validation.SceneReference.TryOpenScene (UnityEditor.SceneManagement.OpenSceneMode mode, UnityEngine.SceneManagement.Scene& scene) [0x00017] in C:\Sirenix\Sirenix Solution\Sirenix.OdinInspector.Editor\Validation\Validators\SceneReference.cs:114 
UnityEngine.DebugLogHandler:Internal_LogException(Exception, Object)
UnityEngine.DebugLogHandler:LogException(Exception, Object)
UnityEngine.Logger:LogException(Exception, Object)
UnityEngine.Debug:LogException(Exception)
Sirenix.OdinInspector.Editor.Validation.SceneReference:TryOpenScene(OpenSceneMode, Scene&) (at C:\Sirenix\Sirenix Solution\Sirenix.OdinInspector.Editor\Validation\Validators\SceneReference.cs:119)
Sirenix.OdinValidator.Editor.<ValidateCurrentWorkQueueEnumerator>d__59:MoveNext() (at C:\Sirenix\Sirenix Solution\Sirenix.OdinValidator.Editor\Core\ValidationSession.cs:557)
Sirenix.OdinValidator.Editor.<ValidateEverythingEnumeratorBatched>d__54:MoveNext() (at C:\Sirenix\Sirenix Solution\Sirenix.OdinValidator.Editor\Core\ValidationSession.cs:376)
Sirenix.OdinValidator.Editor.AutomationConfig:RunValidationScan(String, ValidationSetup, Boolean, Action, Boolean, Boolean, Boolean, Boolean, Boolean, Boolean, Boolean, Boolean) (at C:\Sirenix\Sirenix Solution\Sirenix.OdinValidator.Editor\Config\AutomationConfig.cs:305)
Sirenix.OdinValidator.Editor.AutomationConfig:ActuallyInitHooks() (at C:\Sirenix\Sirenix Solution\Sirenix.OdinValidator.Editor\Config\AutomationConfig.cs:186)
Sirenix.OdinValidator.Editor.AutomationConfig:InitHooks() (at C:\Sirenix\Sirenix Solution\Sirenix.OdinValidator.Editor\Config\AutomationConfig.cs:170)
System.Reflection.RuntimeMethodInfo:InternalInvoke(RuntimeMethodInfo, Object, Object[], Exception&)
System.Reflection.RuntimeMethodInfo:Invoke(Object, BindingFlags, Binder, Object[], CultureInfo)
System.Reflection.MethodBase:Invoke(Object, Object[])
UnityEditor.EditorAssemblies:ProcessInitializeOnLoadMethodAttributes()

(Filename: C:/Sirenix/Sirenix Solution/Sirenix.OdinInspector.Editor/Validation/Validators/SceneReference.cs Line: 119)

InvalidOperationException: Calling OpenScene Raisefrom assembly reloading callbacks are not supported.
  at (wrapper managed-to-native) UnityEditor.SceneManagement.EditorSceneManager.OpenScene_Injected(string,UnityEditor.SceneManagement.OpenSceneMode,UnityEngine.SceneManagement.Scene&)
  at UnityEditor.SceneManagement.EditorSceneManager.OpenScene (System.String scenePath, UnityEditor.SceneManagement.OpenSceneMode mode) [0x00000] in <63965ae56af7489797f355b7c1211ab2>:0 
  at Sirenix.OdinInspector.Editor.Validation.SceneReference.TryOpenScene (UnityEditor.SceneManagement.OpenSceneMode mode, UnityEngine.SceneManagement.Scene& scene) [0x00017] in C:\Sirenix\Sirenix Solution\Sirenix.OdinInspector.Editor\Validation\Validators\SceneReference.cs:114 
UnityEngine.DebugLogHandler:Internal_LogException(Exception, Object)
UnityEngine.DebugLogHandler:LogException(Exception, Object)
UnityEngine.Logger:LogException(Exception, Object)
UnityEngine.Debug:LogException(Exception)
Sirenix.OdinInspector.Editor.Validation.SceneReference:TryOpenScene(OpenSceneMode, Scene&) (at C:\Sirenix\Sirenix Solution\Sirenix.OdinInspector.Editor\Validation\Validators\SceneReference.cs:119)
Sirenix.OdinValidator.Editor.<ValidateCurrentWorkQueueEnumerator>d__59:MoveNext() (at C:\Sirenix\Sirenix Solution\Sirenix.OdinValidator.Editor\Core\ValidationSession.cs:557)
Sirenix.OdinValidator.Editor.<ValidateEverythingEnumeratorBatched>d__54:MoveNext() (at C:\Sirenix\Sirenix Solution\Sirenix.OdinValidator.Editor\Core\ValidationSession.cs:376)
Sirenix.OdinValidator.Editor.AutomationConfig:RunValidationScan(String, ValidationSetup, Boolean, Action, Boolean, Boolean, Boolean, Boolean, Boolean, Boolean, Boolean, Boolean) (at C:\Sirenix\Sirenix Solution\Sirenix.OdinValidator.Editor\Config\AutomationConfig.cs:305)
Sirenix.OdinValidator.Editor.AutomationConfig:ActuallyInitHooks() (at C:\Sirenix\Sirenix Solution\Sirenix.OdinValidator.Editor\Config\AutomationConfig.cs:186)
Sirenix.OdinValidator.Editor.AutomationConfig:InitHooks() (at C:\Sirenix\Sirenix Solution\Sirenix.OdinValidator.Editor\Config\AutomationConfig.cs:170)
System.Reflection.RuntimeMethodInfo:InternalInvoke(RuntimeMethodInfo, Object, Object[], Exception&)
System.Reflection.RuntimeMethodInfo:Invoke(Object, BindingFlags, Binder, Object[], CultureInfo)
System.Reflection.MethodBase:Invoke(Object, Object[])
UnityEditor.EditorAssemblies:ProcessInitializeOnLoadMethodAttributes()

(Filename: C:/Sirenix/Sirenix Solution/Sirenix.OdinInspector.Editor/Validation/Validators/SceneReference.cs Line: 119)

InvalidOperationException: Calling OpenScene Raisefrom assembly reloading callbacks are not supported.
  at (wrapper managed-to-native) UnityEditor.SceneManagement.EditorSceneManager.OpenScene_Injected(string,UnityEditor.SceneManagement.OpenSceneMode,UnityEngine.SceneManagement.Scene&)
  at UnityEditor.SceneManagement.EditorSceneManager.OpenScene (System.String scenePath, UnityEditor.SceneManagement.OpenSceneMode mode) [0x00000] in <63965ae56af7489797f355b7c1211ab2>:0 
  at Sirenix.OdinInspector.Editor.Validation.SceneReference.TryOpenScene (UnityEditor.SceneManagement.OpenSceneMode mode, UnityEngine.SceneManagement.Scene& scene) [0x00017] in C:\Sirenix\Sirenix Solution\Sirenix.OdinInspector.Editor\Validation\Validators\SceneReference.cs:114 
UnityEngine.DebugLogHandler:Internal_LogException(Exception, Object)
UnityEngine.DebugLogHandler:LogException(Exception, Object)
UnityEngine.Logger:LogException(Exception, Object)
UnityEngine.Debug:LogException(Exception)
Sirenix.OdinInspector.Editor.Validation.SceneReference:TryOpenScene(OpenSceneMode, Scene&) (at C:\Sirenix\Sirenix Solution\Sirenix.OdinInspector.Editor\Validation\Validators\SceneReference.cs:119)
Sirenix.OdinValidator.Editor.<ValidateCurrentWorkQueueEnumerator>d__59:MoveNext() (at C:\Sirenix\Sirenix Solution\Sirenix.OdinValidator.Editor\Core\ValidationSession.cs:557)
Sirenix.OdinValidator.Editor.<ValidateEverythingEnumeratorBatched>d__54:MoveNext() (at C:\Sirenix\Sirenix Solution\Sirenix.OdinValidator.Editor\Core\ValidationSession.cs:376)
Sirenix.OdinValidator.Editor.AutomationConfig:RunValidationScan(String, ValidationSetup, Boolean, Action, Boolean, Boolean, Boolean, Boolean, Boolean, Boolean, Boolean, Boolean) (at C:\Sirenix\Sirenix Solution\Sirenix.OdinValidator.Editor\Config\AutomationConfig.cs:305)
Sirenix.OdinValidator.Editor.AutomationConfig:ActuallyInitHooks() (at C:\Sirenix\Sirenix Solution\Sirenix.OdinValidator.Editor\Config\AutomationConfig.cs:186)
Sirenix.OdinValidator.Editor.AutomationConfig:InitHooks() (at C:\Sirenix\Sirenix Solution\Sirenix.OdinValidator.Editor\Config\AutomationConfig.cs:170)
System.Reflection.RuntimeMethodInfo:InternalInvoke(RuntimeMethodInfo, Object, Object[], Exception&)
System.Reflection.RuntimeMethodInfo:Invoke(Object, BindingFlags, Binder, Object[], CultureInfo)
System.Reflection.MethodBase:Invoke(Object, Object[])
UnityEditor.EditorAssemblies:ProcessInitializeOnLoadMethodAttributes()

(Filename: C:/Sirenix/Sirenix Solution/Sirenix.OdinInspector.Editor/Validation/Validators/SceneReference.cs Line: 119)

InvalidOperationException: Calling OpenScene Raisefrom assembly reloading callbacks are not supported.
  at (wrapper managed-to-native) UnityEditor.SceneManagement.EditorSceneManager.OpenScene_Injected(string,UnityEditor.SceneManagement.OpenSceneMode,UnityEngine.SceneManagement.Scene&)
  at UnityEditor.SceneManagement.EditorSceneManager.OpenScene (System.String scenePath, UnityEditor.SceneManagement.OpenSceneMode mode) [0x00000] in <63965ae56af7489797f355b7c1211ab2>:0 
  at Sirenix.OdinInspector.Editor.Validation.SceneReference.TryOpenScene (UnityEditor.SceneManagement.OpenSceneMode mode, UnityEngine.SceneManagement.Scene& scene) [0x00017] in C:\Sirenix\Sirenix Solution\Sirenix.OdinInspector.Editor\Validation\Validators\SceneReference.cs:114 
UnityEngine.DebugLogHandler:Internal_LogException(Exception, Object)
UnityEngine.DebugLogHandler:LogException(Exception, Object)
UnityEngine.Logger:LogException(Exception, Object)
UnityEngine.Debug:LogException(Exception)
Sirenix.OdinInspector.Editor.Validation.SceneReference:TryOpenScene(OpenSceneMode, Scene&) (at C:\Sirenix\Sirenix Solution\Sirenix.OdinInspector.Editor\Validation\Validators\SceneReference.cs:119)
Sirenix.OdinValidator.Editor.<ValidateCurrentWorkQueueEnumerator>d__59:MoveNext() (at C:\Sirenix\Sirenix Solution\Sirenix.OdinValidator.Editor\Core\ValidationSession.cs:557)
Sirenix.OdinValidator.Editor.<ValidateEverythingEnumeratorBatched>d__54:MoveNext() (at C:\Sirenix\Sirenix Solution\Sirenix.OdinValidator.Editor\Core\ValidationSession.cs:376)
Sirenix.OdinValidator.Editor.AutomationConfig:RunValidationScan(String, ValidationSetup, Boolean, Action, Boolean, Boolean, Boolean, Boolean, Boolean, Boolean, Boolean, Boolean) (at C:\Sirenix\Sirenix Solution\Sirenix.OdinValidator.Editor\Config\AutomationConfig.cs:305)
Sirenix.OdinValidator.Editor.AutomationConfig:ActuallyInitHooks() (at C:\Sirenix\Sirenix Solution\Sirenix.OdinValidator.Editor\Config\AutomationConfig.cs:186)
Sirenix.OdinValidator.Editor.AutomationConfig:InitHooks() (at C:\Sirenix\Sirenix Solution\Sirenix.OdinValidator.Editor\Config\AutomationConfig.cs:170)
System.Reflection.RuntimeMethodInfo:InternalInvoke(RuntimeMethodInfo, Object, Object[], Exception&)
System.Reflection.RuntimeMethodInfo:Invoke(Object, BindingFlags, Binder, Object[], CultureInfo)
System.Reflection.MethodBase:Invoke(Object, Object[])
UnityEditor.EditorAssemblies:ProcessInitializeOnLoadMethodAttributes()

(Filename: C:/Sirenix/Sirenix Solution/Sirenix.OdinInspector.Editor/Validation/Validators/SceneReference.cs Line: 119)

InvalidOperationException: Calling OpenScene Raisefrom assembly reloading callbacks are not supported.
  at (wrapper managed-to-native) UnityEditor.SceneManagement.EditorSceneManager.OpenScene_Injected(string,UnityEditor.SceneManagement.OpenSceneMode,UnityEngine.SceneManagement.Scene&)
  at UnityEditor.SceneManagement.EditorSceneManager.OpenScene (System.String scenePath, UnityEditor.SceneManagement.OpenSceneMode mode) [0x00000] in <63965ae56af7489797f355b7c1211ab2>:0 
  at Sirenix.OdinInspector.Editor.Validation.SceneReference.TryOpenScene (UnityEditor.SceneManagement.OpenSceneMode mode, UnityEngine.SceneManagement.Scene& scene) [0x00017] in C:\Sirenix\Sirenix Solution\Sirenix.OdinInspector.Editor\Validation\Validators\SceneReference.cs:114 
UnityEngine.DebugLogHandler:Internal_LogException(Exception, Object)
UnityEngine.DebugLogHandler:LogException(Exception, Object)
UnityEngine.Logger:LogException(Exception, Object)
UnityEngine.Debug:LogException(Exception)
Sirenix.OdinInspector.Editor.Validation.SceneReference:TryOpenScene(OpenSceneMode, Scene&) (at C:\Sirenix\Sirenix Solution\Sirenix.OdinInspector.Editor\Validation\Validators\SceneReference.cs:119)
Sirenix.OdinValidator.Editor.<ValidateCurrentWorkQueueEnumerator>d__59:MoveNext() (at C:\Sirenix\Sirenix Solution\Sirenix.OdinValidator.Editor\Core\ValidationSession.cs:557)
Sirenix.OdinValidator.Editor.<ValidateEverythingEnumeratorBatched>d__54:MoveNext() (at C:\Sirenix\Sirenix Solution\Sirenix.OdinValidator.Editor\Core\ValidationSession.cs:376)
Sirenix.OdinValidator.Editor.AutomationConfig:RunValidationScan(String, ValidationSetup, Boolean, Action, Boolean, Boolean, Boolean, Boolean, Boolean, Boolean, Boolean, Boolean) (at C:\Sirenix\Sirenix Solution\Sirenix.OdinValidator.Editor\Config\AutomationConfig.cs:305)
Sirenix.OdinValidator.Editor.AutomationConfig:ActuallyInitHooks() (at C:\Sirenix\Sirenix Solution\Sirenix.OdinValidator.Editor\Config\AutomationConfig.cs:186)
Sirenix.OdinValidator.Editor.AutomationConfig:InitHooks() (at C:\Sirenix\Sirenix Solution\Sirenix.OdinValidator.Editor\Config\AutomationConfig.cs:170)
System.Reflection.RuntimeMethodInfo:InternalInvoke(RuntimeMethodInfo, Object, Object[], Exception&)
System.Reflection.RuntimeMethodInfo:Invoke(Object, BindingFlags, Binder, Object[], CultureInfo)
System.Reflection.MethodBase:Invoke(Object, Object[])
UnityEditor.EditorAssemblies:ProcessInitializeOnLoadMethodAttributes()

(Filename: C:/Sirenix/Sirenix Solution/Sirenix.OdinInspector.Editor/Validation/Validators/SceneReference.cs Line: 119)

InvalidOperationException: Calling OpenScene Raisefrom assembly reloading callbacks are not supported.
  at (wrapper managed-to-native) UnityEditor.SceneManagement.EditorSceneManager.OpenScene_Injected(string,UnityEditor.SceneManagement.OpenSceneMode,UnityEngine.SceneManagement.Scene&)
  at UnityEditor.SceneManagement.EditorSceneManager.OpenScene (System.String scenePath, UnityEditor.SceneManagement.OpenSceneMode mode) [0x00000] in <63965ae56af7489797f355b7c1211ab2>:0 
  at Sirenix.OdinInspector.Editor.Validation.SceneReference.TryOpenScene (UnityEditor.SceneManagement.OpenSceneMode mode, UnityEngine.SceneManagement.Scene& scene) [0x00017] in C:\Sirenix\Sirenix Solution\Sirenix.OdinInspector.Editor\Validation\Validators\SceneReference.cs:114 
UnityEngine.DebugLogHandler:Internal_LogException(Exception, Object)
UnityEngine.DebugLogHandler:LogException(Exception, Object)
UnityEngine.Logger:LogException(Exception, Object)
UnityEngine.Debug:LogException(Exception)
Sirenix.OdinInspector.Editor.Validation.SceneReference:TryOpenScene(OpenSceneMode, Scene&) (at C:\Sirenix\Sirenix Solution\Sirenix.OdinInspector.Editor\Validation\Validators\SceneReference.cs:119)
Sirenix.OdinValidator.Editor.<ValidateCurrentWorkQueueEnumerator>d__59:MoveNext() (at C:\Sirenix\Sirenix Solution\Sirenix.OdinValidator.Editor\Core\ValidationSession.cs:557)
Sirenix.OdinValidator.Editor.<ValidateEverythingEnumeratorBatched>d__54:MoveNext() (at C:\Sirenix\Sirenix Solution\Sirenix.OdinValidator.Editor\Core\ValidationSession.cs:376)
Sirenix.OdinValidator.Editor.AutomationConfig:RunValidationScan(String, ValidationSetup, Boolean, Action, Boolean, Boolean, Boolean, Boolean, Boolean, Boolean, Boolean, Boolean) (at C:\Sirenix\Sirenix Solution\Sirenix.OdinValidator.Editor\Config\AutomationConfig.cs:305)
Sirenix.OdinValidator.Editor.AutomationConfig:ActuallyInitHooks() (at C:\Sirenix\Sirenix Solution\Sirenix.OdinValidator.Editor\Config\AutomationConfig.cs:186)
Sirenix.OdinValidator.Editor.AutomationConfig:InitHooks() (at C:\Sirenix\Sirenix Solution\Sirenix.OdinValidator.Editor\Config\AutomationConfig.cs:170)
System.Reflection.RuntimeMethodInfo:InternalInvoke(RuntimeMethodInfo, Object, Object[], Exception&)
System.Reflection.RuntimeMethodInfo:Invoke(Object, BindingFlags, Binder, Object[], CultureInfo)
System.Reflection.MethodBase:Invoke(Object, Object[])
UnityEditor.EditorAssemblies:ProcessInitializeOnLoadMethodAttributes()

(Filename: C:/Sirenix/Sirenix Solution/Sirenix.OdinInspector.Editor/Validation/Validators/SceneReference.cs Line: 119)

InvalidOperationException: Calling OpenScene Raisefrom assembly reloading callbacks are not supported.
  at (wrapper managed-to-native) UnityEditor.SceneManagement.EditorSceneManager.OpenScene_Injected(string,UnityEditor.SceneManagement.OpenSceneMode,UnityEngine.SceneManagement.Scene&)
  at UnityEditor.SceneManagement.EditorSceneManager.OpenScene (System.String scenePath, UnityEditor.SceneManagement.OpenSceneMode mode) [0x00000] in <63965ae56af7489797f355b7c1211ab2>:0 
  at Sirenix.OdinInspector.Editor.Validation.SceneReference.TryOpenScene (UnityEditor.SceneManagement.OpenSceneMode mode, UnityEngine.SceneManagement.Scene& scene) [0x00017] in C:\Sirenix\Sirenix Solution\Sirenix.OdinInspector.Editor\Validation\Validators\SceneReference.cs:114 
UnityEngine.DebugLogHandler:Internal_LogException(Exception, Object)
UnityEngine.DebugLogHandler:LogException(Exception, Object)
UnityEngine.Logger:LogException(Exception, Object)
UnityEngine.Debug:LogException(Exception)
Sirenix.OdinInspector.Editor.Validation.SceneReference:TryOpenScene(OpenSceneMode, Scene&) (at C:\Sirenix\Sirenix Solution\Sirenix.OdinInspector.Editor\Validation\Validators\SceneReference.cs:119)
Sirenix.OdinValidator.Editor.<ValidateCurrentWorkQueueEnumerator>d__59:MoveNext() (at C:\Sirenix\Sirenix Solution\Sirenix.OdinValidator.Editor\Core\ValidationSession.cs:557)
Sirenix.OdinValidator.Editor.<ValidateEverythingEnumeratorBatched>d__54:MoveNext() (at C:\Sirenix\Sirenix Solution\Sirenix.OdinValidator.Editor\Core\ValidationSession.cs:376)
Sirenix.OdinValidator.Editor.AutomationConfig:RunValidationScan(String, ValidationSetup, Boolean, Action, Boolean, Boolean, Boolean, Boolean, Boolean, Boolean, Boolean, Boolean) (at C:\Sirenix\Sirenix Solution\Sirenix.OdinValidator.Editor\Config\AutomationConfig.cs:305)
Sirenix.OdinValidator.Editor.AutomationConfig:ActuallyInitHooks() (at C:\Sirenix\Sirenix Solution\Sirenix.OdinValidator.Editor\Config\AutomationConfig.cs:186)
Sirenix.OdinValidator.Editor.AutomationConfig:InitHooks() (at C:\Sirenix\Sirenix Solution\Sirenix.OdinValidator.Editor\Config\AutomationConfig.cs:170)
System.Reflection.RuntimeMethodInfo:InternalInvoke(RuntimeMethodInfo, Object, Object[], Exception&)
System.Reflection.RuntimeMethodInfo:Invoke(Object, BindingFlags, Binder, Object[], CultureInfo)
System.Reflection.MethodBase:Invoke(Object, Object[])
UnityEditor.EditorAssemblies:ProcessInitializeOnLoadMethodAttributes()

(Filename: C:/Sirenix/Sirenix Solution/Sirenix.OdinInspector.Editor/Validation/Validators/SceneReference.cs Line: 119)

InvalidOperationException: Calling OpenScene Raisefrom assembly reloading callbacks are not supported.
  at (wrapper managed-to-native) UnityEditor.SceneManagement.EditorSceneManager.OpenScene_Injected(string,UnityEditor.SceneManagement.OpenSceneMode,UnityEngine.SceneManagement.Scene&)
  at UnityEditor.SceneManagement.EditorSceneManager.OpenScene (System.String scenePath, UnityEditor.SceneManagement.OpenSceneMode mode) [0x00000] in <63965ae56af7489797f355b7c1211ab2>:0 
  at Sirenix.OdinInspector.Editor.Validation.SceneReference.TryOpenScene (UnityEditor.SceneManagement.OpenSceneMode mode, UnityEngine.SceneManagement.Scene& scene) [0x00017] in C:\Sirenix\Sirenix Solution\Sirenix.OdinInspector.Editor\Validation\Validators\SceneReference.cs:114 
UnityEngine.DebugLogHandler:Internal_LogException(Exception, Object)
UnityEngine.DebugLogHandler:LogException(Exception, Object)
UnityEngine.Logger:LogException(Exception, Object)
UnityEngine.Debug:LogException(Exception)
Sirenix.OdinInspector.Editor.Validation.SceneReference:TryOpenScene(OpenSceneMode, Scene&) (at C:\Sirenix\Sirenix Solution\Sirenix.OdinInspector.Editor\Validation\Validators\SceneReference.cs:119)
Sirenix.OdinValidator.Editor.<ValidateCurrentWorkQueueEnumerator>d__59:MoveNext() (at C:\Sirenix\Sirenix Solution\Sirenix.OdinValidator.Editor\Core\ValidationSession.cs:557)
Sirenix.OdinValidator.Editor.<ValidateEverythingEnumeratorBatched>d__54:MoveNext() (at C:\Sirenix\Sirenix Solution\Sirenix.OdinValidator.Editor\Core\ValidationSession.cs:376)
Sirenix.OdinValidator.Editor.AutomationConfig:RunValidationScan(String, ValidationSetup, Boolean, Action, Boolean, Boolean, Boolean, Boolean, Boolean, Boolean, Boolean, Boolean) (at C:\Sirenix\Sirenix Solution\Sirenix.OdinValidator.Editor\Config\AutomationConfig.cs:305)
Sirenix.OdinValidator.Editor.AutomationConfig:ActuallyInitHooks() (at C:\Sirenix\Sirenix Solution\Sirenix.OdinValidator.Editor\Config\AutomationConfig.cs:186)
Sirenix.OdinValidator.Editor.AutomationConfig:InitHooks() (at C:\Sirenix\Sirenix Solution\Sirenix.OdinValidator.Editor\Config\AutomationConfig.cs:170)
System.Reflection.RuntimeMethodInfo:InternalInvoke(RuntimeMethodInfo, Object, Object[], Exception&)
System.Reflection.RuntimeMethodInfo:Invoke(Object, BindingFlags, Binder, Object[], CultureInfo)
System.Reflection.MethodBase:Invoke(Object, Object[])
UnityEditor.EditorAssemblies:ProcessInitializeOnLoadMethodAttributes()

(Filename: C:/Sirenix/Sirenix Solution/Sirenix.OdinInspector.Editor/Validation/Validators/SceneReference.cs Line: 119)

InvalidOperationException: Calling OpenScene Raisefrom assembly reloading callbacks are not supported.
  at (wrapper managed-to-native) UnityEditor.SceneManagement.EditorSceneManager.OpenScene_Injected(string,UnityEditor.SceneManagement.OpenSceneMode,UnityEngine.SceneManagement.Scene&)
  at UnityEditor.SceneManagement.EditorSceneManager.OpenScene (System.String scenePath, UnityEditor.SceneManagement.OpenSceneMode mode) [0x00000] in <63965ae56af7489797f355b7c1211ab2>:0 
  at Sirenix.OdinInspector.Editor.Validation.SceneReference.TryOpenScene (UnityEditor.SceneManagement.OpenSceneMode mode, UnityEngine.SceneManagement.Scene& scene) [0x00017] in C:\Sirenix\Sirenix Solution\Sirenix.OdinInspector.Editor\Validation\Validators\SceneReference.cs:114 
UnityEngine.DebugLogHandler:Internal_LogException(Exception, Object)
UnityEngine.DebugLogHandler:LogException(Exception, Object)
UnityEngine.Logger:LogException(Exception, Object)
UnityEngine.Debug:LogException(Exception)
Sirenix.OdinInspector.Editor.Validation.SceneReference:TryOpenScene(OpenSceneMode, Scene&) (at C:\Sirenix\Sirenix Solution\Sirenix.OdinInspector.Editor\Validation\Validators\SceneReference.cs:119)
Sirenix.OdinValidator.Editor.<ValidateCurrentWorkQueueEnumerator>d__59:MoveNext() (at C:\Sirenix\Sirenix Solution\Sirenix.OdinValidator.Editor\Core\ValidationSession.cs:557)
Sirenix.OdinValidator.Editor.<ValidateEverythingEnumeratorBatched>d__54:MoveNext() (at C:\Sirenix\Sirenix Solution\Sirenix.OdinValidator.Editor\Core\ValidationSession.cs:376)
Sirenix.OdinValidator.Editor.AutomationConfig:RunValidationScan(String, ValidationSetup, Boolean, Action, Boolean, Boolean, Boolean, Boolean, Boolean, Boolean, Boolean, Boolean) (at C:\Sirenix\Sirenix Solution\Sirenix.OdinValidator.Editor\Config\AutomationConfig.cs:305)
Sirenix.OdinValidator.Editor.AutomationConfig:ActuallyInitHooks() (at C:\Sirenix\Sirenix Solution\Sirenix.OdinValidator.Editor\Config\AutomationConfig.cs:186)
Sirenix.OdinValidator.Editor.AutomationConfig:InitHooks() (at C:\Sirenix\Sirenix Solution\Sirenix.OdinValidator.Editor\Config\AutomationConfig.cs:170)
System.Reflection.RuntimeMethodInfo:InternalInvoke(RuntimeMethodInfo, Object, Object[], Exception&)
System.Reflection.RuntimeMethodInfo:Invoke(Object, BindingFlags, Binder, Object[], CultureInfo)
System.Reflection.MethodBase:Invoke(Object, Object[])
UnityEditor.EditorAssemblies:ProcessInitializeOnLoadMethodAttributes()

(Filename: C:/Sirenix/Sirenix Solution/Sirenix.OdinInspector.Editor/Validation/Validators/SceneReference.cs Line: 119)

InvalidOperationException: Calling OpenScene Raisefrom assembly reloading callbacks are not supported.
  at (wrapper managed-to-native) UnityEditor.SceneManagement.EditorSceneManager.OpenScene_Injected(string,UnityEditor.SceneManagement.OpenSceneMode,UnityEngine.SceneManagement.Scene&)
  at UnityEditor.SceneManagement.EditorSceneManager.OpenScene (System.String scenePath, UnityEditor.SceneManagement.OpenSceneMode mode) [0x00000] in <63965ae56af7489797f355b7c1211ab2>:0 
  at Sirenix.OdinInspector.Editor.Validation.SceneReference.TryOpenScene (UnityEditor.SceneManagement.OpenSceneMode mode, UnityEngine.SceneManagement.Scene& scene) [0x00017] in C:\Sirenix\Sirenix Solution\Sirenix.OdinInspector.Editor\Validation\Validators\SceneReference.cs:114 
UnityEngine.DebugLogHandler:Internal_LogException(Exception, Object)
UnityEngine.DebugLogHandler:LogException(Exception, Object)
UnityEngine.Logger:LogException(Exception, Object)
UnityEngine.Debug:LogException(Exception)
Sirenix.OdinInspector.Editor.Validation.SceneReference:TryOpenScene(OpenSceneMode, Scene&) (at C:\Sirenix\Sirenix Solution\Sirenix.OdinInspector.Editor\Validation\Validators\SceneReference.cs:119)
Sirenix.OdinValidator.Editor.<ValidateCurrentWorkQueueEnumerator>d__59:MoveNext() (at C:\Sirenix\Sirenix Solution\Sirenix.OdinValidator.Editor\Core\ValidationSession.cs:557)
Sirenix.OdinValidator.Editor.<ValidateEverythingEnumeratorBatched>d__54:MoveNext() (at C:\Sirenix\Sirenix Solution\Sirenix.OdinValidator.Editor\Core\ValidationSession.cs:376)
Sirenix.OdinValidator.Editor.AutomationConfig:RunValidationScan(String, ValidationSetup, Boolean, Action, Boolean, Boolean, Boolean, Boolean, Boolean, Boolean, Boolean, Boolean) (at C:\Sirenix\Sirenix Solution\Sirenix.OdinValidator.Editor\Config\AutomationConfig.cs:305)
Sirenix.OdinValidator.Editor.AutomationConfig:ActuallyInitHooks() (at C:\Sirenix\Sirenix Solution\Sirenix.OdinValidator.Editor\Config\AutomationConfig.cs:186)
Sirenix.OdinValidator.Editor.AutomationConfig:InitHooks() (at C:\Sirenix\Sirenix Solution\Sirenix.OdinValidator.Editor\Config\AutomationConfig.cs:170)
System.Reflection.RuntimeMethodInfo:InternalInvoke(RuntimeMethodInfo, Object, Object[], Exception&)
System.Reflection.RuntimeMethodInfo:Invoke(Object, BindingFlags, Binder, Object[], CultureInfo)
System.Reflection.MethodBase:Invoke(Object, Object[])
UnityEditor.EditorAssemblies:ProcessInitializeOnLoadMethodAttributes()

(Filename: C:/Sirenix/Sirenix Solution/Sirenix.OdinInspector.Editor/Validation/Validators/SceneReference.cs Line: 119)

InvalidOperationException: Calling OpenScene Raisefrom assembly reloading callbacks are not supported.
  at (wrapper managed-to-native) UnityEditor.SceneManagement.EditorSceneManager.OpenScene_Injected(string,UnityEditor.SceneManagement.OpenSceneMode,UnityEngine.SceneManagement.Scene&)
  at UnityEditor.SceneManagement.EditorSceneManager.OpenScene (System.String scenePath, UnityEditor.SceneManagement.OpenSceneMode mode) [0x00000] in <63965ae56af7489797f355b7c1211ab2>:0 
  at Sirenix.OdinInspector.Editor.Validation.SceneReference.TryOpenScene (UnityEditor.SceneManagement.OpenSceneMode mode, UnityEngine.SceneManagement.Scene& scene) [0x00017] in C:\Sirenix\Sirenix Solution\Sirenix.OdinInspector.Editor\Validation\Validators\SceneReference.cs:114 
UnityEngine.DebugLogHandler:Internal_LogException(Exception, Object)
UnityEngine.DebugLogHandler:LogException(Exception, Object)
UnityEngine.Logger:LogException(Exception, Object)
UnityEngine.Debug:LogException(Exception)
Sirenix.OdinInspector.Editor.Validation.SceneReference:TryOpenScene(OpenSceneMode, Scene&) (at C:\Sirenix\Sirenix Solution\Sirenix.OdinInspector.Editor\Validation\Validators\SceneReference.cs:119)
Sirenix.OdinValidator.Editor.<ValidateCurrentWorkQueueEnumerator>d__59:MoveNext() (at C:\Sirenix\Sirenix Solution\Sirenix.OdinValidator.Editor\Core\ValidationSession.cs:557)
Sirenix.OdinValidator.Editor.<ValidateEverythingEnumeratorBatched>d__54:MoveNext() (at C:\Sirenix\Sirenix Solution\Sirenix.OdinValidator.Editor\Core\ValidationSession.cs:376)
Sirenix.OdinValidator.Editor.AutomationConfig:RunValidationScan(String, ValidationSetup, Boolean, Action, Boolean, Boolean, Boolean, Boolean, Boolean, Boolean, Boolean, Boolean) (at C:\Sirenix\Sirenix Solution\Sirenix.OdinValidator.Editor\Config\AutomationConfig.cs:305)
Sirenix.OdinValidator.Editor.AutomationConfig:ActuallyInitHooks() (at C:\Sirenix\Sirenix Solution\Sirenix.OdinValidator.Editor\Config\AutomationConfig.cs:186)
Sirenix.OdinValidator.Editor.AutomationConfig:InitHooks() (at C:\Sirenix\Sirenix Solution\Sirenix.OdinValidator.Editor\Config\AutomationConfig.cs:170)
System.Reflection.RuntimeMethodInfo:InternalInvoke(RuntimeMethodInfo, Object, Object[], Exception&)
System.Reflection.RuntimeMethodInfo:Invoke(Object, BindingFlags, Binder, Object[], CultureInfo)
System.Reflection.MethodBase:Invoke(Object, Object[])
UnityEditor.EditorAssemblies:ProcessInitializeOnLoadMethodAttributes()

(Filename: C:/Sirenix/Sirenix Solution/Sirenix.OdinInspector.Editor/Validation/Validators/SceneReference.cs Line: 119)

InvalidOperationException: Calling OpenScene Raisefrom assembly reloading callbacks are not supported.
  at (wrapper managed-to-native) UnityEditor.SceneManagement.EditorSceneManager.OpenScene_Injected(string,UnityEditor.SceneManagement.OpenSceneMode,UnityEngine.SceneManagement.Scene&)
  at UnityEditor.SceneManagement.EditorSceneManager.OpenScene (System.String scenePath, UnityEditor.SceneManagement.OpenSceneMode mode) [0x00000] in <63965ae56af7489797f355b7c1211ab2>:0 
  at Sirenix.OdinInspector.Editor.Validation.SceneReference.TryOpenScene (UnityEditor.SceneManagement.OpenSceneMode mode, UnityEngine.SceneManagement.Scene& scene) [0x00017] in C:\Sirenix\Sirenix Solution\Sirenix.OdinInspector.Editor\Validation\Validators\SceneReference.cs:114 
UnityEngine.DebugLogHandler:Internal_LogException(Exception, Object)
UnityEngine.DebugLogHandler:LogException(Exception, Object)
UnityEngine.Logger:LogException(Exception, Object)
UnityEngine.Debug:LogException(Exception)
Sirenix.OdinInspector.Editor.Validation.SceneReference:TryOpenScene(OpenSceneMode, Scene&) (at C:\Sirenix\Sirenix Solution\Sirenix.OdinInspector.Editor\Validation\Validators\SceneReference.cs:119)
Sirenix.OdinValidator.Editor.<ValidateCurrentWorkQueueEnumerator>d__59:MoveNext() (at C:\Sirenix\Sirenix Solution\Sirenix.OdinValidator.Editor\Core\ValidationSession.cs:557)
Sirenix.OdinValidator.Editor.<ValidateEverythingEnumeratorBatched>d__54:MoveNext() (at C:\Sirenix\Sirenix Solution\Sirenix.OdinValidator.Editor\Core\ValidationSession.cs:376)
Sirenix.OdinValidator.Editor.AutomationConfig:RunValidationScan(String, ValidationSetup, Boolean, Action, Boolean, Boolean, Boolean, Boolean, Boolean, Boolean, Boolean, Boolean) (at C:\Sirenix\Sirenix Solution\Sirenix.OdinValidator.Editor\Config\AutomationConfig.cs:305)
Sirenix.OdinValidator.Editor.AutomationConfig:ActuallyInitHooks() (at C:\Sirenix\Sirenix Solution\Sirenix.OdinValidator.Editor\Config\AutomationConfig.cs:186)
Sirenix.OdinValidator.Editor.AutomationConfig:InitHooks() (at C:\Sirenix\Sirenix Solution\Sirenix.OdinValidator.Editor\Config\AutomationConfig.cs:170)
System.Reflection.RuntimeMethodInfo:InternalInvoke(RuntimeMethodInfo, Object, Object[], Exception&)
System.Reflection.RuntimeMethodInfo:Invoke(Object, BindingFlags, Binder, Object[], CultureInfo)
System.Reflection.MethodBase:Invoke(Object, Object[])
UnityEditor.EditorAssemblies:ProcessInitializeOnLoadMethodAttributes()

(Filename: C:/Sirenix/Sirenix Solution/Sirenix.OdinInspector.Editor/Validation/Validators/SceneReference.cs Line: 119)

InvalidOperationException: Calling OpenScene Raisefrom assembly reloading callbacks are not supported.
  at (wrapper managed-to-native) UnityEditor.SceneManagement.EditorSceneManager.OpenScene_Injected(string,UnityEditor.SceneManagement.OpenSceneMode,UnityEngine.SceneManagement.Scene&)
  at UnityEditor.SceneManagement.EditorSceneManager.OpenScene (System.String scenePath, UnityEditor.SceneManagement.OpenSceneMode mode) [0x00000] in <63965ae56af7489797f355b7c1211ab2>:0 
  at Sirenix.OdinInspector.Editor.Validation.SceneReference.TryOpenScene (UnityEditor.SceneManagement.OpenSceneMode mode, UnityEngine.SceneManagement.Scene& scene) [0x00017] in C:\Sirenix\Sirenix Solution\Sirenix.OdinInspector.Editor\Validation\Validators\SceneReference.cs:114 
UnityEngine.DebugLogHandler:Internal_LogException(Exception, Object)
UnityEngine.DebugLogHandler:LogException(Exception, Object)
UnityEngine.Logger:LogException(Exception, Object)
UnityEngine.Debug:LogException(Exception)
Sirenix.OdinInspector.Editor.Validation.SceneReference:TryOpenScene(OpenSceneMode, Scene&) (at C:\Sirenix\Sirenix Solution\Sirenix.OdinInspector.Editor\Validation\Validators\SceneReference.cs:119)
Sirenix.OdinValidator.Editor.<ValidateCurrentWorkQueueEnumerator>d__59:MoveNext() (at C:\Sirenix\Sirenix Solution\Sirenix.OdinValidator.Editor\Core\ValidationSession.cs:557)
Sirenix.OdinValidator.Editor.<ValidateEverythingEnumeratorBatched>d__54:MoveNext() (at C:\Sirenix\Sirenix Solution\Sirenix.OdinValidator.Editor\Core\ValidationSession.cs:376)
Sirenix.OdinValidator.Editor.AutomationConfig:RunValidationScan(String, ValidationSetup, Boolean, Action, Boolean, Boolean, Boolean, Boolean, Boolean, Boolean, Boolean, Boolean) (at C:\Sirenix\Sirenix Solution\Sirenix.OdinValidator.Editor\Config\AutomationConfig.cs:305)
Sirenix.OdinValidator.Editor.AutomationConfig:ActuallyInitHooks() (at C:\Sirenix\Sirenix Solution\Sirenix.OdinValidator.Editor\Config\AutomationConfig.cs:186)
Sirenix.OdinValidator.Editor.AutomationConfig:InitHooks() (at C:\Sirenix\Sirenix Solution\Sirenix.OdinValidator.Editor\Config\AutomationConfig.cs:170)
System.Reflection.RuntimeMethodInfo:InternalInvoke(RuntimeMethodInfo, Object, Object[], Exception&)
System.Reflection.RuntimeMethodInfo:Invoke(Object, BindingFlags, Binder, Object[], CultureInfo)
System.Reflection.MethodBase:Invoke(Object, Object[])
UnityEditor.EditorAssemblies:ProcessInitializeOnLoadMethodAttributes()

(Filename: C:/Sirenix/Sirenix Solution/Sirenix.OdinInspector.Editor/Validation/Validators/SceneReference.cs Line: 119)

InvalidOperationException: Calling OpenScene Raisefrom assembly reloading callbacks are not supported.
  at (wrapper managed-to-native) UnityEditor.SceneManagement.EditorSceneManager.OpenScene_Injected(string,UnityEditor.SceneManagement.OpenSceneMode,UnityEngine.SceneManagement.Scene&)
  at UnityEditor.SceneManagement.EditorSceneManager.OpenScene (System.String scenePath, UnityEditor.SceneManagement.OpenSceneMode mode) [0x00000] in <63965ae56af7489797f355b7c1211ab2>:0 
  at Sirenix.OdinInspector.Editor.Validation.SceneReference.TryOpenScene (UnityEditor.SceneManagement.OpenSceneMode mode, UnityEngine.SceneManagement.Scene& scene) [0x00017] in C:\Sirenix\Sirenix Solution\Sirenix.OdinInspector.Editor\Validation\Validators\SceneReference.cs:114 
UnityEngine.DebugLogHandler:Internal_LogException(Exception, Object)
UnityEngine.DebugLogHandler:LogException(Exception, Object)
UnityEngine.Logger:LogException(Exception, Object)
UnityEngine.Debug:LogException(Exception)
Sirenix.OdinInspector.Editor.Validation.SceneReference:TryOpenScene(OpenSceneMode, Scene&) (at C:\Sirenix\Sirenix Solution\Sirenix.OdinInspector.Editor\Validation\Validators\SceneReference.cs:119)
Sirenix.OdinValidator.Editor.<ValidateCurrentWorkQueueEnumerator>d__59:MoveNext() (at C:\Sirenix\Sirenix Solution\Sirenix.OdinValidator.Editor\Core\ValidationSession.cs:557)
Sirenix.OdinValidator.Editor.<ValidateEverythingEnumeratorBatched>d__54:MoveNext() (at C:\Sirenix\Sirenix Solution\Sirenix.OdinValidator.Editor\Core\ValidationSession.cs:376)
Sirenix.OdinValidator.Editor.AutomationConfig:RunValidationScan(String, ValidationSetup, Boolean, Action, Boolean, Boolean, Boolean, Boolean, Boolean, Boolean, Boolean, Boolean) (at C:\Sirenix\Sirenix Solution\Sirenix.OdinValidator.Editor\Config\AutomationConfig.cs:305)
Sirenix.OdinValidator.Editor.AutomationConfig:ActuallyInitHooks() (at C:\Sirenix\Sirenix Solution\Sirenix.OdinValidator.Editor\Config\AutomationConfig.cs:186)
Sirenix.OdinValidator.Editor.AutomationConfig:InitHooks() (at C:\Sirenix\Sirenix Solution\Sirenix.OdinValidator.Editor\Config\AutomationConfig.cs:170)
System.Reflection.RuntimeMethodInfo:InternalInvoke(RuntimeMethodInfo, Object, Object[], Exception&)
System.Reflection.RuntimeMethodInfo:Invoke(Object, BindingFlags, Binder, Object[], CultureInfo)
System.Reflection.MethodBase:Invoke(Object, Object[])
UnityEditor.EditorAssemblies:ProcessInitializeOnLoadMethodAttributes()

(Filename: C:/Sirenix/Sirenix Solution/Sirenix.OdinInspector.Editor/Validation/Validators/SceneReference.cs Line: 119)

InvalidOperationException: Calling OpenScene Raisefrom assembly reloading callbacks are not supported.
  at (wrapper managed-to-native) UnityEditor.SceneManagement.EditorSceneManager.OpenScene_Injected(string,UnityEditor.SceneManagement.OpenSceneMode,UnityEngine.SceneManagement.Scene&)
  at UnityEditor.SceneManagement.EditorSceneManager.OpenScene (System.String scenePath, UnityEditor.SceneManagement.OpenSceneMode mode) [0x00000] in <63965ae56af7489797f355b7c1211ab2>:0 
  at Sirenix.OdinInspector.Editor.Validation.SceneReference.TryOpenScene (UnityEditor.SceneManagement.OpenSceneMode mode, UnityEngine.SceneManagement.Scene& scene) [0x00017] in C:\Sirenix\Sirenix Solution\Sirenix.OdinInspector.Editor\Validation\Validators\SceneReference.cs:114 
UnityEngine.DebugLogHandler:Internal_LogException(Exception, Object)
UnityEngine.DebugLogHandler:LogException(Exception, Object)
UnityEngine.Logger:LogException(Exception, Object)
UnityEngine.Debug:LogException(Exception)
Sirenix.OdinInspector.Editor.Validation.SceneReference:TryOpenScene(OpenSceneMode, Scene&) (at C:\Sirenix\Sirenix Solution\Sirenix.OdinInspector.Editor\Validation\Validators\SceneReference.cs:119)
Sirenix.OdinValidator.Editor.<ValidateCurrentWorkQueueEnumerator>d__59:MoveNext() (at C:\Sirenix\Sirenix Solution\Sirenix.OdinValidator.Editor\Core\ValidationSession.cs:557)
Sirenix.OdinValidator.Editor.<ValidateEverythingEnumeratorBatched>d__54:MoveNext() (at C:\Sirenix\Sirenix Solution\Sirenix.OdinValidator.Editor\Core\ValidationSession.cs:376)
Sirenix.OdinValidator.Editor.AutomationConfig:RunValidationScan(String, ValidationSetup, Boolean, Action, Boolean, Boolean, Boolean, Boolean, Boolean, Boolean, Boolean, Boolean) (at C:\Sirenix\Sirenix Solution\Sirenix.OdinValidator.Editor\Config\AutomationConfig.cs:305)
Sirenix.OdinValidator.Editor.AutomationConfig:ActuallyInitHooks() (at C:\Sirenix\Sirenix Solution\Sirenix.OdinValidator.Editor\Config\AutomationConfig.cs:186)
Sirenix.OdinValidator.Editor.AutomationConfig:InitHooks() (at C:\Sirenix\Sirenix Solution\Sirenix.OdinValidator.Editor\Config\AutomationConfig.cs:170)
System.Reflection.RuntimeMethodInfo:InternalInvoke(RuntimeMethodInfo, Object, Object[], Exception&)
System.Reflection.RuntimeMethodInfo:Invoke(Object, BindingFlags, Binder, Object[], CultureInfo)
System.Reflection.MethodBase:Invoke(Object, Object[])
UnityEditor.EditorAssemblies:ProcessInitializeOnLoadMethodAttributes()

(Filename: C:/Sirenix/Sirenix Solution/Sirenix.OdinInspector.Editor/Validation/Validators/SceneReference.cs Line: 119)

InvalidOperationException: Calling OpenScene Raisefrom assembly reloading callbacks are not supported.
  at (wrapper managed-to-native) UnityEditor.SceneManagement.EditorSceneManager.OpenScene_Injected(string,UnityEditor.SceneManagement.OpenSceneMode,UnityEngine.SceneManagement.Scene&)
  at UnityEditor.SceneManagement.EditorSceneManager.OpenScene (System.String scenePath, UnityEditor.SceneManagement.OpenSceneMode mode) [0x00000] in <63965ae56af7489797f355b7c1211ab2>:0 
  at Sirenix.OdinInspector.Editor.Validation.SceneReference.TryOpenScene (UnityEditor.SceneManagement.OpenSceneMode mode, UnityEngine.SceneManagement.Scene& scene) [0x00017] in C:\Sirenix\Sirenix Solution\Sirenix.OdinInspector.Editor\Validation\Validators\SceneReference.cs:114 
UnityEngine.DebugLogHandler:Internal_LogException(Exception, Object)
UnityEngine.DebugLogHandler:LogException(Exception, Object)
UnityEngine.Logger:LogException(Exception, Object)
UnityEngine.Debug:LogException(Exception)
Sirenix.OdinInspector.Editor.Validation.SceneReference:TryOpenScene(OpenSceneMode, Scene&) (at C:\Sirenix\Sirenix Solution\Sirenix.OdinInspector.Editor\Validation\Validators\SceneReference.cs:119)
Sirenix.OdinValidator.Editor.<ValidateCurrentWorkQueueEnumerator>d__59:MoveNext() (at C:\Sirenix\Sirenix Solution\Sirenix.OdinValidator.Editor\Core\ValidationSession.cs:557)
Sirenix.OdinValidator.Editor.<ValidateEverythingEnumeratorBatched>d__54:MoveNext() (at C:\Sirenix\Sirenix Solution\Sirenix.OdinValidator.Editor\Core\ValidationSession.cs:376)
Sirenix.OdinValidator.Editor.AutomationConfig:RunValidationScan(String, ValidationSetup, Boolean, Action, Boolean, Boolean, Boolean, Boolean, Boolean, Boolean, Boolean, Boolean) (at C:\Sirenix\Sirenix Solution\Sirenix.OdinValidator.Editor\Config\AutomationConfig.cs:305)
Sirenix.OdinValidator.Editor.AutomationConfig:ActuallyInitHooks() (at C:\Sirenix\Sirenix Solution\Sirenix.OdinValidator.Editor\Config\AutomationConfig.cs:186)
Sirenix.OdinValidator.Editor.AutomationConfig:InitHooks() (at C:\Sirenix\Sirenix Solution\Sirenix.OdinValidator.Editor\Config\AutomationConfig.cs:170)
System.Reflection.RuntimeMethodInfo:InternalInvoke(RuntimeMethodInfo, Object, Object[], Exception&)
System.Reflection.RuntimeMethodInfo:Invoke(Object, BindingFlags, Binder, Object[], CultureInfo)
System.Reflection.MethodBase:Invoke(Object, Object[])
UnityEditor.EditorAssemblies:ProcessInitializeOnLoadMethodAttributes()

(Filename: C:/Sirenix/Sirenix Solution/Sirenix.OdinInspector.Editor/Validation/Validators/SceneReference.cs Line: 119)

InvalidOperationException: Calling OpenScene Raisefrom assembly reloading callbacks are not supported.
  at (wrapper managed-to-native) UnityEditor.SceneManagement.EditorSceneManager.OpenScene_Injected(string,UnityEditor.SceneManagement.OpenSceneMode,UnityEngine.SceneManagement.Scene&)
  at UnityEditor.SceneManagement.EditorSceneManager.OpenScene (System.String scenePath, UnityEditor.SceneManagement.OpenSceneMode mode) [0x00000] in <63965ae56af7489797f355b7c1211ab2>:0 
  at Sirenix.OdinInspector.Editor.Validation.SceneReference.TryOpenScene (UnityEditor.SceneManagement.OpenSceneMode mode, UnityEngine.SceneManagement.Scene& scene) [0x00017] in C:\Sirenix\Sirenix Solution\Sirenix.OdinInspector.Editor\Validation\Validators\SceneReference.cs:114 
UnityEngine.DebugLogHandler:Internal_LogException(Exception, Object)
UnityEngine.DebugLogHandler:LogException(Exception, Object)
UnityEngine.Logger:LogException(Exception, Object)
UnityEngine.Debug:LogException(Exception)
Sirenix.OdinInspector.Editor.Validation.SceneReference:TryOpenScene(OpenSceneMode, Scene&) (at C:\Sirenix\Sirenix Solution\Sirenix.OdinInspector.Editor\Validation\Validators\SceneReference.cs:119)
Sirenix.OdinValidator.Editor.<ValidateCurrentWorkQueueEnumerator>d__59:MoveNext() (at C:\Sirenix\Sirenix Solution\Sirenix.OdinValidator.Editor\Core\ValidationSession.cs:557)
Sirenix.OdinValidator.Editor.<ValidateEverythingEnumeratorBatched>d__54:MoveNext() (at C:\Sirenix\Sirenix Solution\Sirenix.OdinValidator.Editor\Core\ValidationSession.cs:376)
Sirenix.OdinValidator.Editor.AutomationConfig:RunValidationScan(String, ValidationSetup, Boolean, Action, Boolean, Boolean, Boolean, Boolean, Boolean, Boolean, Boolean, Boolean) (at C:\Sirenix\Sirenix Solution\Sirenix.OdinValidator.Editor\Config\AutomationConfig.cs:305)
Sirenix.OdinValidator.Editor.AutomationConfig:ActuallyInitHooks() (at C:\Sirenix\Sirenix Solution\Sirenix.OdinValidator.Editor\Config\AutomationConfig.cs:186)
Sirenix.OdinValidator.Editor.AutomationConfig:InitHooks() (at C:\Sirenix\Sirenix Solution\Sirenix.OdinValidator.Editor\Config\AutomationConfig.cs:170)
System.Reflection.RuntimeMethodInfo:InternalInvoke(RuntimeMethodInfo, Object, Object[], Exception&)
System.Reflection.RuntimeMethodInfo:Invoke(Object, BindingFlags, Binder, Object[], CultureInfo)
System.Reflection.MethodBase:Invoke(Object, Object[])
UnityEditor.EditorAssemblies:ProcessInitializeOnLoadMethodAttributes()

(Filename: C:/Sirenix/Sirenix Solution/Sirenix.OdinInspector.Editor/Validation/Validators/SceneReference.cs Line: 119)

InvalidOperationException: Calling OpenScene Raisefrom assembly reloading callbacks are not supported.
  at (wrapper managed-to-native) UnityEditor.SceneManagement.EditorSceneManager.OpenScene_Injected(string,UnityEditor.SceneManagement.OpenSceneMode,UnityEngine.SceneManagement.Scene&)
  at UnityEditor.SceneManagement.EditorSceneManager.OpenScene (System.String scenePath, UnityEditor.SceneManagement.OpenSceneMode mode) [0x00000] in <63965ae56af7489797f355b7c1211ab2>:0 
  at Sirenix.OdinInspector.Editor.Validation.SceneReference.TryOpenScene (UnityEditor.SceneManagement.OpenSceneMode mode, UnityEngine.SceneManagement.Scene& scene) [0x00017] in C:\Sirenix\Sirenix Solution\Sirenix.OdinInspector.Editor\Validation\Validators\SceneReference.cs:114 
UnityEngine.DebugLogHandler:Internal_LogException(Exception, Object)
UnityEngine.DebugLogHandler:LogException(Exception, Object)
UnityEngine.Logger:LogException(Exception, Object)
UnityEngine.Debug:LogException(Exception)
Sirenix.OdinInspector.Editor.Validation.SceneReference:TryOpenScene(OpenSceneMode, Scene&) (at C:\Sirenix\Sirenix Solution\Sirenix.OdinInspector.Editor\Validation\Validators\SceneReference.cs:119)
Sirenix.OdinValidator.Editor.<ValidateCurrentWorkQueueEnumerator>d__59:MoveNext() (at C:\Sirenix\Sirenix Solution\Sirenix.OdinValidator.Editor\Core\ValidationSession.cs:557)
Sirenix.OdinValidator.Editor.<ValidateEverythingEnumeratorBatched>d__54:MoveNext() (at C:\Sirenix\Sirenix Solution\Sirenix.OdinValidator.Editor\Core\ValidationSession.cs:376)
Sirenix.OdinValidator.Editor.AutomationConfig:RunValidationScan(String, ValidationSetup, Boolean, Action, Boolean, Boolean, Boolean, Boolean, Boolean, Boolean, Boolean, Boolean) (at C:\Sirenix\Sirenix Solution\Sirenix.OdinValidator.Editor\Config\AutomationConfig.cs:305)
Sirenix.OdinValidator.Editor.AutomationConfig:ActuallyInitHooks() (at C:\Sirenix\Sirenix Solution\Sirenix.OdinValidator.Editor\Config\AutomationConfig.cs:186)
Sirenix.OdinValidator.Editor.AutomationConfig:InitHooks() (at C:\Sirenix\Sirenix Solution\Sirenix.OdinValidator.Editor\Config\AutomationConfig.cs:170)
System.Reflection.RuntimeMethodInfo:InternalInvoke(RuntimeMethodInfo, Object, Object[], Exception&)
System.Reflection.RuntimeMethodInfo:Invoke(Object, BindingFlags, Binder, Object[], CultureInfo)
System.Reflection.MethodBase:Invoke(Object, Object[])
UnityEditor.EditorAssemblies:ProcessInitializeOnLoadMethodAttributes()

(Filename: C:/Sirenix/Sirenix Solution/Sirenix.OdinInspector.Editor/Validation/Validators/SceneReference.cs Line: 119)

InvalidOperationException: Calling OpenScene Raisefrom assembly reloading callbacks are not supported.
  at (wrapper managed-to-native) UnityEditor.SceneManagement.EditorSceneManager.OpenScene_Injected(string,UnityEditor.SceneManagement.OpenSceneMode,UnityEngine.SceneManagement.Scene&)
  at UnityEditor.SceneManagement.EditorSceneManager.OpenScene (System.String scenePath, UnityEditor.SceneManagement.OpenSceneMode mode) [0x00000] in <63965ae56af7489797f355b7c1211ab2>:0 
  at Sirenix.OdinInspector.Editor.Validation.SceneReference.TryOpenScene (UnityEditor.SceneManagement.OpenSceneMode mode, UnityEngine.SceneManagement.Scene& scene) [0x00017] in C:\Sirenix\Sirenix Solution\Sirenix.OdinInspector.Editor\Validation\Validators\SceneReference.cs:114 
UnityEngine.DebugLogHandler:Internal_LogException(Exception, Object)
UnityEngine.DebugLogHandler:LogException(Exception, Object)
UnityEngine.Logger:LogException(Exception, Object)
UnityEngine.Debug:LogException(Exception)
Sirenix.OdinInspector.Editor.Validation.SceneReference:TryOpenScene(OpenSceneMode, Scene&) (at C:\Sirenix\Sirenix Solution\Sirenix.OdinInspector.Editor\Validation\Validators\SceneReference.cs:119)
Sirenix.OdinValidator.Editor.<ValidateCurrentWorkQueueEnumerator>d__59:MoveNext() (at C:\Sirenix\Sirenix Solution\Sirenix.OdinValidator.Editor\Core\ValidationSession.cs:557)
Sirenix.OdinValidator.Editor.<ValidateEverythingEnumeratorBatched>d__54:MoveNext() (at C:\Sirenix\Sirenix Solution\Sirenix.OdinValidator.Editor\Core\ValidationSession.cs:376)
Sirenix.OdinValidator.Editor.AutomationConfig:RunValidationScan(String, ValidationSetup, Boolean, Action, Boolean, Boolean, Boolean, Boolean, Boolean, Boolean, Boolean, Boolean) (at C:\Sirenix\Sirenix Solution\Sirenix.OdinValidator.Editor\Config\AutomationConfig.cs:305)
Sirenix.OdinValidator.Editor.AutomationConfig:ActuallyInitHooks() (at C:\Sirenix\Sirenix Solution\Sirenix.OdinValidator.Editor\Config\AutomationConfig.cs:186)
Sirenix.OdinValidator.Editor.AutomationConfig:InitHooks() (at C:\Sirenix\Sirenix Solution\Sirenix.OdinValidator.Editor\Config\AutomationConfig.cs:170)
System.Reflection.RuntimeMethodInfo:InternalInvoke(RuntimeMethodInfo, Object, Object[], Exception&)
System.Reflection.RuntimeMethodInfo:Invoke(Object, BindingFlags, Binder, Object[], CultureInfo)
System.Reflection.MethodBase:Invoke(Object, Object[])
UnityEditor.EditorAssemblies:ProcessInitializeOnLoadMethodAttributes()

(Filename: C:/Sirenix/Sirenix Solution/Sirenix.OdinInspector.Editor/Validation/Validators/SceneReference.cs Line: 119)

InvalidOperationException: Calling OpenScene Raisefrom assembly reloading callbacks are not supported.
  at (wrapper managed-to-native) UnityEditor.SceneManagement.EditorSceneManager.OpenScene_Injected(string,UnityEditor.SceneManagement.OpenSceneMode,UnityEngine.SceneManagement.Scene&)
  at UnityEditor.SceneManagement.EditorSceneManager.OpenScene (System.String scenePath, UnityEditor.SceneManagement.OpenSceneMode mode) [0x00000] in <63965ae56af7489797f355b7c1211ab2>:0 
  at Sirenix.OdinInspector.Editor.Validation.SceneReference.TryOpenScene (UnityEditor.SceneManagement.OpenSceneMode mode, UnityEngine.SceneManagement.Scene& scene) [0x00017] in C:\Sirenix\Sirenix Solution\Sirenix.OdinInspector.Editor\Validation\Validators\SceneReference.cs:114 
UnityEngine.DebugLogHandler:Internal_LogException(Exception, Object)
UnityEngine.DebugLogHandler:LogException(Exception, Object)
UnityEngine.Logger:LogException(Exception, Object)
UnityEngine.Debug:LogException(Exception)
Sirenix.OdinInspector.Editor.Validation.SceneReference:TryOpenScene(OpenSceneMode, Scene&) (at C:\Sirenix\Sirenix Solution\Sirenix.OdinInspector.Editor\Validation\Validators\SceneReference.cs:119)
Sirenix.OdinValidator.Editor.<ValidateCurrentWorkQueueEnumerator>d__59:MoveNext() (at C:\Sirenix\Sirenix Solution\Sirenix.OdinValidator.Editor\Core\ValidationSession.cs:557)
Sirenix.OdinValidator.Editor.<ValidateEverythingEnumeratorBatched>d__54:MoveNext() (at C:\Sirenix\Sirenix Solution\Sirenix.OdinValidator.Editor\Core\ValidationSession.cs:376)
Sirenix.OdinValidator.Editor.AutomationConfig:RunValidationScan(String, ValidationSetup, Boolean, Action, Boolean, Boolean, Boolean, Boolean, Boolean, Boolean, Boolean, Boolean) (at C:\Sirenix\Sirenix Solution\Sirenix.OdinValidator.Editor\Config\AutomationConfig.cs:305)
Sirenix.OdinValidator.Editor.AutomationConfig:ActuallyInitHooks() (at C:\Sirenix\Sirenix Solution\Sirenix.OdinValidator.Editor\Config\AutomationConfig.cs:186)
Sirenix.OdinValidator.Editor.AutomationConfig:InitHooks() (at C:\Sirenix\Sirenix Solution\Sirenix.OdinValidator.Editor\Config\AutomationConfig.cs:170)
System.Reflection.RuntimeMethodInfo:InternalInvoke(RuntimeMethodInfo, Object, Object[], Exception&)
System.Reflection.RuntimeMethodInfo:Invoke(Object, BindingFlags, Binder, Object[], CultureInfo)
System.Reflection.MethodBase:Invoke(Object, Object[])
UnityEditor.EditorAssemblies:ProcessInitializeOnLoadMethodAttributes()

(Filename: C:/Sirenix/Sirenix Solution/Sirenix.OdinInspector.Editor/Validation/Validators/SceneReference.cs Line: 119)

InvalidOperationException: Calling OpenScene Raisefrom assembly reloading callbacks are not supported.
  at (wrapper managed-to-native) UnityEditor.SceneManagement.EditorSceneManager.OpenScene_Injected(string,UnityEditor.SceneManagement.OpenSceneMode,UnityEngine.SceneManagement.Scene&)
  at UnityEditor.SceneManagement.EditorSceneManager.OpenScene (System.String scenePath, UnityEditor.SceneManagement.OpenSceneMode mode) [0x00000] in <63965ae56af7489797f355b7c1211ab2>:0 
  at Sirenix.OdinInspector.Editor.Validation.SceneReference.TryOpenScene (UnityEditor.SceneManagement.OpenSceneMode mode, UnityEngine.SceneManagement.Scene& scene) [0x00017] in C:\Sirenix\Sirenix Solution\Sirenix.OdinInspector.Editor\Validation\Validators\SceneReference.cs:114 
UnityEngine.DebugLogHandler:Internal_LogException(Exception, Object)
UnityEngine.DebugLogHandler:LogException(Exception, Object)
UnityEngine.Logger:LogException(Exception, Object)
UnityEngine.Debug:LogException(Exception)
Sirenix.OdinInspector.Editor.Validation.SceneReference:TryOpenScene(OpenSceneMode, Scene&) (at C:\Sirenix\Sirenix Solution\Sirenix.OdinInspector.Editor\Validation\Validators\SceneReference.cs:119)
Sirenix.OdinValidator.Editor.<ValidateCurrentWorkQueueEnumerator>d__59:MoveNext() (at C:\Sirenix\Sirenix Solution\Sirenix.OdinValidator.Editor\Core\ValidationSession.cs:557)
Sirenix.OdinValidator.Editor.<ValidateEverythingEnumeratorBatched>d__54:MoveNext() (at C:\Sirenix\Sirenix Solution\Sirenix.OdinValidator.Editor\Core\ValidationSession.cs:376)
Sirenix.OdinValidator.Editor.AutomationConfig:RunValidationScan(String, ValidationSetup, Boolean, Action, Boolean, Boolean, Boolean, Boolean, Boolean, Boolean, Boolean, Boolean) (at C:\Sirenix\Sirenix Solution\Sirenix.OdinValidator.Editor\Config\AutomationConfig.cs:305)
Sirenix.OdinValidator.Editor.AutomationConfig:ActuallyInitHooks() (at C:\Sirenix\Sirenix Solution\Sirenix.OdinValidator.Editor\Config\AutomationConfig.cs:186)
Sirenix.OdinValidator.Editor.AutomationConfig:InitHooks() (at C:\Sirenix\Sirenix Solution\Sirenix.OdinValidator.Editor\Config\AutomationConfig.cs:170)
System.Reflection.RuntimeMethodInfo:InternalInvoke(RuntimeMethodInfo, Object, Object[], Exception&)
System.Reflection.RuntimeMethodInfo:Invoke(Object, BindingFlags, Binder, Object[], CultureInfo)
System.Reflection.MethodBase:Invoke(Object, Object[])
UnityEditor.EditorAssemblies:ProcessInitializeOnLoadMethodAttributes()

(Filename: C:/Sirenix/Sirenix Solution/Sirenix.OdinInspector.Editor/Validation/Validators/SceneReference.cs Line: 119)

InvalidOperationException: Calling OpenScene Raisefrom assembly reloading callbacks are not supported.
  at (wrapper managed-to-native) UnityEditor.SceneManagement.EditorSceneManager.OpenScene_Injected(string,UnityEditor.SceneManagement.OpenSceneMode,UnityEngine.SceneManagement.Scene&)
  at UnityEditor.SceneManagement.EditorSceneManager.OpenScene (System.String scenePath, UnityEditor.SceneManagement.OpenSceneMode mode) [0x00000] in <63965ae56af7489797f355b7c1211ab2>:0 
  at Sirenix.OdinInspector.Editor.Validation.SceneReference.TryOpenScene (UnityEditor.SceneManagement.OpenSceneMode mode, UnityEngine.SceneManagement.Scene& scene) [0x00017] in C:\Sirenix\Sirenix Solution\Sirenix.OdinInspector.Editor\Validation\Validators\SceneReference.cs:114 
UnityEngine.DebugLogHandler:Internal_LogException(Exception, Object)
UnityEngine.DebugLogHandler:LogException(Exception, Object)
UnityEngine.Logger:LogException(Exception, Object)
UnityEngine.Debug:LogException(Exception)
Sirenix.OdinInspector.Editor.Validation.SceneReference:TryOpenScene(OpenSceneMode, Scene&) (at C:\Sirenix\Sirenix Solution\Sirenix.OdinInspector.Editor\Validation\Validators\SceneReference.cs:119)
Sirenix.OdinValidator.Editor.<ValidateCurrentWorkQueueEnumerator>d__59:MoveNext() (at C:\Sirenix\Sirenix Solution\Sirenix.OdinValidator.Editor\Core\ValidationSession.cs:557)
Sirenix.OdinValidator.Editor.<ValidateEverythingEnumeratorBatched>d__54:MoveNext() (at C:\Sirenix\Sirenix Solution\Sirenix.OdinValidator.Editor\Core\ValidationSession.cs:376)
Sirenix.OdinValidator.Editor.AutomationConfig:RunValidationScan(String, ValidationSetup, Boolean, Action, Boolean, Boolean, Boolean, Boolean, Boolean, Boolean, Boolean, Boolean) (at C:\Sirenix\Sirenix Solution\Sirenix.OdinValidator.Editor\Config\AutomationConfig.cs:305)
Sirenix.OdinValidator.Editor.AutomationConfig:ActuallyInitHooks() (at C:\Sirenix\Sirenix Solution\Sirenix.OdinValidator.Editor\Config\AutomationConfig.cs:186)
Sirenix.OdinValidator.Editor.AutomationConfig:InitHooks() (at C:\Sirenix\Sirenix Solution\Sirenix.OdinValidator.Editor\Config\AutomationConfig.cs:170)
System.Reflection.RuntimeMethodInfo:InternalInvoke(RuntimeMethodInfo, Object, Object[], Exception&)
System.Reflection.RuntimeMethodInfo:Invoke(Object, BindingFlags, Binder, Object[], CultureInfo)
System.Reflection.MethodBase:Invoke(Object, Object[])
UnityEditor.EditorAssemblies:ProcessInitializeOnLoadMethodAttributes()

(Filename: C:/Sirenix/Sirenix Solution/Sirenix.OdinInspector.Editor/Validation/Validators/SceneReference.cs Line: 119)

InvalidOperationException: Calling OpenScene Raisefrom assembly reloading callbacks are not supported.
  at (wrapper managed-to-native) UnityEditor.SceneManagement.EditorSceneManager.OpenScene_Injected(string,UnityEditor.SceneManagement.OpenSceneMode,UnityEngine.SceneManagement.Scene&)
  at UnityEditor.SceneManagement.EditorSceneManager.OpenScene (System.String scenePath, UnityEditor.SceneManagement.OpenSceneMode mode) [0x00000] in <63965ae56af7489797f355b7c1211ab2>:0 
  at Sirenix.OdinInspector.Editor.Validation.SceneReference.TryOpenScene (UnityEditor.SceneManagement.OpenSceneMode mode, UnityEngine.SceneManagement.Scene& scene) [0x00017] in C:\Sirenix\Sirenix Solution\Sirenix.OdinInspector.Editor\Validation\Validators\SceneReference.cs:114 
UnityEngine.DebugLogHandler:Internal_LogException(Exception, Object)
UnityEngine.DebugLogHandler:LogException(Exception, Object)
UnityEngine.Logger:LogException(Exception, Object)
UnityEngine.Debug:LogException(Exception)
Sirenix.OdinInspector.Editor.Validation.SceneReference:TryOpenScene(OpenSceneMode, Scene&) (at C:\Sirenix\Sirenix Solution\Sirenix.OdinInspector.Editor\Validation\Validators\SceneReference.cs:119)
Sirenix.OdinValidator.Editor.<ValidateCurrentWorkQueueEnumerator>d__59:MoveNext() (at C:\Sirenix\Sirenix Solution\Sirenix.OdinValidator.Editor\Core\ValidationSession.cs:557)
Sirenix.OdinValidator.Editor.<ValidateEverythingEnumeratorBatched>d__54:MoveNext() (at C:\Sirenix\Sirenix Solution\Sirenix.OdinValidator.Editor\Core\ValidationSession.cs:376)
Sirenix.OdinValidator.Editor.AutomationConfig:RunValidationScan(String, ValidationSetup, Boolean, Action, Boolean, Boolean, Boolean, Boolean, Boolean, Boolean, Boolean, Boolean) (at C:\Sirenix\Sirenix Solution\Sirenix.OdinValidator.Editor\Config\AutomationConfig.cs:305)
Sirenix.OdinValidator.Editor.AutomationConfig:ActuallyInitHooks() (at C:\Sirenix\Sirenix Solution\Sirenix.OdinValidator.Editor\Config\AutomationConfig.cs:186)
Sirenix.OdinValidator.Editor.AutomationConfig:InitHooks() (at C:\Sirenix\Sirenix Solution\Sirenix.OdinValidator.Editor\Config\AutomationConfig.cs:170)
System.Reflection.RuntimeMethodInfo:InternalInvoke(RuntimeMethodInfo, Object, Object[], Exception&)
System.Reflection.RuntimeMethodInfo:Invoke(Object, BindingFlags, Binder, Object[], CultureInfo)
System.Reflection.MethodBase:Invoke(Object, Object[])
UnityEditor.EditorAssemblies:ProcessInitializeOnLoadMethodAttributes()

(Filename: C:/Sirenix/Sirenix Solution/Sirenix.OdinInspector.Editor/Validation/Validators/SceneReference.cs Line: 119)

InvalidOperationException: Calling OpenScene Raisefrom assembly reloading callbacks are not supported.
  at (wrapper managed-to-native) UnityEditor.SceneManagement.EditorSceneManager.OpenScene_Injected(string,UnityEditor.SceneManagement.OpenSceneMode,UnityEngine.SceneManagement.Scene&)
  at UnityEditor.SceneManagement.EditorSceneManager.OpenScene (System.String scenePath, UnityEditor.SceneManagement.OpenSceneMode mode) [0x00000] in <63965ae56af7489797f355b7c1211ab2>:0 
  at Sirenix.OdinInspector.Editor.Validation.SceneReference.TryOpenScene (UnityEditor.SceneManagement.OpenSceneMode mode, UnityEngine.SceneManagement.Scene& scene) [0x00017] in C:\Sirenix\Sirenix Solution\Sirenix.OdinInspector.Editor\Validation\Validators\SceneReference.cs:114 
UnityEngine.DebugLogHandler:Internal_LogException(Exception, Object)
UnityEngine.DebugLogHandler:LogException(Exception, Object)
UnityEngine.Logger:LogException(Exception, Object)
UnityEngine.Debug:LogException(Exception)
Sirenix.OdinInspector.Editor.Validation.SceneReference:TryOpenScene(OpenSceneMode, Scene&) (at C:\Sirenix\Sirenix Solution\Sirenix.OdinInspector.Editor\Validation\Validators\SceneReference.cs:119)
Sirenix.OdinValidator.Editor.<ValidateCurrentWorkQueueEnumerator>d__59:MoveNext() (at C:\Sirenix\Sirenix Solution\Sirenix.OdinValidator.Editor\Core\ValidationSession.cs:557)
Sirenix.OdinValidator.Editor.<ValidateEverythingEnumeratorBatched>d__54:MoveNext() (at C:\Sirenix\Sirenix Solution\Sirenix.OdinValidator.Editor\Core\ValidationSession.cs:376)
Sirenix.OdinValidator.Editor.AutomationConfig:RunValidationScan(String, ValidationSetup, Boolean, Action, Boolean, Boolean, Boolean, Boolean, Boolean, Boolean, Boolean, Boolean) (at C:\Sirenix\Sirenix Solution\Sirenix.OdinValidator.Editor\Config\AutomationConfig.cs:305)
Sirenix.OdinValidator.Editor.AutomationConfig:ActuallyInitHooks() (at C:\Sirenix\Sirenix Solution\Sirenix.OdinValidator.Editor\Config\AutomationConfig.cs:186)
Sirenix.OdinValidator.Editor.AutomationConfig:InitHooks() (at C:\Sirenix\Sirenix Solution\Sirenix.OdinValidator.Editor\Config\AutomationConfig.cs:170)
System.Reflection.RuntimeMethodInfo:InternalInvoke(RuntimeMethodInfo, Object, Object[], Exception&)
System.Reflection.RuntimeMethodInfo:Invoke(Object, BindingFlags, Binder, Object[], CultureInfo)
System.Reflection.MethodBase:Invoke(Object, Object[])
UnityEditor.EditorAssemblies:ProcessInitializeOnLoadMethodAttributes()

(Filename: C:/Sirenix/Sirenix Solution/Sirenix.OdinInspector.Editor/Validation/Validators/SceneReference.cs Line: 119)

InvalidOperationException: Calling OpenScene Raisefrom assembly reloading callbacks are not supported.
  at (wrapper managed-to-native) UnityEditor.SceneManagement.EditorSceneManager.OpenScene_Injected(string,UnityEditor.SceneManagement.OpenSceneMode,UnityEngine.SceneManagement.Scene&)
  at UnityEditor.SceneManagement.EditorSceneManager.OpenScene (System.String scenePath, UnityEditor.SceneManagement.OpenSceneMode mode) [0x00000] in <63965ae56af7489797f355b7c1211ab2>:0 
  at Sirenix.OdinInspector.Editor.Validation.SceneReference.TryOpenScene (UnityEditor.SceneManagement.OpenSceneMode mode, UnityEngine.SceneManagement.Scene& scene) [0x00017] in C:\Sirenix\Sirenix Solution\Sirenix.OdinInspector.Editor\Validation\Validators\SceneReference.cs:114 
UnityEngine.DebugLogHandler:Internal_LogException(Exception, Object)
UnityEngine.DebugLogHandler:LogException(Exception, Object)
UnityEngine.Logger:LogException(Exception, Object)
UnityEngine.Debug:LogException(Exception)
Sirenix.OdinInspector.Editor.Validation.SceneReference:TryOpenScene(OpenSceneMode, Scene&) (at C:\Sirenix\Sirenix Solution\Sirenix.OdinInspector.Editor\Validation\Validators\SceneReference.cs:119)
Sirenix.OdinValidator.Editor.<ValidateCurrentWorkQueueEnumerator>d__59:MoveNext() (at C:\Sirenix\Sirenix Solution\Sirenix.OdinValidator.Editor\Core\ValidationSession.cs:557)
Sirenix.OdinValidator.Editor.<ValidateEverythingEnumeratorBatched>d__54:MoveNext() (at C:\Sirenix\Sirenix Solution\Sirenix.OdinValidator.Editor\Core\ValidationSession.cs:376)
Sirenix.OdinValidator.Editor.AutomationConfig:RunValidationScan(String, ValidationSetup, Boolean, Action, Boolean, Boolean, Boolean, Boolean, Boolean, Boolean, Boolean, Boolean) (at C:\Sirenix\Sirenix Solution\Sirenix.OdinValidator.Editor\Config\AutomationConfig.cs:305)
Sirenix.OdinValidator.Editor.AutomationConfig:ActuallyInitHooks() (at C:\Sirenix\Sirenix Solution\Sirenix.OdinValidator.Editor\Config\AutomationConfig.cs:186)
Sirenix.OdinValidator.Editor.AutomationConfig:InitHooks() (at C:\Sirenix\Sirenix Solution\Sirenix.OdinValidator.Editor\Config\AutomationConfig.cs:170)
System.Reflection.RuntimeMethodInfo:InternalInvoke(RuntimeMethodInfo, Object, Object[], Exception&)
System.Reflection.RuntimeMethodInfo:Invoke(Object, BindingFlags, Binder, Object[], CultureInfo)
System.Reflection.MethodBase:Invoke(Object, Object[])
UnityEditor.EditorAssemblies:ProcessInitializeOnLoadMethodAttributes()

(Filename: C:/Sirenix/Sirenix Solution/Sirenix.OdinInspector.Editor/Validation/Validators/SceneReference.cs Line: 119)

InvalidOperationException: Calling OpenScene Raisefrom assembly reloading callbacks are not supported.
  at (wrapper managed-to-native) UnityEditor.SceneManagement.EditorSceneManager.OpenScene_Injected(string,UnityEditor.SceneManagement.OpenSceneMode,UnityEngine.SceneManagement.Scene&)
  at UnityEditor.SceneManagement.EditorSceneManager.OpenScene (System.String scenePath, UnityEditor.SceneManagement.OpenSceneMode mode) [0x00000] in <63965ae56af7489797f355b7c1211ab2>:0 
  at Sirenix.OdinInspector.Editor.Validation.SceneReference.TryOpenScene (UnityEditor.SceneManagement.OpenSceneMode mode, UnityEngine.SceneManagement.Scene& scene) [0x00017] in C:\Sirenix\Sirenix Solution\Sirenix.OdinInspector.Editor\Validation\Validators\SceneReference.cs:114 
UnityEngine.DebugLogHandler:Internal_LogException(Exception, Object)
UnityEngine.DebugLogHandler:LogException(Exception, Object)
UnityEngine.Logger:LogException(Exception, Object)
UnityEngine.Debug:LogException(Exception)
Sirenix.OdinInspector.Editor.Validation.SceneReference:TryOpenScene(OpenSceneMode, Scene&) (at C:\Sirenix\Sirenix Solution\Sirenix.OdinInspector.Editor\Validation\Validators\SceneReference.cs:119)
Sirenix.OdinValidator.Editor.<ValidateCurrentWorkQueueEnumerator>d__59:MoveNext() (at C:\Sirenix\Sirenix Solution\Sirenix.OdinValidator.Editor\Core\ValidationSession.cs:557)
Sirenix.OdinValidator.Editor.<ValidateEverythingEnumeratorBatched>d__54:MoveNext() (at C:\Sirenix\Sirenix Solution\Sirenix.OdinValidator.Editor\Core\ValidationSession.cs:376)
Sirenix.OdinValidator.Editor.AutomationConfig:RunValidationScan(String, ValidationSetup, Boolean, Action, Boolean, Boolean, Boolean, Boolean, Boolean, Boolean, Boolean, Boolean) (at C:\Sirenix\Sirenix Solution\Sirenix.OdinValidator.Editor\Config\AutomationConfig.cs:305)
Sirenix.OdinValidator.Editor.AutomationConfig:ActuallyInitHooks() (at C:\Sirenix\Sirenix Solution\Sirenix.OdinValidator.Editor\Config\AutomationConfig.cs:186)
Sirenix.OdinValidator.Editor.AutomationConfig:InitHooks() (at C:\Sirenix\Sirenix Solution\Sirenix.OdinValidator.Editor\Config\AutomationConfig.cs:170)
System.Reflection.RuntimeMethodInfo:InternalInvoke(RuntimeMethodInfo, Object, Object[], Exception&)
System.Reflection.RuntimeMethodInfo:Invoke(Object, BindingFlags, Binder, Object[], CultureInfo)
System.Reflection.MethodBase:Invoke(Object, Object[])
UnityEditor.EditorAssemblies:ProcessInitializeOnLoadMethodAttributes()

(Filename: C:/Sirenix/Sirenix Solution/Sirenix.OdinInspector.Editor/Validation/Validators/SceneReference.cs Line: 119)

InvalidOperationException: Calling OpenScene Raisefrom assembly reloading callbacks are not supported.
  at (wrapper managed-to-native) UnityEditor.SceneManagement.EditorSceneManager.OpenScene_Injected(string,UnityEditor.SceneManagement.OpenSceneMode,UnityEngine.SceneManagement.Scene&)
  at UnityEditor.SceneManagement.EditorSceneManager.OpenScene (System.String scenePath, UnityEditor.SceneManagement.OpenSceneMode mode) [0x00000] in <63965ae56af7489797f355b7c1211ab2>:0 
  at Sirenix.OdinInspector.Editor.Validation.SceneReference.TryOpenScene (UnityEditor.SceneManagement.OpenSceneMode mode, UnityEngine.SceneManagement.Scene& scene) [0x00017] in C:\Sirenix\Sirenix Solution\Sirenix.OdinInspector.Editor\Validation\Validators\SceneReference.cs:114 
UnityEngine.DebugLogHandler:Internal_LogException(Exception, Object)
UnityEngine.DebugLogHandler:LogException(Exception, Object)
UnityEngine.Logger:LogException(Exception, Object)
UnityEngine.Debug:LogException(Exception)
Sirenix.OdinInspector.Editor.Validation.SceneReference:TryOpenScene(OpenSceneMode, Scene&) (at C:\Sirenix\Sirenix Solution\Sirenix.OdinInspector.Editor\Validation\Validators\SceneReference.cs:119)
Sirenix.OdinValidator.Editor.<ValidateCurrentWorkQueueEnumerator>d__59:MoveNext() (at C:\Sirenix\Sirenix Solution\Sirenix.OdinValidator.Editor\Core\ValidationSession.cs:557)
Sirenix.OdinValidator.Editor.<ValidateEverythingEnumeratorBatched>d__54:MoveNext() (at C:\Sirenix\Sirenix Solution\Sirenix.OdinValidator.Editor\Core\ValidationSession.cs:376)
Sirenix.OdinValidator.Editor.AutomationConfig:RunValidationScan(String, ValidationSetup, Boolean, Action, Boolean, Boolean, Boolean, Boolean, Boolean, Boolean, Boolean, Boolean) (at C:\Sirenix\Sirenix Solution\Sirenix.OdinValidator.Editor\Config\AutomationConfig.cs:305)
Sirenix.OdinValidator.Editor.AutomationConfig:ActuallyInitHooks() (at C:\Sirenix\Sirenix Solution\Sirenix.OdinValidator.Editor\Config\AutomationConfig.cs:186)
Sirenix.OdinValidator.Editor.AutomationConfig:InitHooks() (at C:\Sirenix\Sirenix Solution\Sirenix.OdinValidator.Editor\Config\AutomationConfig.cs:170)
System.Reflection.RuntimeMethodInfo:InternalInvoke(RuntimeMethodInfo, Object, Object[], Exception&)
System.Reflection.RuntimeMethodInfo:Invoke(Object, BindingFlags, Binder, Object[], CultureInfo)
System.Reflection.MethodBase:Invoke(Object, Object[])
UnityEditor.EditorAssemblies:ProcessInitializeOnLoadMethodAttributes()

(Filename: C:/Sirenix/Sirenix Solution/Sirenix.OdinInspector.Editor/Validation/Validators/SceneReference.cs Line: 119)

InvalidOperationException: Calling OpenScene Raisefrom assembly reloading callbacks are not supported.
  at (wrapper managed-to-native) UnityEditor.SceneManagement.EditorSceneManager.OpenScene_Injected(string,UnityEditor.SceneManagement.OpenSceneMode,UnityEngine.SceneManagement.Scene&)
  at UnityEditor.SceneManagement.EditorSceneManager.OpenScene (System.String scenePath, UnityEditor.SceneManagement.OpenSceneMode mode) [0x00000] in <63965ae56af7489797f355b7c1211ab2>:0 
  at Sirenix.OdinInspector.Editor.Validation.SceneReference.TryOpenScene (UnityEditor.SceneManagement.OpenSceneMode mode, UnityEngine.SceneManagement.Scene& scene) [0x00017] in C:\Sirenix\Sirenix Solution\Sirenix.OdinInspector.Editor\Validation\Validators\SceneReference.cs:114 
UnityEngine.DebugLogHandler:Internal_LogException(Exception, Object)
UnityEngine.DebugLogHandler:LogException(Exception, Object)
UnityEngine.Logger:LogException(Exception, Object)
UnityEngine.Debug:LogException(Exception)
Sirenix.OdinInspector.Editor.Validation.SceneReference:TryOpenScene(OpenSceneMode, Scene&) (at C:\Sirenix\Sirenix Solution\Sirenix.OdinInspector.Editor\Validation\Validators\SceneReference.cs:119)
Sirenix.OdinValidator.Editor.<ValidateCurrentWorkQueueEnumerator>d__59:MoveNext() (at C:\Sirenix\Sirenix Solution\Sirenix.OdinValidator.Editor\Core\ValidationSession.cs:557)
Sirenix.OdinValidator.Editor.<ValidateEverythingEnumeratorBatched>d__54:MoveNext() (at C:\Sirenix\Sirenix Solution\Sirenix.OdinValidator.Editor\Core\ValidationSession.cs:376)
Sirenix.OdinValidator.Editor.AutomationConfig:RunValidationScan(String, ValidationSetup, Boolean, Action, Boolean, Boolean, Boolean, Boolean, Boolean, Boolean, Boolean, Boolean) (at C:\Sirenix\Sirenix Solution\Sirenix.OdinValidator.Editor\Config\AutomationConfig.cs:305)
Sirenix.OdinValidator.Editor.AutomationConfig:ActuallyInitHooks() (at C:\Sirenix\Sirenix Solution\Sirenix.OdinValidator.Editor\Config\AutomationConfig.cs:186)
Sirenix.OdinValidator.Editor.AutomationConfig:InitHooks() (at C:\Sirenix\Sirenix Solution\Sirenix.OdinValidator.Editor\Config\AutomationConfig.cs:170)
System.Reflection.RuntimeMethodInfo:InternalInvoke(RuntimeMethodInfo, Object, Object[], Exception&)
System.Reflection.RuntimeMethodInfo:Invoke(Object, BindingFlags, Binder, Object[], CultureInfo)
System.Reflection.MethodBase:Invoke(Object, Object[])
UnityEditor.EditorAssemblies:ProcessInitializeOnLoadMethodAttributes()

(Filename: C:/Sirenix/Sirenix Solution/Sirenix.OdinInspector.Editor/Validation/Validators/SceneReference.cs Line: 119)

InvalidOperationException: Calling OpenScene Raisefrom assembly reloading callbacks are not supported.
  at (wrapper managed-to-native) UnityEditor.SceneManagement.EditorSceneManager.OpenScene_Injected(string,UnityEditor.SceneManagement.OpenSceneMode,UnityEngine.SceneManagement.Scene&)
  at UnityEditor.SceneManagement.EditorSceneManager.OpenScene (System.String scenePath, UnityEditor.SceneManagement.OpenSceneMode mode) [0x00000] in <63965ae56af7489797f355b7c1211ab2>:0 
  at Sirenix.OdinInspector.Editor.Validation.SceneReference.TryOpenScene (UnityEditor.SceneManagement.OpenSceneMode mode, UnityEngine.SceneManagement.Scene& scene) [0x00017] in C:\Sirenix\Sirenix Solution\Sirenix.OdinInspector.Editor\Validation\Validators\SceneReference.cs:114 
UnityEngine.DebugLogHandler:Internal_LogException(Exception, Object)
UnityEngine.DebugLogHandler:LogException(Exception, Object)
UnityEngine.Logger:LogException(Exception, Object)
UnityEngine.Debug:LogException(Exception)
Sirenix.OdinInspector.Editor.Validation.SceneReference:TryOpenScene(OpenSceneMode, Scene&) (at C:\Sirenix\Sirenix Solution\Sirenix.OdinInspector.Editor\Validation\Validators\SceneReference.cs:119)
Sirenix.OdinValidator.Editor.<ValidateCurrentWorkQueueEnumerator>d__59:MoveNext() (at C:\Sirenix\Sirenix Solution\Sirenix.OdinValidator.Editor\Core\ValidationSession.cs:557)
Sirenix.OdinValidator.Editor.<ValidateEverythingEnumeratorBatched>d__54:MoveNext() (at C:\Sirenix\Sirenix Solution\Sirenix.OdinValidator.Editor\Core\ValidationSession.cs:376)
Sirenix.OdinValidator.Editor.AutomationConfig:RunValidationScan(String, ValidationSetup, Boolean, Action, Boolean, Boolean, Boolean, Boolean, Boolean, Boolean, Boolean, Boolean) (at C:\Sirenix\Sirenix Solution\Sirenix.OdinValidator.Editor\Config\AutomationConfig.cs:305)
Sirenix.OdinValidator.Editor.AutomationConfig:ActuallyInitHooks() (at C:\Sirenix\Sirenix Solution\Sirenix.OdinValidator.Editor\Config\AutomationConfig.cs:186)
Sirenix.OdinValidator.Editor.AutomationConfig:InitHooks() (at C:\Sirenix\Sirenix Solution\Sirenix.OdinValidator.Editor\Config\AutomationConfig.cs:170)
System.Reflection.RuntimeMethodInfo:InternalInvoke(RuntimeMethodInfo, Object, Object[], Exception&)
System.Reflection.RuntimeMethodInfo:Invoke(Object, BindingFlags, Binder, Object[], CultureInfo)
System.Reflection.MethodBase:Invoke(Object, Object[])
UnityEditor.EditorAssemblies:ProcessInitializeOnLoadMethodAttributes()

(Filename: C:/Sirenix/Sirenix Solution/Sirenix.OdinInspector.Editor/Validation/Validators/SceneReference.cs Line: 119)

InvalidOperationException: Calling OpenScene Raisefrom assembly reloading callbacks are not supported.
  at (wrapper managed-to-native) UnityEditor.SceneManagement.EditorSceneManager.OpenScene_Injected(string,UnityEditor.SceneManagement.OpenSceneMode,UnityEngine.SceneManagement.Scene&)
  at UnityEditor.SceneManagement.EditorSceneManager.OpenScene (System.String scenePath, UnityEditor.SceneManagement.OpenSceneMode mode) [0x00000] in <63965ae56af7489797f355b7c1211ab2>:0 
  at Sirenix.OdinInspector.Editor.Validation.SceneReference.TryOpenScene (UnityEditor.SceneManagement.OpenSceneMode mode, UnityEngine.SceneManagement.Scene& scene) [0x00017] in C:\Sirenix\Sirenix Solution\Sirenix.OdinInspector.Editor\Validation\Validators\SceneReference.cs:114 
UnityEngine.DebugLogHandler:Internal_LogException(Exception, Object)
UnityEngine.DebugLogHandler:LogException(Exception, Object)
UnityEngine.Logger:LogException(Exception, Object)
UnityEngine.Debug:LogException(Exception)
Sirenix.OdinInspector.Editor.Validation.SceneReference:TryOpenScene(OpenSceneMode, Scene&) (at C:\Sirenix\Sirenix Solution\Sirenix.OdinInspector.Editor\Validation\Validators\SceneReference.cs:119)
Sirenix.OdinValidator.Editor.<ValidateCurrentWorkQueueEnumerator>d__59:MoveNext() (at C:\Sirenix\Sirenix Solution\Sirenix.OdinValidator.Editor\Core\ValidationSession.cs:557)
Sirenix.OdinValidator.Editor.<ValidateEverythingEnumeratorBatched>d__54:MoveNext() (at C:\Sirenix\Sirenix Solution\Sirenix.OdinValidator.Editor\Core\ValidationSession.cs:376)
Sirenix.OdinValidator.Editor.AutomationConfig:RunValidationScan(String, ValidationSetup, Boolean, Action, Boolean, Boolean, Boolean, Boolean, Boolean, Boolean, Boolean, Boolean) (at C:\Sirenix\Sirenix Solution\Sirenix.OdinValidator.Editor\Config\AutomationConfig.cs:305)
Sirenix.OdinValidator.Editor.AutomationConfig:ActuallyInitHooks() (at C:\Sirenix\Sirenix Solution\Sirenix.OdinValidator.Editor\Config\AutomationConfig.cs:186)
Sirenix.OdinValidator.Editor.AutomationConfig:InitHooks() (at C:\Sirenix\Sirenix Solution\Sirenix.OdinValidator.Editor\Config\AutomationConfig.cs:170)
System.Reflection.RuntimeMethodInfo:InternalInvoke(RuntimeMethodInfo, Object, Object[], Exception&)
System.Reflection.RuntimeMethodInfo:Invoke(Object, BindingFlags, Binder, Object[], CultureInfo)
System.Reflection.MethodBase:Invoke(Object, Object[])
UnityEditor.EditorAssemblies:ProcessInitializeOnLoadMethodAttributes()

(Filename: C:/Sirenix/Sirenix Solution/Sirenix.OdinInspector.Editor/Validation/Validators/SceneReference.cs Line: 119)

InvalidOperationException: Calling OpenScene Raisefrom assembly reloading callbacks are not supported.
  at (wrapper managed-to-native) UnityEditor.SceneManagement.EditorSceneManager.OpenScene_Injected(string,UnityEditor.SceneManagement.OpenSceneMode,UnityEngine.SceneManagement.Scene&)
  at UnityEditor.SceneManagement.EditorSceneManager.OpenScene (System.String scenePath, UnityEditor.SceneManagement.OpenSceneMode mode) [0x00000] in <63965ae56af7489797f355b7c1211ab2>:0 
  at Sirenix.OdinInspector.Editor.Validation.SceneReference.TryOpenScene (UnityEditor.SceneManagement.OpenSceneMode mode, UnityEngine.SceneManagement.Scene& scene) [0x00017] in C:\Sirenix\Sirenix Solution\Sirenix.OdinInspector.Editor\Validation\Validators\SceneReference.cs:114 
UnityEngine.DebugLogHandler:Internal_LogException(Exception, Object)
UnityEngine.DebugLogHandler:LogException(Exception, Object)
UnityEngine.Logger:LogException(Exception, Object)
UnityEngine.Debug:LogException(Exception)
Sirenix.OdinInspector.Editor.Validation.SceneReference:TryOpenScene(OpenSceneMode, Scene&) (at C:\Sirenix\Sirenix Solution\Sirenix.OdinInspector.Editor\Validation\Validators\SceneReference.cs:119)
Sirenix.OdinValidator.Editor.<ValidateCurrentWorkQueueEnumerator>d__59:MoveNext() (at C:\Sirenix\Sirenix Solution\Sirenix.OdinValidator.Editor\Core\ValidationSession.cs:557)
Sirenix.OdinValidator.Editor.<ValidateEverythingEnumeratorBatched>d__54:MoveNext() (at C:\Sirenix\Sirenix Solution\Sirenix.OdinValidator.Editor\Core\ValidationSession.cs:376)
Sirenix.OdinValidator.Editor.AutomationConfig:RunValidationScan(String, ValidationSetup, Boolean, Action, Boolean, Boolean, Boolean, Boolean, Boolean, Boolean, Boolean, Boolean) (at C:\Sirenix\Sirenix Solution\Sirenix.OdinValidator.Editor\Config\AutomationConfig.cs:305)
Sirenix.OdinValidator.Editor.AutomationConfig:ActuallyInitHooks() (at C:\Sirenix\Sirenix Solution\Sirenix.OdinValidator.Editor\Config\AutomationConfig.cs:186)
Sirenix.OdinValidator.Editor.AutomationConfig:InitHooks() (at C:\Sirenix\Sirenix Solution\Sirenix.OdinValidator.Editor\Config\AutomationConfig.cs:170)
System.Reflection.RuntimeMethodInfo:InternalInvoke(RuntimeMethodInfo, Object, Object[], Exception&)
System.Reflection.RuntimeMethodInfo:Invoke(Object, BindingFlags, Binder, Object[], CultureInfo)
System.Reflection.MethodBase:Invoke(Object, Object[])
UnityEditor.EditorAssemblies:ProcessInitializeOnLoadMethodAttributes()

(Filename: C:/Sirenix/Sirenix Solution/Sirenix.OdinInspector.Editor/Validation/Validators/SceneReference.cs Line: 119)

InvalidOperationException: Calling OpenScene Raisefrom assembly reloading callbacks are not supported.
  at (wrapper managed-to-native) UnityEditor.SceneManagement.EditorSceneManager.OpenScene_Injected(string,UnityEditor.SceneManagement.OpenSceneMode,UnityEngine.SceneManagement.Scene&)
  at UnityEditor.SceneManagement.EditorSceneManager.OpenScene (System.String scenePath, UnityEditor.SceneManagement.OpenSceneMode mode) [0x00000] in <63965ae56af7489797f355b7c1211ab2>:0 
  at Sirenix.OdinInspector.Editor.Validation.SceneReference.TryOpenScene (UnityEditor.SceneManagement.OpenSceneMode mode, UnityEngine.SceneManagement.Scene& scene) [0x00017] in C:\Sirenix\Sirenix Solution\Sirenix.OdinInspector.Editor\Validation\Validators\SceneReference.cs:114 
UnityEngine.DebugLogHandler:Internal_LogException(Exception, Object)
UnityEngine.DebugLogHandler:LogException(Exception, Object)
UnityEngine.Logger:LogException(Exception, Object)
UnityEngine.Debug:LogException(Exception)
Sirenix.OdinInspector.Editor.Validation.SceneReference:TryOpenScene(OpenSceneMode, Scene&) (at C:\Sirenix\Sirenix Solution\Sirenix.OdinInspector.Editor\Validation\Validators\SceneReference.cs:119)
Sirenix.OdinValidator.Editor.<ValidateCurrentWorkQueueEnumerator>d__59:MoveNext() (at C:\Sirenix\Sirenix Solution\Sirenix.OdinValidator.Editor\Core\ValidationSession.cs:557)
Sirenix.OdinValidator.Editor.<ValidateEverythingEnumeratorBatched>d__54:MoveNext() (at C:\Sirenix\Sirenix Solution\Sirenix.OdinValidator.Editor\Core\ValidationSession.cs:376)
Sirenix.OdinValidator.Editor.AutomationConfig:RunValidationScan(String, ValidationSetup, Boolean, Action, Boolean, Boolean, Boolean, Boolean, Boolean, Boolean, Boolean, Boolean) (at C:\Sirenix\Sirenix Solution\Sirenix.OdinValidator.Editor\Config\AutomationConfig.cs:305)
Sirenix.OdinValidator.Editor.AutomationConfig:ActuallyInitHooks() (at C:\Sirenix\Sirenix Solution\Sirenix.OdinValidator.Editor\Config\AutomationConfig.cs:186)
Sirenix.OdinValidator.Editor.AutomationConfig:InitHooks() (at C:\Sirenix\Sirenix Solution\Sirenix.OdinValidator.Editor\Config\AutomationConfig.cs:170)
System.Reflection.RuntimeMethodInfo:InternalInvoke(RuntimeMethodInfo, Object, Object[], Exception&)
System.Reflection.RuntimeMethodInfo:Invoke(Object, BindingFlags, Binder, Object[], CultureInfo)
System.Reflection.MethodBase:Invoke(Object, Object[])
UnityEditor.EditorAssemblies:ProcessInitializeOnLoadMethodAttributes()

(Filename: C:/Sirenix/Sirenix Solution/Sirenix.OdinInspector.Editor/Validation/Validators/SceneReference.cs Line: 119)

InvalidOperationException: Calling OpenScene Raisefrom assembly reloading callbacks are not supported.
  at (wrapper managed-to-native) UnityEditor.SceneManagement.EditorSceneManager.OpenScene_Injected(string,UnityEditor.SceneManagement.OpenSceneMode,UnityEngine.SceneManagement.Scene&)
  at UnityEditor.SceneManagement.EditorSceneManager.OpenScene (System.String scenePath, UnityEditor.SceneManagement.OpenSceneMode mode) [0x00000] in <63965ae56af7489797f355b7c1211ab2>:0 
  at Sirenix.OdinInspector.Editor.Validation.SceneReference.TryOpenScene (UnityEditor.SceneManagement.OpenSceneMode mode, UnityEngine.SceneManagement.Scene& scene) [0x00017] in C:\Sirenix\Sirenix Solution\Sirenix.OdinInspector.Editor\Validation\Validators\SceneReference.cs:114 
UnityEngine.DebugLogHandler:Internal_LogException(Exception, Object)
UnityEngine.DebugLogHandler:LogException(Exception, Object)
UnityEngine.Logger:LogException(Exception, Object)
UnityEngine.Debug:LogException(Exception)
Sirenix.OdinInspector.Editor.Validation.SceneReference:TryOpenScene(OpenSceneMode, Scene&) (at C:\Sirenix\Sirenix Solution\Sirenix.OdinInspector.Editor\Validation\Validators\SceneReference.cs:119)
Sirenix.OdinValidator.Editor.<ValidateCurrentWorkQueueEnumerator>d__59:MoveNext() (at C:\Sirenix\Sirenix Solution\Sirenix.OdinValidator.Editor\Core\ValidationSession.cs:557)
Sirenix.OdinValidator.Editor.<ValidateEverythingEnumeratorBatched>d__54:MoveNext() (at C:\Sirenix\Sirenix Solution\Sirenix.OdinValidator.Editor\Core\ValidationSession.cs:376)
Sirenix.OdinValidator.Editor.AutomationConfig:RunValidationScan(String, ValidationSetup, Boolean, Action, Boolean, Boolean, Boolean, Boolean, Boolean, Boolean, Boolean, Boolean) (at C:\Sirenix\Sirenix Solution\Sirenix.OdinValidator.Editor\Config\AutomationConfig.cs:305)
Sirenix.OdinValidator.Editor.AutomationConfig:ActuallyInitHooks() (at C:\Sirenix\Sirenix Solution\Sirenix.OdinValidator.Editor\Config\AutomationConfig.cs:186)
Sirenix.OdinValidator.Editor.AutomationConfig:InitHooks() (at C:\Sirenix\Sirenix Solution\Sirenix.OdinValidator.Editor\Config\AutomationConfig.cs:170)
System.Reflection.RuntimeMethodInfo:InternalInvoke(RuntimeMethodInfo, Object, Object[], Exception&)
System.Reflection.RuntimeMethodInfo:Invoke(Object, BindingFlags, Binder, Object[], CultureInfo)
System.Reflection.MethodBase:Invoke(Object, Object[])
UnityEditor.EditorAssemblies:ProcessInitializeOnLoadMethodAttributes()

(Filename: C:/Sirenix/Sirenix Solution/Sirenix.OdinInspector.Editor/Validation/Validators/SceneReference.cs Line: 119)

InvalidOperationException: Calling OpenScene Raisefrom assembly reloading callbacks are not supported.
  at (wrapper managed-to-native) UnityEditor.SceneManagement.EditorSceneManager.OpenScene_Injected(string,UnityEditor.SceneManagement.OpenSceneMode,UnityEngine.SceneManagement.Scene&)
  at UnityEditor.SceneManagement.EditorSceneManager.OpenScene (System.String scenePath, UnityEditor.SceneManagement.OpenSceneMode mode) [0x00000] in <63965ae56af7489797f355b7c1211ab2>:0 
  at Sirenix.OdinInspector.Editor.Validation.SceneReference.TryOpenScene (UnityEditor.SceneManagement.OpenSceneMode mode, UnityEngine.SceneManagement.Scene& scene) [0x00017] in C:\Sirenix\Sirenix Solution\Sirenix.OdinInspector.Editor\Validation\Validators\SceneReference.cs:114 
UnityEngine.DebugLogHandler:Internal_LogException(Exception, Object)
UnityEngine.DebugLogHandler:LogException(Exception, Object)
UnityEngine.Logger:LogException(Exception, Object)
UnityEngine.Debug:LogException(Exception)
Sirenix.OdinInspector.Editor.Validation.SceneReference:TryOpenScene(OpenSceneMode, Scene&) (at C:\Sirenix\Sirenix Solution\Sirenix.OdinInspector.Editor\Validation\Validators\SceneReference.cs:119)
Sirenix.OdinValidator.Editor.<ValidateCurrentWorkQueueEnumerator>d__59:MoveNext() (at C:\Sirenix\Sirenix Solution\Sirenix.OdinValidator.Editor\Core\ValidationSession.cs:557)
Sirenix.OdinValidator.Editor.<ValidateEverythingEnumeratorBatched>d__54:MoveNext() (at C:\Sirenix\Sirenix Solution\Sirenix.OdinValidator.Editor\Core\ValidationSession.cs:376)
Sirenix.OdinValidator.Editor.AutomationConfig:RunValidationScan(String, ValidationSetup, Boolean, Action, Boolean, Boolean, Boolean, Boolean, Boolean, Boolean, Boolean, Boolean) (at C:\Sirenix\Sirenix Solution\Sirenix.OdinValidator.Editor\Config\AutomationConfig.cs:305)
Sirenix.OdinValidator.Editor.AutomationConfig:ActuallyInitHooks() (at C:\Sirenix\Sirenix Solution\Sirenix.OdinValidator.Editor\Config\AutomationConfig.cs:186)
Sirenix.OdinValidator.Editor.AutomationConfig:InitHooks() (at C:\Sirenix\Sirenix Solution\Sirenix.OdinValidator.Editor\Config\AutomationConfig.cs:170)
System.Reflection.RuntimeMethodInfo:InternalInvoke(RuntimeMethodInfo, Object, Object[], Exception&)
System.Reflection.RuntimeMethodInfo:Invoke(Object, BindingFlags, Binder, Object[], CultureInfo)
System.Reflection.MethodBase:Invoke(Object, Object[])
UnityEditor.EditorAssemblies:ProcessInitializeOnLoadMethodAttributes()

(Filename: C:/Sirenix/Sirenix Solution/Sirenix.OdinInspector.Editor/Validation/Validators/SceneReference.cs Line: 119)

InvalidOperationException: Calling OpenScene Raisefrom assembly reloading callbacks are not supported.
  at (wrapper managed-to-native) UnityEditor.SceneManagement.EditorSceneManager.OpenScene_Injected(string,UnityEditor.SceneManagement.OpenSceneMode,UnityEngine.SceneManagement.Scene&)
  at UnityEditor.SceneManagement.EditorSceneManager.OpenScene (System.String scenePath, UnityEditor.SceneManagement.OpenSceneMode mode) [0x00000] in <63965ae56af7489797f355b7c1211ab2>:0 
  at Sirenix.OdinInspector.Editor.Validation.SceneReference.TryOpenScene (UnityEditor.SceneManagement.OpenSceneMode mode, UnityEngine.SceneManagement.Scene& scene) [0x00017] in C:\Sirenix\Sirenix Solution\Sirenix.OdinInspector.Editor\Validation\Validators\SceneReference.cs:114 
UnityEngine.DebugLogHandler:Internal_LogException(Exception, Object)
UnityEngine.DebugLogHandler:LogException(Exception, Object)
UnityEngine.Logger:LogException(Exception, Object)
UnityEngine.Debug:LogException(Exception)
Sirenix.OdinInspector.Editor.Validation.SceneReference:TryOpenScene(OpenSceneMode, Scene&) (at C:\Sirenix\Sirenix Solution\Sirenix.OdinInspector.Editor\Validation\Validators\SceneReference.cs:119)
Sirenix.OdinValidator.Editor.<ValidateCurrentWorkQueueEnumerator>d__59:MoveNext() (at C:\Sirenix\Sirenix Solution\Sirenix.OdinValidator.Editor\Core\ValidationSession.cs:557)
Sirenix.OdinValidator.Editor.<ValidateEverythingEnumeratorBatched>d__54:MoveNext() (at C:\Sirenix\Sirenix Solution\Sirenix.OdinValidator.Editor\Core\ValidationSession.cs:376)
Sirenix.OdinValidator.Editor.AutomationConfig:RunValidationScan(String, ValidationSetup, Boolean, Action, Boolean, Boolean, Boolean, Boolean, Boolean, Boolean, Boolean, Boolean) (at C:\Sirenix\Sirenix Solution\Sirenix.OdinValidator.Editor\Config\AutomationConfig.cs:305)
Sirenix.OdinValidator.Editor.AutomationConfig:ActuallyInitHooks() (at C:\Sirenix\Sirenix Solution\Sirenix.OdinValidator.Editor\Config\AutomationConfig.cs:186)
Sirenix.OdinValidator.Editor.AutomationConfig:InitHooks() (at C:\Sirenix\Sirenix Solution\Sirenix.OdinValidator.Editor\Config\AutomationConfig.cs:170)
System.Reflection.RuntimeMethodInfo:InternalInvoke(RuntimeMethodInfo, Object, Object[], Exception&)
System.Reflection.RuntimeMethodInfo:Invoke(Object, BindingFlags, Binder, Object[], CultureInfo)
System.Reflection.MethodBase:Invoke(Object, Object[])
UnityEditor.EditorAssemblies:ProcessInitializeOnLoadMethodAttributes()

(Filename: C:/Sirenix/Sirenix Solution/Sirenix.OdinInspector.Editor/Validation/Validators/SceneReference.cs Line: 119)

InvalidOperationException: Calling OpenScene Raisefrom assembly reloading callbacks are not supported.
  at (wrapper managed-to-native) UnityEditor.SceneManagement.EditorSceneManager.OpenScene_Injected(string,UnityEditor.SceneManagement.OpenSceneMode,UnityEngine.SceneManagement.Scene&)
  at UnityEditor.SceneManagement.EditorSceneManager.OpenScene (System.String scenePath, UnityEditor.SceneManagement.OpenSceneMode mode) [0x00000] in <63965ae56af7489797f355b7c1211ab2>:0 
  at Sirenix.OdinInspector.Editor.Validation.SceneReference.TryOpenScene (UnityEditor.SceneManagement.OpenSceneMode mode, UnityEngine.SceneManagement.Scene& scene) [0x00017] in C:\Sirenix\Sirenix Solution\Sirenix.OdinInspector.Editor\Validation\Validators\SceneReference.cs:114 
UnityEngine.DebugLogHandler:Internal_LogException(Exception, Object)
UnityEngine.DebugLogHandler:LogException(Exception, Object)
UnityEngine.Logger:LogException(Exception, Object)
UnityEngine.Debug:LogException(Exception)
Sirenix.OdinInspector.Editor.Validation.SceneReference:TryOpenScene(OpenSceneMode, Scene&) (at C:\Sirenix\Sirenix Solution\Sirenix.OdinInspector.Editor\Validation\Validators\SceneReference.cs:119)
Sirenix.OdinValidator.Editor.<ValidateCurrentWorkQueueEnumerator>d__59:MoveNext() (at C:\Sirenix\Sirenix Solution\Sirenix.OdinValidator.Editor\Core\ValidationSession.cs:557)
Sirenix.OdinValidator.Editor.<ValidateEverythingEnumeratorBatched>d__54:MoveNext() (at C:\Sirenix\Sirenix Solution\Sirenix.OdinValidator.Editor\Core\ValidationSession.cs:376)
Sirenix.OdinValidator.Editor.AutomationConfig:RunValidationScan(String, ValidationSetup, Boolean, Action, Boolean, Boolean, Boolean, Boolean, Boolean, Boolean, Boolean, Boolean) (at C:\Sirenix\Sirenix Solution\Sirenix.OdinValidator.Editor\Config\AutomationConfig.cs:305)
Sirenix.OdinValidator.Editor.AutomationConfig:ActuallyInitHooks() (at C:\Sirenix\Sirenix Solution\Sirenix.OdinValidator.Editor\Config\AutomationConfig.cs:186)
Sirenix.OdinValidator.Editor.AutomationConfig:InitHooks() (at C:\Sirenix\Sirenix Solution\Sirenix.OdinValidator.Editor\Config\AutomationConfig.cs:170)
System.Reflection.RuntimeMethodInfo:InternalInvoke(RuntimeMethodInfo, Object, Object[], Exception&)
System.Reflection.RuntimeMethodInfo:Invoke(Object, BindingFlags, Binder, Object[], CultureInfo)
System.Reflection.MethodBase:Invoke(Object, Object[])
UnityEditor.EditorAssemblies:ProcessInitializeOnLoadMethodAttributes()

(Filename: C:/Sirenix/Sirenix Solution/Sirenix.OdinInspector.Editor/Validation/Validators/SceneReference.cs Line: 119)

InvalidOperationException: Calling OpenScene Raisefrom assembly reloading callbacks are not supported.
  at (wrapper managed-to-native) UnityEditor.SceneManagement.EditorSceneManager.OpenScene_Injected(string,UnityEditor.SceneManagement.OpenSceneMode,UnityEngine.SceneManagement.Scene&)
  at UnityEditor.SceneManagement.EditorSceneManager.OpenScene (System.String scenePath, UnityEditor.SceneManagement.OpenSceneMode mode) [0x00000] in <63965ae56af7489797f355b7c1211ab2>:0 
  at Sirenix.OdinInspector.Editor.Validation.SceneReference.TryOpenScene (UnityEditor.SceneManagement.OpenSceneMode mode, UnityEngine.SceneManagement.Scene& scene) [0x00017] in C:\Sirenix\Sirenix Solution\Sirenix.OdinInspector.Editor\Validation\Validators\SceneReference.cs:114 
UnityEngine.DebugLogHandler:Internal_LogException(Exception, Object)
UnityEngine.DebugLogHandler:LogException(Exception, Object)
UnityEngine.Logger:LogException(Exception, Object)
UnityEngine.Debug:LogException(Exception)
Sirenix.OdinInspector.Editor.Validation.SceneReference:TryOpenScene(OpenSceneMode, Scene&) (at C:\Sirenix\Sirenix Solution\Sirenix.OdinInspector.Editor\Validation\Validators\SceneReference.cs:119)
Sirenix.OdinValidator.Editor.<ValidateCurrentWorkQueueEnumerator>d__59:MoveNext() (at C:\Sirenix\Sirenix Solution\Sirenix.OdinValidator.Editor\Core\ValidationSession.cs:557)
Sirenix.OdinValidator.Editor.<ValidateEverythingEnumeratorBatched>d__54:MoveNext() (at C:\Sirenix\Sirenix Solution\Sirenix.OdinValidator.Editor\Core\ValidationSession.cs:376)
Sirenix.OdinValidator.Editor.AutomationConfig:RunValidationScan(String, ValidationSetup, Boolean, Action, Boolean, Boolean, Boolean, Boolean, Boolean, Boolean, Boolean, Boolean) (at C:\Sirenix\Sirenix Solution\Sirenix.OdinValidator.Editor\Config\AutomationConfig.cs:305)
Sirenix.OdinValidator.Editor.AutomationConfig:ActuallyInitHooks() (at C:\Sirenix\Sirenix Solution\Sirenix.OdinValidator.Editor\Config\AutomationConfig.cs:186)
Sirenix.OdinValidator.Editor.AutomationConfig:InitHooks() (at C:\Sirenix\Sirenix Solution\Sirenix.OdinValidator.Editor\Config\AutomationConfig.cs:170)
System.Reflection.RuntimeMethodInfo:InternalInvoke(RuntimeMethodInfo, Object, Object[], Exception&)
System.Reflection.RuntimeMethodInfo:Invoke(Object, BindingFlags, Binder, Object[], CultureInfo)
System.Reflection.MethodBase:Invoke(Object, Object[])
UnityEditor.EditorAssemblies:ProcessInitializeOnLoadMethodAttributes()

(Filename: C:/Sirenix/Sirenix Solution/Sirenix.OdinInspector.Editor/Validation/Validators/SceneReference.cs Line: 119)

InvalidOperationException: Calling OpenScene Raisefrom assembly reloading callbacks are not supported.
  at (wrapper managed-to-native) UnityEditor.SceneManagement.EditorSceneManager.OpenScene_Injected(string,UnityEditor.SceneManagement.OpenSceneMode,UnityEngine.SceneManagement.Scene&)
  at UnityEditor.SceneManagement.EditorSceneManager.OpenScene (System.String scenePath, UnityEditor.SceneManagement.OpenSceneMode mode) [0x00000] in <63965ae56af7489797f355b7c1211ab2>:0 
  at Sirenix.OdinInspector.Editor.Validation.SceneReference.TryOpenScene (UnityEditor.SceneManagement.OpenSceneMode mode, UnityEngine.SceneManagement.Scene& scene) [0x00017] in C:\Sirenix\Sirenix Solution\Sirenix.OdinInspector.Editor\Validation\Validators\SceneReference.cs:114 
UnityEngine.DebugLogHandler:Internal_LogException(Exception, Object)
UnityEngine.DebugLogHandler:LogException(Exception, Object)
UnityEngine.Logger:LogException(Exception, Object)
UnityEngine.Debug:LogException(Exception)
Sirenix.OdinInspector.Editor.Validation.SceneReference:TryOpenScene(OpenSceneMode, Scene&) (at C:\Sirenix\Sirenix Solution\Sirenix.OdinInspector.Editor\Validation\Validators\SceneReference.cs:119)
Sirenix.OdinValidator.Editor.<ValidateCurrentWorkQueueEnumerator>d__59:MoveNext() (at C:\Sirenix\Sirenix Solution\Sirenix.OdinValidator.Editor\Core\ValidationSession.cs:557)
Sirenix.OdinValidator.Editor.<ValidateEverythingEnumeratorBatched>d__54:MoveNext() (at C:\Sirenix\Sirenix Solution\Sirenix.OdinValidator.Editor\Core\ValidationSession.cs:376)
Sirenix.OdinValidator.Editor.AutomationConfig:RunValidationScan(String, ValidationSetup, Boolean, Action, Boolean, Boolean, Boolean, Boolean, Boolean, Boolean, Boolean, Boolean) (at C:\Sirenix\Sirenix Solution\Sirenix.OdinValidator.Editor\Config\AutomationConfig.cs:305)
Sirenix.OdinValidator.Editor.AutomationConfig:ActuallyInitHooks() (at C:\Sirenix\Sirenix Solution\Sirenix.OdinValidator.Editor\Config\AutomationConfig.cs:186)
Sirenix.OdinValidator.Editor.AutomationConfig:InitHooks() (at C:\Sirenix\Sirenix Solution\Sirenix.OdinValidator.Editor\Config\AutomationConfig.cs:170)
System.Reflection.RuntimeMethodInfo:InternalInvoke(RuntimeMethodInfo, Object, Object[], Exception&)
System.Reflection.RuntimeMethodInfo:Invoke(Object, BindingFlags, Binder, Object[], CultureInfo)
System.Reflection.MethodBase:Invoke(Object, Object[])
UnityEditor.EditorAssemblies:ProcessInitializeOnLoadMethodAttributes()

(Filename: C:/Sirenix/Sirenix Solution/Sirenix.OdinInspector.Editor/Validation/Validators/SceneReference.cs Line: 119)

InvalidOperationException: Calling OpenScene Raisefrom assembly reloading callbacks are not supported.
  at (wrapper managed-to-native) UnityEditor.SceneManagement.EditorSceneManager.OpenScene_Injected(string,UnityEditor.SceneManagement.OpenSceneMode,UnityEngine.SceneManagement.Scene&)
  at UnityEditor.SceneManagement.EditorSceneManager.OpenScene (System.String scenePath, UnityEditor.SceneManagement.OpenSceneMode mode) [0x00000] in <63965ae56af7489797f355b7c1211ab2>:0 
  at Sirenix.OdinInspector.Editor.Validation.SceneReference.TryOpenScene (UnityEditor.SceneManagement.OpenSceneMode mode, UnityEngine.SceneManagement.Scene& scene) [0x00017] in C:\Sirenix\Sirenix Solution\Sirenix.OdinInspector.Editor\Validation\Validators\SceneReference.cs:114 
UnityEngine.DebugLogHandler:Internal_LogException(Exception, Object)
UnityEngine.DebugLogHandler:LogException(Exception, Object)
UnityEngine.Logger:LogException(Exception, Object)
UnityEngine.Debug:LogException(Exception)
Sirenix.OdinInspector.Editor.Validation.SceneReference:TryOpenScene(OpenSceneMode, Scene&) (at C:\Sirenix\Sirenix Solution\Sirenix.OdinInspector.Editor\Validation\Validators\SceneReference.cs:119)
Sirenix.OdinValidator.Editor.<ValidateCurrentWorkQueueEnumerator>d__59:MoveNext() (at C:\Sirenix\Sirenix Solution\Sirenix.OdinValidator.Editor\Core\ValidationSession.cs:557)
Sirenix.OdinValidator.Editor.<ValidateEverythingEnumeratorBatched>d__54:MoveNext() (at C:\Sirenix\Sirenix Solution\Sirenix.OdinValidator.Editor\Core\ValidationSession.cs:376)
Sirenix.OdinValidator.Editor.AutomationConfig:RunValidationScan(String, ValidationSetup, Boolean, Action, Boolean, Boolean, Boolean, Boolean, Boolean, Boolean, Boolean, Boolean) (at C:\Sirenix\Sirenix Solution\Sirenix.OdinValidator.Editor\Config\AutomationConfig.cs:305)
Sirenix.OdinValidator.Editor.AutomationConfig:ActuallyInitHooks() (at C:\Sirenix\Sirenix Solution\Sirenix.OdinValidator.Editor\Config\AutomationConfig.cs:186)
Sirenix.OdinValidator.Editor.AutomationConfig:InitHooks() (at C:\Sirenix\Sirenix Solution\Sirenix.OdinValidator.Editor\Config\AutomationConfig.cs:170)
System.Reflection.RuntimeMethodInfo:InternalInvoke(RuntimeMethodInfo, Object, Object[], Exception&)
System.Reflection.RuntimeMethodInfo:Invoke(Object, BindingFlags, Binder, Object[], CultureInfo)
System.Reflection.MethodBase:Invoke(Object, Object[])
UnityEditor.EditorAssemblies:ProcessInitializeOnLoadMethodAttributes()

(Filename: C:/Sirenix/Sirenix Solution/Sirenix.OdinInspector.Editor/Validation/Validators/SceneReference.cs Line: 119)

InvalidOperationException: Calling OpenScene Raisefrom assembly reloading callbacks are not supported.
  at (wrapper managed-to-native) UnityEditor.SceneManagement.EditorSceneManager.OpenScene_Injected(string,UnityEditor.SceneManagement.OpenSceneMode,UnityEngine.SceneManagement.Scene&)
  at UnityEditor.SceneManagement.EditorSceneManager.OpenScene (System.String scenePath, UnityEditor.SceneManagement.OpenSceneMode mode) [0x00000] in <63965ae56af7489797f355b7c1211ab2>:0 
  at Sirenix.OdinInspector.Editor.Validation.SceneReference.TryOpenScene (UnityEditor.SceneManagement.OpenSceneMode mode, UnityEngine.SceneManagement.Scene& scene) [0x00017] in C:\Sirenix\Sirenix Solution\Sirenix.OdinInspector.Editor\Validation\Validators\SceneReference.cs:114 
UnityEngine.DebugLogHandler:Internal_LogException(Exception, Object)
UnityEngine.DebugLogHandler:LogException(Exception, Object)
UnityEngine.Logger:LogException(Exception, Object)
UnityEngine.Debug:LogException(Exception)
Sirenix.OdinInspector.Editor.Validation.SceneReference:TryOpenScene(OpenSceneMode, Scene&) (at C:\Sirenix\Sirenix Solution\Sirenix.OdinInspector.Editor\Validation\Validators\SceneReference.cs:119)
Sirenix.OdinValidator.Editor.<ValidateCurrentWorkQueueEnumerator>d__59:MoveNext() (at C:\Sirenix\Sirenix Solution\Sirenix.OdinValidator.Editor\Core\ValidationSession.cs:557)
Sirenix.OdinValidator.Editor.<ValidateEverythingEnumeratorBatched>d__54:MoveNext() (at C:\Sirenix\Sirenix Solution\Sirenix.OdinValidator.Editor\Core\ValidationSession.cs:376)
Sirenix.OdinValidator.Editor.AutomationConfig:RunValidationScan(String, ValidationSetup, Boolean, Action, Boolean, Boolean, Boolean, Boolean, Boolean, Boolean, Boolean, Boolean) (at C:\Sirenix\Sirenix Solution\Sirenix.OdinValidator.Editor\Config\AutomationConfig.cs:305)
Sirenix.OdinValidator.Editor.AutomationConfig:ActuallyInitHooks() (at C:\Sirenix\Sirenix Solution\Sirenix.OdinValidator.Editor\Config\AutomationConfig.cs:186)
Sirenix.OdinValidator.Editor.AutomationConfig:InitHooks() (at C:\Sirenix\Sirenix Solution\Sirenix.OdinValidator.Editor\Config\AutomationConfig.cs:170)
System.Reflection.RuntimeMethodInfo:InternalInvoke(RuntimeMethodInfo, Object, Object[], Exception&)
System.Reflection.RuntimeMethodInfo:Invoke(Object, BindingFlags, Binder, Object[], CultureInfo)
System.Reflection.MethodBase:Invoke(Object, Object[])
UnityEditor.EditorAssemblies:ProcessInitializeOnLoadMethodAttributes()

(Filename: C:/Sirenix/Sirenix Solution/Sirenix.OdinInspector.Editor/Validation/Validators/SceneReference.cs Line: 119)

InvalidOperationException: Calling OpenScene Raisefrom assembly reloading callbacks are not supported.
  at (wrapper managed-to-native) UnityEditor.SceneManagement.EditorSceneManager.OpenScene_Injected(string,UnityEditor.SceneManagement.OpenSceneMode,UnityEngine.SceneManagement.Scene&)
  at UnityEditor.SceneManagement.EditorSceneManager.OpenScene (System.String scenePath, UnityEditor.SceneManagement.OpenSceneMode mode) [0x00000] in <63965ae56af7489797f355b7c1211ab2>:0 
  at Sirenix.OdinInspector.Editor.Validation.SceneReference.TryOpenScene (UnityEditor.SceneManagement.OpenSceneMode mode, UnityEngine.SceneManagement.Scene& scene) [0x00017] in C:\Sirenix\Sirenix Solution\Sirenix.OdinInspector.Editor\Validation\Validators\SceneReference.cs:114 
UnityEngine.DebugLogHandler:Internal_LogException(Exception, Object)
UnityEngine.DebugLogHandler:LogException(Exception, Object)
UnityEngine.Logger:LogException(Exception, Object)
UnityEngine.Debug:LogException(Exception)
Sirenix.OdinInspector.Editor.Validation.SceneReference:TryOpenScene(OpenSceneMode, Scene&) (at C:\Sirenix\Sirenix Solution\Sirenix.OdinInspector.Editor\Validation\Validators\SceneReference.cs:119)
Sirenix.OdinValidator.Editor.<ValidateCurrentWorkQueueEnumerator>d__59:MoveNext() (at C:\Sirenix\Sirenix Solution\Sirenix.OdinValidator.Editor\Core\ValidationSession.cs:557)
Sirenix.OdinValidator.Editor.<ValidateEverythingEnumeratorBatched>d__54:MoveNext() (at C:\Sirenix\Sirenix Solution\Sirenix.OdinValidator.Editor\Core\ValidationSession.cs:376)
Sirenix.OdinValidator.Editor.AutomationConfig:RunValidationScan(String, ValidationSetup, Boolean, Action, Boolean, Boolean, Boolean, Boolean, Boolean, Boolean, Boolean, Boolean) (at C:\Sirenix\Sirenix Solution\Sirenix.OdinValidator.Editor\Config\AutomationConfig.cs:305)
Sirenix.OdinValidator.Editor.AutomationConfig:ActuallyInitHooks() (at C:\Sirenix\Sirenix Solution\Sirenix.OdinValidator.Editor\Config\AutomationConfig.cs:186)
Sirenix.OdinValidator.Editor.AutomationConfig:InitHooks() (at C:\Sirenix\Sirenix Solution\Sirenix.OdinValidator.Editor\Config\AutomationConfig.cs:170)
System.Reflection.RuntimeMethodInfo:InternalInvoke(RuntimeMethodInfo, Object, Object[], Exception&)
System.Reflection.RuntimeMethodInfo:Invoke(Object, BindingFlags, Binder, Object[], CultureInfo)
System.Reflection.MethodBase:Invoke(Object, Object[])
UnityEditor.EditorAssemblies:ProcessInitializeOnLoadMethodAttributes()

(Filename: C:/Sirenix/Sirenix Solution/Sirenix.OdinInspector.Editor/Validation/Validators/SceneReference.cs Line: 119)

InvalidOperationException: Calling OpenScene Raisefrom assembly reloading callbacks are not supported.
  at (wrapper managed-to-native) UnityEditor.SceneManagement.EditorSceneManager.OpenScene_Injected(string,UnityEditor.SceneManagement.OpenSceneMode,UnityEngine.SceneManagement.Scene&)
  at UnityEditor.SceneManagement.EditorSceneManager.OpenScene (System.String scenePath, UnityEditor.SceneManagement.OpenSceneMode mode) [0x00000] in <63965ae56af7489797f355b7c1211ab2>:0 
  at Sirenix.OdinInspector.Editor.Validation.SceneReference.TryOpenScene (UnityEditor.SceneManagement.OpenSceneMode mode, UnityEngine.SceneManagement.Scene& scene) [0x00017] in C:\Sirenix\Sirenix Solution\Sirenix.OdinInspector.Editor\Validation\Validators\SceneReference.cs:114 
UnityEngine.DebugLogHandler:Internal_LogException(Exception, Object)
UnityEngine.DebugLogHandler:LogException(Exception, Object)
UnityEngine.Logger:LogException(Exception, Object)
UnityEngine.Debug:LogException(Exception)
Sirenix.OdinInspector.Editor.Validation.SceneReference:TryOpenScene(OpenSceneMode, Scene&) (at C:\Sirenix\Sirenix Solution\Sirenix.OdinInspector.Editor\Validation\Validators\SceneReference.cs:119)
Sirenix.OdinValidator.Editor.<ValidateCurrentWorkQueueEnumerator>d__59:MoveNext() (at C:\Sirenix\Sirenix Solution\Sirenix.OdinValidator.Editor\Core\ValidationSession.cs:557)
Sirenix.OdinValidator.Editor.<ValidateEverythingEnumeratorBatched>d__54:MoveNext() (at C:\Sirenix\Sirenix Solution\Sirenix.OdinValidator.Editor\Core\ValidationSession.cs:376)
Sirenix.OdinValidator.Editor.AutomationConfig:RunValidationScan(String, ValidationSetup, Boolean, Action, Boolean, Boolean, Boolean, Boolean, Boolean, Boolean, Boolean, Boolean) (at C:\Sirenix\Sirenix Solution\Sirenix.OdinValidator.Editor\Config\AutomationConfig.cs:305)
Sirenix.OdinValidator.Editor.AutomationConfig:ActuallyInitHooks() (at C:\Sirenix\Sirenix Solution\Sirenix.OdinValidator.Editor\Config\AutomationConfig.cs:186)
Sirenix.OdinValidator.Editor.AutomationConfig:InitHooks() (at C:\Sirenix\Sirenix Solution\Sirenix.OdinValidator.Editor\Config\AutomationConfig.cs:170)
System.Reflection.RuntimeMethodInfo:InternalInvoke(RuntimeMethodInfo, Object, Object[], Exception&)
System.Reflection.RuntimeMethodInfo:Invoke(Object, BindingFlags, Binder, Object[], CultureInfo)
System.Reflection.MethodBase:Invoke(Object, Object[])
UnityEditor.EditorAssemblies:ProcessInitializeOnLoadMethodAttributes()

(Filename: C:/Sirenix/Sirenix Solution/Sirenix.OdinInspector.Editor/Validation/Validators/SceneReference.cs Line: 119)

InvalidOperationException: Calling OpenScene Raisefrom assembly reloading callbacks are not supported.
  at (wrapper managed-to-native) UnityEditor.SceneManagement.EditorSceneManager.OpenScene_Injected(string,UnityEditor.SceneManagement.OpenSceneMode,UnityEngine.SceneManagement.Scene&)
  at UnityEditor.SceneManagement.EditorSceneManager.OpenScene (System.String scenePath, UnityEditor.SceneManagement.OpenSceneMode mode) [0x00000] in <63965ae56af7489797f355b7c1211ab2>:0 
  at Sirenix.OdinInspector.Editor.Validation.SceneReference.TryOpenScene (UnityEditor.SceneManagement.OpenSceneMode mode, UnityEngine.SceneManagement.Scene& scene) [0x00017] in C:\Sirenix\Sirenix Solution\Sirenix.OdinInspector.Editor\Validation\Validators\SceneReference.cs:114 
UnityEngine.DebugLogHandler:Internal_LogException(Exception, Object)
UnityEngine.DebugLogHandler:LogException(Exception, Object)
UnityEngine.Logger:LogException(Exception, Object)
UnityEngine.Debug:LogException(Exception)
Sirenix.OdinInspector.Editor.Validation.SceneReference:TryOpenScene(OpenSceneMode, Scene&) (at C:\Sirenix\Sirenix Solution\Sirenix.OdinInspector.Editor\Validation\Validators\SceneReference.cs:119)
Sirenix.OdinValidator.Editor.<ValidateCurrentWorkQueueEnumerator>d__59:MoveNext() (at C:\Sirenix\Sirenix Solution\Sirenix.OdinValidator.Editor\Core\ValidationSession.cs:557)
Sirenix.OdinValidator.Editor.<ValidateEverythingEnumeratorBatched>d__54:MoveNext() (at C:\Sirenix\Sirenix Solution\Sirenix.OdinValidator.Editor\Core\ValidationSession.cs:376)
Sirenix.OdinValidator.Editor.AutomationConfig:RunValidationScan(String, ValidationSetup, Boolean, Action, Boolean, Boolean, Boolean, Boolean, Boolean, Boolean, Boolean, Boolean) (at C:\Sirenix\Sirenix Solution\Sirenix.OdinValidator.Editor\Config\AutomationConfig.cs:305)
Sirenix.OdinValidator.Editor.AutomationConfig:ActuallyInitHooks() (at C:\Sirenix\Sirenix Solution\Sirenix.OdinValidator.Editor\Config\AutomationConfig.cs:186)
Sirenix.OdinValidator.Editor.AutomationConfig:InitHooks() (at C:\Sirenix\Sirenix Solution\Sirenix.OdinValidator.Editor\Config\AutomationConfig.cs:170)
System.Reflection.RuntimeMethodInfo:InternalInvoke(RuntimeMethodInfo, Object, Object[], Exception&)
System.Reflection.RuntimeMethodInfo:Invoke(Object, BindingFlags, Binder, Object[], CultureInfo)
System.Reflection.MethodBase:Invoke(Object, Object[])
UnityEditor.EditorAssemblies:ProcessInitializeOnLoadMethodAttributes()

(Filename: C:/Sirenix/Sirenix Solution/Sirenix.OdinInspector.Editor/Validation/Validators/SceneReference.cs Line: 119)

InvalidOperationException: Calling OpenScene Raisefrom assembly reloading callbacks are not supported.
  at (wrapper managed-to-native) UnityEditor.SceneManagement.EditorSceneManager.OpenScene_Injected(string,UnityEditor.SceneManagement.OpenSceneMode,UnityEngine.SceneManagement.Scene&)
  at UnityEditor.SceneManagement.EditorSceneManager.OpenScene (System.String scenePath, UnityEditor.SceneManagement.OpenSceneMode mode) [0x00000] in <63965ae56af7489797f355b7c1211ab2>:0 
  at Sirenix.OdinInspector.Editor.Validation.SceneReference.TryOpenScene (UnityEditor.SceneManagement.OpenSceneMode mode, UnityEngine.SceneManagement.Scene& scene) [0x00017] in C:\Sirenix\Sirenix Solution\Sirenix.OdinInspector.Editor\Validation\Validators\SceneReference.cs:114 
UnityEngine.DebugLogHandler:Internal_LogException(Exception, Object)
UnityEngine.DebugLogHandler:LogException(Exception, Object)
UnityEngine.Logger:LogException(Exception, Object)
UnityEngine.Debug:LogException(Exception)
Sirenix.OdinInspector.Editor.Validation.SceneReference:TryOpenScene(OpenSceneMode, Scene&) (at C:\Sirenix\Sirenix Solution\Sirenix.OdinInspector.Editor\Validation\Validators\SceneReference.cs:119)
Sirenix.OdinValidator.Editor.<ValidateCurrentWorkQueueEnumerator>d__59:MoveNext() (at C:\Sirenix\Sirenix Solution\Sirenix.OdinValidator.Editor\Core\ValidationSession.cs:557)
Sirenix.OdinValidator.Editor.<ValidateEverythingEnumeratorBatched>d__54:MoveNext() (at C:\Sirenix\Sirenix Solution\Sirenix.OdinValidator.Editor\Core\ValidationSession.cs:376)
Sirenix.OdinValidator.Editor.AutomationConfig:RunValidationScan(String, ValidationSetup, Boolean, Action, Boolean, Boolean, Boolean, Boolean, Boolean, Boolean, Boolean, Boolean) (at C:\Sirenix\Sirenix Solution\Sirenix.OdinValidator.Editor\Config\AutomationConfig.cs:305)
Sirenix.OdinValidator.Editor.AutomationConfig:ActuallyInitHooks() (at C:\Sirenix\Sirenix Solution\Sirenix.OdinValidator.Editor\Config\AutomationConfig.cs:186)
Sirenix.OdinValidator.Editor.AutomationConfig:InitHooks() (at C:\Sirenix\Sirenix Solution\Sirenix.OdinValidator.Editor\Config\AutomationConfig.cs:170)
System.Reflection.RuntimeMethodInfo:InternalInvoke(RuntimeMethodInfo, Object, Object[], Exception&)
System.Reflection.RuntimeMethodInfo:Invoke(Object, BindingFlags, Binder, Object[], CultureInfo)
System.Reflection.MethodBase:Invoke(Object, Object[])
UnityEditor.EditorAssemblies:ProcessInitializeOnLoadMethodAttributes()

(Filename: C:/Sirenix/Sirenix Solution/Sirenix.OdinInspector.Editor/Validation/Validators/SceneReference.cs Line: 119)

InvalidOperationException: Calling OpenScene Raisefrom assembly reloading callbacks are not supported.
  at (wrapper managed-to-native) UnityEditor.SceneManagement.EditorSceneManager.OpenScene_Injected(string,UnityEditor.SceneManagement.OpenSceneMode,UnityEngine.SceneManagement.Scene&)
  at UnityEditor.SceneManagement.EditorSceneManager.OpenScene (System.String scenePath, UnityEditor.SceneManagement.OpenSceneMode mode) [0x00000] in <63965ae56af7489797f355b7c1211ab2>:0 
  at Sirenix.OdinInspector.Editor.Validation.SceneReference.TryOpenScene (UnityEditor.SceneManagement.OpenSceneMode mode, UnityEngine.SceneManagement.Scene& scene) [0x00017] in C:\Sirenix\Sirenix Solution\Sirenix.OdinInspector.Editor\Validation\Validators\SceneReference.cs:114 
UnityEngine.DebugLogHandler:Internal_LogException(Exception, Object)
UnityEngine.DebugLogHandler:LogException(Exception, Object)
UnityEngine.Logger:LogException(Exception, Object)
UnityEngine.Debug:LogException(Exception)
Sirenix.OdinInspector.Editor.Validation.SceneReference:TryOpenScene(OpenSceneMode, Scene&) (at C:\Sirenix\Sirenix Solution\Sirenix.OdinInspector.Editor\Validation\Validators\SceneReference.cs:119)
Sirenix.OdinValidator.Editor.<ValidateCurrentWorkQueueEnumerator>d__59:MoveNext() (at C:\Sirenix\Sirenix Solution\Sirenix.OdinValidator.Editor\Core\ValidationSession.cs:557)
Sirenix.OdinValidator.Editor.<ValidateEverythingEnumeratorBatched>d__54:MoveNext() (at C:\Sirenix\Sirenix Solution\Sirenix.OdinValidator.Editor\Core\ValidationSession.cs:376)
Sirenix.OdinValidator.Editor.AutomationConfig:RunValidationScan(String, ValidationSetup, Boolean, Action, Boolean, Boolean, Boolean, Boolean, Boolean, Boolean, Boolean, Boolean) (at C:\Sirenix\Sirenix Solution\Sirenix.OdinValidator.Editor\Config\AutomationConfig.cs:305)
Sirenix.OdinValidator.Editor.AutomationConfig:ActuallyInitHooks() (at C:\Sirenix\Sirenix Solution\Sirenix.OdinValidator.Editor\Config\AutomationConfig.cs:186)
Sirenix.OdinValidator.Editor.AutomationConfig:InitHooks() (at C:\Sirenix\Sirenix Solution\Sirenix.OdinValidator.Editor\Config\AutomationConfig.cs:170)
System.Reflection.RuntimeMethodInfo:InternalInvoke(RuntimeMethodInfo, Object, Object[], Exception&)
System.Reflection.RuntimeMethodInfo:Invoke(Object, BindingFlags, Binder, Object[], CultureInfo)
System.Reflection.MethodBase:Invoke(Object, Object[])
UnityEditor.EditorAssemblies:ProcessInitializeOnLoadMethodAttributes()

(Filename: C:/Sirenix/Sirenix Solution/Sirenix.OdinInspector.Editor/Validation/Validators/SceneReference.cs Line: 119)

InvalidOperationException: Calling OpenScene Raisefrom assembly reloading callbacks are not supported.
  at (wrapper managed-to-native) UnityEditor.SceneManagement.EditorSceneManager.OpenScene_Injected(string,UnityEditor.SceneManagement.OpenSceneMode,UnityEngine.SceneManagement.Scene&)
  at UnityEditor.SceneManagement.EditorSceneManager.OpenScene (System.String scenePath, UnityEditor.SceneManagement.OpenSceneMode mode) [0x00000] in <63965ae56af7489797f355b7c1211ab2>:0 
  at Sirenix.OdinInspector.Editor.Validation.SceneReference.TryOpenScene (UnityEditor.SceneManagement.OpenSceneMode mode, UnityEngine.SceneManagement.Scene& scene) [0x00017] in C:\Sirenix\Sirenix Solution\Sirenix.OdinInspector.Editor\Validation\Validators\SceneReference.cs:114 
UnityEngine.DebugLogHandler:Internal_LogException(Exception, Object)
UnityEngine.DebugLogHandler:LogException(Exception, Object)
UnityEngine.Logger:LogException(Exception, Object)
UnityEngine.Debug:LogException(Exception)
Sirenix.OdinInspector.Editor.Validation.SceneReference:TryOpenScene(OpenSceneMode, Scene&) (at C:\Sirenix\Sirenix Solution\Sirenix.OdinInspector.Editor\Validation\Validators\SceneReference.cs:119)
Sirenix.OdinValidator.Editor.<ValidateCurrentWorkQueueEnumerator>d__59:MoveNext() (at C:\Sirenix\Sirenix Solution\Sirenix.OdinValidator.Editor\Core\ValidationSession.cs:557)
Sirenix.OdinValidator.Editor.<ValidateEverythingEnumeratorBatched>d__54:MoveNext() (at C:\Sirenix\Sirenix Solution\Sirenix.OdinValidator.Editor\Core\ValidationSession.cs:376)
Sirenix.OdinValidator.Editor.AutomationConfig:RunValidationScan(String, ValidationSetup, Boolean, Action, Boolean, Boolean, Boolean, Boolean, Boolean, Boolean, Boolean, Boolean) (at C:\Sirenix\Sirenix Solution\Sirenix.OdinValidator.Editor\Config\AutomationConfig.cs:305)
Sirenix.OdinValidator.Editor.AutomationConfig:ActuallyInitHooks() (at C:\Sirenix\Sirenix Solution\Sirenix.OdinValidator.Editor\Config\AutomationConfig.cs:186)
Sirenix.OdinValidator.Editor.AutomationConfig:InitHooks() (at C:\Sirenix\Sirenix Solution\Sirenix.OdinValidator.Editor\Config\AutomationConfig.cs:170)
System.Reflection.RuntimeMethodInfo:InternalInvoke(RuntimeMethodInfo, Object, Object[], Exception&)
System.Reflection.RuntimeMethodInfo:Invoke(Object, BindingFlags, Binder, Object[], CultureInfo)
System.Reflection.MethodBase:Invoke(Object, Object[])
UnityEditor.EditorAssemblies:ProcessInitializeOnLoadMethodAttributes()

(Filename: C:/Sirenix/Sirenix Solution/Sirenix.OdinInspector.Editor/Validation/Validators/SceneReference.cs Line: 119)

InvalidOperationException: Calling OpenScene Raisefrom assembly reloading callbacks are not supported.
  at (wrapper managed-to-native) UnityEditor.SceneManagement.EditorSceneManager.OpenScene_Injected(string,UnityEditor.SceneManagement.OpenSceneMode,UnityEngine.SceneManagement.Scene&)
  at UnityEditor.SceneManagement.EditorSceneManager.OpenScene (System.String scenePath, UnityEditor.SceneManagement.OpenSceneMode mode) [0x00000] in <63965ae56af7489797f355b7c1211ab2>:0 
  at Sirenix.OdinInspector.Editor.Validation.SceneReference.TryOpenScene (UnityEditor.SceneManagement.OpenSceneMode mode, UnityEngine.SceneManagement.Scene& scene) [0x00017] in C:\Sirenix\Sirenix Solution\Sirenix.OdinInspector.Editor\Validation\Validators\SceneReference.cs:114 
UnityEngine.DebugLogHandler:Internal_LogException(Exception, Object)
UnityEngine.DebugLogHandler:LogException(Exception, Object)
UnityEngine.Logger:LogException(Exception, Object)
UnityEngine.Debug:LogException(Exception)
Sirenix.OdinInspector.Editor.Validation.SceneReference:TryOpenScene(OpenSceneMode, Scene&) (at C:\Sirenix\Sirenix Solution\Sirenix.OdinInspector.Editor\Validation\Validators\SceneReference.cs:119)
Sirenix.OdinValidator.Editor.<ValidateCurrentWorkQueueEnumerator>d__59:MoveNext() (at C:\Sirenix\Sirenix Solution\Sirenix.OdinValidator.Editor\Core\ValidationSession.cs:557)
Sirenix.OdinValidator.Editor.<ValidateEverythingEnumeratorBatched>d__54:MoveNext() (at C:\Sirenix\Sirenix Solution\Sirenix.OdinValidator.Editor\Core\ValidationSession.cs:376)
Sirenix.OdinValidator.Editor.AutomationConfig:RunValidationScan(String, ValidationSetup, Boolean, Action, Boolean, Boolean, Boolean, Boolean, Boolean, Boolean, Boolean, Boolean) (at C:\Sirenix\Sirenix Solution\Sirenix.OdinValidator.Editor\Config\AutomationConfig.cs:305)
Sirenix.OdinValidator.Editor.AutomationConfig:ActuallyInitHooks() (at C:\Sirenix\Sirenix Solution\Sirenix.OdinValidator.Editor\Config\AutomationConfig.cs:186)
Sirenix.OdinValidator.Editor.AutomationConfig:InitHooks() (at C:\Sirenix\Sirenix Solution\Sirenix.OdinValidator.Editor\Config\AutomationConfig.cs:170)
System.Reflection.RuntimeMethodInfo:InternalInvoke(RuntimeMethodInfo, Object, Object[], Exception&)
System.Reflection.RuntimeMethodInfo:Invoke(Object, BindingFlags, Binder, Object[], CultureInfo)
System.Reflection.MethodBase:Invoke(Object, Object[])
UnityEditor.EditorAssemblies:ProcessInitializeOnLoadMethodAttributes()

(Filename: C:/Sirenix/Sirenix Solution/Sirenix.OdinInspector.Editor/Validation/Validators/SceneReference.cs Line: 119)

Completed validating 11 values in 0.3061688 seconds.
UnityEngine.StackTraceUtility:ExtractStackTrace ()
UnityEngine.DebugLogHandler:LogFormat (UnityEngine.LogType,UnityEngine.Object,string,object[])
UnityEngine.Logger:Log (UnityEngine.LogType,object)
UnityEngine.Debug:Log (object)
Sirenix.OdinValidator.Editor.ValidationSession/<ValidateEverythingEnumeratorBatched>d__54:<>m__Finally1 () (at C:/Sirenix/Sirenix Solution/Sirenix.OdinValidator.Editor/Core/ValidationSession.cs:433)
Sirenix.OdinValidator.Editor.ValidationSession/<ValidateEverythingEnumeratorBatched>d__54:System.IDisposable.Dispose ()
Sirenix.OdinValidator.Editor.AutomationConfig:RunValidationScan (string,Sirenix.OdinValidator.Editor.AutomationConfig/ValidationSetup,bool,System.Action,bool,bool,bool,bool,bool,bool,bool,bool) (at C:/Sirenix/Sirenix Solution/Sirenix.OdinValidator.Editor/Config/AutomationConfig.cs:305)
Sirenix.OdinValidator.Editor.AutomationConfig:ActuallyInitHooks () (at C:/Sirenix/Sirenix Solution/Sirenix.OdinValidator.Editor/Config/AutomationConfig.cs:186)
Sirenix.OdinValidator.Editor.AutomationConfig:InitHooks () (at C:/Sirenix/Sirenix Solution/Sirenix.OdinValidator.Editor/Config/AutomationConfig.cs:170)
System.Reflection.RuntimeMethodInfo:Invoke (object,System.Reflection.BindingFlags,System.Reflection.Binder,object[],System.Globalization.CultureInfo)
System.Reflection.MethodBase:Invoke (object,object[])
UnityEditor.EditorAssemblies:ProcessInitializeOnLoadMethodAttributes ()

(Filename: C:/Sirenix/Sirenix Solution/Sirenix.OdinValidator.Editor/Core/ValidationSession.cs Line: 433)

Mono: successfully reloaded assembly
- Completed reload, in  1.893 seconds
Domain Reload Profiling:
	ReloadAssembly (1893ms)
		BeginReloadAssembly (211ms)
			ExecutionOrderSort (0ms)
			DisableScriptedObjects (5ms)
			BackupInstance (0ms)
			ReleaseScriptingObjects (0ms)
			CreateAndSetChildDomain (121ms)
		EndReloadAssembly (1575ms)
			LoadAssemblies (103ms)
			RebuildTransferFunctionScriptingTraits (0ms)
			SetupTypeCache (265ms)
			ReleaseScriptCaches (1ms)
			RebuildScriptCaches (66ms)
			SetupLoadedEditorAssemblies (1108ms)
				LogAssemblyErrors (0ms)
				InitializePlatformSupportModulesInManaged (14ms)
				SetLoadedEditorAssemblies (0ms)
				RefreshPlugins (73ms)
				BeforeProcessingInitializeOnLoad (89ms)
				ProcessInitializeOnLoadAttributes (492ms)
				ProcessInitializeOnLoadMethodAttributes (437ms)
				AfterProcessingInitializeOnLoad (2ms)
				EditorAssembliesLoaded (0ms)
			ExecutionOrderSort2 (0ms)
			AwakeInstancesAfterBackupRestoration (6ms)
Platform modules already initialized, skipping
========================================================================
Worker process is ready to serve import requests
Launched and connected shader compiler UnityShaderCompiler.exe after 0.05 seconds
Refreshing native plugins compatible for Editor in 1.01 ms, found 2 plugins.
Preloading 0 native plugins for Editor in 0.00 ms.
Unloading 4531 Unused Serialized files (Serialized files now loaded: 0)
Unloading 129 unused Assets / (1.6 MB). Loaded Objects now: 5008.
Memory consumption went from 293.7 MB to 292.1 MB.
Total: 17.102400 ms (FindLiveObjects: 0.330100 ms CreateObjectMapping: 0.287700 ms MarkObjects: 16.154200 ms  DeleteObjects: 0.329500 ms)

Unloading 0 Unused Serialized files (Serialized files now loaded: 0)
Unloading 0 unused Assets / (1.5 MB). Loaded Objects now: 5008.
Memory consumption went from 292.0 MB to 290.4 MB.
Total: 16.228900 ms (FindLiveObjects: 0.364800 ms CreateObjectMapping: 0.370000 ms MarkObjects: 15.435500 ms  DeleteObjects: 0.057700 ms)

AssetImportParameters requested are different than current active one (requested -> active):
  custom:video-decoder-ogg-theora: a1e56fd34408186e4bbccfd4996cb3dc -> 
  custom:container-muxer-webm: aa71ff27fc2769a1b78a27578f13a17b -> 
  custom:container-demuxer-webm: 4f35f7cbe854078d1ac9338744f61a02 -> 
  custom:video-encoder-webm-vp8: eb34c28f22e8b96e1ab97ce403110664 -> 
  custom:video-codec-MediaFoundation-h265: 746d11721c4dcdbdad8f713fa42b33f4 -> 
  custom:audio-encoder-webm-vorbis: bf7c407c2cedff20999df2af8eb42d56 -> 
  custom:framework-win-MediaFoundation: 216162199b28c13a410421893ffa2e32 -> 
  custom:container-demuxer-ogg: 62fdf1f143b41e24485cea50d1cbac27 -> 
  custom:video-decoder-webm-vp8: 9c59270c3fd7afecdb556c50c9e8de78 -> 
  custom:audio-decoder-ogg-vorbis: bf7c407c2cedff20999df2af8eb42d56 -> 
Editor requested this worker to shutdown with reason: Scaling down because of idle timeout
AssetImportWorker is now disconnected from the server
Process exiting
Exiting without the bug reporter. Application will terminate with return code 0